ISO-10303-21;
HEADER;
FILE_DESCRIPTION (( 'STEP AP214' ),
    '1' );
FILE_NAME ('COVER_PCB_L.STEP',
    '2026-09-14T01:38:58',
    ( '' ),
    ( '' ),
    'SwSTEP 2.0',
    'SolidWorks 2025',
    '' );
FILE_SCHEMA (( 'AUTOMOTIVE_DESIGN' ));
ENDSEC;

DATA;
#1 = PRESENTATION_STYLE_ASSIGNMENT (( #2846 ) ) ;
#2 = ADVANCED_FACE ( 'NONE', ( #3577 ), #1663, .F. ) ;
#3 =( NAMED_UNIT ( * ) PLANE_ANGLE_UNIT ( ) SI_UNIT ( $, .RADIAN. ) );
#4 = STYLED_ITEM ( 'NONE', ( #2402 ), #1361 ) ;
#5 = ORIENTED_EDGE ( 'NONE', *, *, #3736, .T. ) ;
#6 = FILL_AREA_STYLE ('',( #1873 ) ) ;
#7 = CARTESIAN_POINT ( 'NONE',  ( -30.77085920297304611, -0.6000000000000021982, -6.699999999999999289 ) ) ;
#8 = AXIS2_PLACEMENT_3D ( 'NONE', #561, #3398, #1570 ) ;
#9 =( NAMED_UNIT ( * ) PLANE_ANGLE_UNIT ( ) SI_UNIT ( $, .RADIAN. ) );
#10 = FACE_OUTER_BOUND ( 'NONE', #173, .T. ) ;
#11 = EDGE_LOOP ( 'NONE', ( #4064, #2052 ) ) ;
#12 = EDGE_LOOP ( 'NONE', ( #1187, #1553, #3948, #2365, #2017, #2081, #1218, #2255, #1251, #2655, #3907 ) ) ;
#13 = VECTOR ( 'NONE', #882, 1000.000000000000000 ) ;
#14 = VECTOR ( 'NONE', #2288, 1000.000000000000000 ) ;
#15 = FILL_AREA_STYLE_COLOUR ( '', #4099 ) ;
#16 = MECHANICAL_DESIGN_GEOMETRIC_PRESENTATION_REPRESENTATION (  '', ( #212 ), #2340 ) ;
#17 =( LENGTH_UNIT ( ) NAMED_UNIT ( * ) SI_UNIT ( .MILLI., .METRE. ) );
#18 =( GEOMETRIC_REPRESENTATION_CONTEXT ( 3 ) GLOBAL_UNCERTAINTY_ASSIGNED_CONTEXT ( ( #3926 ) ) GLOBAL_UNIT_ASSIGNED_CONTEXT ( ( #2680, #3333, #3940 ) ) REPRESENTATION_CONTEXT ( 'NONE', 'WORKASPACE' ) );
#19 = CARTESIAN_POINT ( 'NONE',  ( -13.99999999999999112, -2.000000000000000000, -8.699999999999999289 ) ) ;
#20 = ORIENTED_EDGE ( 'NONE', *, *, #3418, .T. ) ;
#21 = PLANE ( 'NONE',  #1545 ) ;
#22 = ORIENTED_EDGE ( 'NONE', *, *, #400, .F. ) ;
#23 =( NAMED_UNIT ( * ) PLANE_ANGLE_UNIT ( ) SI_UNIT ( $, .RADIAN. ) );
#24 = CARTESIAN_POINT ( 'NONE',  ( -14.99999999999999289, 0.3999999999999903633, 5.699999999999993072 ) ) ;
#25 = UNCERTAINTY_MEASURE_WITH_UNIT (LENGTH_MEASURE( 1.000000000000000082E-05 ), #1595, 'distance_accuracy_value', 'NONE');
#26 = SURFACE_SIDE_STYLE ('',( #1921 ) ) ;
#27 = FILL_AREA_STYLE_COLOUR ( '', #4053 ) ;
#28 = ORIENTED_EDGE ( 'NONE', *, *, #1396, .T. ) ;
#29 = SURFACE_STYLE_USAGE ( .BOTH. , #2877 ) ;
#30 = EDGE_LOOP ( 'NONE', ( #304, #3937, #1068, #3688 ) ) ;
#31 = DIRECTION ( 'NONE',  ( -2.312964634635742464E-16, -1.000000000000000000, 0.000000000000000000 ) ) ;
#32 = DIRECTION ( 'NONE',  ( 0.000000000000000000, 0.7071067811865474617, 0.7071067811865475727 ) ) ;
#33 = DIRECTION ( 'NONE',  ( 0.000000000000000000, 0.000000000000000000, 1.000000000000000000 ) ) ;
#34 = ORIENTED_EDGE ( 'NONE', *, *, #1820, .F. ) ;
#35 = CARTESIAN_POINT ( 'NONE',  ( 10.00000000000000533, -27.99999999999998934, -1.099999999999999423 ) ) ;
#36 = CARTESIAN_POINT ( 'NONE',  ( 13.00000000000000711, -3.600000000000001865, -5.799999999999999822 ) ) ;
#37 = EDGE_LOOP ( 'NONE', ( #798, #3393, #1394, #3010 ) ) ;
#38 = DIRECTION ( 'NONE',  ( 0.000000000000000000, -1.267249292515524794E-16, 1.000000000000000000 ) ) ;
#39 = STYLED_ITEM ( 'NONE', ( #963 ), #2372 ) ;
#40 = PLANE ( 'NONE',  #2164 ) ;
#41 = UNCERTAINTY_MEASURE_WITH_UNIT (LENGTH_MEASURE( 1.000000000000000082E-05 ), #3662, 'distance_accuracy_value', 'NONE');
#42 = VECTOR ( 'NONE', #85, 999.9999999999998863 ) ;
#43 = LINE ( 'NONE', #3276, #1002 ) ;
#44 = DIRECTION ( 'NONE',  ( 3.469446951953619119E-16, 1.000000000000000000, 0.000000000000000000 ) ) ;
#45 = FACE_OUTER_BOUND ( 'NONE', #2150, .T. ) ;
#46 = EDGE_CURVE ( 'NONE', #892, #912, #3602, .T. ) ;
#47 = AXIS2_PLACEMENT_3D ( 'NONE', #3551, #723, #1620 ) ;
#48 = LINE ( 'NONE', #1984, #929 ) ;
#49 = VERTEX_POINT ( 'NONE', #750 ) ;
#50 = EDGE_CURVE ( 'NONE', #2721, #3121, #2290, .T. ) ;
#51 = LINE ( 'NONE', #3224, #2922 ) ;
#52 = EDGE_CURVE ( 'NONE', #1320, #3307, #2236, .T. ) ;
#53 = STYLED_ITEM ( 'NONE', ( #1729 ), #712 ) ;
#54 = STYLED_ITEM ( 'NONE', ( #986 ), #1016 ) ;
#55 = PRESENTATION_STYLE_ASSIGNMENT (( #73 ) ) ;
#56 = EDGE_CURVE ( 'NONE', #1937, #854, #1982, .T. ) ;
#57 = CARTESIAN_POINT ( 'NONE',  ( -10.79999999999999361, -21.49999999999999289, 3.100000000000000533 ) ) ;
#58 = VERTEX_POINT ( 'NONE', #1056 ) ;
#59 = PRESENTATION_LAYER_ASSIGNMENT (  '', '', ( #797 ) ) ;
#60 = LINE ( 'NONE', #1322, #3964 ) ;
#61 = VECTOR ( 'NONE', #3279, 1000.000000000000000 ) ;
#62 = FILL_AREA_STYLE_COLOUR ( '', #1430 ) ;
#63 = DIRECTION ( 'NONE',  ( 1.000000000000000000, 0.000000000000000000, -0.000000000000000000 ) ) ;
#64 = PRESENTATION_STYLE_ASSIGNMENT (( #393 ) ) ;
#65 = AXIS2_PLACEMENT_3D ( 'NONE', #2541, #894, #3807 ) ;
#66 = STYLED_ITEM ( 'NONE', ( #2771 ), #3860 ) ;
#67 = VERTEX_POINT ( 'NONE', #3204 ) ;
#68 = SURFACE_SIDE_STYLE ('',( #2277 ) ) ;
#69 = COLOUR_RGB ( '',0.6274509803921568540, 0.6274509803921568540, 0.6274509803921568540 ) ;
#70 = SURFACE_SIDE_STYLE ('',( #3283 ) ) ;
#71 = LINE ( 'NONE', #19, #947 ) ;
#72 = COLOUR_RGB ( '',0.6274509803921568540, 0.6274509803921568540, 0.6274509803921568540 ) ;
#73 = SURFACE_STYLE_USAGE ( .BOTH. , #1020 ) ;
#74 = LINE ( 'NONE', #2618, #2768 ) ;
#75 = UNCERTAINTY_MEASURE_WITH_UNIT (LENGTH_MEASURE( 1.000000000000000082E-05 ), #2679, 'distance_accuracy_value', 'NONE');
#76 = FILL_AREA_STYLE ('',( #2622 ) ) ;
#77 = FACE_OUTER_BOUND ( 'NONE', #1157, .T. ) ;
#78 = FACE_BOUND ( 'NONE', #3842, .T. ) ;
#79 = ORIENTED_EDGE ( 'NONE', *, *, #2135, .F. ) ;
#80 = PLANE ( 'NONE',  #47 ) ;
#81 = STYLED_ITEM ( 'NONE', ( #2322 ), #3180 ) ;
#82 = FACE_OUTER_BOUND ( 'NONE', #945, .T. ) ;
#83 = FILL_AREA_STYLE ('',( #27 ) ) ;
#84 = DIRECTION ( 'NONE',  ( 0.000000000000000000, -0.000000000000000000, 1.000000000000000000 ) ) ;
#85 = DIRECTION ( 'NONE',  ( -0.7071067811865489050, -0.7071067811865462405, 4.934371103789787530E-15 ) ) ;
#86 =( LENGTH_UNIT ( ) NAMED_UNIT ( * ) SI_UNIT ( .MILLI., .METRE. ) );
#87 = CARTESIAN_POINT ( 'NONE',  ( 3.200000000000005507, -23.99999999999999645, -1.099999999999999423 ) ) ;
#88 = VERTEX_POINT ( 'NONE', #2955 ) ;
#89 = DIRECTION ( 'NONE',  ( -1.000000000000000000, 0.000000000000000000, 0.000000000000000000 ) ) ;
#90 = DIRECTION ( 'NONE',  ( 1.000000000000000000, 0.000000000000000000, 0.000000000000000000 ) ) ;
#91 = APPLICATION_CONTEXT ( 'automotive_design' ) ;
#92 = SURFACE_SIDE_STYLE ('',( #1928 ) ) ;
#93 = CARTESIAN_POINT ( 'NONE',  ( -13.99999999999998401, 0.8999999999999941380, 6.199999999999997513 ) ) ;
#94 = EDGE_CURVE ( 'NONE', #3630, #3808, #504, .T. ) ;
#95 = CARTESIAN_POINT ( 'NONE',  ( 3.200000000000005507, -23.99999999999999645, 3.100000000000000533 ) ) ;
#96 = UNCERTAINTY_MEASURE_WITH_UNIT (LENGTH_MEASURE( 1.000000000000000082E-05 ), #2417, 'distance_accuracy_value', 'NONE');
#97 = EDGE_LOOP ( 'NONE', ( #4040, #3738, #2546, #2219, #3816 ) ) ;
#98 =( LENGTH_UNIT ( ) NAMED_UNIT ( * ) SI_UNIT ( .MILLI., .METRE. ) );
#99 = DIRECTION ( 'NONE',  ( 0.000000000000000000, 0.000000000000000000, -1.000000000000000000 ) ) ;
#100 = EDGE_CURVE ( 'NONE', #714, #2721, #359, .T. ) ;
#101 = PRESENTATION_STYLE_ASSIGNMENT (( #1639 ) ) ;
#102 = MECHANICAL_DESIGN_GEOMETRIC_PRESENTATION_REPRESENTATION (  '', ( #965 ), #1498 ) ;
#103 = ADVANCED_FACE ( 'NONE', ( #45 ), #1034, .F. ) ;
#104 = ADVANCED_FACE ( 'NONE', ( #1749 ), #533, .F. ) ;
#105 = CARTESIAN_POINT ( 'NONE',  ( 3.587055406248788714, -25.49999999999999645, -0.9000000000000005773 ) ) ;
#106 = CARTESIAN_POINT ( 'NONE',  ( -14.99999999999999645, -21.49999999999999289, -6.699999999999999289 ) ) ;
#107 =( GEOMETRIC_REPRESENTATION_CONTEXT ( 3 ) GLOBAL_UNCERTAINTY_ASSIGNED_CONTEXT ( ( #3140 ) ) GLOBAL_UNIT_ASSIGNED_CONTEXT ( ( #951, #3492, #1276 ) ) REPRESENTATION_CONTEXT ( 'NONE', 'WORKASPACE' ) );
#108 = ORIENTED_EDGE ( 'NONE', *, *, #2790, .F. ) ;
#109 = DIRECTION ( 'NONE',  ( 1.000000000000000000, 2.146934995020800917E-17, 0.000000000000000000 ) ) ;
#110 = STYLED_ITEM ( 'NONE', ( #1696 ), #1779 ) ;
#111 = MECHANICAL_DESIGN_GEOMETRIC_PRESENTATION_REPRESENTATION (  '', ( #2371 ), #637 ) ;
#112 =( NAMED_UNIT ( * ) SI_UNIT ( $, .STERADIAN. ) SOLID_ANGLE_UNIT ( ) );
#113 = CARTESIAN_POINT ( 'NONE',  ( 14.00000000000000533, -25.50000000000000000, -5.799999999999999822 ) ) ;
#114 = CARTESIAN_POINT ( 'NONE',  ( -5.999999999999994671, -0.6000000000000021982, 6.700000000000001066 ) ) ;
#115 = SURFACE_STYLE_FILL_AREA ( #2363 ) ;
#116 = COLOUR_RGB ( '',0.6274509803921568540, 0.6274509803921568540, 0.6274509803921568540 ) ;
#117 = ORIENTED_EDGE ( 'NONE', *, *, #3123, .F. ) ;
#118 = VECTOR ( 'NONE', #1694, 1000.000000000000000 ) ;
#119 = CARTESIAN_POINT ( 'NONE',  ( 10.00000000000000533, -23.99999999999999645, -1.099999999999999423 ) ) ;
#120 = DIRECTION ( 'NONE',  ( 0.000000000000000000, 0.000000000000000000, 1.000000000000000000 ) ) ;
#121 = ORIENTED_EDGE ( 'NONE', *, *, #1624, .F. ) ;
#122 = CARTESIAN_POINT ( 'NONE',  ( -14.99999999999999289, -4.500000000000002665, 5.699999999999993072 ) ) ;
#123 = SURFACE_SIDE_STYLE ('',( #390 ) ) ;
#124 = AXIS2_PLACEMENT_3D ( 'NONE', #410, #3965, #2946 ) ;
#125 = EDGE_CURVE ( 'NONE', #2993, #1496, #3648, .T. ) ;
#126 = ORIENTED_EDGE ( 'NONE', *, *, #2575, .F. ) ;
#127 = CARTESIAN_POINT ( 'NONE',  ( 9.000000000000007105, -5.759999999999999787, -6.699999999999999289 ) ) ;
#128 = LINE ( 'NONE', #3303, #1315 ) ;
#129 = CARTESIAN_POINT ( 'NONE',  ( 3.587055406248781164, -25.49999999999999645, -7.699999999999998401 ) ) ;
#130 = DIRECTION ( 'NONE',  ( 1.000000000000000000, 0.000000000000000000, 0.000000000000000000 ) ) ;
#131 = CARTESIAN_POINT ( 'NONE',  ( -13.99999999999998401, 0.3999999999999919176, -8.699999999999999289 ) ) ;
#132 = COLOUR_RGB ( '',0.6274509803921568540, 0.6274509803921568540, 0.6274509803921568540 ) ;
#133 = ORIENTED_EDGE ( 'NONE', *, *, #1574, .T. ) ;
#134 =( NAMED_UNIT ( * ) PLANE_ANGLE_UNIT ( ) SI_UNIT ( $, .RADIAN. ) );
#135 = PRESENTATION_LAYER_ASSIGNMENT (  '', '', ( #1131 ) ) ;
#136 = VECTOR ( 'NONE', #3754, 1000.000000000000000 ) ;
#137 = CARTESIAN_POINT ( 'NONE',  ( -10.79999999999999361, -23.49999999999999289, 0.1000000000000004774 ) ) ;
#138 = FILL_AREA_STYLE ('',( #2739 ) ) ;
#139 = SURFACE_STYLE_FILL_AREA ( #2963 ) ;
#140 = SURFACE_STYLE_USAGE ( .BOTH. , #782 ) ;
#141 = VECTOR ( 'NONE', #3826, 1000.000000000000000 ) ;
#142 = ORIENTED_EDGE ( 'NONE', *, *, #3733, .F. ) ;
#143 = MECHANICAL_DESIGN_GEOMETRIC_PRESENTATION_REPRESENTATION (  '', ( #1063 ), #1542 ) ;
#144 = LINE ( 'NONE', #203, #1290 ) ;
#145 = VERTEX_POINT ( 'NONE', #2064 ) ;
#146 = CARTESIAN_POINT ( 'NONE',  ( -0.3999999999999958589, -24.49999999999998934, 3.300000000000000711 ) ) ;
#147 = FILL_AREA_STYLE_COLOUR ( '', #2607 ) ;
#148 =( NAMED_UNIT ( * ) PLANE_ANGLE_UNIT ( ) SI_UNIT ( $, .RADIAN. ) );
#149 = PRESENTATION_STYLE_ASSIGNMENT (( #751 ) ) ;
#150 = FACE_OUTER_BOUND ( 'NONE', #3704, .T. ) ;
#151 = ORIENTED_EDGE ( 'NONE', *, *, #1886, .F. ) ;
#152 = FACE_OUTER_BOUND ( 'NONE', #3700, .T. ) ;
#153 = ORIENTED_EDGE ( 'NONE', *, *, #2142, .F. ) ;
#154 = ORIENTED_EDGE ( 'NONE', *, *, #3866, .F. ) ;
#155 = CARTESIAN_POINT ( 'NONE',  ( 13.99999999999999822, 0.3999999999999900857, 6.700000000000001066 ) ) ;
#156 = CARTESIAN_POINT ( 'NONE',  ( 13.00000000000000711, -1.999999999999998224, -6.699999999999999289 ) ) ;
#157 = DIRECTION ( 'NONE',  ( -0.7071067811865475727, -0.7071067811865474617, -2.775557561562891351E-17 ) ) ;
#158 = DIRECTION ( 'NONE',  ( 0.000000000000000000, -1.000000000000000000, -1.941854637287470363E-16 ) ) ;
#159 = ADVANCED_FACE ( 'NONE', ( #191, #3301 ), #1767, .T. ) ;
#160 = DIRECTION ( 'NONE',  ( 1.000000000000000000, 0.000000000000000000, 0.000000000000000000 ) ) ;
#161 = CARTESIAN_POINT ( 'NONE',  ( 15.00000000000000711, -3.600000000000001865, -5.799999999999999822 ) ) ;
#162 = FACE_OUTER_BOUND ( 'NONE', #992, .T. ) ;
#163 = ORIENTED_EDGE ( 'NONE', *, *, #734, .F. ) ;
#164 = CARTESIAN_POINT ( 'NONE',  ( 13.00000000000000711, -0.6000000000000030864, 2.168404344971008868E-15 ) ) ;
#165 = CARTESIAN_POINT ( 'NONE',  ( -5.000000000000000000, -4.600000000000002309, 4.800000000000001599 ) ) ;
#166 = FILL_AREA_STYLE ('',( #769 ) ) ;
#167 = LINE ( 'NONE', #1706, #241 ) ;
#168 = PRESENTATION_LAYER_ASSIGNMENT (  '', '', ( #1441 ) ) ;
#169 = DIRECTION ( 'NONE',  ( -1.000000000000000000, -2.168404344971008868E-16, 0.000000000000000000 ) ) ;
#170 = LINE ( 'NONE', #3025, #1790 ) ;
#171 = EDGE_LOOP ( 'NONE', ( #3612, #585, #1258, #1082 ) ) ;
#172 = LINE ( 'NONE', #2030, #736 ) ;
#173 = EDGE_LOOP ( 'NONE', ( #3183, #513, #448, #2548, #1754, #210, #3530, #2038 ) ) ;
#174 = ADVANCED_FACE ( 'NONE', ( #3063, #4013, #1168 ), #3705, .T. ) ;
#175 = VERTEX_POINT ( 'NONE', #3091 ) ;
#176 = DIRECTION ( 'NONE',  ( -8.761676666762106237E-17, 0.7071067811865446862, -0.7071067811865503483 ) ) ;
#177 = ADVANCED_FACE ( 'NONE', ( #939 ), #3453, .F. ) ;
#178 =( NAMED_UNIT ( * ) SI_UNIT ( $, .STERADIAN. ) SOLID_ANGLE_UNIT ( ) );
#179 = PRESENTATION_LAYER_ASSIGNMENT (  '', '', ( #1970 ) ) ;
#180 = STYLED_ITEM ( 'NONE', ( #2165 ), #1960 ) ;
#181 = FILL_AREA_STYLE_COLOUR ( '', #1598 ) ;
#182 = MECHANICAL_DESIGN_GEOMETRIC_PRESENTATION_REPRESENTATION (  '', ( #1441 ), #571 ) ;
#183 =( LENGTH_UNIT ( ) NAMED_UNIT ( * ) SI_UNIT ( .MILLI., .METRE. ) );
#184 = CARTESIAN_POINT ( 'NONE',  ( -3.964028778296494693, -23.49999999999999289, 0.1000000000000004219 ) ) ;
#185 = VERTEX_POINT ( 'NONE', #3177 ) ;
#186 = FACE_OUTER_BOUND ( 'NONE', #1635, .T. ) ;
#187 = FILL_AREA_STYLE ('',( #3666 ) ) ;
#188 =( GEOMETRIC_REPRESENTATION_CONTEXT ( 3 ) GLOBAL_UNCERTAINTY_ASSIGNED_CONTEXT ( ( #603 ) ) GLOBAL_UNIT_ASSIGNED_CONTEXT ( ( #4035, #9, #3158 ) ) REPRESENTATION_CONTEXT ( 'NONE', 'WORKASPACE' ) );
#189 = DIRECTION ( 'NONE',  ( 4.625929269271485914E-16, -1.000000000000000000, 0.000000000000000000 ) ) ;
#190 = FACE_OUTER_BOUND ( 'NONE', #1419, .T. ) ;
#191 = FACE_BOUND ( 'NONE', #11, .T. ) ;
#192 = DIRECTION ( 'NONE',  ( -1.000000000000000000, 0.000000000000000000, 0.000000000000000000 ) ) ;
#193 = SURFACE_SIDE_STYLE ('',( #3044 ) ) ;
#194 = SURFACE_STYLE_USAGE ( .BOTH. , #2462 ) ;
#195 = ORIENTED_EDGE ( 'NONE', *, *, #3350, .F. ) ;
#196 = VERTEX_POINT ( 'NONE', #1604 ) ;
#197 = CARTESIAN_POINT ( 'NONE',  ( 1.350000000000004530, -24.49999999999998934, 3.300000000000000711 ) ) ;
#198 = CARTESIAN_POINT ( 'NONE',  ( 0.000000000000000000, 0.000000000000000000, -5.799999999999999822 ) ) ;
#199 = CARTESIAN_POINT ( 'NONE',  ( 2.745987990090462905, -24.65893258384168263, -7.699999999999970868 ) ) ;
#200 = VECTOR ( 'NONE', #2705, 1000.000000000000000 ) ;
#201 = PRESENTATION_LAYER_ASSIGNMENT (  '', '', ( #2195 ) ) ;
#202 = CARTESIAN_POINT ( 'NONE',  ( -9.799999999999998934, -28.99999999999998934, 0.1000000000000004774 ) ) ;
#203 = CARTESIAN_POINT ( 'NONE',  ( -6.129356281784717874E-15, -26.50000000000000355, 0.1000000000000004774 ) ) ;
#204 = VECTOR ( 'NONE', #3548, 1000.000000000000114 ) ;
#205 = COLOUR_RGB ( '',0.6274509803921568540, 0.6274509803921568540, 0.6274509803921568540 ) ;
#206 = LINE ( 'NONE', #3617, #3795 ) ;
#207 = ORIENTED_EDGE ( 'NONE', *, *, #793, .T. ) ;
#208 = COLOUR_RGB ( '',0.6274509803921568540, 0.6274509803921568540, 0.6274509803921568540 ) ;
#209 = DIRECTION ( 'NONE',  ( -1.000000000000000000, 0.000000000000000000, 0.000000000000000000 ) ) ;
#210 = ORIENTED_EDGE ( 'NONE', *, *, #4025, .T. ) ;
#211 = CARTESIAN_POINT ( 'NONE',  ( 4.200000000000002842, -4.600000000000002309, 4.800000000000001599 ) ) ;
#212 = STYLED_ITEM ( 'NONE', ( #869 ), #2934 ) ;
#213 = DIRECTION ( 'NONE',  ( -0.000000000000000000, -0.000000000000000000, -1.000000000000000000 ) ) ;
#214 = VECTOR ( 'NONE', #2716, 1000.000000000000000 ) ;
#215 = SURFACE_STYLE_USAGE ( .BOTH. , #517 ) ;
#216 = ORIENTED_EDGE ( 'NONE', *, *, #3350, .T. ) ;
#217 = VERTEX_POINT ( 'NONE', #623 ) ;
#218 = CARTESIAN_POINT ( 'NONE',  ( -5.999999999999993783, -4.600000000000002309, 6.700000000000001066 ) ) ;
#219 = SURFACE_SIDE_STYLE ('',( #2469 ) ) ;
#220 = EDGE_CURVE ( 'NONE', #3257, #2778, #3504, .T. ) ;
#221 = LINE ( 'NONE', #2756, #3007 ) ;
#222 = EDGE_LOOP ( 'NONE', ( #1794, #3211, #1753, #2072, #346 ) ) ;
#223 =( LENGTH_UNIT ( ) NAMED_UNIT ( * ) SI_UNIT ( .MILLI., .METRE. ) );
#224 = ADVANCED_FACE ( 'NONE', ( #640 ), #2805, .F. ) ;
#225 = FILL_AREA_STYLE_COLOUR ( '', #3997 ) ;
#226 = FACE_OUTER_BOUND ( 'NONE', #4010, .T. ) ;
#227 = ORIENTED_EDGE ( 'NONE', *, *, #2751, .T. ) ;
#228 = EDGE_CURVE ( 'NONE', #3359, #1358, #3258, .T. ) ;
#229 = FACE_OUTER_BOUND ( 'NONE', #3730, .T. ) ;
#230 = EDGE_CURVE ( 'NONE', #1191, #1425, #821, .T. ) ;
#231 = SURFACE_SIDE_STYLE ('',( #899 ) ) ;
#232 = ORIENTED_EDGE ( 'NONE', *, *, #285, .T. ) ;
#233 = ORIENTED_EDGE ( 'NONE', *, *, #1824, .T. ) ;
#234 = EDGE_CURVE ( 'NONE', #4017, #4074, #2648, .T. ) ;
#235 = SURFACE_STYLE_USAGE ( .BOTH. , #1797 ) ;
#236 = AXIS2_PLACEMENT_3D ( 'NONE', #3830, #1263, #2216 ) ;
#237 = PLANE ( 'NONE',  #1037 ) ;
#238 = CYLINDRICAL_SURFACE ( 'NONE', #1066, 1.750000000000000666 ) ;
#239 = VERTEX_POINT ( 'NONE', #2307 ) ;
#240 = FILL_AREA_STYLE ('',( #1914 ) ) ;
#241 = VECTOR ( 'NONE', #3003, 1000.000000000000000 ) ;
#242 = COLOUR_RGB ( '',0.6274509803921568540, 0.6274509803921568540, 0.6274509803921568540 ) ;
#243 = SURFACE_SIDE_STYLE ('',( #875 ) ) ;
#244 = CARTESIAN_POINT ( 'NONE',  ( 13.99999999999999822, 1.399999999999998135, 5.699999999999993072 ) ) ;
#245 = VERTEX_POINT ( 'NONE', #2331 ) ;
#246 = SURFACE_SIDE_STYLE ('',( #2849 ) ) ;
#247 = FACE_OUTER_BOUND ( 'NONE', #1313, .T. ) ;
#248 = DIRECTION ( 'NONE',  ( 0.5773502691896258421, 0.5773502691896258421, 0.5773502691896258421 ) ) ;
#249 = LINE ( 'NONE', #3480, #767 ) ;
#250 = CARTESIAN_POINT ( 'NONE',  ( -3.549999999999996270, -24.49999999999999645, 0.8985774199929904560 ) ) ;
#251 = VECTOR ( 'NONE', #3660, 1000.000000000000000 ) ;
#252 = CARTESIAN_POINT ( 'NONE',  ( 0.000000000000000000, -24.50000000000000000, 0.1000000000000004774 ) ) ;
#253 = VERTEX_POINT ( 'NONE', #3199 ) ;
#254 = ORIENTED_EDGE ( 'NONE', *, *, #2397, .T. ) ;
#255 = UNCERTAINTY_MEASURE_WITH_UNIT (LENGTH_MEASURE( 1.000000000000000082E-05 ), #1141, 'distance_accuracy_value', 'NONE');
#256 = LINE ( 'NONE', #1529, #4059 ) ;
#257 = FILL_AREA_STYLE ('',( #3103 ) ) ;
#258 = CARTESIAN_POINT ( 'NONE',  ( 13.99999999999999822, 0.8999999999999958034, -8.199999999999995737 ) ) ;
#259 =( GEOMETRIC_REPRESENTATION_CONTEXT ( 3 ) GLOBAL_UNCERTAINTY_ASSIGNED_CONTEXT ( ( #1023 ) ) GLOBAL_UNIT_ASSIGNED_CONTEXT ( ( #1193, #2467, #178 ) ) REPRESENTATION_CONTEXT ( 'NONE', 'WORKASPACE' ) );
#260 = SURFACE_STYLE_FILL_AREA ( #2517 ) ;
#261 = CARTESIAN_POINT ( 'NONE',  ( -2.155829056268841804, -21.49999999999999289, 1.600000000000000755 ) ) ;
#262 = VERTEX_POINT ( 'NONE', #2025 ) ;
#263 = SURFACE_STYLE_FILL_AREA ( #240 ) ;
#264 = STYLED_ITEM ( 'NONE', ( #709 ), #1519 ) ;
#265 = VECTOR ( 'NONE', #1410, 1000.000000000000000 ) ;
#266 = SURFACE_SIDE_STYLE ('',( #1205 ) ) ;
#267 = PLANE ( 'NONE',  #3990 ) ;
#268 =( LENGTH_UNIT ( ) NAMED_UNIT ( * ) SI_UNIT ( .MILLI., .METRE. ) );
#269 = FILL_AREA_STYLE_COLOUR ( '', #1177 ) ;
#270 = UNCERTAINTY_MEASURE_WITH_UNIT (LENGTH_MEASURE( 1.000000000000000082E-05 ), #1659, 'distance_accuracy_value', 'NONE');
#271 = VECTOR ( 'NONE', #2939, 1000.000000000000114 ) ;
#272 = CARTESIAN_POINT ( 'NONE',  ( 13.99999999999999822, 0.3999999999999900857, 6.700000000000001066 ) ) ;
#273 = SURFACE_SIDE_STYLE ('',( #551 ) ) ;
#274 = CARTESIAN_POINT ( 'NONE',  ( 1.355829056268836652, -21.49999999999999289, -6.699999999999999289 ) ) ;
#275 = PRESENTATION_LAYER_ASSIGNMENT (  '', '', ( #1665 ) ) ;
#276 = PRESENTATION_LAYER_ASSIGNMENT (  '', '', ( #3528 ) ) ;
#277 = SURFACE_STYLE_FILL_AREA ( #3118 ) ;
#278 = EDGE_LOOP ( 'NONE', ( #2848, #547, #435 ) ) ;
#279 = ORIENTED_EDGE ( 'NONE', *, *, #1527, .T. ) ;
#280 = AXIS2_PLACEMENT_3D ( 'NONE', #3714, #1182, #2137 ) ;
#281 = CARTESIAN_POINT ( 'NONE',  ( 3.700000000000006395, -8.000000000000001776, -4.199999999999999289 ) ) ;
#282 = ORIENTED_EDGE ( 'NONE', *, *, #1934, .T. ) ;
#283 = PRESENTATION_LAYER_ASSIGNMENT (  '', '', ( #743 ) ) ;
#285 = EDGE_CURVE ( 'NONE', #520, #1167, #2582, .T. ) ;
#284 =( NAMED_UNIT ( * ) SI_UNIT ( $, .STERADIAN. ) SOLID_ANGLE_UNIT ( ) );
#286 =( NAMED_UNIT ( * ) SI_UNIT ( $, .STERADIAN. ) SOLID_ANGLE_UNIT ( ) );
#287 = VERTEX_POINT ( 'NONE', #3905 ) ;
#288 = FACE_OUTER_BOUND ( 'NONE', #3534, .T. ) ;
#289 = ADVANCED_FACE ( 'NONE', ( #1636 ), #80, .F. ) ;
#290 =( NAMED_UNIT ( * ) SI_UNIT ( $, .STERADIAN. ) SOLID_ANGLE_UNIT ( ) );
#291 = ORIENTED_EDGE ( 'NONE', *, *, #2745, .T. ) ;
#292 = SURFACE_SIDE_STYLE ('',( #3138 ) ) ;
#293 = CARTESIAN_POINT ( 'NONE',  ( 8.700000000000006395, -2.000000000000004885, 5.300000000000000711 ) ) ;
#294 = PRESENTATION_STYLE_ASSIGNMENT (( #3141 ) ) ;
#295 = FACE_OUTER_BOUND ( 'NONE', #3485, .T. ) ;
#296 = UNCERTAINTY_MEASURE_WITH_UNIT (LENGTH_MEASURE( 1.000000000000000082E-05 ), #1416, 'distance_accuracy_value', 'NONE');
#297 = SURFACE_STYLE_FILL_AREA ( #2022 ) ;
#298 = ORIENTED_EDGE ( 'NONE', *, *, #52, .F. ) ;
#299 = VERTEX_POINT ( 'NONE', #122 ) ;
#300 = EDGE_CURVE ( 'NONE', #2775, #175, #3828, .T. ) ;
#301 = ADVANCED_FACE ( 'NONE', ( #1956 ), #3215, .T. ) ;
#302 = FACE_OUTER_BOUND ( 'NONE', #584, .T. ) ;
#303 = PRESENTATION_STYLE_ASSIGNMENT (( #618 ) ) ;
#304 = ORIENTED_EDGE ( 'NONE', *, *, #1643, .F. ) ;
#305 = PRESENTATION_STYLE_ASSIGNMENT (( #1514 ) ) ;
#306 = PRESENTATION_LAYER_ASSIGNMENT (  '', '', ( #39 ) ) ;
#307 = COLOUR_RGB ( '',0.6274509803921568540, 0.6274509803921568540, 0.6274509803921568540 ) ;
#308 = COLOUR_RGB ( '',0.6274509803921568540, 0.6274509803921568540, 0.6274509803921568540 ) ;
#309 = ORIENTED_EDGE ( 'NONE', *, *, #2749, .T. ) ;
#310 = CARTESIAN_POINT ( 'NONE',  ( -3.212198625402782781, -23.08083161982705533, 1.600000000000000755 ) ) ;
#311 = LINE ( 'NONE', #1281, #1761 ) ;
#312 = UNCERTAINTY_MEASURE_WITH_UNIT (LENGTH_MEASURE( 1.000000000000000082E-05 ), #1305, 'distance_accuracy_value', 'NONE');
#313 = VECTOR ( 'NONE', #569, 1000.000000000000114 ) ;
#314 = DIRECTION ( 'NONE',  ( -0.000000000000000000, -0.000000000000000000, -1.000000000000000000 ) ) ;
#315 = CARTESIAN_POINT ( 'NONE',  ( 3.055022701551213693, -26.50000000000000355, 0.1000000000000004774 ) ) ;
#316 =( NAMED_UNIT ( * ) SI_UNIT ( $, .STERADIAN. ) SOLID_ANGLE_UNIT ( ) );
#317 =( NAMED_UNIT ( * ) SI_UNIT ( $, .STERADIAN. ) SOLID_ANGLE_UNIT ( ) );
#318 = ORIENTED_EDGE ( 'NONE', *, *, #1909, .F. ) ;
#319 = MECHANICAL_DESIGN_GEOMETRIC_PRESENTATION_REPRESENTATION (  '', ( #978 ), #572 ) ;
#320 = EDGE_LOOP ( 'NONE', ( #2950, #2981, #574, #133, #3348, #34, #2275 ) ) ;
#321 = PRESENTATION_LAYER_ASSIGNMENT (  '', '', ( #3900 ) ) ;
#322 = DIRECTION ( 'NONE',  ( 0.000000000000000000, 1.000000000000000000, 0.000000000000000000 ) ) ;
#323 = ORIENTED_EDGE ( 'NONE', *, *, #1294, .T. ) ;
#324 =( NAMED_UNIT ( * ) PLANE_ANGLE_UNIT ( ) SI_UNIT ( $, .RADIAN. ) );
#325 = DIRECTION ( 'NONE',  ( 1.734723475976805615E-16, -1.000000000000000000, 0.000000000000000000 ) ) ;
#326 = STYLED_ITEM ( 'NONE', ( #1114 ), #891 ) ;
#327 = PLANE ( 'NONE',  #3575 ) ;
#328 = SURFACE_STYLE_USAGE ( .BOTH. , #3874 ) ;
#329 = ORIENTED_EDGE ( 'NONE', *, *, #3669, .T. ) ;
#330 = LINE ( 'NONE', #35, #3641 ) ;
#331 = EDGE_CURVE ( 'NONE', #1733, #440, #3643, .T. ) ;
#332 = FILL_AREA_STYLE ('',( #893 ) ) ;
#333 = AXIS2_PLACEMENT_3D ( 'NONE', #1418, #2689, #1102 ) ;
#334 = VERTEX_POINT ( 'NONE', #164 ) ;
#335 = SURFACE_STYLE_USAGE ( .BOTH. , #292 ) ;
#336 = DIRECTION ( 'NONE',  ( -1.000000000000000000, 0.000000000000000000, 0.000000000000000000 ) ) ;
#337 = STYLED_ITEM ( 'NONE', ( #3822 ), #3734 ) ;
#338 = PLANE ( 'NONE',  #236 ) ;
#339 = ORIENTED_EDGE ( 'NONE', *, *, #3735, .F. ) ;
#340 =( GEOMETRIC_REPRESENTATION_CONTEXT ( 3 ) GLOBAL_UNCERTAINTY_ASSIGNED_CONTEXT ( ( #1724 ) ) GLOBAL_UNIT_ASSIGNED_CONTEXT ( ( #1461, #3096, #4016 ) ) REPRESENTATION_CONTEXT ( 'NONE', 'WORKASPACE' ) );
#341 = COLOUR_RGB ( '',0.6274509803921568540, 0.6274509803921568540, 0.6274509803921568540 ) ;
#342 = EDGE_LOOP ( 'NONE', ( #3723, #2382, #1513, #1552 ) ) ;
#343 = CARTESIAN_POINT ( 'NONE',  ( 15.00000000000000711, 0.3999999999999918621, -7.699999999999991296 ) ) ;
#344 = CARTESIAN_POINT ( 'NONE',  ( 15.00000000000000711, 0.3999999999999918621, -7.699999999999991296 ) ) ;
#345 = VECTOR ( 'NONE', #3635, 1000.000000000000000 ) ;
#346 = ORIENTED_EDGE ( 'NONE', *, *, #2818, .F. ) ;
#347 = LINE ( 'NONE', #2553, #1840 ) ;
#348 = LINE ( 'NONE', #2602, #935 ) ;
#349 = EDGE_CURVE ( 'NONE', #4074, #3137, #2700, .T. ) ;
#350 = ORIENTED_EDGE ( 'NONE', *, *, #2698, .T. ) ;
#351 = CARTESIAN_POINT ( 'NONE',  ( -3.964028778296494693, -23.49999999999999289, -0.9000000000000003553 ) ) ;
#352 = CARTESIAN_POINT ( 'NONE',  ( -0.3999999999999958589, -24.49999999999998934, 0.8985774199929905670 ) ) ;
#353 = EDGE_CURVE ( 'NONE', #2169, #1293, #1119, .T. ) ;
#354 = EDGE_CURVE ( 'NONE', #2245, #1242, #3338, .T. ) ;
#355 = ADVANCED_FACE ( 'NONE', ( #186 ), #1451, .F. ) ;
#356 = CARTESIAN_POINT ( 'NONE',  ( 2.750000000000004441, -24.49999999999998934, -7.699999999999974420 ) ) ;
#357 = EDGE_CURVE ( 'NONE', #1163, #185, #3107, .T. ) ;
#358 = FACE_OUTER_BOUND ( 'NONE', #2812, .T. ) ;
#359 = LINE ( 'NONE', #3850, #2761 ) ;
#360 = EDGE_CURVE ( 'NONE', #334, #2712, #1230, .T. ) ;
#361 = LINE ( 'NONE', #3912, #3111 ) ;
#362 = EDGE_CURVE ( 'NONE', #2245, #1814, #4112, .T. ) ;
#363 = LINE ( 'NONE', #696, #1060 ) ;
#364 = FILL_AREA_STYLE_COLOUR ( '', #1693 ) ;
#365 = FILL_AREA_STYLE ('',( #2860 ) ) ;
#366 =( LENGTH_UNIT ( ) NAMED_UNIT ( * ) SI_UNIT ( .MILLI., .METRE. ) );
#367 = AXIS2_PLACEMENT_3D ( 'NONE', #146, #2665, #2354 ) ;
#368 = LINE ( 'NONE', #3197, #3800 ) ;
#369 = DIRECTION ( 'NONE',  ( 1.000000000000000000, 1.239088197126291063E-16, -0.000000000000000000 ) ) ;
#370 = VERTEX_POINT ( 'NONE', #1893 ) ;
#371 =( NAMED_UNIT ( * ) SI_UNIT ( $, .STERADIAN. ) SOLID_ANGLE_UNIT ( ) );
#372 = DIRECTION ( 'NONE',  ( 0.000000000000000000, 0.000000000000000000, 1.000000000000000000 ) ) ;
#373 = UNCERTAINTY_MEASURE_WITH_UNIT (LENGTH_MEASURE( 1.000000000000000082E-05 ), #476, 'distance_accuracy_value', 'NONE');
#374 = STYLED_ITEM ( 'NONE', ( #2438 ), #159 ) ;
#375 = STYLED_ITEM ( 'NONE', ( #149 ), #1894 ) ;
#376 = LINE ( 'NONE', #1702, #14 ) ;
#377 = FILL_AREA_STYLE_COLOUR ( '', #1995 ) ;
#378 = COLOUR_RGB ( '',0.6274509803921568540, 0.6274509803921568540, 0.6274509803921568540 ) ;
#379 = VECTOR ( 'NONE', #724, 1000.000000000000000 ) ;
#380 = SURFACE_STYLE_FILL_AREA ( #396 ) ;
#381 = PRESENTATION_LAYER_ASSIGNMENT (  '', '', ( #1109 ) ) ;
#382 = FACE_OUTER_BOUND ( 'NONE', #3198, .T. ) ;
#383 = MECHANICAL_DESIGN_GEOMETRIC_PRESENTATION_REPRESENTATION (  '', ( #1113 ), #2312 ) ;
#384 =( LENGTH_UNIT ( ) NAMED_UNIT ( * ) SI_UNIT ( .MILLI., .METRE. ) );
#385 = CARTESIAN_POINT ( 'NONE',  ( -10.49999999999999112, -0.6000000000000021982, 5.300000000000000711 ) ) ;
#386 = LINE ( 'NONE', #1652, #3166 ) ;
#387 = FILL_AREA_STYLE ('',( #2555 ) ) ;
#388 = ORIENTED_EDGE ( 'NONE', *, *, #1025, .T. ) ;
#389 = SURFACE_SIDE_STYLE ('',( #3863 ) ) ;
#390 = SURFACE_STYLE_FILL_AREA ( #3883 ) ;
#391 = MECHANICAL_DESIGN_GEOMETRIC_PRESENTATION_REPRESENTATION (  '', ( #592 ), #1459 ) ;
#392 =( LENGTH_UNIT ( ) NAMED_UNIT ( * ) SI_UNIT ( .MILLI., .METRE. ) );
#393 = SURFACE_STYLE_USAGE ( .BOTH. , #727 ) ;
#394 = COLOUR_RGB ( '',0.6274509803921568540, 0.6274509803921568540, 0.6274509803921568540 ) ;
#395 = VECTOR ( 'NONE', #1673, 1000.000000000000000 ) ;
#396 = FILL_AREA_STYLE ('',( #1003 ) ) ;
#397 = STYLED_ITEM ( 'NONE', ( #3683 ), #1762 ) ;
#398 = COLOUR_RGB ( '',0.6274509803921568540, 0.6274509803921568540, 0.6274509803921568540 ) ;
#399 = FILL_AREA_STYLE ('',( #3245 ) ) ;
#400 = EDGE_CURVE ( 'NONE', #3214, #842, #3152, .T. ) ;
#401 = MECHANICAL_DESIGN_GEOMETRIC_PRESENTATION_REPRESENTATION (  '', ( #3925 ), #3254 ) ;
#402 = ADVANCED_FACE ( 'NONE', ( #2139 ), #3086, .F. ) ;
#403 = FACE_OUTER_BOUND ( 'NONE', #4094, .T. ) ;
#404 = MECHANICAL_DESIGN_GEOMETRIC_PRESENTATION_REPRESENTATION (  '', ( #3798 ), #3664 ) ;
#405 =( GEOMETRIC_REPRESENTATION_CONTEXT ( 3 ) GLOBAL_UNCERTAINTY_ASSIGNED_CONTEXT ( ( #586 ) ) GLOBAL_UNIT_ASSIGNED_CONTEXT ( ( #3571, #3234, #1618 ) ) REPRESENTATION_CONTEXT ( 'NONE', 'WORKASPACE' ) );
#406 =( NAMED_UNIT ( * ) SI_UNIT ( $, .STERADIAN. ) SOLID_ANGLE_UNIT ( ) );
#407 = DIRECTION ( 'NONE',  ( -1.734723475976805615E-16, 1.000000000000000000, 0.000000000000000000 ) ) ;
#408 = VECTOR ( 'NONE', #991, 1000.000000000000000 ) ;
#409 = UNCERTAINTY_MEASURE_WITH_UNIT (LENGTH_MEASURE( 1.000000000000000082E-05 ), #509, 'distance_accuracy_value', 'NONE');
#410 = CARTESIAN_POINT ( 'NONE',  ( -13.99999999999998401, 1.399999999999999689, -8.699999999999999289 ) ) ;
#411 = PRESENTATION_STYLE_ASSIGNMENT (( #1936 ) ) ;
#412 = EDGE_CURVE ( 'NONE', #3035, #3281, #2495, .T. ) ;
#413 = ORIENTED_EDGE ( 'NONE', *, *, #94, .T. ) ;
#414 = DIRECTION ( 'NONE',  ( -0.000000000000000000, -0.000000000000000000, -1.000000000000000000 ) ) ;
#415 = DIRECTION ( 'NONE',  ( -0.000000000000000000, -0.000000000000000000, -1.000000000000000000 ) ) ;
#416 = CARTESIAN_POINT ( 'NONE',  ( 4.200000000000002842, -4.600000000000002309, 4.800000000000001599 ) ) ;
#417 = ORIENTED_EDGE ( 'NONE', *, *, #2259, .F. ) ;
#418 = ORIENTED_EDGE ( 'NONE', *, *, #3305, .F. ) ;
#419 = CARTESIAN_POINT ( 'NONE',  ( 3.700000000000006395, -8.000000000000001776, -4.199999999999999289 ) ) ;
#420 = B_SPLINE_CURVE_WITH_KNOTS ( 'NONE', 3,
 ( #2079, #852, #1509, #565 ),
 .UNSPECIFIED., .F., .F.,
 ( 4, 4 ),
 ( 0.000000000000000000, 0.001191245245445010951 ),
 .UNSPECIFIED. ) ;
#421 = ADVANCED_FACE ( 'NONE', ( #288 ), #4089, .F. ) ;
#422 = CARTESIAN_POINT ( 'NONE',  ( -10.49999999999999112, -0.6000000000000021982, 5.300000000000000711 ) ) ;
#423 = CARTESIAN_POINT ( 'NONE',  ( -14.99999999999999289, -0.6000000000000028644, 1.100000000000002087 ) ) ;
#424 = SURFACE_STYLE_FILL_AREA ( #2597 ) ;
#425 = FACE_OUTER_BOUND ( 'NONE', #2815, .T. ) ;
#426 = EDGE_CURVE ( 'NONE', #1304, #1483, #330, .T. ) ;
#427 = DIRECTION ( 'NONE',  ( -1.000000000000000000, 0.000000000000000000, 0.000000000000000000 ) ) ;
#428 = DIRECTION ( 'NONE',  ( 0.000000000000000000, 0.000000000000000000, -1.000000000000000000 ) ) ;
#429 = SURFACE_STYLE_USAGE ( .BOTH. , #2416 ) ;
#430 = UNCERTAINTY_MEASURE_WITH_UNIT (LENGTH_MEASURE( 1.000000000000000082E-05 ), #3377, 'distance_accuracy_value', 'NONE');
#431 = ORIENTED_EDGE ( 'NONE', *, *, #1823, .T. ) ;
#432 = SURFACE_SIDE_STYLE ('',( #3217 ) ) ;
#433 = SURFACE_STYLE_USAGE ( .BOTH. , #3555 ) ;
#434 = STYLED_ITEM ( 'NONE', ( #3812 ), #2390 ) ;
#435 = ORIENTED_EDGE ( 'NONE', *, *, #1355, .F. ) ;
#436 = DIRECTION ( 'NONE',  ( 1.000000000000000000, 0.000000000000000000, 0.000000000000000000 ) ) ;
#437 = CLOSED_SHELL ( 'NONE', ( #2675, #1534, #2252, #1287, #1773, #3614, #2134, #3790, #2501, #606, #174, #4041, #2372, #289, #2691, #2320, #3690, #2315, #1087, #1453, #1601, #2694, #159, #2808, #2934, #715, #1406, #2566, #104, #1647, #3734, #4034, #3604, #1164, #2645, #3493, #3680, #844, #3075, #2395, #2876, #3532, #1960, #968, #1361, #1894, #177, #1585, #402, #1473, #712, #2, #3014, #4093, #1762, #301, #1154, #587, #2186, #659, #1526, #3786, #1779, #3180, #1159, #2696, #961, #453, #2693, #3006, #421, #667, #1329, #3731, #1578, #224, #103, #1016, #3608, #800, #1519, #355, #2390, #729, #851, #2011, #2313, #3860, #891 ) ) ;
#438 =( NAMED_UNIT ( * ) SI_UNIT ( $, .STERADIAN. ) SOLID_ANGLE_UNIT ( ) );
#439 =( GEOMETRIC_REPRESENTATION_CONTEXT ( 3 ) GLOBAL_UNCERTAINTY_ASSIGNED_CONTEXT ( ( #312 ) ) GLOBAL_UNIT_ASSIGNED_CONTEXT ( ( #1305, #3476, #3425 ) ) REPRESENTATION_CONTEXT ( 'NONE', 'WORKASPACE' ) );
#440 = VERTEX_POINT ( 'NONE', #2242 ) ;
#441 = VECTOR ( 'NONE', #1057, 1000.000000000000000 ) ;
#442 = VECTOR ( 'NONE', #2280, 999.9999999999998863 ) ;
#443 = CARTESIAN_POINT ( 'NONE',  ( 2.745987990090463349, -24.65893258384168263, -0.9000000000000003553 ) ) ;
#444 = CARTESIAN_POINT ( 'NONE',  ( 3.700000000000007727, -17.49999999999999645, -6.699999999999999289 ) ) ;
#445 = CARTESIAN_POINT ( 'NONE',  ( 15.00000000000000711, -0.6000000000000030864, 2.168404344971008868E-15 ) ) ;
#446 = CARTESIAN_POINT ( 'NONE',  ( 7.700000000000008171, -17.49999999999999645, -6.699999999999999289 ) ) ;
#447 = VECTOR ( 'NONE', #880, 1000.000000000000000 ) ;
#448 = ORIENTED_EDGE ( 'NONE', *, *, #1700, .T. ) ;
#449 = FACE_OUTER_BOUND ( 'NONE', #2248, .T. ) ;
#450 = MECHANICAL_DESIGN_GEOMETRIC_PRESENTATION_REPRESENTATION (  '', ( #3900 ), #3239 ) ;
#451 = SURFACE_STYLE_FILL_AREA ( #1117 ) ;
#452 = ORIENTED_EDGE ( 'NONE', *, *, #3846, .F. ) ;
#453 = ADVANCED_FACE ( 'NONE', ( #2256 ), #2865, .T. ) ;
#454 = CYLINDRICAL_SURFACE ( 'NONE', #737, 1.499999999999999556 ) ;
#455 = SURFACE_STYLE_FILL_AREA ( #796 ) ;
#456 = ORIENTED_EDGE ( 'NONE', *, *, #3487, .F. ) ;
#457 = SURFACE_SIDE_STYLE ('',( #823 ) ) ;
#458 = SURFACE_STYLE_FILL_AREA ( #2314 ) ;
#459 = ORIENTED_EDGE ( 'NONE', *, *, #1642, .F. ) ;
#460 = CARTESIAN_POINT ( 'NONE',  ( -13.24999999999999112, -0.6000000000000021982, 6.700000000000001066 ) ) ;
#461 = VECTOR ( 'NONE', #3182, 1000.000000000000000 ) ;
#462 = VERTEX_POINT ( 'NONE', #1969 ) ;
#463 = SURFACE_SIDE_STYLE ('',( #3981 ) ) ;
#464 = AXIS2_PLACEMENT_3D ( 'NONE', #2336, #692, #2909 ) ;
#465 = COLOUR_RGB ( '',0.6274509803921568540, 0.6274509803921568540, 0.6274509803921568540 ) ;
#466 = CARTESIAN_POINT ( 'NONE',  ( 1.355829056268836208, -21.49999999999999289, -5.799999999999999822 ) ) ;
#467 = LINE ( 'NONE', #1739, #2599 ) ;
#468 = PRESENTATION_LAYER_ASSIGNMENT (  '', '', ( #81 ) ) ;
#469 = PRESENTATION_LAYER_ASSIGNMENT (  '', '', ( #3923 ) ) ;
#470 = SURFACE_SIDE_STYLE ('',( #2367 ) ) ;
#471 = ORIENTED_EDGE ( 'NONE', *, *, #863, .T. ) ;
#472 = CARTESIAN_POINT ( 'NONE',  ( -10.49999999999999112, -1.000000000000004441, 5.300000000000000711 ) ) ;
#473 = CIRCLE ( 'NONE', #2473, 4.150000000000024336 ) ;
#474 = EDGE_CURVE ( 'NONE', #627, #299, #1009, .T. ) ;
#475 = SURFACE_SIDE_STYLE ('',( #2062 ) ) ;
#476 =( LENGTH_UNIT ( ) NAMED_UNIT ( * ) SI_UNIT ( .MILLI., .METRE. ) );
#477 = EDGE_LOOP ( 'NONE', ( #2444, #3082, #3022, #4088 ) ) ;
#478 = EDGE_CURVE ( 'NONE', #639, #3341, #347, .T. ) ;
#479 = DIRECTION ( 'NONE',  ( 0.000000000000000000, 0.000000000000000000, -1.000000000000000000 ) ) ;
#480 = ORIENTED_EDGE ( 'NONE', *, *, #1645, .F. ) ;
#481 = ORIENTED_EDGE ( 'NONE', *, *, #3811, .T. ) ;
#482 = EDGE_LOOP ( 'NONE', ( #1955, #3835, #1175, #2179, #918, #1966 ) ) ;
#483 = EDGE_CURVE ( 'NONE', #2778, #217, #386, .T. ) ;
#484 = EDGE_CURVE ( 'NONE', #3502, #3483, #74, .T. ) ;
#485 = DIRECTION ( 'NONE',  ( -0.000000000000000000, 0.000000000000000000, 1.000000000000000000 ) ) ;
#486 = DIRECTION ( 'NONE',  ( -1.000000000000000000, 0.000000000000000000, 0.000000000000000000 ) ) ;
#487 = SURFACE_STYLE_USAGE ( .BOTH. , #3379 ) ;
#488 = DIRECTION ( 'NONE',  ( -1.000000000000000000, 0.000000000000000000, 0.000000000000000000 ) ) ;
#489 =( NAMED_UNIT ( * ) PLANE_ANGLE_UNIT ( ) SI_UNIT ( $, .RADIAN. ) );
#490 = ORIENTED_EDGE ( 'NONE', *, *, #1965, .T. ) ;
#491 = CARTESIAN_POINT ( 'NONE',  ( 14.00000000000000533, -25.50000000000000000, -7.699999999999998401 ) ) ;
#492 = DIRECTION ( 'NONE',  ( 1.000000000000000000, 0.000000000000000000, 0.000000000000000000 ) ) ;
#493 =( NAMED_UNIT ( * ) SI_UNIT ( $, .STERADIAN. ) SOLID_ANGLE_UNIT ( ) );
#494 = DIRECTION ( 'NONE',  ( -0.7071067811865475727, -0.7071067811865475727, -8.960805681915824534E-17 ) ) ;
#495 = ORIENTED_EDGE ( 'NONE', *, *, #3243, .F. ) ;
#496 = CARTESIAN_POINT ( 'NONE',  ( 9.000000000000007105, -5.759999999999999787, -6.699999999999999289 ) ) ;
#497 = PRESENTATION_LAYER_ASSIGNMENT (  '', '', ( #1022 ) ) ;
#498 = EDGE_LOOP ( 'NONE', ( #790, #1074 ) ) ;
#499 = FILL_AREA_STYLE ('',( #1190 ) ) ;
#500 = ORIENTED_EDGE ( 'NONE', *, *, #331, .F. ) ;
#501 = ORIENTED_EDGE ( 'NONE', *, *, #4042, .T. ) ;
#502 = LINE ( 'NONE', #3309, #2728 ) ;
#503 = COLOUR_RGB ( '',0.6274509803921568540, 0.6274509803921568540, 0.6274509803921568540 ) ;
#504 = CIRCLE ( 'NONE', #1434, 1.499999999999999556 ) ;
#505 =( GEOMETRIC_REPRESENTATION_CONTEXT ( 3 ) GLOBAL_UNCERTAINTY_ASSIGNED_CONTEXT ( ( #41 ) ) GLOBAL_UNIT_ASSIGNED_CONTEXT ( ( #3662, #832, #2663 ) ) REPRESENTATION_CONTEXT ( 'NONE', 'WORKASPACE' ) );
#506 = CARTESIAN_POINT ( 'NONE',  ( -3.964028778296493805, -23.49999999999999289, -7.699999999999998401 ) ) ;
#507 = SURFACE_SIDE_STYLE ('',( #139 ) ) ;
#508 = FACE_OUTER_BOUND ( 'NONE', #12, .T. ) ;
#509 =( LENGTH_UNIT ( ) NAMED_UNIT ( * ) SI_UNIT ( .MILLI., .METRE. ) );
#510 = CARTESIAN_POINT ( 'NONE',  ( -0.3999999999999958589, -24.49999999999998934, 1.600000000000000755 ) ) ;
#511 = ORIENTED_EDGE ( 'NONE', *, *, #2627, .F. ) ;
#512 = FILL_AREA_STYLE ('',( #1166 ) ) ;
#513 = ORIENTED_EDGE ( 'NONE', *, *, #1399, .T. ) ;
#514 = CARTESIAN_POINT ( 'NONE',  ( -0.3999999999999958589, -24.49999999999998934, 1.600000000000000755 ) ) ;
#515 = VECTOR ( 'NONE', #2882, 1000.000000000000000 ) ;
#516 = SURFACE_STYLE_USAGE ( .BOTH. , #1810 ) ;
#517 = SURFACE_SIDE_STYLE ('',( #2068 ) ) ;
#518 = CARTESIAN_POINT ( 'NONE',  ( 3.224517592124143893E-15, -25.49999999999999645, -0.9000000000000005773 ) ) ;
#519 = ORIENTED_EDGE ( 'NONE', *, *, #1954, .F. ) ;
#520 = VERTEX_POINT ( 'NONE', #1354 ) ;
#521 = SURFACE_STYLE_FILL_AREA ( #3129 ) ;
#522 = MECHANICAL_DESIGN_GEOMETRIC_PRESENTATION_REPRESENTATION (  '', ( #2991 ), #1058 ) ;
#523 = EDGE_CURVE ( 'NONE', #2734, #2138, #3876, .T. ) ;
#524 = CARTESIAN_POINT ( 'NONE',  ( -0.3999999999999958589, -24.49999999999998934, 1.600000000000000755 ) ) ;
#525 = COLOUR_RGB ( '',0.6274509803921568540, 0.6274509803921568540, 0.6274509803921568540 ) ;
#526 = SURFACE_STYLE_USAGE ( .BOTH. , #2949 ) ;
#527 = ORIENTED_EDGE ( 'NONE', *, *, #3553, .F. ) ;
#528 = COLOUR_RGB ( '',0.6274509803921568540, 0.6274509803921568540, 0.6274509803921568540 ) ;
#529 = EDGE_CURVE ( 'NONE', #3106, #588, #1021, .T. ) ;
#530 = EDGE_CURVE ( 'NONE', #2721, #520, #3171, .T. ) ;
#531 =( NAMED_UNIT ( * ) PLANE_ANGLE_UNIT ( ) SI_UNIT ( $, .RADIAN. ) );
#532 = ORIENTED_EDGE ( 'NONE', *, *, #3013, .T. ) ;
#533 = PLANE ( 'NONE',  #1908 ) ;
#534 = CIRCLE ( 'NONE', #280, 3.150000000000000355 ) ;
#535 = FILL_AREA_STYLE ('',( #1153 ) ) ;
#536 =( GEOMETRIC_REPRESENTATION_CONTEXT ( 3 ) GLOBAL_UNCERTAINTY_ASSIGNED_CONTEXT ( ( #1219 ) ) GLOBAL_UNIT_ASSIGNED_CONTEXT ( ( #4071, #2201, #3230 ) ) REPRESENTATION_CONTEXT ( 'NONE', 'WORKASPACE' ) );
#537 = LINE ( 'NONE', #3744, #3645 ) ;
#538 = VERTEX_POINT ( 'NONE', #1721 ) ;
#539 = ORIENTED_EDGE ( 'NONE', *, *, #1295, .T. ) ;
#540 = CARTESIAN_POINT ( 'NONE',  ( 7.500000000000007994, -5.759999999999999787, -6.699999999999999289 ) ) ;
#541 =( NAMED_UNIT ( * ) PLANE_ANGLE_UNIT ( ) SI_UNIT ( $, .RADIAN. ) );
#542 = DIRECTION ( 'NONE',  ( 0.000000000000000000, -1.548860246407863829E-16, -1.000000000000000000 ) ) ;
#543 = SURFACE_SIDE_STYLE ('',( #2755 ) ) ;
#544 = SURFACE_SIDE_STYLE ('',( #1805 ) ) ;
#545 = ORIENTED_EDGE ( 'NONE', *, *, #1958, .T. ) ;
#546 = DIRECTION ( 'NONE',  ( -1.000000000000000000, -0.000000000000000000, 0.000000000000000000 ) ) ;
#547 = ORIENTED_EDGE ( 'NONE', *, *, #3345, .T. ) ;
#548 = DIRECTION ( 'NONE',  ( 0.000000000000000000, 0.000000000000000000, -1.000000000000000000 ) ) ;
#549 = DIRECTION ( 'NONE',  ( 0.7071067811865487940, 0.7071067811865463515, -0.000000000000000000 ) ) ;
#550 = UNCERTAINTY_MEASURE_WITH_UNIT (LENGTH_MEASURE( 1.000000000000000082E-05 ), #2078, 'distance_accuracy_value', 'NONE');
#551 = SURFACE_STYLE_FILL_AREA ( #3872 ) ;
#552 = LINE ( 'NONE', #881, #2781 ) ;
#553 = PRESENTATION_STYLE_ASSIGNMENT (( #194 ) ) ;
#554 = ORIENTED_EDGE ( 'NONE', *, *, #3616, .F. ) ;
#555 = VERTEX_POINT ( 'NONE', #199 ) ;
#556 = AXIS2_PLACEMENT_3D ( 'NONE', #352, #2213, #3785 ) ;
#557 = B_SPLINE_CURVE_WITH_KNOTS ( 'NONE', 3,
 ( #1757, #3031, #1137, #830 ),
 .UNSPECIFIED., .F., .F.,
 ( 4, 4 ),
 ( 0.000000000000000000, 0.0009951209582704666125 ),
 .UNSPECIFIED. ) ;
#558 = DIRECTION ( 'NONE',  ( 0.000000000000000000, 1.000000000000000000, 0.000000000000000000 ) ) ;
#559 = CARTESIAN_POINT ( 'NONE',  ( -0.3999999999999958589, -24.49999999999998934, -7.699999999999974420 ) ) ;
#560 = VECTOR ( 'NONE', #3142, 1000.000000000000000 ) ;
#561 = CARTESIAN_POINT ( 'NONE',  ( -0.3999999999999958589, -24.49999999999998934, -6.699999999999999289 ) ) ;
#562 = CARTESIAN_POINT ( 'NONE',  ( 3.200000000000005063, -21.49999999999999645, -1.099999999999999423 ) ) ;
#563 =( NAMED_UNIT ( * ) PLANE_ANGLE_UNIT ( ) SI_UNIT ( $, .RADIAN. ) );
#564 = AXIS2_PLACEMENT_3D ( 'NONE', #1684, #3264, #1364 ) ;
#565 = CARTESIAN_POINT ( 'NONE',  ( -3.549147374583732084, -23.26869088677965891, -7.931309113220336826 ) ) ;
#566 = B_SPLINE_CURVE_WITH_KNOTS ( 'NONE', 3,
 ( #580, #4078, #2484, #2874, #3813, #3746 ),
 .UNSPECIFIED., .F., .F.,
 ( 4, 2, 4 ),
 ( 0.000000000000000000, 0.001167864598489138251, 0.002335729196978276502 ),
 .UNSPECIFIED. ) ;
#567 = LINE ( 'NONE', #1843, #2608 ) ;
#568 = EDGE_LOOP ( 'NONE', ( #2091, #1558, #2350, #3753, #3978, #2603, #2748, #1892, #3783, #3020, #20, #1714 ) ) ;
#569 = DIRECTION ( 'NONE',  ( 0.7071067811865500152, -1.516592855504355741E-16, 0.7071067811865451302 ) ) ;
#570 = VECTOR ( 'NONE', #38, 1000.000000000000000 ) ;
#571 =( GEOMETRIC_REPRESENTATION_CONTEXT ( 3 ) GLOBAL_UNCERTAINTY_ASSIGNED_CONTEXT ( ( #581 ) ) GLOBAL_UNIT_ASSIGNED_CONTEXT ( ( #690, #994, #1875 ) ) REPRESENTATION_CONTEXT ( 'NONE', 'WORKASPACE' ) );
#572 =( GEOMETRIC_REPRESENTATION_CONTEXT ( 3 ) GLOBAL_UNCERTAINTY_ASSIGNED_CONTEXT ( ( #2185 ) ) GLOBAL_UNIT_ASSIGNED_CONTEXT ( ( #2899, #3231, #685 ) ) REPRESENTATION_CONTEXT ( 'NONE', 'WORKASPACE' ) );
#573 = PRESENTATION_STYLE_ASSIGNMENT (( #3422 ) ) ;
#574 = ORIENTED_EDGE ( 'NONE', *, *, #794, .T. ) ;
#575 = DIRECTION ( 'NONE',  ( -0.4869606351109455611, 0.8734239176095103252, 0.000000000000000000 ) ) ;
#576 = PRESENTATION_STYLE_ASSIGNMENT (( #1850 ) ) ;
#577 =( GEOMETRIC_REPRESENTATION_CONTEXT ( 3 ) GLOBAL_UNCERTAINTY_ASSIGNED_CONTEXT ( ( #4058 ) ) GLOBAL_UNIT_ASSIGNED_CONTEXT ( ( #906, #590, #4084 ) ) REPRESENTATION_CONTEXT ( 'NONE', 'WORKASPACE' ) );
#578 = LINE ( 'NONE', #1852, #2770 ) ;
#579 = LINE ( 'NONE', #315, #1098 ) ;
#580 = CARTESIAN_POINT ( 'NONE',  ( 2.745987990090463349, -24.65893258384168263, -0.9000000000000003553 ) ) ;
#581 = UNCERTAINTY_MEASURE_WITH_UNIT (LENGTH_MEASURE( 1.000000000000000082E-05 ), #690, 'distance_accuracy_value', 'NONE');
#582 =( GEOMETRIC_REPRESENTATION_CONTEXT ( 3 ) GLOBAL_UNCERTAINTY_ASSIGNED_CONTEXT ( ( #75 ) ) GLOBAL_UNIT_ASSIGNED_CONTEXT ( ( #2679, #1649, #697 ) ) REPRESENTATION_CONTEXT ( 'NONE', 'WORKASPACE' ) );
#583 = CARTESIAN_POINT ( 'NONE',  ( -5.999999999999993783, -3.600000000000009415, 4.800000000000001599 ) ) ;
#584 = EDGE_LOOP ( 'NONE', ( #1772, #3380, #958, #2306 ) ) ;
#585 = ORIENTED_EDGE ( 'NONE', *, *, #285, .F. ) ;
#586 = UNCERTAINTY_MEASURE_WITH_UNIT (LENGTH_MEASURE( 1.000000000000000082E-05 ), #3571, 'distance_accuracy_value', 'NONE');
#587 = ADVANCED_FACE ( 'NONE', ( #425 ), #3984, .T. ) ;
#588 = VERTEX_POINT ( 'NONE', #446 ) ;
#589 =( NAMED_UNIT ( * ) SI_UNIT ( $, .STERADIAN. ) SOLID_ANGLE_UNIT ( ) );
#590 =( NAMED_UNIT ( * ) PLANE_ANGLE_UNIT ( ) SI_UNIT ( $, .RADIAN. ) );
#591 = DIRECTION ( 'NONE',  ( 8.896017825522090571E-17, -1.000000000000000000, 0.000000000000000000 ) ) ;
#592 = STYLED_ITEM ( 'NONE', ( #1486 ), #1329 ) ;
#593 = SURFACE_STYLE_USAGE ( .BOTH. , #909 ) ;
#594 = SURFACE_STYLE_USAGE ( .BOTH. , #3446 ) ;
#595 = ORIENTED_EDGE ( 'NONE', *, *, #3227, .F. ) ;
#596 = DIRECTION ( 'NONE',  ( 0.000000000000000000, 0.000000000000000000, -1.000000000000000000 ) ) ;
#597 =( GEOMETRIC_REPRESENTATION_CONTEXT ( 3 ) GLOBAL_UNCERTAINTY_ASSIGNED_CONTEXT ( ( #1621 ) ) GLOBAL_UNIT_ASSIGNED_CONTEXT ( ( #1918, #3845, #2868 ) ) REPRESENTATION_CONTEXT ( 'NONE', 'WORKASPACE' ) );
#598 = AXIS2_PLACEMENT_3D ( 'NONE', #1929, #1044, #33 ) ;
#599 =( NAMED_UNIT ( * ) SI_UNIT ( $, .STERADIAN. ) SOLID_ANGLE_UNIT ( ) );
#600 = FILL_AREA_STYLE_COLOUR ( '', #3065 ) ;
#601 = VERTEX_POINT ( 'NONE', #4008 ) ;
#602 = LINE ( 'NONE', #4014, #2835 ) ;
#603 = UNCERTAINTY_MEASURE_WITH_UNIT (LENGTH_MEASURE( 1.000000000000000082E-05 ), #4035, 'distance_accuracy_value', 'NONE');
#604 = AXIS2_PLACEMENT_3D ( 'NONE', #1073, #3460, #944 ) ;
#605 = AXIS2_PLACEMENT_3D ( 'NONE', #3187, #3207, #1715 ) ;
#606 = ADVANCED_FACE ( 'NONE', ( #508 ), #3962, .T. ) ;
#607 = FILL_AREA_STYLE ('',( #1262 ) ) ;
#608 = CARTESIAN_POINT ( 'NONE',  ( -3.549147374583732084, -23.26869088677965891, -7.931309113220336826 ) ) ;
#609 = SURFACE_STYLE_USAGE ( .BOTH. , #957 ) ;
#610 = PRESENTATION_LAYER_ASSIGNMENT (  '', '', ( #3925 ) ) ;
#611 = ORIENTED_EDGE ( 'NONE', *, *, #2196, .F. ) ;
#612 = ORIENTED_EDGE ( 'NONE', *, *, #2945, .F. ) ;
#613 = EDGE_CURVE ( 'NONE', #2910, #892, #1387, .T. ) ;
#614 =( GEOMETRIC_REPRESENTATION_CONTEXT ( 3 ) GLOBAL_UNCERTAINTY_ASSIGNED_CONTEXT ( ( #25 ) ) GLOBAL_UNIT_ASSIGNED_CONTEXT ( ( #1595, #987, #3526 ) ) REPRESENTATION_CONTEXT ( 'NONE', 'WORKASPACE' ) );
#615 = FACE_OUTER_BOUND ( 'NONE', #2834, .T. ) ;
#616 = EDGE_CURVE ( 'NONE', #1437, #4111, #557, .T. ) ;
#617 = CARTESIAN_POINT ( 'NONE',  ( -13.99999999999999112, -23.49999999999999289, -7.699999999999998401 ) ) ;
#618 = SURFACE_STYLE_USAGE ( .BOTH. , #2225 ) ;
#619 = EDGE_LOOP ( 'NONE', ( #471, #1829, #1919 ) ) ;
#620 = SURFACE_STYLE_USAGE ( .BOTH. , #3474 ) ;
#621 = FACE_OUTER_BOUND ( 'NONE', #3750, .T. ) ;
#622 = VERTEX_POINT ( 'NONE', #2389 ) ;
#623 = CARTESIAN_POINT ( 'NONE',  ( -2.149999999999996358, -24.49999999999998934, 1.600000000000000755 ) ) ;
#624 = LINE ( 'NONE', #7, #3038 ) ;
#625 = DIRECTION ( 'NONE',  ( -0.7071067811865474617, 0.7071067811865474617, -0.000000000000000000 ) ) ;
#626 =( NAMED_UNIT ( * ) SI_UNIT ( $, .STERADIAN. ) SOLID_ANGLE_UNIT ( ) );
#627 = VERTEX_POINT ( 'NONE', #887 ) ;
#628 = ORIENTED_EDGE ( 'NONE', *, *, #3994, .T. ) ;
#629 = ORIENTED_EDGE ( 'NONE', *, *, #2621, .F. ) ;
#630 = CARTESIAN_POINT ( 'NONE',  ( -10.49999999999999112, -0.6000000000000021982, 2.800000000000001155 ) ) ;
#631 = VECTOR ( 'NONE', #3820, 1000.000000000000000 ) ;
#632 = DIRECTION ( 'NONE',  ( -0.7071067811865451302, 0.7071067811865500152, 0.000000000000000000 ) ) ;
#633 = EDGE_LOOP ( 'NONE', ( #3684, #2070, #2024, #1985 ) ) ;
#634 = VECTOR ( 'NONE', #2311, 1000.000000000000000 ) ;
#635 = FILL_AREA_STYLE ('',( #3110 ) ) ;
#636 = CARTESIAN_POINT ( 'NONE',  ( 3.700000000000006395, -7.000000000000000888, -4.199999999999999289 ) ) ;
#637 =( GEOMETRIC_REPRESENTATION_CONTEXT ( 3 ) GLOBAL_UNCERTAINTY_ASSIGNED_CONTEXT ( ( #1561 ) ) GLOBAL_UNIT_ASSIGNED_CONTEXT ( ( #98, #2722, #3945 ) ) REPRESENTATION_CONTEXT ( 'NONE', 'WORKASPACE' ) );
#638 = AXIS2_PLACEMENT_3D ( 'NONE', #2377, #728, #2088 ) ;
#639 = VERTEX_POINT ( 'NONE', #4019 ) ;
#640 = FACE_OUTER_BOUND ( 'NONE', #37, .T. ) ;
#641 = CARTESIAN_POINT ( 'NONE',  ( 7.700000000000008171, -17.49999999999999645, -5.200000000000000178 ) ) ;
#642 = FACE_OUTER_BOUND ( 'NONE', #171, .T. ) ;
#643 = CYLINDRICAL_SURFACE ( 'NONE', #3986, 1.499999999999999556 ) ;
#644 = ORIENTED_EDGE ( 'NONE', *, *, #1815, .T. ) ;
#645 = MECHANICAL_DESIGN_GEOMETRIC_PRESENTATION_REPRESENTATION (  '', ( #1778 ), #577 ) ;
#646 = ORIENTED_EDGE ( 'NONE', *, *, #1025, .F. ) ;
#647 = EDGE_CURVE ( 'NONE', #938, #2044, #866, .T. ) ;
#648 = MECHANICAL_DESIGN_GEOMETRIC_PRESENTATION_REPRESENTATION (  '', ( #53 ), #2976 ) ;
#649 = EDGE_CURVE ( 'NONE', #1713, #3274, #3083, .T. ) ;
#650 = CARTESIAN_POINT ( 'NONE',  ( 1.684619089766608235, -22.13846167708828006, -6.699999999999999289 ) ) ;
#651 = ORIENTED_EDGE ( 'NONE', *, *, #2093, .T. ) ;
#652 = PLANE ( 'NONE',  #605 ) ;
#653 = CARTESIAN_POINT ( 'NONE',  ( 7.700000000000006395, -7.000000000000000000, -4.199999999999999289 ) ) ;
#654 = VECTOR ( 'NONE', #2012, 1000.000000000000000 ) ;
#655 = CARTESIAN_POINT ( 'NONE',  ( 10.50000000000000355, -18.75999999999999801, -6.699999999999999289 ) ) ;
#656 = PRODUCT_DEFINITION_SHAPE ( 'NONE', 'NONE',  #3980 ) ;
#657 = PLANE ( 'NONE',  #598 ) ;
#658 = ORIENTED_EDGE ( 'NONE', *, *, #1888, .F. ) ;
#659 = ADVANCED_FACE ( 'NONE', ( #1532 ), #237, .T. ) ;
#660 = DIRECTION ( 'NONE',  ( 0.000000000000000000, -0.000000000000000000, 1.000000000000000000 ) ) ;
#661 = COLOUR_RGB ( '',0.6274509803921568540, 0.6274509803921568540, 0.6274509803921568540 ) ;
#662 = ORIENTED_EDGE ( 'NONE', *, *, #3607, .T. ) ;
#663 = SURFACE_STYLE_FILL_AREA ( #3514 ) ;
#664 = DIRECTION ( 'NONE',  ( 1.000000000000000000, 0.000000000000000000, 0.000000000000000000 ) ) ;
#665 = UNCERTAINTY_MEASURE_WITH_UNIT (LENGTH_MEASURE( 1.000000000000000082E-05 ), #392, 'distance_accuracy_value', 'NONE');
#666 = EDGE_CURVE ( 'NONE', #440, #3308, #1861, .T. ) ;
#667 = ADVANCED_FACE ( 'NONE', ( #1838 ), #848, .T. ) ;
#668 = VECTOR ( 'NONE', #1240, 1000.000000000000114 ) ;
#669 = AXIS2_PLACEMENT_3D ( 'NONE', #3983, #2388, #2077 ) ;
#670 =( LENGTH_UNIT ( ) NAMED_UNIT ( * ) SI_UNIT ( .MILLI., .METRE. ) );
#671 = DIRECTION ( 'NONE',  ( 2.168404344971009115E-16, -1.000000000000000000, 0.000000000000000000 ) ) ;
#672 = ORIENTED_EDGE ( 'NONE', *, *, #3553, .T. ) ;
#673 = MECHANICAL_DESIGN_GEOMETRIC_PRESENTATION_REPRESENTATION (  '', ( #1933 ), #2333 ) ;
#674 = MECHANICAL_DESIGN_GEOMETRIC_PRESENTATION_REPRESENTATION (  '', ( #3923 ), #1599 ) ;
#675 = STYLED_ITEM ( 'NONE', ( #3371 ), #3532 ) ;
#676 = MECHANICAL_DESIGN_GEOMETRIC_PRESENTATION_REPRESENTATION (  '', ( #3528 ), #3998 ) ;
#677 = CARTESIAN_POINT ( 'NONE',  ( -3.212198625402785446, -23.08083161982705889, -7.699999999999970868 ) ) ;
#678 = VERTEX_POINT ( 'NONE', #3976 ) ;
#679 = DIRECTION ( 'NONE',  ( -1.000000000000000000, 0.000000000000000000, 0.000000000000000000 ) ) ;
#680 = CARTESIAN_POINT ( 'NONE',  ( 10.00000000000000533, -25.49999999999999645, -1.099999999999999423 ) ) ;
#681 = PRESENTATION_LAYER_ASSIGNMENT (  '', '', ( #212 ) ) ;
#682 = CIRCLE ( 'NONE', #1069, 3.150000000000000355 ) ;
#683 = FACE_OUTER_BOUND ( 'NONE', #2821, .T. ) ;
#684 = ORIENTED_EDGE ( 'NONE', *, *, #228, .F. ) ;
#685 =( NAMED_UNIT ( * ) SI_UNIT ( $, .STERADIAN. ) SOLID_ANGLE_UNIT ( ) );
#686 = DIRECTION ( 'NONE',  ( 0.000000000000000000, 0.000000000000000000, -1.000000000000000000 ) ) ;
#687 = CARTESIAN_POINT ( 'NONE',  ( -10.79999999999999361, -23.99999999999999289, -0.4000000000000034084 ) ) ;
#688 = VERTEX_POINT ( 'NONE', #129 ) ;
#689 = CARTESIAN_POINT ( 'NONE',  ( -13.99999999999999112, -2.000000000000000000, -8.699999999999999289 ) ) ;
#690 =( LENGTH_UNIT ( ) NAMED_UNIT ( * ) SI_UNIT ( .MILLI., .METRE. ) );
#691 = FACE_OUTER_BOUND ( 'NONE', #1077, .T. ) ;
#692 = DIRECTION ( 'NONE',  ( -0.8890394377536171566, -0.4578306216481508595, 0.000000000000000000 ) ) ;
#693 =( LENGTH_UNIT ( ) NAMED_UNIT ( * ) SI_UNIT ( .MILLI., .METRE. ) );
#694 = DIRECTION ( 'NONE',  ( 0.5773502691896261751, -0.5773502691896246208, 0.5773502691896263972 ) ) ;
#695 = ORIENTED_EDGE ( 'NONE', *, *, #2561, .F. ) ;
#696 = CARTESIAN_POINT ( 'NONE',  ( 10.00000000000000533, -27.99999999999998934, 0.1000000000000004774 ) ) ;
#697 =( NAMED_UNIT ( * ) SI_UNIT ( $, .STERADIAN. ) SOLID_ANGLE_UNIT ( ) );
#698 = DIRECTION ( 'NONE',  ( 0.000000000000000000, 0.000000000000000000, -1.000000000000000000 ) ) ;
#699 = DIRECTION ( 'NONE',  ( 0.000000000000000000, 0.000000000000000000, 1.000000000000000000 ) ) ;
#700 = VECTOR ( 'NONE', #2817, 1000.000000000000000 ) ;
#701 = LINE ( 'NONE', #2620, #118 ) ;
#702 = FILL_AREA_STYLE_COLOUR ( '', #2932 ) ;
#703 = LINE ( 'NONE', #687, #870 ) ;
#704 = FACE_BOUND ( 'NONE', #1668, .T. ) ;
#705 = ORIENTED_EDGE ( 'NONE', *, *, #718, .F. ) ;
#706 = COLOUR_RGB ( '',0.6274509803921568540, 0.6274509803921568540, 0.6274509803921568540 ) ;
#707 = DIRECTION ( 'NONE',  ( 1.000000000000000000, 0.000000000000000000, 0.000000000000000000 ) ) ;
#708 = MECHANICAL_DESIGN_GEOMETRIC_PRESENTATION_REPRESENTATION (  '', ( #110 ), #1832 ) ;
#709 = PRESENTATION_STYLE_ASSIGNMENT (( #433 ) ) ;
#710 = EDGE_CURVE ( 'NONE', #4017, #1596, #1460, .T. ) ;
#711 = PRESENTATION_LAYER_ASSIGNMENT (  '', '', ( #2511 ) ) ;
#712 = ADVANCED_FACE ( 'NONE', ( #2978 ), #1485, .F. ) ;
#713 = DIRECTION ( 'NONE',  ( -0.7071067811865451302, 0.000000000000000000, 0.7071067811865500152 ) ) ;
#714 = VERTEX_POINT ( 'NONE', #3934 ) ;
#715 = ADVANCED_FACE ( 'NONE', ( #150 ), #2729, .F. ) ;
#716 = CARTESIAN_POINT ( 'NONE',  ( -10.79999999999999005, -27.99999999999998934, 0.1000000000000004774 ) ) ;
#717 = AXIS2_PLACEMENT_3D ( 'NONE', #1155, #1709, #169 ) ;
#718 = EDGE_CURVE ( 'NONE', #1012, #1930, #2124, .T. ) ;
#719 = DIRECTION ( 'NONE',  ( 1.000000000000000000, 0.000000000000000000, 0.000000000000000000 ) ) ;
#720 = PRESENTATION_LAYER_ASSIGNMENT (  '', '', ( #2652 ) ) ;
#721 = CARTESIAN_POINT ( 'NONE',  ( -10.49999999999999112, -1.000000000000004441, 2.800000000000001155 ) ) ;
#722 = ORIENTED_EDGE ( 'NONE', *, *, #1708, .T. ) ;
#723 = DIRECTION ( 'NONE',  ( 1.000000000000000000, 8.896017825522090571E-17, -0.000000000000000000 ) ) ;
#724 = DIRECTION ( 'NONE',  ( 2.168404344971008868E-16, -1.000000000000000000, 0.000000000000000000 ) ) ;
#725 = CIRCLE ( 'NONE', #3057, 1.750000000000000666 ) ;
#726 = CARTESIAN_POINT ( 'NONE',  ( 15.00000000000000711, -2.000000000000000000, 8.699999999999999289 ) ) ;
#727 = SURFACE_SIDE_STYLE ('',( #1683 ) ) ;
#728 = DIRECTION ( 'NONE',  ( -1.000000000000000000, -2.168404344971009115E-16, 0.000000000000000000 ) ) ;
#729 = ADVANCED_FACE ( 'NONE', ( #2090 ), #3343, .T. ) ;
#730 = AXIS2_PLACEMENT_3D ( 'NONE', #3116, #1922, #1587 ) ;
#731 = PRESENTATION_LAYER_ASSIGNMENT (  '', '', ( #3522 ) ) ;
#732 = CARTESIAN_POINT ( 'NONE',  ( -14.99999999999999289, 0.3999999999999903633, 5.699999999999993072 ) ) ;
#733 = AXIS2_PLACEMENT_3D ( 'NONE', #2824, #953, #2847 ) ;
#734 = EDGE_CURVE ( 'NONE', #2677, #3370, #4060, .T. ) ;
#735 = CARTESIAN_POINT ( 'NONE',  ( 5.200000000000004619, -0.6000000000000021982, 4.800000000000001599 ) ) ;
#736 = VECTOR ( 'NONE', #1081, 1000.000000000000000 ) ;
#737 = AXIS2_PLACEMENT_3D ( 'NONE', #4011, #3039, #1454 ) ;
#738 = PLANE ( 'NONE',  #2413 ) ;
#739 = VECTOR ( 'NONE', #3758, 999.9999999999998863 ) ;
#740 = DIRECTION ( 'NONE',  ( 0.000000000000000000, 0.000000000000000000, -1.000000000000000000 ) ) ;
#741 = DIRECTION ( 'NONE',  ( -0.7071067811865474617, -0.7071067811865474617, -0.000000000000000000 ) ) ;
#742 = EDGE_LOOP ( 'NONE', ( #595, #1104, #318, #2128, #3741, #2092, #2613, #1581 ) ) ;
#743 = STYLED_ITEM ( 'NONE', ( #1864 ), #3006 ) ;
#744 = CARTESIAN_POINT ( 'NONE',  ( -5.000000000000000000, -4.600000000000002309, 6.700000000000001066 ) ) ;
#745 = CARTESIAN_POINT ( 'NONE',  ( 7.700000000000006395, -7.000000000000000000, -6.699999999999999289 ) ) ;
#746 = FILL_AREA_STYLE_COLOUR ( '', #2108 ) ;
#747 = EDGE_LOOP ( 'NONE', ( #3944, #2487, #1793, #1692, #1760, #2031, #3085, #3067, #3550 ) ) ;
#748 = CARTESIAN_POINT ( 'NONE',  ( 15.00000000000000711, 0.3999999999999897526, 8.699999999999999289 ) ) ;
#749 = PRESENTATION_STYLE_ASSIGNMENT (( #3599 ) ) ;
#750 = CARTESIAN_POINT ( 'NONE',  ( 4.200000000000002842, -4.600000000000002309, 6.700000000000001066 ) ) ;
#751 = SURFACE_STYLE_USAGE ( .BOTH. , #1728 ) ;
#752 = LINE ( 'NONE', #2029, #61 ) ;
#753 = CARTESIAN_POINT ( 'NONE',  ( 5.200000000000004619, -0.6000000000000021982, 5.300000000000000711 ) ) ;
#754 = VERTEX_POINT ( 'NONE', #1548 ) ;
#755 = VERTEX_POINT ( 'NONE', #922 ) ;
#756 = CARTESIAN_POINT ( 'NONE',  ( 15.00000000000000711, 0.3999999999999901412, 5.699999999999993072 ) ) ;
#757 = CARTESIAN_POINT ( 'NONE',  ( 1.350000000000004530, -24.49999999999998934, 1.600000000000000755 ) ) ;
#758 = LINE ( 'NONE', #466, #3475 ) ;
#759 = CARTESIAN_POINT ( 'NONE',  ( -13.24999999999999289, -0.6000000000000021982, 6.700000000000001066 ) ) ;
#760 = EDGE_LOOP ( 'NONE', ( #658, #1977, #1055, #3793 ) ) ;
#761 = SURFACE_STYLE_USAGE ( .BOTH. , #470 ) ;
#762 = UNCERTAINTY_MEASURE_WITH_UNIT (LENGTH_MEASURE( 1.000000000000000082E-05 ), #2538, 'distance_accuracy_value', 'NONE');
#763 = ORIENTED_EDGE ( 'NONE', *, *, #1447, .T. ) ;
#764 = CARTESIAN_POINT ( 'NONE',  ( -30.77085920297304611, 1.399999999999999689, -8.699999999999999289 ) ) ;
#765 = LINE ( 'NONE', #3646, #2797 ) ;
#766 = LINE ( 'NONE', #2422, #2194 ) ;
#767 = VECTOR ( 'NONE', #2147, 1000.000000000000114 ) ;
#768 = ORIENTED_EDGE ( 'NONE', *, *, #300, .T. ) ;
#769 = FILL_AREA_STYLE_COLOUR ( '', #1031 ) ;
#770 = DIRECTION ( 'NONE',  ( 0.000000000000000000, -1.000000000000000000, 0.000000000000000000 ) ) ;
#771 = VECTOR ( 'NONE', #2651, 1000.000000000000000 ) ;
#772 = MECHANICAL_DESIGN_GEOMETRIC_PRESENTATION_REPRESENTATION (  '', ( #397 ), #505 ) ;
#773 = DIRECTION ( 'NONE',  ( -1.000000000000000000, 0.000000000000000000, 0.000000000000000000 ) ) ;
#774 = PRESENTATION_STYLE_ASSIGNMENT (( #826 ) ) ;
#775 = EDGE_LOOP ( 'NONE', ( #1310, #1381, #2104, #1704, #3862 ) ) ;
#776 = EDGE_CURVE ( 'NONE', #334, #3818, #4076, .T. ) ;
#777 = MECHANICAL_DESIGN_GEOMETRIC_PRESENTATION_REPRESENTATION (  '', ( #1022 ), #3950 ) ;
#778 = EDGE_CURVE ( 'NONE', #3437, #196, #2215, .T. ) ;
#779 = CARTESIAN_POINT ( 'NONE',  ( 9.700000000000006395, -0.6000000000000046407, 5.300000000000000711 ) ) ;
#780 = CARTESIAN_POINT ( 'NONE',  ( 15.00000000000000711, -2.000000000000000000, -7.700000000000006395 ) ) ;
#781 = DIRECTION ( 'NONE',  ( -0.000000000000000000, 0.000000000000000000, -1.000000000000000000 ) ) ;
#782 = SURFACE_SIDE_STYLE ('',( #2986 ) ) ;
#783 = VERTEX_POINT ( 'NONE', #3789 ) ;
#784 = EDGE_CURVE ( 'NONE', #2993, #4082, #1899, .T. ) ;
#785 = SURFACE_STYLE_USAGE ( .BOTH. , #1675 ) ;
#786 = VECTOR ( 'NONE', #2839, 1000.000000000000000 ) ;
#787 = DIRECTION ( 'NONE',  ( -1.000000000000000000, 1.672022627447515133E-15, 0.000000000000000000 ) ) ;
#788 =( LENGTH_UNIT ( ) NAMED_UNIT ( * ) SI_UNIT ( .MILLI., .METRE. ) );
#789 = LINE ( 'NONE', #4022, #3252 ) ;
#790 = ORIENTED_EDGE ( 'NONE', *, *, #1407, .F. ) ;
#791 = EDGE_CURVE ( 'NONE', #175, #3372, #1239, .T. ) ;
#792 = CARTESIAN_POINT ( 'NONE',  ( -10.79999999999999361, -21.49999999999999289, 0.1000000000000004774 ) ) ;
#793 = EDGE_CURVE ( 'NONE', #2345, #1766, #2166, .T. ) ;
#794 = EDGE_CURVE ( 'NONE', #1658, #688, #537, .T. ) ;
#795 = LINE ( 'NONE', #1121, #1284 ) ;
#796 = FILL_AREA_STYLE ('',( #3040 ) ) ;
#797 = STYLED_ITEM ( 'NONE', ( #1351 ), #1154 ) ;
#798 = ORIENTED_EDGE ( 'NONE', *, *, #3435, .F. ) ;
#799 = EDGE_CURVE ( 'NONE', #912, #1439, #578, .T. ) ;
#800 = ADVANCED_FACE ( 'NONE', ( #229 ), #4100, .F. ) ;
#801 = VECTOR ( 'NONE', #3242, 1000.000000000000114 ) ;
#802 = SURFACE_SIDE_STYLE ('',( #3328 ) ) ;
#803 = SURFACE_STYLE_FILL_AREA ( #3651 ) ;
#804 =( NAMED_UNIT ( * ) SI_UNIT ( $, .STERADIAN. ) SOLID_ANGLE_UNIT ( ) );
#805 = ORIENTED_EDGE ( 'NONE', *, *, #3351, .F. ) ;
#806 = VECTOR ( 'NONE', #1257, 1000.000000000000000 ) ;
#807 = EDGE_LOOP ( 'NONE', ( #481, #2319, #3186, #490, #3676, #1830, #2457, #931, #1610, #1591, #2974, #722 ) ) ;
#808 = DIRECTION ( 'NONE',  ( 0.000000000000000000, 0.000000000000000000, -1.000000000000000000 ) ) ;
#809 =( GEOMETRIC_REPRESENTATION_CONTEXT ( 3 ) GLOBAL_UNCERTAINTY_ASSIGNED_CONTEXT ( ( #1342 ) ) GLOBAL_UNIT_ASSIGNED_CONTEXT ( ( #3088, #3, #3154 ) ) REPRESENTATION_CONTEXT ( 'NONE', 'WORKASPACE' ) );
#810 = VECTOR ( 'NONE', #3468, 1000.000000000000000 ) ;
#811 = LINE ( 'NONE', #2033, #345 ) ;
#812 = SURFACE_STYLE_USAGE ( .BOTH. , #507 ) ;
#813 = FILL_AREA_STYLE ('',( #1423 ) ) ;
#814 = COLOUR_RGB ( '',0.6274509803921568540, 0.6274509803921568540, 0.6274509803921568540 ) ;
#815 = CARTESIAN_POINT ( 'NONE',  ( -14.99999999999999289, -4.500000000000002665, 6.700000000000002842 ) ) ;
#816 = LINE ( 'NONE', #184, #2271 ) ;
#817 = ORIENTED_EDGE ( 'NONE', *, *, #1147, .T. ) ;
#818 = SURFACE_STYLE_FILL_AREA ( #187 ) ;
#819 =( LENGTH_UNIT ( ) NAMED_UNIT ( * ) SI_UNIT ( .MILLI., .METRE. ) );
#820 = CARTESIAN_POINT ( 'NONE',  ( 9.000000000000005329, -18.75999999999999801, 3.300000000000000711 ) ) ;
#821 = B_SPLINE_CURVE_WITH_KNOTS ( 'NONE', 1,
 ( #1321, #351 ),
 .UNSPECIFIED., .F., .F.,
 ( 2, 2 ),
 ( 0.000000000000000000, 0.001477592375336814375 ),
 .UNSPECIFIED. ) ;
#822 =( GEOMETRIC_REPRESENTATION_CONTEXT ( 3 ) GLOBAL_UNCERTAINTY_ASSIGNED_CONTEXT ( ( #1607 ) ) GLOBAL_UNIT_ASSIGNED_CONTEXT ( ( #384, #1631, #1650 ) ) REPRESENTATION_CONTEXT ( 'NONE', 'WORKASPACE' ) );
#823 = SURFACE_STYLE_FILL_AREA ( #166 ) ;
#824 = FACE_OUTER_BOUND ( 'NONE', #3797, .T. ) ;
#825 = DIRECTION ( 'NONE',  ( -4.336808689942017736E-16, 1.000000000000000000, -0.000000000000000000 ) ) ;
#826 = SURFACE_STYLE_USAGE ( .BOTH. , #3628 ) ;
#827 = ORIENTED_EDGE ( 'NONE', *, *, #3616, .T. ) ;
#828 = ORIENTED_EDGE ( 'NONE', *, *, #1888, .T. ) ;
#829 = SURFACE_STYLE_FILL_AREA ( #138 ) ;
#830 = CARTESIAN_POINT ( 'NONE',  ( 3.750000000000029310, -24.49999999999999645, -8.699999999999999289 ) ) ;
#831 = CARTESIAN_POINT ( 'NONE',  ( 9.700000000000006395, -0.6000000000000046407, 5.300000000000000711 ) ) ;
#832 =( NAMED_UNIT ( * ) PLANE_ANGLE_UNIT ( ) SI_UNIT ( $, .RADIAN. ) );
#833 = ORIENTED_EDGE ( 'NONE', *, *, #300, .F. ) ;
#834 = SURFACE_STYLE_FILL_AREA ( #948 ) ;
#835 =( NAMED_UNIT ( * ) SI_UNIT ( $, .STERADIAN. ) SOLID_ANGLE_UNIT ( ) );
#836 = VERTEX_POINT ( 'NONE', #1369 ) ;
#837 = STYLED_ITEM ( 'NONE', ( #3294 ), #2252 ) ;
#838 = FILL_AREA_STYLE ('',( #1770 ) ) ;
#839 = FILL_AREA_STYLE_COLOUR ( '', #1991 ) ;
#840 = EDGE_CURVE ( 'NONE', #2138, #1687, #701, .T. ) ;
#841 = VERTEX_POINT ( 'NONE', #744 ) ;
#842 = VERTEX_POINT ( 'NONE', #1655 ) ;
#843 = COLOUR_RGB ( '',0.6274509803921568540, 0.6274509803921568540, 0.6274509803921568540 ) ;
#844 = ADVANCED_FACE ( 'NONE', ( #449 ), #1412, .T. ) ;
#845 = COLOUR_RGB ( '',0.6274509803921568540, 0.6274509803921568540, 0.6274509803921568540 ) ;
#846 = CARTESIAN_POINT ( 'NONE',  ( -5.999999999999994671, -2.000000000000005329, 5.300000000000000711 ) ) ;
#847 = CARTESIAN_POINT ( 'NONE',  ( 7.500000000000007994, -5.759999999999999787, -8.699999999999999289 ) ) ;
#848 = PLANE ( 'NONE',  #3297 ) ;
#849 = EDGE_CURVE ( 'NONE', #678, #299, #1024, .T. ) ;
#850 = AXIS2_PLACEMENT_3D ( 'NONE', #1849, #3112, #1582 ) ;
#851 = ADVANCED_FACE ( 'NONE', ( #2682 ), #1070, .F. ) ;
#852 = CARTESIAN_POINT ( 'NONE',  ( -3.883059627729875007, -22.75913273343260101, -8.440867266567396499 ) ) ;
#853 =( GEOMETRIC_REPRESENTATION_CONTEXT ( 3 ) GLOBAL_UNCERTAINTY_ASSIGNED_CONTEXT ( ( #2230 ) ) GLOBAL_UNIT_ASSIGNED_CONTEXT ( ( #3858, #3843, #3587 ) ) REPRESENTATION_CONTEXT ( 'NONE', 'WORKASPACE' ) );
#854 = VERTEX_POINT ( 'NONE', #2642 ) ;
#855 = DIRECTION ( 'NONE',  ( 0.000000000000000000, 1.267249292515524794E-16, -1.000000000000000000 ) ) ;
#856 = DIRECTION ( 'NONE',  ( 0.000000000000000000, -1.000000000000000000, 0.000000000000000000 ) ) ;
#857 = FILL_AREA_STYLE_COLOUR ( '', #3284 ) ;
#858 = PRESENTATION_LAYER_ASSIGNMENT (  '', '', ( #3375 ) ) ;
#859 =( NAMED_UNIT ( * ) SI_UNIT ( $, .STERADIAN. ) SOLID_ANGLE_UNIT ( ) );
#860 = CARTESIAN_POINT ( 'NONE',  ( -10.79999999999999361, -27.99999999999998934, 0.1000000000000004774 ) ) ;
#861 = VERTEX_POINT ( 'NONE', #2281 ) ;
#862 = ORIENTED_EDGE ( 'NONE', *, *, #3373, .T. ) ;
#863 = EDGE_CURVE ( 'NONE', #185, #2769, #3569, .T. ) ;
#864 = PRESENTATION_LAYER_ASSIGNMENT (  '', '', ( #2123 ) ) ;
#865 = DIRECTION ( 'NONE',  ( 0.000000000000000000, -1.000000000000000000, 0.000000000000000000 ) ) ;
#866 = LINE ( 'NONE', #2514, #916 ) ;
#867 = VECTOR ( 'NONE', #3486, 1000.000000000000000 ) ;
#868 = DIRECTION ( 'NONE',  ( -1.000000000000000000, 0.000000000000000000, 0.000000000000000000 ) ) ;
#869 = PRESENTATION_STYLE_ASSIGNMENT (( #2452 ) ) ;
#870 = VECTOR ( 'NONE', #1336, 1000.000000000000114 ) ;
#871 = DIRECTION ( 'NONE',  ( 1.635512977795593164E-16, 0.7071067811865451302, 0.7071067811865499042 ) ) ;
#872 = ORIENTED_EDGE ( 'NONE', *, *, #1624, .T. ) ;
#873 = MECHANICAL_DESIGN_GEOMETRIC_PRESENTATION_REPRESENTATION (  '', ( #2069 ), #340 ) ;
#874 = STYLED_ITEM ( 'NONE', ( #2143 ), #2694 ) ;
#875 = SURFACE_STYLE_FILL_AREA ( #332 ) ;
#876 =( NAMED_UNIT ( * ) PLANE_ANGLE_UNIT ( ) SI_UNIT ( $, .RADIAN. ) );
#877 = ORIENTED_EDGE ( 'NONE', *, *, #2214, .F. ) ;
#878 = CIRCLE ( 'NONE', #943, 1.499999999999999556 ) ;
#879 = MECHANICAL_DESIGN_GEOMETRIC_PRESENTATION_REPRESENTATION (  '', ( #3802 ), #822 ) ;
#880 = DIRECTION ( 'NONE',  ( -1.000000000000000000, -2.146934995020800917E-17, 0.000000000000000000 ) ) ;
#881 = CARTESIAN_POINT ( 'NONE',  ( 0.000000000000000000, -24.50000000000000000, 0.1000000000000004774 ) ) ;
#882 = DIRECTION ( 'NONE',  ( -0.000000000000000000, -0.000000000000000000, -1.000000000000000000 ) ) ;
#883 = ORIENTED_EDGE ( 'NONE', *, *, #1092, .F. ) ;
#884 = ORIENTED_EDGE ( 'NONE', *, *, #4046, .F. ) ;
#885 = DIRECTION ( 'NONE',  ( 0.000000000000000000, -1.000000000000000000, 0.000000000000000000 ) ) ;
#886 = SURFACE_STYLE_FILL_AREA ( #3070 ) ;
#887 = CARTESIAN_POINT ( 'NONE',  ( -13.99999999999998401, -3.499999999999994227, 6.700000000000001066 ) ) ;
#888 = UNCERTAINTY_MEASURE_WITH_UNIT (LENGTH_MEASURE( 1.000000000000000082E-05 ), #2447, 'distance_accuracy_value', 'NONE');
#889 = FACE_OUTER_BOUND ( 'NONE', #4073, .T. ) ;
#890 = CARTESIAN_POINT ( 'NONE',  ( 5.200000000000006395, -3.600000000000003197, 4.800000000000001599 ) ) ;
#891 = ADVANCED_FACE ( 'NONE', ( #889 ), #4021, .F. ) ;
#892 = VERTEX_POINT ( 'NONE', #202 ) ;
#893 = FILL_AREA_STYLE_COLOUR ( '', #341 ) ;
#894 = DIRECTION ( 'NONE',  ( 0.7071067811865500152, 0.000000000000000000, 0.7071067811865451302 ) ) ;
#895 = VERTEX_POINT ( 'NONE', #2742 ) ;
#896 = SURFACE_STYLE_FILL_AREA ( #2184 ) ;
#897 = EDGE_CURVE ( 'NONE', #1304, #1150, #2391, .T. ) ;
#898 = SURFACE_STYLE_FILL_AREA ( #942 ) ;
#899 = SURFACE_STYLE_FILL_AREA ( #499 ) ;
#900 = EDGE_LOOP ( 'NONE', ( #612, #2086, #4081, #28 ) ) ;
#901 = ORIENTED_EDGE ( 'NONE', *, *, #1228, .F. ) ;
#902 = CARTESIAN_POINT ( 'NONE',  ( -14.99999999999999289, -2.000000000000000000, -7.699999999999991296 ) ) ;
#903 = VERTEX_POINT ( 'NONE', #1161 ) ;
#904 =( GEOMETRIC_REPRESENTATION_CONTEXT ( 3 ) GLOBAL_UNCERTAINTY_ASSIGNED_CONTEXT ( ( #2168 ) ) GLOBAL_UNIT_ASSIGNED_CONTEXT ( ( #2528, #3405, #1307 ) ) REPRESENTATION_CONTEXT ( 'NONE', 'WORKASPACE' ) );
#905 = LINE ( 'NONE', #2175, #1199 ) ;
#906 =( LENGTH_UNIT ( ) NAMED_UNIT ( * ) SI_UNIT ( .MILLI., .METRE. ) );
#907 = SURFACE_STYLE_USAGE ( .BOTH. , #1862 ) ;
#908 = PRESENTATION_LAYER_ASSIGNMENT (  '', '', ( #374 ) ) ;
#909 = SURFACE_SIDE_STYLE ('',( #3757 ) ) ;
#910 = FILL_AREA_STYLE_COLOUR ( '', #1411 ) ;
#911 = FACE_OUTER_BOUND ( 'NONE', #3237, .T. ) ;
#912 = VERTEX_POINT ( 'NONE', #2097 ) ;
#913 = EDGE_CURVE ( 'NONE', #2489, #2465, #420, .T. ) ;
#914 = STYLED_ITEM ( 'NONE', ( #1185 ), #355 ) ;
#915 =( GEOMETRIC_REPRESENTATION_CONTEXT ( 3 ) GLOBAL_UNCERTAINTY_ASSIGNED_CONTEXT ( ( #1880 ) ) GLOBAL_UNIT_ASSIGNED_CONTEXT ( ( #1660, #1745, #1052 ) ) REPRESENTATION_CONTEXT ( 'NONE', 'WORKASPACE' ) );
#916 = VECTOR ( 'NONE', #1178, 1000.000000000000114 ) ;
#917 = EDGE_CURVE ( 'NONE', #2843, #2044, #2798, .T. ) ;
#918 = ORIENTED_EDGE ( 'NONE', *, *, #100, .T. ) ;
#919 = EDGE_CURVE ( 'NONE', #2437, #299, #3072, .T. ) ;
#920 = LINE ( 'NONE', #1484, #3423 ) ;
#921 = COLOUR_RGB ( '',0.6274509803921568540, 0.6274509803921568540, 0.6274509803921568540 ) ;
#922 = CARTESIAN_POINT ( 'NONE',  ( 13.99999999999999822, -0.6000000000000021982, 6.700000000000001066 ) ) ;
#923 = DIRECTION ( 'NONE',  ( 0.000000000000000000, 0.7071067811865474617, 0.7071067811865475727 ) ) ;
#924 = UNCERTAINTY_MEASURE_WITH_UNIT (LENGTH_MEASURE( 1.000000000000000082E-05 ), #985, 'distance_accuracy_value', 'NONE');
#925 = ORIENTED_EDGE ( 'NONE', *, *, #362, .T. ) ;
#926 = ORIENTED_EDGE ( 'NONE', *, *, #710, .F. ) ;
#927 = DIRECTION ( 'NONE',  ( 1.000000000000000000, 0.000000000000000000, 0.000000000000000000 ) ) ;
#928 = CARTESIAN_POINT ( 'NONE',  ( 1.350000000000004530, -24.49999999999998934, 3.100000000000000533 ) ) ;
#929 = VECTOR ( 'NONE', #3852, 1000.000000000000114 ) ;
#930 = SURFACE_STYLE_FILL_AREA ( #1950 ) ;
#931 = ORIENTED_EDGE ( 'NONE', *, *, #357, .T. ) ;
#932 = CARTESIAN_POINT ( 'NONE',  ( -2.155829056268828481, -21.49999999999999289, 1.600000000000000755 ) ) ;
#933 = AXIS2_PLACEMENT_3D ( 'NONE', #2668, #3647, #2374 ) ;
#934 = VECTOR ( 'NONE', #2885, 1000.000000000000114 ) ;
#935 = VECTOR ( 'NONE', #1317, 1000.000000000000000 ) ;
#936 = PRESENTATION_LAYER_ASSIGNMENT (  '', '', ( #3126 ) ) ;
#937 = SURFACE_STYLE_FILL_AREA ( #4092 ) ;
#938 = VERTEX_POINT ( 'NONE', #1842 ) ;
#939 = FACE_OUTER_BOUND ( 'NONE', #222, .T. ) ;
#940 = CARTESIAN_POINT ( 'NONE',  ( -14.99999999999999645, -23.49999999999999289, -1.099999999999999423 ) ) ;
#941 = UNCERTAINTY_MEASURE_WITH_UNIT (LENGTH_MEASURE( 1.000000000000000082E-05 ), #3613, 'distance_accuracy_value', 'NONE');
#942 = FILL_AREA_STYLE ('',( #1563 ) ) ;
#943 = AXIS2_PLACEMENT_3D ( 'NONE', #1010, #2643, #1935 ) ;
#944 = DIRECTION ( 'NONE',  ( 0.000000000000000000, 1.000000000000000000, 0.000000000000000000 ) ) ;
#945 = EDGE_LOOP ( 'NONE', ( #2875, #2625, #3300, #3596 ) ) ;
#946 = ORIENTED_EDGE ( 'NONE', *, *, #3005, .T. ) ;
#947 = VECTOR ( 'NONE', #2571, 1000.000000000000114 ) ;
#948 = FILL_AREA_STYLE ('',( #1452 ) ) ;
#949 = DIRECTION ( 'NONE',  ( -0.000000000000000000, 1.941854637287470363E-16, -1.000000000000000000 ) ) ;
#950 = ORIENTED_EDGE ( 'NONE', *, *, #3005, .F. ) ;
#951 =( LENGTH_UNIT ( ) NAMED_UNIT ( * ) SI_UNIT ( .MILLI., .METRE. ) );
#952 = DIRECTION ( 'NONE',  ( 0.000000000000000000, -1.000000000000000000, 0.000000000000000000 ) ) ;
#953 = DIRECTION ( 'NONE',  ( -0.7071067811865462405, 0.7071067811865487940, 0.000000000000000000 ) ) ;
#954 = ORIENTED_EDGE ( 'NONE', *, *, #2631, .F. ) ;
#955 = SURFACE_STYLE_USAGE ( .BOTH. , #246 ) ;
#956 =( NAMED_UNIT ( * ) SI_UNIT ( $, .STERADIAN. ) SOLID_ANGLE_UNIT ( ) );
#957 = SURFACE_SIDE_STYLE ('',( #3458 ) ) ;
#958 = ORIENTED_EDGE ( 'NONE', *, *, #483, .T. ) ;
#959 = ORIENTED_EDGE ( 'NONE', *, *, #710, .T. ) ;
#960 = EDGE_CURVE ( 'NONE', #3144, #1881, #3988, .T. ) ;
#961 = ADVANCED_FACE ( 'NONE', ( #2472 ), #3737, .F. ) ;
#962 = EDGE_CURVE ( 'NONE', #903, #1191, #3507, .T. ) ;
#963 = PRESENTATION_STYLE_ASSIGNMENT (( #3543 ) ) ;
#964 = LINE ( 'NONE', #3191, #515 ) ;
#965 = STYLED_ITEM ( 'NONE', ( #4077 ), #2395 ) ;
#966 = PLANE ( 'NONE',  #2740 ) ;
#967 = ORIENTED_EDGE ( 'NONE', *, *, #4113, .F. ) ;
#968 = ADVANCED_FACE ( 'NONE', ( #2819 ), #327, .T. ) ;
#969 = EDGE_CURVE ( 'NONE', #2525, #2368, #4085, .T. ) ;
#970 = STYLED_ITEM ( 'NONE', ( #2376 ), #104 ) ;
#971 = B_SPLINE_CURVE_WITH_KNOTS ( 'NONE', 1,
 ( #105, #1378 ),
 .UNSPECIFIED., .F., .F.,
 ( 2, 2 ),
 ( 0.000000000000000000, 0.001510979417089404215 ),
 .UNSPECIFIED. ) ;
#972 = LINE ( 'NONE', #2947, #2738 ) ;
#973 = CARTESIAN_POINT ( 'NONE',  ( 7.700000000000006395, -7.000000000000000000, -5.200000000000006395 ) ) ;
#974 = AXIS2_PLACEMENT_3D ( 'NONE', #310, #575, #1259 ) ;
#975 = ORIENTED_EDGE ( 'NONE', *, *, #849, .T. ) ;
#976 = DIRECTION ( 'NONE',  ( 1.239088197126291063E-16, -1.000000000000000000, 0.000000000000000000 ) ) ;
#977 = PLANE ( 'NONE',  #4086 ) ;
#978 = STYLED_ITEM ( 'NONE', ( #2639 ), #421 ) ;
#979 = UNCERTAINTY_MEASURE_WITH_UNIT (LENGTH_MEASURE( 1.000000000000000082E-05 ), #2355, 'distance_accuracy_value', 'NONE');
#980 = SURFACE_SIDE_STYLE ('',( #3848 ) ) ;
#981 = SURFACE_STYLE_FILL_AREA ( #83 ) ;
#982 = ORIENTED_EDGE ( 'NONE', *, *, #426, .F. ) ;
#983 = STYLED_ITEM ( 'NONE', ( #1172 ), #715 ) ;
#984 = AXIS2_PLACEMENT_3D ( 'NONE', #344, #3778, #32 ) ;
#985 =( LENGTH_UNIT ( ) NAMED_UNIT ( * ) SI_UNIT ( .MILLI., .METRE. ) );
#986 = PRESENTATION_STYLE_ASSIGNMENT (( #3208 ) ) ;
#987 =( NAMED_UNIT ( * ) PLANE_ANGLE_UNIT ( ) SI_UNIT ( $, .RADIAN. ) );
#988 = DIRECTION ( 'NONE',  ( 0.000000000000000000, -1.000000000000000000, 0.000000000000000000 ) ) ;
#989 = EDGE_LOOP ( 'NONE', ( #2971, #2800, #3955, #2160 ) ) ;
#990 = CARTESIAN_POINT ( 'NONE',  ( 0.000000000000000000, 0.000000000000000000, 5.300000000000000711 ) ) ;
#991 = DIRECTION ( 'NONE',  ( 0.000000000000000000, 1.000000000000000000, 0.000000000000000000 ) ) ;
#992 = EDGE_LOOP ( 'NONE', ( #1617, #2539, #2911, #1235, #2126, #163 ) ) ;
#993 = CARTESIAN_POINT ( 'NONE',  ( 1.355829056268836652, -21.49999999999999289, 1.600000000000000755 ) ) ;
#994 =( NAMED_UNIT ( * ) PLANE_ANGLE_UNIT ( ) SI_UNIT ( $, .RADIAN. ) );
#995 = UNCERTAINTY_MEASURE_WITH_UNIT (LENGTH_MEASURE( 1.000000000000000082E-05 ), #1764, 'distance_accuracy_value', 'NONE');
#996 = VECTOR ( 'NONE', #671, 1000.000000000000000 ) ;
#997 = CARTESIAN_POINT ( 'NONE',  ( -5.999999999999994671, -0.6000000000000021982, 5.300000000000000711 ) ) ;
#998 = SURFACE_STYLE_FILL_AREA ( #2933 ) ;
#999 = VECTOR ( 'NONE', #4006, 1000.000000000000000 ) ;
#1000 = VECTOR ( 'NONE', #109, 1000.000000000000000 ) ;
#1001 =( GEOMETRIC_REPRESENTATION_CONTEXT ( 3 ) GLOBAL_UNCERTAINTY_ASSIGNED_CONTEXT ( ( #3291 ) ) GLOBAL_UNIT_ASSIGNED_CONTEXT ( ( #2050, #1732, #804 ) ) REPRESENTATION_CONTEXT ( 'NONE', 'WORKASPACE' ) );
#1002 = VECTOR ( 'NONE', #2908, 1000.000000000000000 ) ;
#1003 = FILL_AREA_STYLE_COLOUR ( '', #3656 ) ;
#1004 =( NAMED_UNIT ( * ) PLANE_ANGLE_UNIT ( ) SI_UNIT ( $, .RADIAN. ) );
#1005 = PLANE ( 'NONE',  #1905 ) ;
#1006 = CARTESIAN_POINT ( 'NONE',  ( -14.99999999999999289, 0.3999999999999903078, 5.699999999999993072 ) ) ;
#1007 = VECTOR ( 'NONE', #1752, 1000.000000000000000 ) ;
#1008 = CARTESIAN_POINT ( 'NONE',  ( 9.700000000000006395, -0.6000000000000046407, 5.300000000000000711 ) ) ;
#1009 = LINE ( 'NONE', #1314, #442 ) ;
#1010 = CARTESIAN_POINT ( 'NONE',  ( 9.000000000000005329, -18.75999999999999801, -6.699999999999999289 ) ) ;
#1011 = LINE ( 'NONE', #2283, #141 ) ;
#1012 = VERTEX_POINT ( 'NONE', #3148 ) ;
#1013 = FILL_AREA_STYLE ('',( #1637 ) ) ;
#1014 = EDGE_CURVE ( 'NONE', #3308, #895, #2570, .T. ) ;
#1015 = FILL_AREA_STYLE ('',( #377 ) ) ;
#1016 = ADVANCED_FACE ( 'NONE', ( #1927 ), #3821, .T. ) ;
#1017 =( NAMED_UNIT ( * ) PLANE_ANGLE_UNIT ( ) SI_UNIT ( $, .RADIAN. ) );
#1018 = CARTESIAN_POINT ( 'NONE',  ( -30.77085920297304611, 1.399999999999998135, 5.699999999999993072 ) ) ;
#1019 = CARTESIAN_POINT ( 'NONE',  ( 9.700000000000006395, -1.000000000000003997, 5.300000000000000711 ) ) ;
#1020 = SURFACE_SIDE_STYLE ('',( #424 ) ) ;
#1021 = LINE ( 'NONE', #2298, #1707 ) ;
#1022 = STYLED_ITEM ( 'NONE', ( #2332 ), #2186 ) ;
#1023 = UNCERTAINTY_MEASURE_WITH_UNIT (LENGTH_MEASURE( 1.000000000000000082E-05 ), #1193, 'distance_accuracy_value', 'NONE');
#1024 = LINE ( 'NONE', #2301, #3369 ) ;
#1025 = EDGE_CURVE ( 'NONE', #854, #2769, #964, .T. ) ;
#1026 = ORIENTED_EDGE ( 'NONE', *, *, #1695, .F. ) ;
#1027 = DIRECTION ( 'NONE',  ( 0.000000000000000000, 0.000000000000000000, -1.000000000000000000 ) ) ;
#1028 = PRESENTATION_LAYER_ASSIGNMENT (  '', '', ( #3156 ) ) ;
#1029 = FILL_AREA_STYLE_COLOUR ( '', #3638 ) ;
#1030 = EDGE_CURVE ( 'NONE', #2769, #2169, #1629, .T. ) ;
#1031 = COLOUR_RGB ( '',0.6274509803921568540, 0.6274509803921568540, 0.6274509803921568540 ) ;
#1032 = CONICAL_SURFACE ( 'NONE', #3505, 3.150000000000000355, 0.7853981633974476129 ) ;
#1033 = DIRECTION ( 'NONE',  ( 1.000000000000000000, -0.000000000000000000, 0.000000000000000000 ) ) ;
#1034 = PLANE ( 'NONE',  #3702 ) ;
#1035 = FILL_AREA_STYLE_COLOUR ( '', #308 ) ;
#1036 = DIRECTION ( 'NONE',  ( -0.000000000000000000, -0.000000000000000000, -1.000000000000000000 ) ) ;
#1037 = AXIS2_PLACEMENT_3D ( 'NONE', #2772, #1197, #542 ) ;
#1038 = CARTESIAN_POINT ( 'NONE',  ( 9.700000000000006395, -1.000000000000003997, 5.300000000000000711 ) ) ;
#1039 = EDGE_LOOP ( 'NONE', ( #388, #3928, #2394, #1566 ) ) ;
#1040 = SURFACE_STYLE_FILL_AREA ( #2614 ) ;
#1041 =( LENGTH_UNIT ( ) NAMED_UNIT ( * ) SI_UNIT ( .MILLI., .METRE. ) );
#1042 = SURFACE_STYLE_USAGE ( .BOTH. , #3352 ) ;
#1043 = MECHANICAL_DESIGN_GEOMETRIC_PRESENTATION_REPRESENTATION (  '', ( #1326 ), #582 ) ;
#1044 = DIRECTION ( 'NONE',  ( 0.000000000000000000, 1.000000000000000000, -0.000000000000000000 ) ) ;
#1045 = DIRECTION ( 'NONE',  ( 0.000000000000000000, 0.000000000000000000, -1.000000000000000000 ) ) ;
#1046 = CARTESIAN_POINT ( 'NONE',  ( 1.355829056268836208, -21.49999999999999289, 1.600000000000000755 ) ) ;
#1047 = LINE ( 'NONE', #3175, #3588 ) ;
#1048 = UNCERTAINTY_MEASURE_WITH_UNIT (LENGTH_MEASURE( 1.000000000000000082E-05 ), #1299, 'distance_accuracy_value', 'NONE');
#1049 = EDGE_LOOP ( 'NONE', ( #3407, #768, #3497, #946, #2750, #4039 ) ) ;
#1050 = CARTESIAN_POINT ( 'NONE',  ( 9.700000000000006395, -1.000000000000003997, 5.300000000000000711 ) ) ;
#1051 = VECTOR ( 'NONE', #719, 1000.000000000000000 ) ;
#1052 =( NAMED_UNIT ( * ) SI_UNIT ( $, .STERADIAN. ) SOLID_ANGLE_UNIT ( ) );
#1053 = PRESENTATION_LAYER_ASSIGNMENT (  '', '', ( #3381 ) ) ;
#1054 =( NAMED_UNIT ( * ) SI_UNIT ( $, .STERADIAN. ) SOLID_ANGLE_UNIT ( ) );
#1055 = ORIENTED_EDGE ( 'NONE', *, *, #529, .F. ) ;
#1056 = CARTESIAN_POINT ( 'NONE',  ( -14.99999999999999645, -22.50000000000000000, -1.099999999999999423 ) ) ;
#1057 = DIRECTION ( 'NONE',  ( -1.000000000000000000, -2.168404344971008868E-16, 0.000000000000000000 ) ) ;
#1058 =( GEOMETRIC_REPRESENTATION_CONTEXT ( 3 ) GLOBAL_UNCERTAINTY_ASSIGNED_CONTEXT ( ( #373 ) ) GLOBAL_UNIT_ASSIGNED_CONTEXT ( ( #476, #148, #835 ) ) REPRESENTATION_CONTEXT ( 'NONE', 'WORKASPACE' ) );
#1059 = CARTESIAN_POINT ( 'NONE',  ( -4.392140011101091979, -24.50000000000000000, 0.1000000000000004774 ) ) ;
#1060 = VECTOR ( 'NONE', #1613, 1000.000000000000114 ) ;
#1061 = ORIENTED_EDGE ( 'NONE', *, *, #523, .T. ) ;
#1062 = ORIENTED_EDGE ( 'NONE', *, *, #349, .F. ) ;
#1063 = STYLED_ITEM ( 'NONE', ( #101 ), #2566 ) ;
#1064 = CARTESIAN_POINT ( 'NONE',  ( 10.00000000000000533, -23.99999999999999645, 3.100000000000000533 ) ) ;
#1065 = CARTESIAN_POINT ( 'NONE',  ( 10.00000000000000533, -23.99999999999999645, 3.100000000000000533 ) ) ;
#1066 = AXIS2_PLACEMENT_3D ( 'NONE', #1273, #1510, #3803 ) ;
#1067 = DIRECTION ( 'NONE',  ( 2.168404344971008868E-16, -1.000000000000000000, 0.000000000000000000 ) ) ;
#1068 = ORIENTED_EDGE ( 'NONE', *, *, #230, .F. ) ;
#1069 = AXIS2_PLACEMENT_3D ( 'NONE', #3396, #2197, #2153 ) ;
#1070 = PLANE ( 'NONE',  #124 ) ;
#1071 = SURFACE_STYLE_USAGE ( .BOTH. , #1973 ) ;
#1072 = SURFACE_STYLE_FILL_AREA ( #257 ) ;
#1073 = CARTESIAN_POINT ( 'NONE',  ( -13.99999999999998401, -2.000000000000000000, -8.699999999999999289 ) ) ;
#1074 = ORIENTED_EDGE ( 'NONE', *, *, #220, .F. ) ;
#1075 = FACE_OUTER_BOUND ( 'NONE', #2118, .T. ) ;
#1076 =( NAMED_UNIT ( * ) SI_UNIT ( $, .STERADIAN. ) SOLID_ANGLE_UNIT ( ) );
#1077 = EDGE_LOOP ( 'NONE', ( #2880, #254, #2692, #2529, #350, #227 ) ) ;
#1078 =( NAMED_UNIT ( * ) SI_UNIT ( $, .STERADIAN. ) SOLID_ANGLE_UNIT ( ) );
#1079 = FILL_AREA_STYLE ('',( #3650 ) ) ;
#1080 =( NAMED_UNIT ( * ) SI_UNIT ( $, .STERADIAN. ) SOLID_ANGLE_UNIT ( ) );
#1081 = DIRECTION ( 'NONE',  ( -1.000000000000000000, 0.000000000000000000, 0.000000000000000000 ) ) ;
#1082 = ORIENTED_EDGE ( 'NONE', *, *, #3618, .F. ) ;
#1083 = EDGE_CURVE ( 'NONE', #622, #2886, #3267, .T. ) ;
#1084 = ORIENTED_EDGE ( 'NONE', *, *, #2575, .T. ) ;
#1085 = FACE_OUTER_BOUND ( 'NONE', #2434, .T. ) ;
#1086 = EDGE_CURVE ( 'NONE', #2833, #2786, #1689, .T. ) ;
#1087 = ADVANCED_FACE ( 'NONE', ( #1085 ), #3585, .F. ) ;
#1088 = PLANE ( 'NONE',  #3185 ) ;
#1089 = PRESENTATION_STYLE_ASSIGNMENT (( #1471 ) ) ;
#1090 = ORIENTED_EDGE ( 'NONE', *, *, #354, .T. ) ;
#1091 = PRESENTATION_STYLE_ASSIGNMENT (( #3639 ) ) ;
#1092 = EDGE_CURVE ( 'NONE', #2525, #3195, #3632, .T. ) ;
#1093 = LINE ( 'NONE', #3661, #3327 ) ;
#1094 = DIRECTION ( 'NONE',  ( 1.000000000000000000, 0.000000000000000000, -0.000000000000000000 ) ) ;
#1095 = EDGE_LOOP ( 'NONE', ( #2889, #2111, #3406, #2557, #418, #2120, #1339 ) ) ;
#1096 = STYLED_ITEM ( 'NONE', ( #576 ), #2011 ) ;
#1097 = SURFACE_STYLE_FILL_AREA ( #512 ) ;
#1098 = VECTOR ( 'NONE', #3771, 999.9999999999998863 ) ;
#1099 = STYLED_ITEM ( 'NONE', ( #2479 ), #174 ) ;
#1100 =( GEOMETRIC_REPRESENTATION_CONTEXT ( 3 ) GLOBAL_UNCERTAINTY_ASSIGNED_CONTEXT ( ( #2286 ) ) GLOBAL_UNIT_ASSIGNED_CONTEXT ( ( #1530, #2793, #4067 ) ) REPRESENTATION_CONTEXT ( 'NONE', 'WORKASPACE' ) );
#1101 = SURFACE_SIDE_STYLE ('',( #2379 ) ) ;
#1102 = DIRECTION ( 'NONE',  ( 1.000000000000000000, 0.000000000000000000, 0.000000000000000000 ) ) ;
#1103 = LINE ( 'NONE', #1038, #4062 ) ;
#1104 = ORIENTED_EDGE ( 'NONE', *, *, #2013, .F. ) ;
#1105 = VECTOR ( 'NONE', #3969, 1000.000000000000000 ) ;
#1106 = ORIENTED_EDGE ( 'NONE', *, *, #234, .T. ) ;
#1107 = APPLICATION_PROTOCOL_DEFINITION ( 'draft international standard', 'automotive_design', 1998, #91 ) ;
#1108 = PRESENTATION_LAYER_ASSIGNMENT (  '', '', ( #837 ) ) ;
#1109 = STYLED_ITEM ( 'NONE', ( #2096 ), #606 ) ;
#1110 = CARTESIAN_POINT ( 'NONE',  ( 2.326187328005195454, -26.07810096401462374, 0.8985774199929904560 ) ) ;
#1111 = CARTESIAN_POINT ( 'NONE',  ( -5.999999999999993783, -3.600000000000009415, 4.800000000000001599 ) ) ;
#1112 = DIRECTION ( 'NONE',  ( -1.000000000000000000, 0.000000000000000000, 0.000000000000000000 ) ) ;
#1113 = STYLED_ITEM ( 'NONE', ( #294 ), #800 ) ;
#1114 = PRESENTATION_STYLE_ASSIGNMENT (( #1803 ) ) ;
#1115 = VECTOR ( 'NONE', #2432, 1000.000000000000114 ) ;
#1116 = DIRECTION ( 'NONE',  ( 0.000000000000000000, 0.000000000000000000, -1.000000000000000000 ) ) ;
#1117 = FILL_AREA_STYLE ('',( #3315 ) ) ;
#1118 = VERTEX_POINT ( 'NONE', #443 ) ;
#1119 = LINE ( 'NONE', #2082, #3427 ) ;
#1120 = CARTESIAN_POINT ( 'NONE',  ( 14.00000000000000533, -24.50000000000000000, -8.699999999999999289 ) ) ;
#1121 = CARTESIAN_POINT ( 'NONE',  ( 13.99999999999999822, -2.000000000000000000, -8.699999999999999289 ) ) ;
#1122 = LINE ( 'NONE', #1455, #200 ) ;
#1123 = ORIENTED_EDGE ( 'NONE', *, *, #3287, .T. ) ;
#1124 = CARTESIAN_POINT ( 'NONE',  ( 15.00000000000000711, -2.000000000000000000, -7.699999999999991296 ) ) ;
#1125 = PLANE ( 'NONE',  #638 ) ;
#1126 = DIRECTION ( 'NONE',  ( -0.7071067811865474617, -0.000000000000000000, -0.7071067811865474617 ) ) ;
#1127 = SURFACE_STYLE_USAGE ( .BOTH. , #3977 ) ;
#1128 = ORIENTED_EDGE ( 'NONE', *, *, #2872, .T. ) ;
#1129 = CARTESIAN_POINT ( 'NONE',  ( -14.99999999999999822, -24.49999999999999289, -8.699999999999999289 ) ) ;
#1130 = VERTEX_POINT ( 'NONE', #757 ) ;
#1131 = STYLED_ITEM ( 'NONE', ( #1682 ), #1473 ) ;
#1132 = ORIENTED_EDGE ( 'NONE', *, *, #1628, .T. ) ;
#1133 = AXIS2_PLACEMENT_3D ( 'NONE', #3696, #3610, #2034 ) ;
#1134 = CARTESIAN_POINT ( 'NONE',  ( -14.49999999999999289, -22.50000000000000000, -8.200000000000002842 ) ) ;
#1135 = DIRECTION ( 'NONE',  ( 0.000000000000000000, -1.294569758191646909E-16, 1.000000000000000000 ) ) ;
#1136 = SURFACE_STYLE_USAGE ( .BOTH. , #1445 ) ;
#1137 = CARTESIAN_POINT ( 'NONE',  ( 3.558364709795672098, -24.69163529020435277, -8.508364709795641190 ) ) ;
#1138 = COLOUR_RGB ( '',0.6274509803921568540, 0.6274509803921568540, 0.6274509803921568540 ) ;
#1139 = MECHANICAL_DESIGN_GEOMETRIC_PRESENTATION_REPRESENTATION (  '', ( #3464 ), #1796 ) ;
#1140 = SURFACE_STYLE_FILL_AREA ( #3335 ) ;
#1141 =( LENGTH_UNIT ( ) NAMED_UNIT ( * ) SI_UNIT ( .MILLI., .METRE. ) );
#1142 = DIRECTION ( 'NONE',  ( 0.000000000000000000, 0.000000000000000000, -1.000000000000000000 ) ) ;
#1143 = ORIENTED_EDGE ( 'NONE', *, *, #840, .T. ) ;
#1144 = FILL_AREA_STYLE ('',( #3993 ) ) ;
#1145 = CARTESIAN_POINT ( 'NONE',  ( -14.99999999999999289, 0.3999999999999903633, 5.699999999999993072 ) ) ;
#1146 = PRESENTATION_LAYER_ASSIGNMENT (  '', '', ( #3672 ) ) ;
#1147 = EDGE_CURVE ( 'NONE', #2886, #2405, #3564, .T. ) ;
#1148 = CYLINDRICAL_SURFACE ( 'NONE', #2061, 1.499999999999999556 ) ;
#1149 = VECTOR ( 'NONE', #1469, 1000.000000000000000 ) ;
#1150 = VERTEX_POINT ( 'NONE', #1064 ) ;
#1151 = EDGE_CURVE ( 'NONE', #2769, #1589, #2321, .T. ) ;
#1152 =( NAMED_UNIT ( * ) SI_UNIT ( $, .STERADIAN. ) SOLID_ANGLE_UNIT ( ) );
#1153 = FILL_AREA_STYLE_COLOUR ( '', #845 ) ;
#1154 = ADVANCED_FACE ( 'NONE', ( #2942 ), #1717, .T. ) ;
#1155 = CARTESIAN_POINT ( 'NONE',  ( 1.734723475976807489E-15, -8.000000000000001776, -4.199999999999999289 ) ) ;
#1156 = SURFACE_STYLE_USAGE ( .BOTH. , #231 ) ;
#1157 = EDGE_LOOP ( 'NONE', ( #684, #3206, #3693, #3692, #3589, #1279 ) ) ;
#1158 = ORIENTED_EDGE ( 'NONE', *, *, #3131, .F. ) ;
#1159 = ADVANCED_FACE ( 'NONE', ( #1780 ), #2715, .T. ) ;
#1160 = DIRECTION ( 'NONE',  ( -1.000000000000000000, 0.000000000000000000, 0.000000000000000000 ) ) ;
#1161 = CARTESIAN_POINT ( 'NONE',  ( -3.549999999999996270, -24.49999999999999645, 0.8985774199929904560 ) ) ;
#1162 = PLANE ( 'NONE',  #4000 ) ;
#1163 = VERTEX_POINT ( 'NONE', #155 ) ;
#1164 = ADVANCED_FACE ( 'NONE', ( #2386 ), #1422, .F. ) ;
#1165 =( NAMED_UNIT ( * ) PLANE_ANGLE_UNIT ( ) SI_UNIT ( $, .RADIAN. ) );
#1166 = FILL_AREA_STYLE_COLOUR ( '', #394 ) ;
#1167 = VERTEX_POINT ( 'NONE', #2653 ) ;
#1168 = FACE_BOUND ( 'NONE', #3870, .T. ) ;
#1169 = SURFACE_SIDE_STYLE ('',( #2425 ) ) ;
#1170 = EDGE_CURVE ( 'NONE', #3161, #3652, #2979, .T. ) ;
#1171 = MECHANICAL_DESIGN_GEOMETRIC_PRESENTATION_REPRESENTATION (  '', ( #39 ), #1245 ) ;
#1172 = PRESENTATION_STYLE_ASSIGNMENT (( #4015 ) ) ;
#1173 =( NAMED_UNIT ( * ) PLANE_ANGLE_UNIT ( ) SI_UNIT ( $, .RADIAN. ) );
#1174 = PLANE ( 'NONE',  #3125 ) ;
#1175 = ORIENTED_EDGE ( 'NONE', *, *, #3131, .T. ) ;
#1176 = ORIENTED_EDGE ( 'NONE', *, *, #3733, .T. ) ;
#1177 = COLOUR_RGB ( '',0.6274509803921568540, 0.6274509803921568540, 0.6274509803921568540 ) ;
#1178 = DIRECTION ( 'NONE',  ( -0.7071067811865451302, 1.635512977795592918E-16, 0.7071067811865500152 ) ) ;
#1179 = VECTOR ( 'NONE', #596, 1000.000000000000000 ) ;
#1180 = UNCERTAINTY_MEASURE_WITH_UNIT (LENGTH_MEASURE( 1.000000000000000082E-05 ), #1948, 'distance_accuracy_value', 'NONE');
#1181 =( NAMED_UNIT ( * ) PLANE_ANGLE_UNIT ( ) SI_UNIT ( $, .RADIAN. ) );
#1182 = DIRECTION ( 'NONE',  ( 0.000000000000000000, 0.000000000000000000, -1.000000000000000000 ) ) ;
#1183 = PLANE ( 'NONE',  #3130 ) ;
#1184 = ORIENTED_EDGE ( 'NONE', *, *, #799, .F. ) ;
#1185 = PRESENTATION_STYLE_ASSIGNMENT (( #4024 ) ) ;
#1186 = COLOUR_RGB ( '',0.6274509803921568540, 0.6274509803921568540, 0.6274509803921568540 ) ;
#1187 = ORIENTED_EDGE ( 'NONE', *, *, #919, .T. ) ;
#1188 =( GEOMETRIC_REPRESENTATION_CONTEXT ( 3 ) GLOBAL_UNCERTAINTY_ASSIGNED_CONTEXT ( ( #3478 ) ) GLOBAL_UNIT_ASSIGNED_CONTEXT ( ( #183, #3698, #4049 ) ) REPRESENTATION_CONTEXT ( 'NONE', 'WORKASPACE' ) );
#1189 =( NAMED_UNIT ( * ) PLANE_ANGLE_UNIT ( ) SI_UNIT ( $, .RADIAN. ) );
#1190 = FILL_AREA_STYLE_COLOUR ( '', #69 ) ;
#1191 = VERTEX_POINT ( 'NONE', #1059 ) ;
#1192 = EDGE_LOOP ( 'NONE', ( #3041, #872, #431, #828 ) ) ;
#1193 =( LENGTH_UNIT ( ) NAMED_UNIT ( * ) SI_UNIT ( .MILLI., .METRE. ) );
#1194 =( GEOMETRIC_REPRESENTATION_CONTEXT ( 3 ) GLOBAL_UNCERTAINTY_ASSIGNED_CONTEXT ( ( #1992 ) ) GLOBAL_UNIT_ASSIGNED_CONTEXT ( ( #3439, #4066, #1220 ) ) REPRESENTATION_CONTEXT ( 'NONE', 'WORKASPACE' ) );
#1195 = LINE ( 'NONE', #1884, #2789 ) ;
#1196 = DIRECTION ( 'NONE',  ( 0.7071067811865475727, 0.000000000000000000, -0.7071067811865475727 ) ) ;
#1197 = DIRECTION ( 'NONE',  ( 0.000000000000000000, -1.000000000000000000, 1.548860246407863829E-16 ) ) ;
#1198 = PRESENTATION_LAYER_ASSIGNMENT (  '', '', ( #2991 ) ) ;
#1199 = VECTOR ( 'NONE', #1366, 1000.000000000000000 ) ;
#1200 = CARTESIAN_POINT ( 'NONE',  ( 15.00000000000000711, -2.000000000000000000, -7.700000000000005507 ) ) ;
#1201 = CARTESIAN_POINT ( 'NONE',  ( 2.750000000000004441, -24.49999999999998934, 1.600000000000000755 ) ) ;
#1202 = ORIENTED_EDGE ( 'NONE', *, *, #2399, .T. ) ;
#1203 = STYLED_ITEM ( 'NONE', ( #3447 ), #3680 ) ;
#1204 = PRESENTATION_LAYER_ASSIGNMENT (  '', '', ( #874 ) ) ;
#1205 = SURFACE_STYLE_FILL_AREA ( #635 ) ;
#1206 = FILL_AREA_STYLE ('',( #4055 ) ) ;
#1207 = VERTEX_POINT ( 'NONE', #3265 ) ;
#1208 = VECTOR ( 'NONE', #949, 1000.000000000000000 ) ;
#1209 = DIRECTION ( 'NONE',  ( 0.000000000000000000, 0.000000000000000000, 1.000000000000000000 ) ) ;
#1210 = EDGE_CURVE ( 'NONE', #2465, #1207, #3399, .T. ) ;
#1211 = AXIS2_PLACEMENT_3D ( 'NONE', #1008, #2883, #698 ) ;
#1212 = CARTESIAN_POINT ( 'NONE',  ( 9.700000000000006395, -2.000000000000004885, 5.300000000000000711 ) ) ;
#1213 = CARTESIAN_POINT ( 'NONE',  ( -5.749999999999997335, -5.749999999999997335, 2.800000000000001155 ) ) ;
#1214 = CARTESIAN_POINT ( 'NONE',  ( 8.999999999999998224, -28.99999999999998934, 3.100000000000000533 ) ) ;
#1215 = EDGE_CURVE ( 'NONE', #3137, #755, #2341, .T. ) ;
#1216 = LINE ( 'NONE', #583, #3527 ) ;
#1217 = ORIENTED_EDGE ( 'NONE', *, *, #3487, .T. ) ;
#1218 = ORIENTED_EDGE ( 'NONE', *, *, #1883, .F. ) ;
#1219 = UNCERTAINTY_MEASURE_WITH_UNIT (LENGTH_MEASURE( 1.000000000000000082E-05 ), #4071, 'distance_accuracy_value', 'NONE');
#1220 =( NAMED_UNIT ( * ) SI_UNIT ( $, .STERADIAN. ) SOLID_ANGLE_UNIT ( ) );
#1221 = EDGE_CURVE ( 'NONE', #2489, #520, #1327, .T. ) ;
#1222 = LINE ( 'NONE', #902, #3012 ) ;
#1223 = CARTESIAN_POINT ( 'NONE',  ( -30.77085920297304611, -0.6000000000000021982, 6.700000000000001066 ) ) ;
#1224 = CARTESIAN_POINT ( 'NONE',  ( 15.00000000000000711, -2.000000000000000000, -7.700000000000005507 ) ) ;
#1225 = PRESENTATION_STYLE_ASSIGNMENT (( #3732 ) ) ;
#1226 = PLANE ( 'NONE',  #2829 ) ;
#1227 = EDGE_CURVE ( 'NONE', #185, #2169, #3579, .T. ) ;
#1228 = EDGE_CURVE ( 'NONE', #627, #2205, #1644, .T. ) ;
#1229 = ORIENTED_EDGE ( 'NONE', *, *, #3796, .T. ) ;
#1230 = LINE ( 'NONE', #3449, #3768 ) ;
#1231 = EDGE_CURVE ( 'NONE', #754, #1523, #3221, .T. ) ;
#1232 = EDGE_CURVE ( 'NONE', #1437, #688, #361, .T. ) ;
#1233 = PLANE ( 'NONE',  #1472 ) ;
#1234 = SURFACE_STYLE_FILL_AREA ( #1206 ) ;
#1235 = ORIENTED_EDGE ( 'NONE', *, *, #478, .F. ) ;
#1236 = DIRECTION ( 'NONE',  ( -1.000000000000000000, 0.000000000000000000, -0.000000000000000000 ) ) ;
#1237 = DIRECTION ( 'NONE',  ( 1.000000000000000000, 0.000000000000000000, 0.000000000000000000 ) ) ;
#1238 = UNCERTAINTY_MEASURE_WITH_UNIT (LENGTH_MEASURE( 1.000000000000000082E-05 ), #2109, 'distance_accuracy_value', 'NONE');
#1239 = LINE ( 'NONE', #3079, #3100 ) ;
#1240 = DIRECTION ( 'NONE',  ( -0.4578306216481508040, 0.8890394377536171566, 0.000000000000000000 ) ) ;
#1241 = DIRECTION ( 'NONE',  ( 0.000000000000000000, 0.000000000000000000, 1.000000000000000000 ) ) ;
#1242 = VERTEX_POINT ( 'NONE', #2894 ) ;
#1243 = ORIENTED_EDGE ( 'NONE', *, *, #3376, .F. ) ;
#1244 = VECTOR ( 'NONE', #3157, 1000.000000000000000 ) ;
#1245 =( GEOMETRIC_REPRESENTATION_CONTEXT ( 3 ) GLOBAL_UNCERTAINTY_ASSIGNED_CONTEXT ( ( #924 ) ) GLOBAL_UNIT_ASSIGNED_CONTEXT ( ( #985, #2294, #3188 ) ) REPRESENTATION_CONTEXT ( 'NONE', 'WORKASPACE' ) );
#1246 = LINE ( 'NONE', #258, #3720 ) ;
#1247 = MECHANICAL_DESIGN_GEOMETRIC_PRESENTATION_REPRESENTATION (  '', ( #180 ), #2300 ) ;
#1248 = CARTESIAN_POINT ( 'NONE',  ( -9.499999999999991118, -2.000000000000005329, 5.300000000000000711 ) ) ;
#1249 = CARTESIAN_POINT ( 'NONE',  ( 15.00000000000000711, -3.600000000000001865, -6.699999999999999289 ) ) ;
#1250 = LINE ( 'NONE', #3084, #1801 ) ;
#1251 = ORIENTED_EDGE ( 'NONE', *, *, #1909, .T. ) ;
#1252 = FILL_AREA_STYLE_COLOUR ( '', #3436 ) ;
#1253 = MECHANICAL_DESIGN_GEOMETRIC_PRESENTATION_REPRESENTATION (  '', ( #2511 ), #107 ) ;
#1254 = VECTOR ( 'NONE', #3319, 1000.000000000000000 ) ;
#1255 = VECTOR ( 'NONE', #1800, 1000.000000000000114 ) ;
#1256 =( NAMED_UNIT ( * ) PLANE_ANGLE_UNIT ( ) SI_UNIT ( $, .RADIAN. ) );
#1257 = DIRECTION ( 'NONE',  ( 1.000000000000000000, -2.312964634635742464E-16, 0.000000000000000000 ) ) ;
#1258 = ORIENTED_EDGE ( 'NONE', *, *, #4098, .F. ) ;
#1259 = DIRECTION ( 'NONE',  ( -0.000000000000000000, -0.000000000000000000, -1.000000000000000000 ) ) ;
#1260 = LINE ( 'NONE', #1605, #3094 ) ;
#1261 = VECTOR ( 'NONE', #2461, 1000.000000000000000 ) ;
#1262 = FILL_AREA_STYLE_COLOUR ( '', #3046 ) ;
#1263 = DIRECTION ( 'NONE',  ( 0.7071067811865451302, -0.000000000000000000, 0.7071067811865500152 ) ) ;
#1264 = SURFACE_SIDE_STYLE ('',( #898 ) ) ;
#1265 = UNCERTAINTY_MEASURE_WITH_UNIT (LENGTH_MEASURE( 1.000000000000000082E-05 ), #1533, 'distance_accuracy_value', 'NONE');
#1266 = ORIENTED_EDGE ( 'NONE', *, *, #474, .F. ) ;
#1267 = ORIENTED_EDGE ( 'NONE', *, *, #784, .T. ) ;
#1268 = CARTESIAN_POINT ( 'NONE',  ( 13.99999999999999822, 1.399999999999997913, 6.700000000000001066 ) ) ;
#1269 = ORIENTED_EDGE ( 'NONE', *, *, #2649, .T. ) ;
#1270 = SURFACE_STYLE_FILL_AREA ( #1505 ) ;
#1271 = CARTESIAN_POINT ( 'NONE',  ( -30.77085920297304611, -0.6000000000000021982, 6.700000000000001066 ) ) ;
#1272 = CIRCLE ( 'NONE', #333, 1.499999999999999556 ) ;
#1273 = CARTESIAN_POINT ( 'NONE',  ( -0.3999999999999958589, -24.49999999999998934, 3.300000000000000711 ) ) ;
#1274 = DIRECTION ( 'NONE',  ( 0.7071067811865451302, -0.000000000000000000, -0.7071067811865500152 ) ) ;
#1275 = EDGE_LOOP ( 'NONE', ( #2343, #3374, #1487, #2486 ) ) ;
#1276 =( NAMED_UNIT ( * ) SI_UNIT ( $, .STERADIAN. ) SOLID_ANGLE_UNIT ( ) );
#1277 = COLOUR_RGB ( '',0.6274509803921568540, 0.6274509803921568540, 0.6274509803921568540 ) ;
#1278 =( GEOMETRIC_REPRESENTATION_CONTEXT ( 3 ) GLOBAL_UNCERTAINTY_ASSIGNED_CONTEXT ( ( #3865 ) ) GLOBAL_UNIT_ASSIGNED_CONTEXT ( ( #3762, #3781, #1357 ) ) REPRESENTATION_CONTEXT ( 'NONE', 'WORKASPACE' ) );
#1279 = ORIENTED_EDGE ( 'NONE', *, *, #2561, .T. ) ;
#1280 = PRESENTATION_STYLE_ASSIGNMENT (( #2543 ) ) ;
#1281 = CARTESIAN_POINT ( 'NONE',  ( -13.99999999999998401, 1.399999999999997913, 6.700000000000001066 ) ) ;
#1282 = UNCERTAINTY_MEASURE_WITH_UNIT (LENGTH_MEASURE( 1.000000000000000082E-05 ), #2587, 'distance_accuracy_value', 'NONE');
#1283 = AXIS2_PLACEMENT_3D ( 'NONE', #3715, #3759, #2842 ) ;
#1284 = VECTOR ( 'NONE', #1481, 1000.000000000000000 ) ;
#1285 = EDGE_CURVE ( 'NONE', #892, #2357, #48, .T. ) ;
#1286 =( NAMED_UNIT ( * ) PLANE_ANGLE_UNIT ( ) SI_UNIT ( $, .RADIAN. ) );
#1287 = ADVANCED_FACE ( 'NONE', ( #1347 ), #1685, .F. ) ;
#1288 = LINE ( 'NONE', #2167, #560 ) ;
#1289 = FILL_AREA_STYLE_COLOUR ( '', #3719 ) ;
#1290 = VECTOR ( 'NONE', #2683, 1000.000000000000000 ) ;
#1291 = SURFACE_STYLE_FILL_AREA ( #1678 ) ;
#1292 = ORIENTED_EDGE ( 'NONE', *, *, #2631, .T. ) ;
#1293 = VERTEX_POINT ( 'NONE', #2957 ) ;
#1294 = EDGE_CURVE ( 'NONE', #1658, #538, #971, .T. ) ;
#1295 = EDGE_CURVE ( 'NONE', #1713, #3510, #752, .T. ) ;
#1296 = SURFACE_STYLE_USAGE ( .BOTH. , #1328 ) ;
#1297 = CARTESIAN_POINT ( 'NONE',  ( 3.200000000000005063, -21.49999999999999645, -1.099999999999999423 ) ) ;
#1298 = DIRECTION ( 'NONE',  ( 0.000000000000000000, 0.000000000000000000, -1.000000000000000000 ) ) ;
#1299 =( LENGTH_UNIT ( ) NAMED_UNIT ( * ) SI_UNIT ( .MILLI., .METRE. ) );
#1300 = VERTEX_POINT ( 'NONE', #1710 ) ;
#1301 = DIRECTION ( 'NONE',  ( -1.000000000000000000, 0.000000000000000000, 0.000000000000000000 ) ) ;
#1302 = LINE ( 'NONE', #2888, #3069 ) ;
#1303 = DIRECTION ( 'NONE',  ( -1.000000000000000000, 0.000000000000000000, 0.000000000000000000 ) ) ;
#1304 = VERTEX_POINT ( 'NONE', #2730 ) ;
#1305 =( LENGTH_UNIT ( ) NAMED_UNIT ( * ) SI_UNIT ( .MILLI., .METRE. ) );
#1306 = CARTESIAN_POINT ( 'NONE',  ( 2.326187328005195454, -26.07810096401462374, 0.8985774199929904560 ) ) ;
#1307 =( NAMED_UNIT ( * ) SI_UNIT ( $, .STERADIAN. ) SOLID_ANGLE_UNIT ( ) );
#1308 =( NAMED_UNIT ( * ) PLANE_ANGLE_UNIT ( ) SI_UNIT ( $, .RADIAN. ) );
#1309 = ORIENTED_EDGE ( 'NONE', *, *, #1355, .T. ) ;
#1310 = ORIENTED_EDGE ( 'NONE', *, *, #4027, .F. ) ;
#1311 = CARTESIAN_POINT ( 'NONE',  ( -3.549999999999996270, -24.49999999999998934, 1.600000000000000755 ) ) ;
#1312 = DIRECTION ( 'NONE',  ( 1.000000000000000000, -2.312964634635742464E-16, 0.000000000000000000 ) ) ;
#1313 = EDGE_LOOP ( 'NONE', ( #1309, #3606, #2071, #2938 ) ) ;
#1314 = CARTESIAN_POINT ( 'NONE',  ( -12.36666666666665471, -1.866666666666663810, 8.333333333333332149 ) ) ;
#1315 = VECTOR ( 'NONE', #415, 1000.000000000000000 ) ;
#1316 = DIRECTION ( 'NONE',  ( -0.000000000000000000, -0.000000000000000000, -1.000000000000000000 ) ) ;
#1317 = DIRECTION ( 'NONE',  ( -0.8734239176095112134, -0.4869606351109437292, -2.519101170199836254E-16 ) ) ;
#1318 = COLOUR_RGB ( '',0.6274509803921568540, 0.6274509803921568540, 0.6274509803921568540 ) ;
#1319 = AXIS2_PLACEMENT_3D ( 'NONE', #2951, #99, #3644 ) ;
#1320 = VERTEX_POINT ( 'NONE', #1751 ) ;
#1321 = CARTESIAN_POINT ( 'NONE',  ( -4.392140011101091979, -24.50000000000000000, 0.1000000000000004774 ) ) ;
#1322 = CARTESIAN_POINT ( 'NONE',  ( 15.00000000000000711, -2.000000000000000000, -7.699999999999991296 ) ) ;
#1323 = CARTESIAN_POINT ( 'NONE',  ( 15.00000000000000711, -3.600000000000003197, 1.734723475976807094E-15 ) ) ;
#1324 = SURFACE_STYLE_USAGE ( .BOTH. , #2892 ) ;
#1325 = VECTOR ( 'NONE', #1126, 1000.000000000000114 ) ;
#1326 = STYLED_ITEM ( 'NONE', ( #3873 ), #1087 ) ;
#1327 = LINE ( 'NONE', #2291, #2396 ) ;
#1328 = SURFACE_SIDE_STYLE ('',( #1040 ) ) ;
#1329 = ADVANCED_FACE ( 'NONE', ( #3390 ), #1811, .F. ) ;
#1330 = DIRECTION ( 'NONE',  ( -0.7071067811865476838, -0.7071067811865474617, -9.185433182841439871E-17 ) ) ;
#1331 = LINE ( 'NONE', #3960, #214 ) ;
#1332 = SURFACE_STYLE_USAGE ( .BOTH. , #1691 ) ;
#1333 = CARTESIAN_POINT ( 'NONE',  ( -10.49999999999999112, -2.000000000000005329, 5.300000000000000711 ) ) ;
#1334 = AXIS2_PLACEMENT_3D ( 'NONE', #1384, #485, #3408 ) ;
#1335 = UNCERTAINTY_MEASURE_WITH_UNIT (LENGTH_MEASURE( 1.000000000000000082E-05 ), #1041, 'distance_accuracy_value', 'NONE');
#1336 = DIRECTION ( 'NONE',  ( 0.000000000000000000, -0.7071067811865499042, 0.7071067811865451302 ) ) ;
#1337 = STYLED_ITEM ( 'NONE', ( #3622 ), #1526 ) ;
#1338 = EDGE_CURVE ( 'NONE', #217, #1130, #725, .T. ) ;
#1339 = ORIENTED_EDGE ( 'NONE', *, *, #1210, .F. ) ;
#1340 = FILL_AREA_STYLE_COLOUR ( '', #1318 ) ;
#1341 = LINE ( 'NONE', #940, #2636 ) ;
#1342 = UNCERTAINTY_MEASURE_WITH_UNIT (LENGTH_MEASURE( 1.000000000000000082E-05 ), #3088, 'distance_accuracy_value', 'NONE');
#1343 = VECTOR ( 'NONE', #3902, 1000.000000000000000 ) ;
#1344 = CIRCLE ( 'NONE', #1133, 3.150000000000000355 ) ;
#1345 = VECTOR ( 'NONE', #1712, 1000.000000000000000 ) ;
#1346 = VECTOR ( 'NONE', #2687, 1000.000000000000000 ) ;
#1347 = FACE_OUTER_BOUND ( 'NONE', #3749, .T. ) ;
#1348 = CARTESIAN_POINT ( 'NONE',  ( 10.00000000000000533, -25.39999999999999503, -1.000000000000000444 ) ) ;
#1349 = DIRECTION ( 'NONE',  ( 0.000000000000000000, 0.000000000000000000, 1.000000000000000000 ) ) ;
#1350 = EDGE_CURVE ( 'NONE', #3437, #3056, #1272, .T. ) ;
#1351 = PRESENTATION_STYLE_ASSIGNMENT (( #2983 ) ) ;
#1352 = FILL_AREA_STYLE ('',( #2596 ) ) ;
#1353 = PLANE ( 'NONE',  #669 ) ;
#1354 = CARTESIAN_POINT ( 'NONE',  ( -13.99999999999999112, -22.50000000000000000, -8.699999999999999289 ) ) ;
#1355 = EDGE_CURVE ( 'NONE', #1163, #1589, #170, .T. ) ;
#1356 = SURFACE_SIDE_STYLE ('',( #1634 ) ) ;
#1357 =( NAMED_UNIT ( * ) SI_UNIT ( $, .STERADIAN. ) SOLID_ANGLE_UNIT ( ) );
#1358 = VERTEX_POINT ( 'NONE', #2047 ) ;
#1359 = PRESENTATION_STYLE_ASSIGNMENT (( #2927 ) ) ;
#1360 = LINE ( 'NONE', #2972, #1567 ) ;
#1361 = ADVANCED_FACE ( 'NONE', ( #3674 ), #2287, .T. ) ;
#1362 = DIRECTION ( 'NONE',  ( -1.000000000000000000, -1.652117596168388002E-16, 0.000000000000000000 ) ) ;
#1363 = DIRECTION ( 'NONE',  ( 0.000000000000000000, 0.000000000000000000, -1.000000000000000000 ) ) ;
#1364 = DIRECTION ( 'NONE',  ( -1.000000000000000000, 0.000000000000000000, 0.000000000000000000 ) ) ;
#1365 = EDGE_LOOP ( 'NONE', ( #2226, #959, #3716 ) ) ;
#1366 = DIRECTION ( 'NONE',  ( 0.000000000000000000, 0.000000000000000000, 1.000000000000000000 ) ) ;
#1367 = CARTESIAN_POINT ( 'NONE',  ( 8.700000000000006395, -2.000000000000004885, 5.300000000000000711 ) ) ;
#1368 = LINE ( 'NONE', #1019, #3262 ) ;
#1369 = CARTESIAN_POINT ( 'NONE',  ( 7.700000000000006395, -7.000000000000000000, -5.200000000000006395 ) ) ;
#1370 = CARTESIAN_POINT ( 'NONE',  ( 3.587055406248788714, -25.49999999999999645, -0.9000000000000005773 ) ) ;
#1371 = ORIENTED_EDGE ( 'NONE', *, *, #1215, .F. ) ;
#1372 = PRESENTATION_LAYER_ASSIGNMENT (  '', '', ( #965 ) ) ;
#1373 = PRESENTATION_LAYER_ASSIGNMENT (  '', '', ( #3089 ) ) ;
#1374 = FILL_AREA_STYLE ('',( #62 ) ) ;
#1375 =( NAMED_UNIT ( * ) PLANE_ANGLE_UNIT ( ) SI_UNIT ( $, .RADIAN. ) );
#1376 = LINE ( 'NONE', #3603, #441 ) ;
#1377 = VECTOR ( 'NONE', #976, 1000.000000000000000 ) ;
#1378 = CARTESIAN_POINT ( 'NONE',  ( 3.055022701551213693, -26.50000000000000711, 0.1000000000000004774 ) ) ;
#1379 = VECTOR ( 'NONE', #3658, 1000.000000000000114 ) ;
#1380 = DIRECTION ( 'NONE',  ( 1.635512977795602039E-16, 0.7071067811865489050, 0.7071067811865462405 ) ) ;
#1381 = ORIENTED_EDGE ( 'NONE', *, *, #2567, .T. ) ;
#1382 = CARTESIAN_POINT ( 'NONE',  ( 3.750000000000029310, -24.49999999999999645, -8.699999999999999289 ) ) ;
#1383 = B_SPLINE_CURVE_WITH_KNOTS ( 'NONE', 3,
 ( #3366, #2746, #1825, #3706 ),
 .UNSPECIFIED., .F., .F.,
 ( 4, 4 ),
 ( 2.168404344971008868E-18, 0.0007176187234166005484 ),
 .UNSPECIFIED. ) ;
#1384 = CARTESIAN_POINT ( 'NONE',  ( -30.77085920297304611, 1.399999999999997913, 6.700000000000001066 ) ) ;
#1385 = LINE ( 'NONE', #156, #2346 ) ;
#1386 = COLOUR_RGB ( '',0.6274509803921568540, 0.6274509803921568540, 0.6274509803921568540 ) ;
#1387 = LINE ( 'NONE', #3270, #2378 ) ;
#1388 = CARTESIAN_POINT ( 'NONE',  ( -0.3999999999999958589, -24.49999999999998934, -8.699999999999999289 ) ) ;
#1389 = UNCERTAINTY_MEASURE_WITH_UNIT (LENGTH_MEASURE( 1.000000000000000082E-05 ), #3236, 'distance_accuracy_value', 'NONE');
#1390 = ORIENTED_EDGE ( 'NONE', *, *, #3736, .F. ) ;
#1391 = SURFACE_STYLE_USAGE ( .BOTH. , #123 ) ;
#1392 = PRESENTATION_LAYER_ASSIGNMENT (  '', '', ( #592 ) ) ;
#1393 = LINE ( 'NONE', #2667, #2471 ) ;
#1394 = ORIENTED_EDGE ( 'NONE', *, *, #484, .F. ) ;
#1395 = CARTESIAN_POINT ( 'NONE',  ( 14.00000000000000533, -25.50000000000000000, -7.699999999999998401 ) ) ;
#1396 = EDGE_CURVE ( 'NONE', #2712, #2563, #3952, .T. ) ;
#1397 = PRESENTATION_LAYER_ASSIGNMENT (  '', '', ( #1859 ) ) ;
#1398 =( GEOMETRIC_REPRESENTATION_CONTEXT ( 3 ) GLOBAL_UNCERTAINTY_ASSIGNED_CONTEXT ( ( #888 ) ) GLOBAL_UNIT_ASSIGNED_CONTEXT ( ( #2447, #541, #2154 ) ) REPRESENTATION_CONTEXT ( 'NONE', 'WORKASPACE' ) );
#1399 = EDGE_CURVE ( 'NONE', #370, #1191, #552, .T. ) ;
#1400 = FILL_AREA_STYLE ('',( #1791 ) ) ;
#1401 = CARTESIAN_POINT ( 'NONE',  ( -3.549147374583732084, -23.26869088677965891, -7.931309113220336826 ) ) ;
#1402 = FILL_AREA_STYLE_COLOUR ( '', #3590 ) ;
#1403 = ORIENTED_EDGE ( 'NONE', *, *, #960, .F. ) ;
#1404 =( NAMED_UNIT ( * ) SI_UNIT ( $, .STERADIAN. ) SOLID_ANGLE_UNIT ( ) );
#1405 = COLOUR_RGB ( '',0.6274509803921568540, 0.6274509803921568540, 0.6274509803921568540 ) ;
#1406 = ADVANCED_FACE ( 'NONE', ( #2232 ), #643, .F. ) ;
#1407 = EDGE_CURVE ( 'NONE', #2778, #3257, #3316, .T. ) ;
#1408 = CARTESIAN_POINT ( 'NONE',  ( 15.00000000000000711, -0.6000000000000021982, 5.699999999999993072 ) ) ;
#1409 = VECTOR ( 'NONE', #3989, 1000.000000000000000 ) ;
#1410 = DIRECTION ( 'NONE',  ( -0.000000000000000000, -0.000000000000000000, -1.000000000000000000 ) ) ;
#1411 = COLOUR_RGB ( '',0.6274509803921568540, 0.6274509803921568540, 0.6274509803921568540 ) ;
#1412 = PLANE ( 'NONE',  #3233 ) ;
#1413 = EDGE_LOOP ( 'NONE', ( #153, #4023, #3155, #2427, #2767, #3709, #628, #3473, #1462, #1229 ) ) ;
#1414 = DIRECTION ( 'NONE',  ( 0.000000000000000000, -1.000000000000000000, -1.445602896647339163E-16 ) ) ;
#1415 = SURFACE_STYLE_USAGE ( .BOTH. , #3703 ) ;
#1416 =( LENGTH_UNIT ( ) NAMED_UNIT ( * ) SI_UNIT ( .MILLI., .METRE. ) );
#1417 = DIRECTION ( 'NONE',  ( 0.000000000000000000, 0.000000000000000000, -1.000000000000000000 ) ) ;
#1418 = CARTESIAN_POINT ( 'NONE',  ( 9.000000000000005329, -18.75999999999999801, -6.699999999999999289 ) ) ;
#1419 = EDGE_LOOP ( 'NONE', ( #1813, #456, #3028, #2218 ) ) ;
#1420 = ORIENTED_EDGE ( 'NONE', *, *, #1448, .F. ) ;
#1421 = ORIENTED_EDGE ( 'NONE', *, *, #2023, .F. ) ;
#1422 = PLANE ( 'NONE',  #3451 ) ;
#1423 = FILL_AREA_STYLE_COLOUR ( '', #242 ) ;
#1424 = FILL_AREA_STYLE_COLOUR ( '', #3970 ) ;
#1425 = VERTEX_POINT ( 'NONE', #3095 ) ;
#1426 = DIRECTION ( 'NONE',  ( 0.000000000000000000, -1.267249292515524794E-16, 1.000000000000000000 ) ) ;
#1427 = SURFACE_SIDE_STYLE ('',( #3200 ) ) ;
#1428 = FILL_AREA_STYLE ('',( #147 ) ) ;
#1429 = SURFACE_SIDE_STYLE ('',( #1097 ) ) ;
#1430 = COLOUR_RGB ( '',0.6274509803921568540, 0.6274509803921568540, 0.6274509803921568540 ) ;
#1431 = EDGE_LOOP ( 'NONE', ( #1867, #975, #3402, #2629 ) ) ;
#1432 = SURFACE_STYLE_USAGE ( .BOTH. , #457 ) ;
#1433 = CARTESIAN_POINT ( 'NONE',  ( -14.99999999999999289, -22.50000000000000000, -8.699999999999999289 ) ) ;
#1434 = AXIS2_PLACEMENT_3D ( 'NONE', #2975, #1363, #3887 ) ;
#1435 = CIRCLE ( 'NONE', #3225, 1.499999999999999556 ) ;
#1436 = ORIENTED_EDGE ( 'NONE', *, *, #50, .F. ) ;
#1437 = VERTEX_POINT ( 'NONE', #2782 ) ;
#1438 = AXIS2_PLACEMENT_3D ( 'NONE', #1868, #3805, #2801 ) ;
#1439 = VERTEX_POINT ( 'NONE', #1214 ) ;
#1440 = LINE ( 'NONE', #735, #1865 ) ;
#1441 = STYLED_ITEM ( 'NONE', ( #2905 ), #2134 ) ;
#1442 = STYLED_ITEM ( 'NONE', ( #2155 ), #659 ) ;
#1443 = PRESENTATION_STYLE_ASSIGNMENT (( #235 ) ) ;
#1444 = DIRECTION ( 'NONE',  ( -0.000000000000000000, -0.000000000000000000, -1.000000000000000000 ) ) ;
#1445 = SURFACE_SIDE_STYLE ('',( #2681 ) ) ;
#1446 = MECHANICAL_DESIGN_GEOMETRIC_PRESENTATION_REPRESENTATION (  '', ( #3837 ), #188 ) ;
#1447 = EDGE_CURVE ( 'NONE', #1118, #2183, #566, .T. ) ;
#1448 = EDGE_CURVE ( 'NONE', #3372, #253, #1854, .T. ) ;
#1449 = PRESENTATION_LAYER_ASSIGNMENT (  '', '', ( #326 ) ) ;
#1450 = VERTEX_POINT ( 'NONE', #2504 ) ;
#1451 = PLANE ( 'NONE',  #1438 ) ;
#1452 = FILL_AREA_STYLE_COLOUR ( '', #706 ) ;
#1453 = ADVANCED_FACE ( 'NONE', ( #10 ), #2190, .F. ) ;
#1454 = DIRECTION ( 'NONE',  ( -1.000000000000000000, 0.000000000000000000, 0.000000000000000000 ) ) ;
#1455 = CARTESIAN_POINT ( 'NONE',  ( 5.200000000000005507, -2.000000000000004885, 4.800000000000001599 ) ) ;
#1456 = ORIENTED_EDGE ( 'NONE', *, *, #412, .T. ) ;
#1457 = DIRECTION ( 'NONE',  ( 0.000000000000000000, 1.000000000000000000, 0.000000000000000000 ) ) ;
#1458 = CARTESIAN_POINT ( 'NONE',  ( -0.3999999999999958589, -24.49999999999998934, 0.1000000000000004774 ) ) ;
#1459 =( GEOMETRIC_REPRESENTATION_CONTEXT ( 3 ) GLOBAL_UNCERTAINTY_ASSIGNED_CONTEXT ( ( #3489 ) ) GLOBAL_UNIT_ASSIGNED_CONTEXT ( ( #3627, #1173, #3707 ) ) REPRESENTATION_CONTEXT ( 'NONE', 'WORKASPACE' ) );
#1460 = LINE ( 'NONE', #3626, #1325 ) ;
#1461 =( LENGTH_UNIT ( ) NAMED_UNIT ( * ) SI_UNIT ( .MILLI., .METRE. ) );
#1462 = ORIENTED_EDGE ( 'NONE', *, *, #3549, .T. ) ;
#1463 =( GEOMETRIC_REPRESENTATION_CONTEXT ( 3 ) GLOBAL_UNCERTAINTY_ASSIGNED_CONTEXT ( ( #3201 ) ) GLOBAL_UNIT_ASSIGNED_CONTEXT ( ( #3203, #2953, #3218 ) ) REPRESENTATION_CONTEXT ( 'NONE', 'WORKASPACE' ) );
#1464 = VERTEX_POINT ( 'NONE', #3831 ) ;
#1465 = MECHANICAL_DESIGN_GEOMETRIC_PRESENTATION_REPRESENTATION (  '', ( #3522 ), #2129 ) ;
#1466 = PRESENTATION_STYLE_ASSIGNMENT (( #3349 ) ) ;
#1467 = AXIS2_PLACEMENT_3D ( 'NONE', #1677, #2924, #1303 ) ;
#1468 = VECTOR ( 'NONE', #2073, 1000.000000000000114 ) ;
#1469 = DIRECTION ( 'NONE',  ( 0.000000000000000000, -1.000000000000000000, 2.224004456380521903E-16 ) ) ;
#1470 =( LENGTH_UNIT ( ) NAMED_UNIT ( * ) SI_UNIT ( .MILLI., .METRE. ) );
#1471 = SURFACE_STYLE_USAGE ( .BOTH. , #3312 ) ;
#1472 = AXIS2_PLACEMENT_3D ( 'NONE', #3721, #952, #1580 ) ;
#1473 = ADVANCED_FACE ( 'NONE', ( #358 ), #3849, .T. ) ;
#1474 = VECTOR ( 'NONE', #1274, 1000.000000000000114 ) ;
#1475 = FILL_AREA_STYLE_COLOUR ( '', #3777 ) ;
#1476 = PRESENTATION_LAYER_ASSIGNMENT (  '', '', ( #3260 ) ) ;
#1477 =( NAMED_UNIT ( * ) SI_UNIT ( $, .STERADIAN. ) SOLID_ANGLE_UNIT ( ) );
#1478 = ORIENTED_EDGE ( 'NONE', *, *, #3304, .T. ) ;
#1479 = EDGE_CURVE ( 'NONE', #1483, #1464, #2310, .T. ) ;
#1480 = VECTOR ( 'NONE', #3839, 1000.000000000000000 ) ;
#1481 = DIRECTION ( 'NONE',  ( 0.000000000000000000, -1.000000000000000000, 0.000000000000000000 ) ) ;
#1482 = CARTESIAN_POINT ( 'NONE',  ( 3.224517592124143893E-15, -25.49999999999999645, -7.699999999999998401 ) ) ;
#1483 = VERTEX_POINT ( 'NONE', #3517 ) ;
#1484 = CARTESIAN_POINT ( 'NONE',  ( 2.745987990090463349, -24.65893258384168263, -0.9000000000000003553 ) ) ;
#1485 = PLANE ( 'NONE',  #717 ) ;
#1486 = PRESENTATION_STYLE_ASSIGNMENT (( #215 ) ) ;
#1487 = ORIENTED_EDGE ( 'NONE', *, *, #3345, .F. ) ;
#1488 = ORIENTED_EDGE ( 'NONE', *, *, #2220, .T. ) ;
#1489 = DIRECTION ( 'NONE',  ( 0.000000000000000000, 1.000000000000000000, 0.000000000000000000 ) ) ;
#1490 = SURFACE_SIDE_STYLE ('',( #886 ) ) ;
#1491 = DIRECTION ( 'NONE',  ( -0.000000000000000000, -0.000000000000000000, -1.000000000000000000 ) ) ;
#1492 =( NAMED_UNIT ( * ) SI_UNIT ( $, .STERADIAN. ) SOLID_ANGLE_UNIT ( ) );
#1493 = ORIENTED_EDGE ( 'NONE', *, *, #849, .F. ) ;
#1494 = SURFACE_SIDE_STYLE ('',( #263 ) ) ;
#1495 = PLANE ( 'NONE',  #1870 ) ;
#1496 = VERTEX_POINT ( 'NONE', #1640 ) ;
#1497 = DIRECTION ( 'NONE',  ( -0.7071067811865487940, -0.7071067811865463515, -0.000000000000000000 ) ) ;
#1498 =( GEOMETRIC_REPRESENTATION_CONTEXT ( 3 ) GLOBAL_UNCERTAINTY_ASSIGNED_CONTEXT ( ( #3117 ) ) GLOBAL_UNIT_ASSIGNED_CONTEXT ( ( #2851, #1900, #3181 ) ) REPRESENTATION_CONTEXT ( 'NONE', 'WORKASPACE' ) );
#1499 = SURFACE_SIDE_STYLE ('',( #1877 ) ) ;
#1500 = ORIENTED_EDGE ( 'NONE', *, *, #2084, .T. ) ;
#1501 = ORIENTED_EDGE ( 'NONE', *, *, #1700, .F. ) ;
#1502 = MECHANICAL_DESIGN_GEOMETRIC_PRESENTATION_REPRESENTATION (  '', ( #1099 ), #3958 ) ;
#1503 = VECTOR ( 'NONE', #2106, 1000.000000000000000 ) ;
#1504 = CARTESIAN_POINT ( 'NONE',  ( -9.499999999999991118, -2.000000000000005329, 5.300000000000000711 ) ) ;
#1505 = FILL_AREA_STYLE ('',( #1837 ) ) ;
#1506 = SURFACE_STYLE_USAGE ( .BOTH. , #2176 ) ;
#1507 = PRESENTATION_LAYER_ASSIGNMENT (  '', '', ( #3292 ) ) ;
#1508 = UNCERTAINTY_MEASURE_WITH_UNIT (LENGTH_MEASURE( 1.000000000000000082E-05 ), #2912, 'distance_accuracy_value', 'NONE');
#1509 = CARTESIAN_POINT ( 'NONE',  ( -3.721848499330318027, -23.01573214557809521, -8.184267854421904076 ) ) ;
#1510 = DIRECTION ( 'NONE',  ( -0.000000000000000000, -0.000000000000000000, -1.000000000000000000 ) ) ;
#1511 = AXIS2_PLACEMENT_3D ( 'NONE', #2401, #3673, #2708 ) ;
#1512 =( NAMED_UNIT ( * ) PLANE_ANGLE_UNIT ( ) SI_UNIT ( $, .RADIAN. ) );
#1513 = ORIENTED_EDGE ( 'NONE', *, *, #228, .T. ) ;
#1514 = SURFACE_STYLE_USAGE ( .BOTH. , #1494 ) ;
#1515 = EDGE_CURVE ( 'NONE', #639, #3370, #3868, .T. ) ;
#1516 = VECTOR ( 'NONE', #1967, 1000.000000000000000 ) ;
#1517 = CARTESIAN_POINT ( 'NONE',  ( 13.99999999999999822, 0.3999999999999919176, -8.699999999999999289 ) ) ;
#1518 = UNCERTAINTY_MEASURE_WITH_UNIT (LENGTH_MEASURE( 1.000000000000000082E-05 ), #4031, 'distance_accuracy_value', 'NONE');
#1519 = ADVANCED_FACE ( 'NONE', ( #3261 ), #2586, .F. ) ;
#1520 = DIRECTION ( 'NONE',  ( 0.7071067811865475727, 0.000000000000000000, -0.7071067811865475727 ) ) ;
#1521 = CARTESIAN_POINT ( 'NONE',  ( -14.99999999999999289, -4.500000000000003553, 1.100000000000002975 ) ) ;
#1522 = ORIENTED_EDGE ( 'NONE', *, *, #1628, .F. ) ;
#1523 = VERTEX_POINT ( 'NONE', #3322 ) ;
#1524 = EDGE_CURVE ( 'NONE', #1163, #4074, #766, .T. ) ;
#1525 = MECHANICAL_DESIGN_GEOMETRIC_PRESENTATION_REPRESENTATION (  '', ( #3381 ), #259 ) ;
#1526 = ADVANCED_FACE ( 'NONE', ( #190 ), #3299, .T. ) ;
#1527 = EDGE_CURVE ( 'NONE', #1766, #4082, #1122, .T. ) ;
#1528 = AXIS2_PLACEMENT_3D ( 'NONE', #2936, #1036, #2317 ) ;
#1529 = CARTESIAN_POINT ( 'NONE',  ( -13.99999999999998401, -2.000000000000000000, -8.699999999999999289 ) ) ;
#1530 =( LENGTH_UNIT ( ) NAMED_UNIT ( * ) SI_UNIT ( .MILLI., .METRE. ) );
#1531 = DIRECTION ( 'NONE',  ( 0.000000000000000000, -0.7071067811865474617, -0.7071067811865475727 ) ) ;
#1532 = FACE_OUTER_BOUND ( 'NONE', #1431, .T. ) ;
#1533 =( LENGTH_UNIT ( ) NAMED_UNIT ( * ) SI_UNIT ( .MILLI., .METRE. ) );
#1534 = ADVANCED_FACE ( 'NONE', ( #2356 ), #1148, .F. ) ;
#1535 = EDGE_CURVE ( 'NONE', #854, #3463, #3340, .T. ) ;
#1536 = VECTOR ( 'NONE', #2279, 1000.000000000000000 ) ;
#1537 = CARTESIAN_POINT ( 'NONE',  ( -13.24999999999999289, -4.500000000000002665, 5.699999999999993072 ) ) ;
#1538 = DIRECTION ( 'NONE',  ( -1.000000000000000000, 2.312964634635742464E-16, 0.000000000000000000 ) ) ;
#1539 = SURFACE_STYLE_FILL_AREA ( #4051 ) ;
#1540 = ORIENTED_EDGE ( 'NONE', *, *, #2344, .T. ) ;
#1541 = VECTOR ( 'NONE', #1771, 1000.000000000000000 ) ;
#1542 =( GEOMETRIC_REPRESENTATION_CONTEXT ( 3 ) GLOBAL_UNCERTAINTY_ASSIGNED_CONTEXT ( ( #2559 ) ) GLOBAL_UNIT_ASSIGNED_CONTEXT ( ( #3867, #2335, #1981 ) ) REPRESENTATION_CONTEXT ( 'NONE', 'WORKASPACE' ) );
#1543 =( NAMED_UNIT ( * ) PLANE_ANGLE_UNIT ( ) SI_UNIT ( $, .RADIAN. ) );
#1544 = PLANE ( 'NONE',  #65 ) ;
#1545 = AXIS2_PLACEMENT_3D ( 'NONE', #3533, #3825, #1676 ) ;
#1546 = CARTESIAN_POINT ( 'NONE',  ( 5.200000000000002842, -0.6000000000000021982, 6.700000000000001066 ) ) ;
#1547 = VECTOR ( 'NONE', #3026, 1000.000000000000000 ) ;
#1548 = CARTESIAN_POINT ( 'NONE',  ( 13.00000000000000888, -21.49999999999999289, -5.799999999999999822 ) ) ;
#1549 = DIRECTION ( 'NONE',  ( -0.5773502691896257311, 0.5773502691896258421, -0.5773502691896258421 ) ) ;
#1550 = UNCERTAINTY_MEASURE_WITH_UNIT (LENGTH_MEASURE( 1.000000000000000082E-05 ), #3443, 'distance_accuracy_value', 'NONE');
#1551 = DIRECTION ( 'NONE',  ( -0.7071067811865462405, 0.7071067811865489050, 0.000000000000000000 ) ) ;
#1552 = ORIENTED_EDGE ( 'NONE', *, *, #2214, .T. ) ;
#1553 = ORIENTED_EDGE ( 'NONE', *, *, #3677, .T. ) ;
#1554 = LINE ( 'NONE', #3146, #2261 ) ;
#1555 = ORIENTED_EDGE ( 'NONE', *, *, #793, .F. ) ;
#1556 = DIRECTION ( 'NONE',  ( -0.5773502691896218453, -0.5773502691896298389, -0.5773502691896258421 ) ) ;
#1557 = CARTESIAN_POINT ( 'NONE',  ( -2.155829056268828481, -21.49999999999999289, -6.699999999999999289 ) ) ;
#1558 = ORIENTED_EDGE ( 'NONE', *, *, #3296, .T. ) ;
#1559 = FACE_OUTER_BOUND ( 'NONE', #3794, .T. ) ;
#1560 = DIRECTION ( 'NONE',  ( 0.000000000000000000, -1.000000000000000000, 0.000000000000000000 ) ) ;
#1561 = UNCERTAINTY_MEASURE_WITH_UNIT (LENGTH_MEASURE( 1.000000000000000082E-05 ), #98, 'distance_accuracy_value', 'NONE');
#1562 = PLANE ( 'NONE',  #2296 ) ;
#1563 = FILL_AREA_STYLE_COLOUR ( '', #3313 ) ;
#1564 = PRESENTATION_STYLE_ASSIGNMENT (( #3814 ) ) ;
#1565 = ORIENTED_EDGE ( 'NONE', *, *, #474, .T. ) ;
#1566 = ORIENTED_EDGE ( 'NONE', *, *, #56, .T. ) ;
#1567 = VECTOR ( 'NONE', #2928, 1000.000000000000000 ) ;
#1568 = DIRECTION ( 'NONE',  ( 1.664307387850920530E-15, 0.000000000000000000, -1.000000000000000000 ) ) ;
#1569 = STYLED_ITEM ( 'NONE', ( #1949 ), #2320 ) ;
#1570 = DIRECTION ( 'NONE',  ( 1.000000000000000000, 0.000000000000000000, 0.000000000000000000 ) ) ;
#1571 = LINE ( 'NONE', #2857, #3563 ) ;
#1572 = AXIS2_PLACEMENT_3D ( 'NONE', #1458, #213, #192 ) ;
#1573 =( LENGTH_UNIT ( ) NAMED_UNIT ( * ) SI_UNIT ( .MILLI., .METRE. ) );
#1574 = EDGE_CURVE ( 'NONE', #688, #1242, #3061, .T. ) ;
#1575 = ORIENTED_EDGE ( 'NONE', *, *, #3994, .F. ) ;
#1576 =( NAMED_UNIT ( * ) SI_UNIT ( $, .STERADIAN. ) SOLID_ANGLE_UNIT ( ) );
#1577 = COLOUR_RGB ( '',0.6274509803921568540, 0.6274509803921568540, 0.6274509803921568540 ) ;
#1578 = ADVANCED_FACE ( 'NONE', ( #226 ), #3740, .F. ) ;
#1579 =( GEOMETRIC_REPRESENTATION_CONTEXT ( 3 ) GLOBAL_UNCERTAINTY_ASSIGNED_CONTEXT ( ( #2807 ) ) GLOBAL_UNIT_ASSIGNED_CONTEXT ( ( #3410, #3755, #284 ) ) REPRESENTATION_CONTEXT ( 'NONE', 'WORKASPACE' ) );
#1580 = DIRECTION ( 'NONE',  ( 0.000000000000000000, -0.000000000000000000, -1.000000000000000000 ) ) ;
#1581 = ORIENTED_EDGE ( 'NONE', *, *, #3418, .F. ) ;
#1582 = DIRECTION ( 'NONE',  ( 1.000000000000000000, 0.000000000000000000, 0.000000000000000000 ) ) ;
#1583 = DIRECTION ( 'NONE',  ( 1.000000000000000000, 0.000000000000000000, 0.000000000000000000 ) ) ;
#1584 = COLOUR_RGB ( '',0.6274509803921568540, 0.6274509803921568540, 0.6274509803921568540 ) ;
#1585 = ADVANCED_FACE ( 'NONE', ( #2760 ), #1544, .T. ) ;
#1586 = CARTESIAN_POINT ( 'NONE',  ( 7.500000000000005329, -18.75999999999999801, 3.300000000000000711 ) ) ;
#1587 = DIRECTION ( 'NONE',  ( 1.000000000000000000, 0.000000000000000000, 0.000000000000000000 ) ) ;
#1588 = AXIS2_PLACEMENT_3D ( 'NONE', #1537, #3413, #868 ) ;
#1589 = VERTEX_POINT ( 'NONE', #244 ) ;
#1590 = ORIENTED_EDGE ( 'NONE', *, *, #362, .F. ) ;
#1591 = ORIENTED_EDGE ( 'NONE', *, *, #1228, .T. ) ;
#1592 = CARTESIAN_POINT ( 'NONE',  ( -13.24999999999999289, -4.500000000000002665, 6.700000000000002842 ) ) ;
#1593 = FACE_OUTER_BOUND ( 'NONE', #3765, .T. ) ;
#1594 = VECTOR ( 'NONE', #2589, 1000.000000000000000 ) ;
#1595 =( LENGTH_UNIT ( ) NAMED_UNIT ( * ) SI_UNIT ( .MILLI., .METRE. ) );
#1596 = VERTEX_POINT ( 'NONE', #1517 ) ;
#1597 = FILL_AREA_STYLE_COLOUR ( '', #4028 ) ;
#1598 = COLOUR_RGB ( '',0.6274509803921568540, 0.6274509803921568540, 0.6274509803921568540 ) ;
#1599 =( GEOMETRIC_REPRESENTATION_CONTEXT ( 3 ) GLOBAL_UNCERTAINTY_ASSIGNED_CONTEXT ( ( #1508 ) ) GLOBAL_UNIT_ASSIGNED_CONTEXT ( ( #2912, #1004, #3871 ) ) REPRESENTATION_CONTEXT ( 'NONE', 'WORKASPACE' ) );
#1600 = FILL_AREA_STYLE ('',( #702 ) ) ;
#1601 = ADVANCED_FACE ( 'NONE', ( #3496 ), #267, .F. ) ;
#1602 = DIRECTION ( 'NONE',  ( -1.000000000000000000, -0.000000000000000000, -0.000000000000000000 ) ) ;
#1603 = ORIENTED_EDGE ( 'NONE', *, *, #94, .F. ) ;
#1604 = CARTESIAN_POINT ( 'NONE',  ( 7.500000000000005329, -18.75999999999999801, -8.699999999999999289 ) ) ;
#1605 = CARTESIAN_POINT ( 'NONE',  ( 2.750000000000004441, -24.49999999999998934, 1.600000000000000755 ) ) ;
#1606 = AXIS2_PLACEMENT_3D ( 'NONE', #2099, #3358, #1094 ) ;
#1607 = UNCERTAINTY_MEASURE_WITH_UNIT (LENGTH_MEASURE( 1.000000000000000082E-05 ), #384, 'distance_accuracy_value', 'NONE');
#1608 =( LENGTH_UNIT ( ) NAMED_UNIT ( * ) SI_UNIT ( .MILLI., .METRE. ) );
#1609 = COLOUR_RGB ( '',0.6274509803921568540, 0.6274509803921568540, 0.6274509803921568540 ) ;
#1610 = ORIENTED_EDGE ( 'NONE', *, *, #2023, .T. ) ;
#1611 = MECHANICAL_DESIGN_GEOMETRIC_PRESENTATION_REPRESENTATION (  '', ( #743 ), #536 ) ;
#1612 = VERTEX_POINT ( 'NONE', #2580 ) ;
#1613 = DIRECTION ( 'NONE',  ( -0.7071067811865500152, -0.7071067811865451302, -0.000000000000000000 ) ) ;
#1614 = PLANE ( 'NONE',  #2435 ) ;
#1615 = CARTESIAN_POINT ( 'NONE',  ( -3.212198625402785446, -23.08083161982705889, -0.9000000000000002442 ) ) ;
#1616 =( NAMED_UNIT ( * ) PLANE_ANGLE_UNIT ( ) SI_UNIT ( $, .RADIAN. ) );
#1617 = ORIENTED_EDGE ( 'NONE', *, *, #2188, .T. ) ;
#1618 =( NAMED_UNIT ( * ) SI_UNIT ( $, .STERADIAN. ) SOLID_ANGLE_UNIT ( ) );
#1619 = ORIENTED_EDGE ( 'NONE', *, *, #3004, .F. ) ;
#1620 = DIRECTION ( 'NONE',  ( -8.896017825522090571E-17, 1.000000000000000000, 0.000000000000000000 ) ) ;
#1621 = UNCERTAINTY_MEASURE_WITH_UNIT (LENGTH_MEASURE( 1.000000000000000082E-05 ), #1918, 'distance_accuracy_value', 'NONE');
#1622 = LINE ( 'NONE', #2269, #2410 ) ;
#1623 = DIRECTION ( 'NONE',  ( 0.000000000000000000, 0.000000000000000000, -1.000000000000000000 ) ) ;
#1624 = EDGE_CURVE ( 'NONE', #2063, #836, #2328, .T. ) ;
#1625 = DIRECTION ( 'NONE',  ( -0.7071067811865474617, -0.000000000000000000, 0.7071067811865474617 ) ) ;
#1626 = FILL_AREA_STYLE ('',( #364 ) ) ;
#1627 = MECHANICAL_DESIGN_GEOMETRIC_PRESENTATION_REPRESENTATION (  '', ( #3219 ), #3032 ) ;
#1628 = EDGE_CURVE ( 'NONE', #2712, #2786, #1011, .T. ) ;
#1629 = LINE ( 'NONE', #1006, #3302 ) ;
#1630 = PRESENTATION_LAYER_ASSIGNMENT (  '', '', ( #3419 ) ) ;
#1631 =( NAMED_UNIT ( * ) PLANE_ANGLE_UNIT ( ) SI_UNIT ( $, .RADIAN. ) );
#1632 =( NAMED_UNIT ( * ) SI_UNIT ( $, .STERADIAN. ) SOLID_ANGLE_UNIT ( ) );
#1633 = CIRCLE ( 'NONE', #564, 1.499999999999999556 ) ;
#1634 = SURFACE_STYLE_FILL_AREA ( #76 ) ;
#1635 = EDGE_LOOP ( 'NONE', ( #1371, #1062, #3081, #1243 ) ) ;
#1636 = FACE_OUTER_BOUND ( 'NONE', #3099, .T. ) ;
#1637 = FILL_AREA_STYLE_COLOUR ( '', #2512 ) ;
#1638 = VECTOR ( 'NONE', #2754, 1000.000000000000000 ) ;
#1639 = SURFACE_STYLE_USAGE ( .BOTH. , #432 ) ;
#1640 = CARTESIAN_POINT ( 'NONE',  ( 4.200000000000002842, -4.600000000000002309, 4.800000000000001599 ) ) ;
#1641 = FILL_AREA_STYLE ('',( #3263 ) ) ;
#1642 = EDGE_CURVE ( 'NONE', #196, #3461, #2995, .T. ) ;
#1643 = EDGE_CURVE ( 'NONE', #3832, #370, #703, .T. ) ;
#1644 = LINE ( 'NONE', #1946, #1653 ) ;
#1645 = EDGE_CURVE ( 'NONE', #3048, #1425, #348, .T. ) ;
#1646 = DIRECTION ( 'NONE',  ( -0.000000000000000000, 0.000000000000000000, -1.000000000000000000 ) ) ;
#1647 = ADVANCED_FACE ( 'NONE', ( #77 ), #2263, .F. ) ;
#1648 = FILL_AREA_STYLE_COLOUR ( '', #843 ) ;
#1649 =( NAMED_UNIT ( * ) PLANE_ANGLE_UNIT ( ) SI_UNIT ( $, .RADIAN. ) );
#1650 =( NAMED_UNIT ( * ) SI_UNIT ( $, .STERADIAN. ) SOLID_ANGLE_UNIT ( ) );
#1651 = CARTESIAN_POINT ( 'NONE',  ( 3.200000000000005507, -23.99999999999999645, -1.099999999999999423 ) ) ;
#1652 = CARTESIAN_POINT ( 'NONE',  ( -2.149999999999996358, -24.49999999999998934, 3.300000000000000711 ) ) ;
#1653 = VECTOR ( 'NONE', #130, 1000.000000000000000 ) ;
#1654 = UNCERTAINTY_MEASURE_WITH_UNIT (LENGTH_MEASURE( 1.000000000000000082E-05 ), #1573, 'distance_accuracy_value', 'NONE');
#1655 = CARTESIAN_POINT ( 'NONE',  ( 15.00000000000000711, -24.50000000000000000, -5.799999999999999822 ) ) ;
#1656 = CARTESIAN_POINT ( 'NONE',  ( 0.000000000000000000, 0.000000000000000000, 3.100000000000000533 ) ) ;
#1657 = DIRECTION ( 'NONE',  ( 1.000000000000000000, 0.000000000000000000, 0.000000000000000000 ) ) ;
#1658 = VERTEX_POINT ( 'NONE', #1370 ) ;
#1659 =( LENGTH_UNIT ( ) NAMED_UNIT ( * ) SI_UNIT ( .MILLI., .METRE. ) );
#1660 =( LENGTH_UNIT ( ) NAMED_UNIT ( * ) SI_UNIT ( .MILLI., .METRE. ) );
#1661 = STYLED_ITEM ( 'NONE', ( #573 ), #1601 ) ;
#1662 = VECTOR ( 'NONE', #3266, 1000.000000000000000 ) ;
#1663 = PLANE ( 'NONE',  #3561 ) ;
#1664 = AXIS2_PLACEMENT_3D ( 'NONE', #2931, #1362, #2628 ) ;
#1665 = STYLED_ITEM ( 'NONE', ( #303 ), #3690 ) ;
#1666 = CARTESIAN_POINT ( 'NONE',  ( -3.438612315337787440, -23.20706419947785903, -7.850804882220796088 ) ) ;
#1667 = PLANE ( 'NONE',  #2600 ) ;
#1668 = EDGE_LOOP ( 'NONE', ( #1808, #1882 ) ) ;
#1669 =( NAMED_UNIT ( * ) SI_UNIT ( $, .STERADIAN. ) SOLID_ANGLE_UNIT ( ) );
#1670 = LINE ( 'NONE', #2940, #631 ) ;
#1671 =( GEOMETRIC_REPRESENTATION_CONTEXT ( 3 ) GLOBAL_UNCERTAINTY_ASSIGNED_CONTEXT ( ( #255 ) ) GLOBAL_UNIT_ASSIGNED_CONTEXT ( ( #1141, #2720, #1477 ) ) REPRESENTATION_CONTEXT ( 'NONE', 'WORKASPACE' ) );
#1672 = FACE_OUTER_BOUND ( 'NONE', #2360, .T. ) ;
#1673 = DIRECTION ( 'NONE',  ( -0.7071067811865500152, 0.7071067811865450192, -5.026225435618207870E-15 ) ) ;
#1674 = DIRECTION ( 'NONE',  ( 0.000000000000000000, 0.000000000000000000, -1.000000000000000000 ) ) ;
#1675 = SURFACE_SIDE_STYLE ('',( #1741 ) ) ;
#1676 = DIRECTION ( 'NONE',  ( 1.000000000000000000, 0.000000000000000000, 0.000000000000000000 ) ) ;
#1677 = CARTESIAN_POINT ( 'NONE',  ( 9.000000000000005329, -18.75999999999999801, -8.699999999999999289 ) ) ;
#1678 = FILL_AREA_STYLE ('',( #2853 ) ) ;
#1679 = ORIENTED_EDGE ( 'NONE', *, *, #1708, .F. ) ;
#1680 = DIRECTION ( 'NONE',  ( -1.000000000000000000, -2.146934995020800917E-17, 0.000000000000000000 ) ) ;
#1681 = CARTESIAN_POINT ( 'NONE',  ( 7.700000000000008171, -16.50000000000000355, -4.199999999999999289 ) ) ;
#1682 = PRESENTATION_STYLE_ASSIGNMENT (( #2650 ) ) ;
#1683 = SURFACE_STYLE_FILL_AREA ( #1641 ) ;
#1684 = CARTESIAN_POINT ( 'NONE',  ( 9.000000000000005329, -18.75999999999999801, -8.699999999999999289 ) ) ;
#1685 = CYLINDRICAL_SURFACE ( 'NONE', #1528, 3.150000000000000355 ) ;
#1686 = EDGE_LOOP ( 'NONE', ( #195, #2463, #1697, #2241, #1390 ) ) ;
#1687 = VERTEX_POINT ( 'NONE', #57 ) ;
#1688 = LINE ( 'NONE', #3050, #1662 ) ;
#1689 = LINE ( 'NONE', #3920, #2845 ) ;
#1690 = DIRECTION ( 'NONE',  ( -0.000000000000000000, -0.000000000000000000, -1.000000000000000000 ) ) ;
#1691 = SURFACE_SIDE_STYLE ('',( #3249 ) ) ;
#1692 = ORIENTED_EDGE ( 'NONE', *, *, #1231, .T. ) ;
#1693 = COLOUR_RGB ( '',0.6274509803921568540, 0.6274509803921568540, 0.6274509803921568540 ) ;
#1694 = DIRECTION ( 'NONE',  ( -1.000000000000000000, 2.478176394252582127E-16, 0.000000000000000000 ) ) ;
#1695 = EDGE_CURVE ( 'NONE', #58, #714, #3861, .T. ) ;
#1696 = PRESENTATION_STYLE_ASSIGNMENT (( #429 ) ) ;
#1697 = ORIENTED_EDGE ( 'NONE', *, *, #3092, .F. ) ;
#1698 = CARTESIAN_POINT ( 'NONE',  ( 3.700000000000006395, -7.000000000000000888, -4.199999999999999289 ) ) ;
#1699 =( GEOMETRIC_REPRESENTATION_CONTEXT ( 3 ) GLOBAL_UNCERTAINTY_ASSIGNED_CONTEXT ( ( #1898 ) ) GLOBAL_UNIT_ASSIGNED_CONTEXT ( ( #3078, #2726, #1809 ) ) REPRESENTATION_CONTEXT ( 'NONE', 'WORKASPACE' ) );
#1700 = EDGE_CURVE ( 'NONE', #1191, #538, #2598, .T. ) ;
#1701 = MECHANICAL_DESIGN_GEOMETRIC_PRESENTATION_REPRESENTATION (  '', ( #3362 ), #3894 ) ;
#1702 = CARTESIAN_POINT ( 'NONE',  ( 9.700000000000006395, -0.6000000000000046407, 5.300000000000000711 ) ) ;
#1703 = DIRECTION ( 'NONE',  ( 0.000000000000000000, -0.000000000000000000, 1.000000000000000000 ) ) ;
#1704 = ORIENTED_EDGE ( 'NONE', *, *, #3172, .F. ) ;
#1705 = DIRECTION ( 'NONE',  ( 0.000000000000000000, 0.7071067811865500152, -0.7071067811865451302 ) ) ;
#1706 = CARTESIAN_POINT ( 'NONE',  ( 15.00000000000000711, -25.50000000000000000, -5.799999999999999822 ) ) ;
#1707 = VECTOR ( 'NONE', #3567, 1000.000000000000000 ) ;
#1708 = EDGE_CURVE ( 'NONE', #3434, #3341, #2303, .T. ) ;
#1709 = DIRECTION ( 'NONE',  ( 1.533293416683380301E-16, -0.7071067811865503483, -0.7071067811865447972 ) ) ;
#1710 = CARTESIAN_POINT ( 'NONE',  ( -2.155829056268828037, -21.49999999999999289, -6.699999999999999289 ) ) ;
#1711 = MECHANICAL_DESIGN_GEOMETRIC_PRESENTATION_REPRESENTATION (  '', ( #983 ), #3168 ) ;
#1712 = DIRECTION ( 'NONE',  ( 0.000000000000000000, 0.000000000000000000, 1.000000000000000000 ) ) ;
#1713 = VERTEX_POINT ( 'NONE', #2623 ) ;
#1714 = ORIENTED_EDGE ( 'NONE', *, *, #3243, .T. ) ;
#1715 = DIRECTION ( 'NONE',  ( 0.000000000000000000, -0.000000000000000000, -1.000000000000000000 ) ) ;
#1716 = VECTOR ( 'NONE', #2516, 1000.000000000000000 ) ;
#1717 = PLANE ( 'NONE',  #1334 ) ;
#1718 = CARTESIAN_POINT ( 'NONE',  ( 13.00000000000000711, -0.6000000000000021982, -6.699999999999999289 ) ) ;
#1719 = VECTOR ( 'NONE', #2492, 1000.000000000000000 ) ;
#1720 = CARTESIAN_POINT ( 'NONE',  ( -10.79999999999999361, -23.49999999999999289, -0.9000000000000003553 ) ) ;
#1721 = CARTESIAN_POINT ( 'NONE',  ( 3.055022701551213693, -26.50000000000000711, 0.1000000000000004774 ) ) ;
#1722 = CARTESIAN_POINT ( 'NONE',  ( -9.799999999999998934, -28.99999999999998934, 3.100000000000000533 ) ) ;
#1723 = SURFACE_STYLE_USAGE ( .BOTH. , #3942 ) ;
#1724 = UNCERTAINTY_MEASURE_WITH_UNIT (LENGTH_MEASURE( 1.000000000000000082E-05 ), #1461, 'distance_accuracy_value', 'NONE');
#1725 = ORIENTED_EDGE ( 'NONE', *, *, #962, .T. ) ;
#1726 = LINE ( 'NONE', #2994, #3228 ) ;
#1727 = SURFACE_SIDE_STYLE ('',( #455 ) ) ;
#1728 = SURFACE_SIDE_STYLE ('',( #458 ) ) ;
#1729 = PRESENTATION_STYLE_ASSIGNMENT (( #2440 ) ) ;
#1730 = VECTOR ( 'NONE', #2250, 1000.000000000000000 ) ;
#1731 = EDGE_LOOP ( 'NONE', ( #22, #2926, #2647, #3775 ) ) ;
#1732 =( NAMED_UNIT ( * ) PLANE_ANGLE_UNIT ( ) SI_UNIT ( $, .RADIAN. ) );
#1733 = VERTEX_POINT ( 'NONE', #721 ) ;
#1734 = LINE ( 'NONE', #419, #2131 ) ;
#1735 = STYLED_ITEM ( 'NONE', ( #774 ), #3493 ) ;
#1736 = MECHANICAL_DESIGN_GEOMETRIC_PRESENTATION_REPRESENTATION (  '', ( #874 ), #1804 ) ;
#1737 = DIRECTION ( 'NONE',  ( 0.000000000000000000, -1.000000000000000000, 0.000000000000000000 ) ) ;
#1738 = FACE_OUTER_BOUND ( 'NONE', #2284, .T. ) ;
#1739 = CARTESIAN_POINT ( 'NONE',  ( -13.99999999999998401, 1.399999999999999467, -7.699999999999991296 ) ) ;
#1740 = VECTOR ( 'NONE', #1135, 1000.000000000000000 ) ;
#1741 = SURFACE_STYLE_FILL_AREA ( #3253 ) ;
#1742 = PRESENTATION_STYLE_ASSIGNMENT (( #761 ) ) ;
#1743 = DIRECTION ( 'NONE',  ( 0.000000000000000000, -1.000000000000000000, 0.000000000000000000 ) ) ;
#1744 = ORIENTED_EDGE ( 'NONE', *, *, #2196, .T. ) ;
#1745 =( NAMED_UNIT ( * ) PLANE_ANGLE_UNIT ( ) SI_UNIT ( $, .RADIAN. ) );
#1746 = CARTESIAN_POINT ( 'NONE',  ( 18.99999999999996092, -19.00000000000009237, 3.100000000000000533 ) ) ;
#1747 = SURFACE_STYLE_USAGE ( .BOTH. , #1429 ) ;
#1748 = ORIENTED_EDGE ( 'NONE', *, *, #1227, .T. ) ;
#1749 = FACE_OUTER_BOUND ( 'NONE', #1192, .T. ) ;
#1750 =( LENGTH_UNIT ( ) NAMED_UNIT ( * ) SI_UNIT ( .MILLI., .METRE. ) );
#1751 = CARTESIAN_POINT ( 'NONE',  ( 10.50000000000000711, -5.759999999999999787, -6.699999999999999289 ) ) ;
#1752 = DIRECTION ( 'NONE',  ( -1.000000000000000000, -0.000000000000000000, -0.000000000000000000 ) ) ;
#1753 = ORIENTED_EDGE ( 'NONE', *, *, #3549, .F. ) ;
#1754 = ORIENTED_EDGE ( 'NONE', *, *, #1479, .F. ) ;
#1755 = CARTESIAN_POINT ( 'NONE',  ( -9.799999999999998934, -28.99999999999998934, 3.100000000000000533 ) ) ;
#1756 = LINE ( 'NONE', #2411, #1149 ) ;
#1757 = CARTESIAN_POINT ( 'NONE',  ( 3.146594043592595646, -25.05953863734382026, -8.140461362656177258 ) ) ;
#1758 = EDGE_CURVE ( 'NONE', #1300, #4080, #1047, .T. ) ;
#1759 = DIRECTION ( 'NONE',  ( -1.542141671917239649E-16, 0.000000000000000000, 1.000000000000000000 ) ) ;
#1760 = ORIENTED_EDGE ( 'NONE', *, *, #3355, .F. ) ;
#1761 = VECTOR ( 'NONE', #1560, 1000.000000000000000 ) ;
#1762 = ADVANCED_FACE ( 'NONE', ( #2098 ), #1032, .F. ) ;
#1763 = DIRECTION ( 'NONE',  ( 0.000000000000000000, -1.000000000000000000, 0.000000000000000000 ) ) ;
#1764 =( LENGTH_UNIT ( ) NAMED_UNIT ( * ) SI_UNIT ( .MILLI., .METRE. ) );
#1765 = MECHANICAL_DESIGN_GEOMETRIC_PRESENTATION_REPRESENTATION (  '', ( #1569 ), #4090 ) ;
#1766 = VERTEX_POINT ( 'NONE', #2020 ) ;
#1767 = PLANE ( 'NONE',  #3892 ) ;
#1768 = DIRECTION ( 'NONE',  ( 1.000000000000000000, 0.000000000000000000, 0.000000000000000000 ) ) ;
#1769 = VECTOR ( 'NONE', #3624, 1000.000000000000000 ) ;
#1770 = FILL_AREA_STYLE_COLOUR ( '', #921 ) ;
#1771 = DIRECTION ( 'NONE',  ( -0.000000000000000000, -0.000000000000000000, -1.000000000000000000 ) ) ;
#1772 = ORIENTED_EDGE ( 'NONE', *, *, #3169, .F. ) ;
#1773 = ADVANCED_FACE ( 'NONE', ( #2990 ), #2037, .T. ) ;
#1774 = VECTOR ( 'NONE', #3036, 1000.000000000000000 ) ;
#1775 = ORIENTED_EDGE ( 'NONE', *, *, #2089, .T. ) ;
#1776 = LINE ( 'NONE', #2009, #1000 ) ;
#1777 = VECTOR ( 'NONE', #492, 1000.000000000000000 ) ;
#1778 = STYLED_ITEM ( 'NONE', ( #1225 ), #667 ) ;
#1779 = ADVANCED_FACE ( 'NONE', ( #162 ), #1125, .T. ) ;
#1780 = FACE_OUTER_BOUND ( 'NONE', #989, .T. ) ;
#1781 = CARTESIAN_POINT ( 'NONE',  ( -10.79999999999999361, -23.49999999999999289, 0.1000000000000004774 ) ) ;
#1782 = COLOUR_RGB ( '',0.6274509803921568540, 0.6274509803921568540, 0.6274509803921568540 ) ;
#1783 = MECHANICAL_DESIGN_GEOMETRIC_PRESENTATION_REPRESENTATION (  '', ( #2652 ), #3173 ) ;
#1784 = FACE_OUTER_BOUND ( 'NONE', #3779, .T. ) ;
#1785 = ORIENTED_EDGE ( 'NONE', *, *, #3919, .T. ) ;
#1786 = DIRECTION ( 'NONE',  ( -0.000000000000000000, -0.7071067811865474617, -0.7071067811865476838 ) ) ;
#1787 = ORIENTED_EDGE ( 'NONE', *, *, #3355, .T. ) ;
#1788 = DIRECTION ( 'NONE',  ( -1.000000000000000000, 0.000000000000000000, -0.000000000000000000 ) ) ;
#1789 = DIRECTION ( 'NONE',  ( 0.7071067811865525687, -0.7071067811865425767, -1.823032716790865191E-16 ) ) ;
#1790 = VECTOR ( 'NONE', #2709, 1000.000000000000114 ) ;
#1791 = FILL_AREA_STYLE_COLOUR ( '', #1782 ) ;
#1792 = CARTESIAN_POINT ( 'NONE',  ( -3.212198625402785446, -23.08083161982705889, 1.600000000000000755 ) ) ;
#1793 = ORIENTED_EDGE ( 'NONE', *, *, #2259, .T. ) ;
#1794 = ORIENTED_EDGE ( 'NONE', *, *, #2523, .T. ) ;
#1795 = VECTOR ( 'NONE', #1067, 1000.000000000000000 ) ;
#1796 =( GEOMETRIC_REPRESENTATION_CONTEXT ( 3 ) GLOBAL_UNCERTAINTY_ASSIGNED_CONTEXT ( ( #1180 ) ) GLOBAL_UNIT_ASSIGNED_CONTEXT ( ( #1948, #324, #1669 ) ) REPRESENTATION_CONTEXT ( 'NONE', 'WORKASPACE' ) );
#1797 = SURFACE_SIDE_STYLE ('',( #3694 ) ) ;
#1798 = LINE ( 'NONE', #1836, #4068 ) ;
#1799 = CARTESIAN_POINT ( 'NONE',  ( -13.24999999999999289, -4.500000000000003553, 1.100000000000002975 ) ) ;
#1800 = DIRECTION ( 'NONE',  ( 0.7071067811865474617, -0.7071067811865474617, -0.000000000000000000 ) ) ;
#1801 = VECTOR ( 'NONE', #2159, 1000.000000000000000 ) ;
#1802 = AXIS2_PLACEMENT_3D ( 'NONE', #1917, #3087, #3174 ) ;
#1803 = SURFACE_STYLE_USAGE ( .BOTH. , #543 ) ;
#1804 =( GEOMETRIC_REPRESENTATION_CONTEXT ( 3 ) GLOBAL_UNCERTAINTY_ASSIGNED_CONTEXT ( ( #1833 ) ) GLOBAL_UNIT_ASSIGNED_CONTEXT ( ( #2182, #1256, #2302 ) ) REPRESENTATION_CONTEXT ( 'NONE', 'WORKASPACE' ) );
#1805 = SURFACE_STYLE_FILL_AREA ( #3149 ) ;
#1806 = ORIENTED_EDGE ( 'NONE', *, *, #1828, .T. ) ;
#1807 = FILL_AREA_STYLE ('',( #225 ) ) ;
#1808 = ORIENTED_EDGE ( 'NONE', *, *, #1350, .F. ) ;
#1809 =( NAMED_UNIT ( * ) SI_UNIT ( $, .STERADIAN. ) SOLID_ANGLE_UNIT ( ) );
#1810 = SURFACE_SIDE_STYLE ('',( #896 ) ) ;
#1811 = PLANE ( 'NONE',  #2531 ) ;
#1812 = LINE ( 'NONE', #2506, #1541 ) ;
#1813 = ORIENTED_EDGE ( 'NONE', *, *, #3108, .F. ) ;
#1814 = VERTEX_POINT ( 'NONE', #3975 ) ;
#1815 = EDGE_CURVE ( 'NONE', #370, #2357, #2671, .T. ) ;
#1816 = FILL_AREA_STYLE ('',( #3712 ) ) ;
#1817 = SURFACE_STYLE_USAGE ( .BOTH. , #2475 ) ;
#1818 = ORIENTED_EDGE ( 'NONE', *, *, #1396, .F. ) ;
#1819 = CARTESIAN_POINT ( 'NONE',  ( -30.77085920297304611, 0.3999999999999899747, 6.700000000000001066 ) ) ;
#1820 = EDGE_CURVE ( 'NONE', #938, #3214, #167, .T. ) ;
#1821 =( NAMED_UNIT ( * ) SI_UNIT ( $, .STERADIAN. ) SOLID_ANGLE_UNIT ( ) );
#1822 = ORIENTED_EDGE ( 'NONE', *, *, #1886, .T. ) ;
#1823 = EDGE_CURVE ( 'NONE', #836, #462, #128, .T. ) ;
#1824 = EDGE_CURVE ( 'NONE', #1814, #1242, #3671, .T. ) ;
#1825 = CARTESIAN_POINT ( 'NONE',  ( 3.015047987388203232, -24.92799258113942074, -7.990022322691041623 ) ) ;
#1826 = AXIS2_PLACEMENT_3D ( 'NONE', #1297, #3799, #325 ) ;
#1827 =( LENGTH_UNIT ( ) NAMED_UNIT ( * ) SI_UNIT ( .MILLI., .METRE. ) );
#1828 = EDGE_CURVE ( 'NONE', #842, #1814, #2630, .T. ) ;
#1829 = ORIENTED_EDGE ( 'NONE', *, *, #1030, .T. ) ;
#1830 = ORIENTED_EDGE ( 'NONE', *, *, #2260, .T. ) ;
#1831 = PRESENTATION_LAYER_ASSIGNMENT (  '', '', ( #970 ) ) ;
#1832 =( GEOMETRIC_REPRESENTATION_CONTEXT ( 3 ) GLOBAL_UNCERTAINTY_ASSIGNED_CONTEXT ( ( #2584 ) ) GLOBAL_UNIT_ASSIGNED_CONTEXT ( ( #788, #489, #3019 ) ) REPRESENTATION_CONTEXT ( 'NONE', 'WORKASPACE' ) );
#1833 = UNCERTAINTY_MEASURE_WITH_UNIT (LENGTH_MEASURE( 1.000000000000000082E-05 ), #2182, 'distance_accuracy_value', 'NONE');
#1834 = COLOUR_RGB ( '',0.6274509803921568540, 0.6274509803921568540, 0.6274509803921568540 ) ;
#1835 = MECHANICAL_DESIGN_GEOMETRIC_PRESENTATION_REPRESENTATION (  '', ( #837 ), #915 ) ;
#1836 = CARTESIAN_POINT ( 'NONE',  ( 3.200000000000005063, -21.49999999999999645, -5.799999999999999822 ) ) ;
#1837 = FILL_AREA_STYLE_COLOUR ( '', #3122 ) ;
#1838 = FACE_OUTER_BOUND ( 'NONE', #2192, .T. ) ;
#1839 = DIRECTION ( 'NONE',  ( -0.5773502691896257311, 0.5773502691896258421, 0.5773502691896258421 ) ) ;
#1840 = VECTOR ( 'NONE', #3545, 1000.000000000000000 ) ;
#1841 = UNCERTAINTY_MEASURE_WITH_UNIT (LENGTH_MEASURE( 1.000000000000000082E-05 ), #3917, 'distance_accuracy_value', 'NONE');
#1842 = CARTESIAN_POINT ( 'NONE',  ( 11.00000000000000711, -25.50000000000000000, -5.799999999999999822 ) ) ;
#1843 = CARTESIAN_POINT ( 'NONE',  ( -14.99999999999999822, -24.49999999999999289, -8.699999999999999289 ) ) ;
#1844 =( NAMED_UNIT ( * ) SI_UNIT ( $, .STERADIAN. ) SOLID_ANGLE_UNIT ( ) );
#1845 = ORIENTED_EDGE ( 'NONE', *, *, #2626, .F. ) ;
#1846 = AXIS2_PLACEMENT_3D ( 'NONE', #1889, #2859, #3132 ) ;
#1847 =( LENGTH_UNIT ( ) NAMED_UNIT ( * ) SI_UNIT ( .MILLI., .METRE. ) );
#1848 = ORIENTED_EDGE ( 'NONE', *, *, #2267, .T. ) ;
#1849 = CARTESIAN_POINT ( 'NONE',  ( -0.3999999999999958589, -24.49999999999998934, 3.100000000000000533 ) ) ;
#1850 = SURFACE_STYLE_USAGE ( .BOTH. , #1169 ) ;
#1851 = UNCERTAINTY_MEASURE_WITH_UNIT (LENGTH_MEASURE( 1.000000000000000082E-05 ), #3784, 'distance_accuracy_value', 'NONE');
#1852 = CARTESIAN_POINT ( 'NONE',  ( 8.999999999999998224, -28.99999999999998934, 3.100000000000000533 ) ) ;
#1853 = FILL_AREA_STYLE ('',( #2831 ) ) ;
#1854 = LINE ( 'NONE', #274, #668 ) ;
#1855 = FILL_AREA_STYLE_COLOUR ( '', #208 ) ;
#1856 = ORIENTED_EDGE ( 'NONE', *, *, #3686, .F. ) ;
#1857 = ORIENTED_EDGE ( 'NONE', *, *, #530, .T. ) ;
#1858 = PRESENTATION_LAYER_ASSIGNMENT (  '', '', ( #3184 ) ) ;
#1859 = STYLED_ITEM ( 'NONE', ( #3791 ), #1406 ) ;
#1860 = LINE ( 'NONE', #218, #810 ) ;
#1861 = LINE ( 'NONE', #3378, #1255 ) ;
#1862 = SURFACE_SIDE_STYLE ('',( #3339 ) ) ;
#1863 = PRESENTATION_LAYER_ASSIGNMENT (  '', '', ( #66 ) ) ;
#1864 = PRESENTATION_STYLE_ASSIGNMENT (( #594 ) ) ;
#1865 = VECTOR ( 'NONE', #2657, 1000.000000000000000 ) ;
#1866 =( NAMED_UNIT ( * ) PLANE_ANGLE_UNIT ( ) SI_UNIT ( $, .RADIAN. ) );
#1867 = ORIENTED_EDGE ( 'NONE', *, *, #3971, .T. ) ;
#1868 = CARTESIAN_POINT ( 'NONE',  ( 15.00000000000000711, -2.000000000000000000, 5.699999999999993072 ) ) ;
#1869 = PRESENTATION_LAYER_ASSIGNMENT (  '', '', ( #3798 ) ) ;
#1870 = AXIS2_PLACEMENT_3D ( 'NONE', #3298, #3363, #3931 ) ;
#1871 = SURFACE_SIDE_STYLE ('',( #2210 ) ) ;
#1872 = FILL_AREA_STYLE ('',( #600 ) ) ;
#1873 = FILL_AREA_STYLE_COLOUR ( '', #3037 ) ;
#1874 = AXIS2_PLACEMENT_3D ( 'NONE', #510, #3357, #488 ) ;
#1875 =( NAMED_UNIT ( * ) SI_UNIT ( $, .STERADIAN. ) SOLID_ANGLE_UNIT ( ) );
#1876 = VECTOR ( 'NONE', #1690, 1000.000000000000000 ) ;
#1877 = SURFACE_STYLE_FILL_AREA ( #607 ) ;
#1878 = CARTESIAN_POINT ( 'NONE',  ( -4.036275567115370499, -22.50000000000000000, -8.699999999999999289 ) ) ;
#1879 = CARTESIAN_POINT ( 'NONE',  ( 13.00000000000000711, -3.600000000000003197, 1.734723475976807094E-15 ) ) ;
#1880 = UNCERTAINTY_MEASURE_WITH_UNIT (LENGTH_MEASURE( 1.000000000000000082E-05 ), #1660, 'distance_accuracy_value', 'NONE');
#1881 = VERTEX_POINT ( 'NONE', #3649 ) ;
#1882 = ORIENTED_EDGE ( 'NONE', *, *, #2749, .F. ) ;
#1883 = EDGE_CURVE ( 'NONE', #3274, #58, #3625, .T. ) ;
#1884 = CARTESIAN_POINT ( 'NONE',  ( 14.50000000000000178, 0.8999999999999941380, 5.699999999999993072 ) ) ;
#1885 = ORIENTED_EDGE ( 'NONE', *, *, #647, .F. ) ;
#1886 = EDGE_CURVE ( 'NONE', #3461, #196, #1633, .T. ) ;
#1887 = PRESENTATION_STYLE_ASSIGNMENT (( #907 ) ) ;
#1888 = EDGE_CURVE ( 'NONE', #462, #239, #1376, .T. ) ;
#1889 = CARTESIAN_POINT ( 'NONE',  ( 0.000000000000000000, 0.000000000000000000, 5.300000000000000711 ) ) ;
#1890 = FILL_AREA_STYLE_COLOUR ( '', #3598 ) ;
#1891 = SURFACE_STYLE_FILL_AREA ( #2774 ) ;
#1892 = ORIENTED_EDGE ( 'NONE', *, *, #2268, .T. ) ;
#1893 = CARTESIAN_POINT ( 'NONE',  ( -10.79999999999999183, -24.50000000000000000, 0.1000000000000004774 ) ) ;
#1894 = ADVANCED_FACE ( 'NONE', ( #824 ), #2046, .F. ) ;
#1895 = SURFACE_STYLE_USAGE ( .BOTH. , #243 ) ;
#1896 = EDGE_LOOP ( 'NONE', ( #3318, #121, #2869, #884 ) ) ;
#1897 = CARTESIAN_POINT ( 'NONE',  ( -5.000000000000000000, -4.600000000000002309, 4.800000000000001599 ) ) ;
#1898 = UNCERTAINTY_MEASURE_WITH_UNIT (LENGTH_MEASURE( 1.000000000000000082E-05 ), #3078, 'distance_accuracy_value', 'NONE');
#1899 = LINE ( 'NONE', #3479, #2518 ) ;
#1900 =( NAMED_UNIT ( * ) PLANE_ANGLE_UNIT ( ) SI_UNIT ( $, .RADIAN. ) );
#1901 = CARTESIAN_POINT ( 'NONE',  ( -3.212198625402785446, -23.08083161982705889, -0.9000000000000002442 ) ) ;
#1902 = FILL_AREA_STYLE_COLOUR ( '', #814 ) ;
#1903 = ORIENTED_EDGE ( 'NONE', *, *, #3846, .T. ) ;
#1904 = ORIENTED_EDGE ( 'NONE', *, *, #3123, .T. ) ;
#1905 = AXIS2_PLACEMENT_3D ( 'NONE', #3226, #31, #1312 ) ;
#1906 = EDGE_CURVE ( 'NONE', #3307, #1320, #1435, .T. ) ;
#1907 = DIRECTION ( 'NONE',  ( 0.7071067811865451302, -0.7071067811865500152, -0.000000000000000000 ) ) ;
#1908 = AXIS2_PLACEMENT_3D ( 'NONE', #3386, #2045, #2105 ) ;
#1909 = EDGE_CURVE ( 'NONE', #4080, #3281, #3888, .T. ) ;
#1910 = MECHANICAL_DESIGN_GEOMETRIC_PRESENTATION_REPRESENTATION (  '', ( #970 ), #1699 ) ;
#1911 = VECTOR ( 'NONE', #549, 1000.000000000000000 ) ;
#1912 =( NAMED_UNIT ( * ) SI_UNIT ( $, .STERADIAN. ) SOLID_ANGLE_UNIT ( ) );
#1913 = VERTEX_POINT ( 'NONE', #3113 ) ;
#1914 = FILL_AREA_STYLE_COLOUR ( '', #1577 ) ;
#1915 = MECHANICAL_DESIGN_GEOMETRIC_PRESENTATION_REPRESENTATION (  '', ( #2112 ), #2704 ) ;
#1916 = AXIS2_PLACEMENT_3D ( 'NONE', #2431, #1112, #3697 ) ;
#1917 = CARTESIAN_POINT ( 'NONE',  ( 9.700000000000006395, -2.000000000000004885, 5.300000000000000711 ) ) ;
#1918 =( LENGTH_UNIT ( ) NAMED_UNIT ( * ) SI_UNIT ( .MILLI., .METRE. ) );
#1919 = ORIENTED_EDGE ( 'NONE', *, *, #1227, .F. ) ;
#1920 = SURFACE_STYLE_FILL_AREA ( #2498 ) ;
#1921 = SURFACE_STYLE_FILL_AREA ( #1853 ) ;
#1922 = DIRECTION ( 'NONE',  ( 0.000000000000000000, -0.000000000000000000, 1.000000000000000000 ) ) ;
#1923 = MECHANICAL_DESIGN_GEOMETRIC_PRESENTATION_REPRESENTATION (  '', ( #3375 ), #2385 ) ;
#1924 = ORIENTED_EDGE ( 'NONE', *, *, #4042, .F. ) ;
#1925 = SURFACE_SIDE_STYLE ('',( #3164 ) ) ;
#1926 =( NAMED_UNIT ( * ) SI_UNIT ( $, .STERADIAN. ) SOLID_ANGLE_UNIT ( ) );
#1927 = FACE_OUTER_BOUND ( 'NONE', #1365, .T. ) ;
#1928 = SURFACE_STYLE_FILL_AREA ( #1352 ) ;
#1929 = CARTESIAN_POINT ( 'NONE',  ( 7.700000000000008171, -17.49999999999999645, -4.199999999999999289 ) ) ;
#1930 = VERTEX_POINT ( 'NONE', #1546 ) ;
#1931 = AXIS2_PLACEMENT_3D ( 'NONE', #1942, #1703, #63 ) ;
#1932 = MECHANICAL_DESIGN_GEOMETRIC_PRESENTATION_REPRESENTATION (  '', ( #337 ), #4054 ) ;
#1933 = STYLED_ITEM ( 'NONE', ( #2777 ), #1578 ) ;
#1934 = EDGE_CURVE ( 'NONE', #1118, #1658, #920, .T. ) ;
#1935 = DIRECTION ( 'NONE',  ( 1.000000000000000000, 0.000000000000000000, 0.000000000000000000 ) ) ;
#1936 = SURFACE_STYLE_USAGE ( .BOTH. , #3879 ) ;
#1937 = VERTEX_POINT ( 'NONE', #3743 ) ;
#1938 = SURFACE_SIDE_STYLE ('',( #663 ) ) ;
#1939 = FILL_AREA_STYLE ('',( #2246 ) ) ;
#1940 = PRESENTATION_LAYER_ASSIGNMENT (  '', '', ( #1735 ) ) ;
#1941 = VECTOR ( 'NONE', #2421, 1000.000000000000114 ) ;
#1942 = CARTESIAN_POINT ( 'NONE',  ( 0.000000000000000000, 0.000000000000000000, 0.1000000000000004774 ) ) ;
#1943 = VECTOR ( 'NONE', #2433, 1000.000000000000000 ) ;
#1944 = DIRECTION ( 'NONE',  ( 1.000000000000000000, 0.000000000000000000, 0.000000000000000000 ) ) ;
#1945 = COLOUR_RGB ( '',0.6274509803921568540, 0.6274509803921568540, 0.6274509803921568540 ) ;
#1946 = CARTESIAN_POINT ( 'NONE',  ( -30.77085920297304611, -3.499999999999994227, 6.700000000000001066 ) ) ;
#1947 = ORIENTED_EDGE ( 'NONE', *, *, #2141, .F. ) ;
#1948 =( LENGTH_UNIT ( ) NAMED_UNIT ( * ) SI_UNIT ( .MILLI., .METRE. ) );
#1949 = PRESENTATION_STYLE_ASSIGNMENT (( #3246 ) ) ;
#1950 = FILL_AREA_STYLE ('',( #4110 ) ) ;
#1951 = ORIENTED_EDGE ( 'NONE', *, *, #3540, .F. ) ;
#1952 = EDGE_CURVE ( 'NONE', #1589, #1937, #2500, .T. ) ;
#1953 = DIRECTION ( 'NONE',  ( 0.000000000000000000, 1.000000000000000000, 0.000000000000000000 ) ) ;
#1954 = EDGE_CURVE ( 'NONE', #287, #58, #3766, .T. ) ;
#1955 = ORIENTED_EDGE ( 'NONE', *, *, #2818, .T. ) ;
#1956 = FACE_OUTER_BOUND ( 'NONE', #1039, .T. ) ;
#1957 = UNCERTAINTY_MEASURE_WITH_UNIT (LENGTH_MEASURE( 1.000000000000000082E-05 ), #2002, 'distance_accuracy_value', 'NONE');
#1958 = EDGE_CURVE ( 'NONE', #555, #1437, #1383, .T. ) ;
#1959 = PLANE ( 'NONE',  #1664 ) ;
#1960 = ADVANCED_FACE ( 'NONE', ( #2480 ), #3361, .F. ) ;
#1961 = CARTESIAN_POINT ( 'NONE',  ( 10.00000000000000355, -28.99999999999998934, 0.1000000000000004774 ) ) ;
#1962 = ORIENTED_EDGE ( 'NONE', *, *, #2013, .T. ) ;
#1963 = EDGE_CURVE ( 'NONE', #2910, #1439, #602, .T. ) ;
#1964 = PRESENTATION_STYLE_ASSIGNMENT (( #3935 ) ) ;
#1965 = EDGE_CURVE ( 'NONE', #49, #1012, #2727, .T. ) ;
#1966 = ORIENTED_EDGE ( 'NONE', *, *, #50, .T. ) ;
#1967 = DIRECTION ( 'NONE',  ( 1.000000000000000000, -1.180814247261440551E-16, 0.000000000000000000 ) ) ;
#1968 = DIRECTION ( 'NONE',  ( 0.000000000000000000, 0.000000000000000000, -1.000000000000000000 ) ) ;
#1969 = CARTESIAN_POINT ( 'NONE',  ( 7.700000000000006395, -7.000000000000000000, -6.699999999999999289 ) ) ;
#1970 = STYLED_ITEM ( 'NONE', ( #1280 ), #177 ) ;
#1971 = MECHANICAL_DESIGN_GEOMETRIC_PRESENTATION_REPRESENTATION (  '', ( #2765 ), #1100 ) ;
#1972 = FILL_AREA_STYLE ('',( #1424 ) ) ;
#1973 = SURFACE_SIDE_STYLE ('',( #2262 ) ) ;
#1974 = CARTESIAN_POINT ( 'NONE',  ( -0.3999999999999958589, -24.49999999999998934, 0.1000000000000004774 ) ) ;
#1975 = VECTOR ( 'NONE', #3717, 999.9999999999998863 ) ;
#1976 = VECTOR ( 'NONE', #1680, 1000.000000000000000 ) ;
#1977 = ORIENTED_EDGE ( 'NONE', *, *, #2751, .F. ) ;
#1978 =( NAMED_UNIT ( * ) SI_UNIT ( $, .STERADIAN. ) SOLID_ANGLE_UNIT ( ) );
#1979 = CARTESIAN_POINT ( 'NONE',  ( 9.700000000000006395, -2.000000000000004885, 2.800000000000001155 ) ) ;
#1980 = MECHANICAL_DESIGN_GEOMETRIC_PRESENTATION_REPRESENTATION (  '', ( #1442 ), #1579 ) ;
#1981 =( NAMED_UNIT ( * ) SI_UNIT ( $, .STERADIAN. ) SOLID_ANGLE_UNIT ( ) );
#1982 = LINE ( 'NONE', #3908, #634 ) ;
#1983 = VECTOR ( 'NONE', #3033, 1000.000000000000000 ) ;
#1984 = CARTESIAN_POINT ( 'NONE',  ( -9.799999999999998934, -28.99999999999998934, 0.1000000000000002554 ) ) ;
#1985 = ORIENTED_EDGE ( 'NONE', *, *, #3296, .F. ) ;
#1986 = FACE_OUTER_BOUND ( 'NONE', #482, .T. ) ;
#1987 = CARTESIAN_POINT ( 'NONE',  ( 15.00000000000000711, 0.3999999999999918621, -7.699999999999991296 ) ) ;
#1988 = CARTESIAN_POINT ( 'NONE',  ( 7.700000000000008171, -16.50000000000000355, -4.199999999999998401 ) ) ;
#1989 = CARTESIAN_POINT ( 'NONE',  ( 10.00000000000000533, -27.99999999999998934, -1.099999999999999423 ) ) ;
#1990 = DIRECTION ( 'NONE',  ( -0.000000000000000000, -0.000000000000000000, -1.000000000000000000 ) ) ;
#1991 = COLOUR_RGB ( '',0.6274509803921568540, 0.6274509803921568540, 0.6274509803921568540 ) ;
#1992 = UNCERTAINTY_MEASURE_WITH_UNIT (LENGTH_MEASURE( 1.000000000000000082E-05 ), #3439, 'distance_accuracy_value', 'NONE');
#1993 = DIRECTION ( 'NONE',  ( 0.000000000000000000, -0.7071067811865475727, 0.7071067811865474617 ) ) ;
#1994 = CARTESIAN_POINT ( 'NONE',  ( -10.79999999999999005, -28.99999999999998934, 3.100000000000000533 ) ) ;
#1995 = COLOUR_RGB ( '',0.6274509803921568540, 0.6274509803921568540, 0.6274509803921568540 ) ;
#1996 = FACE_OUTER_BOUND ( 'NONE', #742, .T. ) ;
#1997 = EDGE_LOOP ( 'NONE', ( #1403, #154, #1590, #126 ) ) ;
#1998 = PRESENTATION_STYLE_ASSIGNMENT (( #2285 ) ) ;
#1999 =( NAMED_UNIT ( * ) PLANE_ANGLE_UNIT ( ) SI_UNIT ( $, .RADIAN. ) );
#2000 = AXIS2_PLACEMENT_3D ( 'NONE', #636, #369, #2903 ) ;
#2001 = LINE ( 'NONE', #3240, #3193 ) ;
#2002 =( LENGTH_UNIT ( ) NAMED_UNIT ( * ) SI_UNIT ( .MILLI., .METRE. ) );
#2003 = CIRCLE ( 'NONE', #1283, 1.499999999999999556 ) ;
#2004 = MECHANICAL_DESIGN_GEOMETRIC_PRESENTATION_REPRESENTATION (  '', ( #2862 ), #3728 ) ;
#2005 =( NAMED_UNIT ( * ) PLANE_ANGLE_UNIT ( ) SI_UNIT ( $, .RADIAN. ) );
#2006 = MECHANICAL_DESIGN_GEOMETRIC_PRESENTATION_REPRESENTATION (  '', ( #3472 ), #1671 ) ;
#2007 = CARTESIAN_POINT ( 'NONE',  ( -14.99999999999999645, -21.49999999999999289, -5.799999999999999822 ) ) ;
#2008 = CARTESIAN_POINT ( 'NONE',  ( 10.50000000000000355, -18.75999999999999801, -8.699999999999999289 ) ) ;
#2009 = CARTESIAN_POINT ( 'NONE',  ( 4.293869990041612312E-17, -2.000000000000004885, 4.800000000000001599 ) ) ;
#2010 = PRESENTATION_LAYER_ASSIGNMENT (  '', '', ( #3802 ) ) ;
#2011 = ADVANCED_FACE ( 'NONE', ( #247 ), #3999, .F. ) ;
#2012 = DIRECTION ( 'NONE',  ( 0.000000000000000000, 0.000000000000000000, -1.000000000000000000 ) ) ;
#2013 = EDGE_CURVE ( 'NONE', #3281, #2965, #624, .T. ) ;
#2014 = DIRECTION ( 'NONE',  ( 1.000000000000000000, 4.336808689942018229E-16, -0.000000000000000000 ) ) ;
#2015 = FILL_AREA_STYLE_COLOUR ( '', #3058 ) ;
#2016 =( NAMED_UNIT ( * ) PLANE_ANGLE_UNIT ( ) SI_UNIT ( $, .RADIAN. ) );
#2017 = ORIENTED_EDGE ( 'NONE', *, *, #3618, .T. ) ;
#2018 = DIRECTION ( 'NONE',  ( -0.000000000000000000, -0.000000000000000000, -1.000000000000000000 ) ) ;
#2019 = LINE ( 'NONE', #2579, #408 ) ;
#2020 = CARTESIAN_POINT ( 'NONE',  ( 5.200000000000004619, -2.000000000000004885, 5.300000000000000711 ) ) ;
#2021 = UNCERTAINTY_MEASURE_WITH_UNIT (LENGTH_MEASURE( 1.000000000000000082E-05 ), #2733, 'distance_accuracy_value', 'NONE');
#2022 = FILL_AREA_STYLE ('',( #1902 ) ) ;
#2023 = EDGE_CURVE ( 'NONE', #185, #627, #311, .T. ) ;
#2024 = ORIENTED_EDGE ( 'NONE', *, *, #2941, .F. ) ;
#2025 = CARTESIAN_POINT ( 'NONE',  ( 3.700000000000007727, -17.49999999999999645, -5.200000000000000178 ) ) ;
#2026 = CARTESIAN_POINT ( 'NONE',  ( -13.24999999999999289, -3.499999999999994227, 6.700000000000001954 ) ) ;
#2027 = ORIENTED_EDGE ( 'NONE', *, *, #2649, .F. ) ;
#2028 = DIRECTION ( 'NONE',  ( 0.000000000000000000, -0.000000000000000000, 1.000000000000000000 ) ) ;
#2029 = CARTESIAN_POINT ( 'NONE',  ( -10.79999999999999361, -23.49999999999999289, -1.099999999999999423 ) ) ;
#2030 = CARTESIAN_POINT ( 'NONE',  ( -13.24999999999999289, -0.6000000000000028644, 1.100000000000002087 ) ) ;
#2031 = ORIENTED_EDGE ( 'NONE', *, *, #3059, .F. ) ;
#2032 = FILL_AREA_STYLE_COLOUR ( '', #2588 ) ;
#2033 = CARTESIAN_POINT ( 'NONE',  ( -14.99999999999999289, 0.3999999999999919176, -8.699999999999999289 ) ) ;
#2034 = DIRECTION ( 'NONE',  ( -1.000000000000000000, 0.000000000000000000, 0.000000000000000000 ) ) ;
#2035 = ORIENTED_EDGE ( 'NONE', *, *, #2917, .F. ) ;
#2036 =( NAMED_UNIT ( * ) SI_UNIT ( $, .STERADIAN. ) SOLID_ANGLE_UNIT ( ) );
#2037 = PLANE ( 'NONE',  #2370 ) ;
#2038 = ORIENTED_EDGE ( 'NONE', *, *, #1285, .T. ) ;
#2039 = VECTOR ( 'NONE', #1497, 1000.000000000000000 ) ;
#2040 = LINE ( 'NONE', #2685, #3886 ) ;
#2041 = VECTOR ( 'NONE', #770, 1000.000000000000000 ) ;
#2042 = VECTOR ( 'NONE', #2060, 1000.000000000000000 ) ;
#2043 = PRESENTATION_LAYER_ASSIGNMENT (  '', '', ( #110 ) ) ;
#2044 = VERTEX_POINT ( 'NONE', #3537 ) ;
#2045 = DIRECTION ( 'NONE',  ( 2.168404344971008868E-16, -1.000000000000000000, 0.000000000000000000 ) ) ;
#2046 = PLANE ( 'NONE',  #2703 ) ;
#2047 = CARTESIAN_POINT ( 'NONE',  ( 3.700000000000007727, -16.50000000000000355, -4.199999999999999289 ) ) ;
#2048 = AXIS2_PLACEMENT_3D ( 'NONE', #3899, #1993, #160 ) ;
#2049 = ORIENTED_EDGE ( 'NONE', *, *, #530, .F. ) ;
#2050 =( LENGTH_UNIT ( ) NAMED_UNIT ( * ) SI_UNIT ( .MILLI., .METRE. ) );
#2051 = ORIENTED_EDGE ( 'NONE', *, *, #3241, .T. ) ;
#2052 = ORIENTED_EDGE ( 'NONE', *, *, #2925, .F. ) ;
#2053 = FILL_AREA_STYLE_COLOUR ( '', #398 ) ;
#2054 = VECTOR ( 'NONE', #2719, 1000.000000000000114 ) ;
#2055 = LINE ( 'NONE', #114, #1795 ) ;
#2056 = CARTESIAN_POINT ( 'NONE',  ( 13.00000000000000711, -3.600000000000001865, -6.699999999999999289 ) ) ;
#2057 = SURFACE_SIDE_STYLE ('',( #2326 ) ) ;
#2058 = DIRECTION ( 'NONE',  ( 0.000000000000000000, -1.000000000000000000, 0.000000000000000000 ) ) ;
#2059 = ORIENTED_EDGE ( 'NONE', *, *, #2567, .F. ) ;
#2060 = DIRECTION ( 'NONE',  ( 0.000000000000000000, 0.000000000000000000, 1.000000000000000000 ) ) ;
#2061 = AXIS2_PLACEMENT_3D ( 'NONE', #820, #2085, #209 ) ;
#2062 = SURFACE_STYLE_FILL_AREA ( #1428 ) ;
#2063 = VERTEX_POINT ( 'NONE', #2605 ) ;
#2064 = CARTESIAN_POINT ( 'NONE',  ( 9.700000000000006395, -1.000000000000003997, 5.300000000000000711 ) ) ;
#2065 =( NAMED_UNIT ( * ) SI_UNIT ( $, .STERADIAN. ) SOLID_ANGLE_UNIT ( ) );
#2066 = VECTOR ( 'NONE', #1786, 1000.000000000000000 ) ;
#2067 = VECTOR ( 'NONE', #3286, 1000.000000000000000 ) ;
#2068 = SURFACE_STYLE_FILL_AREA ( #3368 ) ;
#2069 = STYLED_ITEM ( 'NONE', ( #553 ), #3604 ) ;
#2070 = ORIENTED_EDGE ( 'NONE', *, *, #2878, .F. ) ;
#2071 = ORIENTED_EDGE ( 'NONE', *, *, #863, .F. ) ;
#2072 = ORIENTED_EDGE ( 'NONE', *, *, #1645, .T. ) ;
#2073 = DIRECTION ( 'NONE',  ( 0.7071067811865500152, -0.000000000000000000, -0.7071067811865451302 ) ) ;
#2074 = EDGE_CURVE ( 'NONE', #841, #2664, #3216, .T. ) ;
#2075 =( GEOMETRIC_REPRESENTATION_CONTEXT ( 3 ) GLOBAL_UNCERTAINTY_ASSIGNED_CONTEXT ( ( #2352 ) ) GLOBAL_UNIT_ASSIGNED_CONTEXT ( ( #2453, #1866, #2863 ) ) REPRESENTATION_CONTEXT ( 'NONE', 'WORKASPACE' ) );
#2076 = MECHANICAL_DESIGN_GEOMETRIC_PRESENTATION_REPRESENTATION (  '', ( #3672 ), #2866 ) ;
#2077 = DIRECTION ( 'NONE',  ( 0.000000000000000000, 0.000000000000000000, -1.000000000000000000 ) ) ;
#2078 =( LENGTH_UNIT ( ) NAMED_UNIT ( * ) SI_UNIT ( .MILLI., .METRE. ) );
#2079 = CARTESIAN_POINT ( 'NONE',  ( -4.036275567115370499, -22.50000000000000000, -8.699999999999999289 ) ) ;
#2080 = CARTESIAN_POINT ( 'NONE',  ( -0.3999999999999958589, -24.49999999999998934, 1.600000000000000755 ) ) ;
#2081 = ORIENTED_EDGE ( 'NONE', *, *, #1954, .T. ) ;
#2082 = CARTESIAN_POINT ( 'NONE',  ( -14.99999999999999289, 0.3999999999999901967, 8.699999999999999289 ) ) ;
#2083 =( NAMED_UNIT ( * ) SI_UNIT ( $, .STERADIAN. ) SOLID_ANGLE_UNIT ( ) );
#2084 = EDGE_CURVE ( 'NONE', #3483, #2345, #3864, .T. ) ;
#2085 = DIRECTION ( 'NONE',  ( -0.000000000000000000, -0.000000000000000000, -1.000000000000000000 ) ) ;
#2086 = ORIENTED_EDGE ( 'NONE', *, *, #776, .F. ) ;
#2087 =( NAMED_UNIT ( * ) PLANE_ANGLE_UNIT ( ) SI_UNIT ( $, .RADIAN. ) );
#2088 = DIRECTION ( 'NONE',  ( 2.168404344971009115E-16, -1.000000000000000000, 0.000000000000000000 ) ) ;
#2089 = EDGE_CURVE ( 'NONE', #2183, #903, #2891, .T. ) ;
#2090 = FACE_OUTER_BOUND ( 'NONE', #278, .T. ) ;
#2091 = ORIENTED_EDGE ( 'NONE', *, *, #2249, .F. ) ;
#2092 = ORIENTED_EDGE ( 'NONE', *, *, #3859, .F. ) ;
#2093 = EDGE_CURVE ( 'NONE', #714, #3510, #1341, .T. ) ;
#2094 = LINE ( 'NONE', #1718, #1740 ) ;
#2095 =( NAMED_UNIT ( * ) PLANE_ANGLE_UNIT ( ) SI_UNIT ( $, .RADIAN. ) );
#2096 = PRESENTATION_STYLE_ASSIGNMENT (( #140 ) ) ;
#2097 = CARTESIAN_POINT ( 'NONE',  ( 8.999999999999998224, -28.99999999999998934, 0.1000000000000004774 ) ) ;
#2098 = FACE_OUTER_BOUND ( 'NONE', #1095, .T. ) ;
#2099 = CARTESIAN_POINT ( 'NONE',  ( 0.000000000000000000, 0.000000000000000000, -6.699999999999999289 ) ) ;
#2100 = ORIENTED_EDGE ( 'NONE', *, *, #913, .T. ) ;
#2101 = VECTOR ( 'NONE', #336, 1000.000000000000000 ) ;
#2102 = CARTESIAN_POINT ( 'NONE',  ( -10.79999999999999361, -21.49999999999999289, 3.100000000000000533 ) ) ;
#2103 = VECTOR ( 'NONE', #2635, 1000.000000000000114 ) ;
#2104 = ORIENTED_EDGE ( 'NONE', *, *, #3971, .F. ) ;
#2105 = DIRECTION ( 'NONE',  ( 1.000000000000000000, 2.168404344971008868E-16, 0.000000000000000000 ) ) ;
#2106 = DIRECTION ( 'NONE',  ( 1.476360405086644802E-16, 1.000000000000000000, -0.000000000000000000 ) ) ;
#2107 = MECHANICAL_DESIGN_GEOMETRIC_PRESENTATION_REPRESENTATION (  '', ( #3089 ), #2640 ) ;
#2108 = COLOUR_RGB ( '',0.6274509803921568540, 0.6274509803921568540, 0.6274509803921568540 ) ;
#2109 =( LENGTH_UNIT ( ) NAMED_UNIT ( * ) SI_UNIT ( .MILLI., .METRE. ) );
#2110 = DIRECTION ( 'NONE',  ( 1.000000000000000000, 0.000000000000000000, 0.000000000000000000 ) ) ;
#2111 = ORIENTED_EDGE ( 'NONE', *, *, #2872, .F. ) ;
#2112 = STYLED_ITEM ( 'NONE', ( #2826 ), #224 ) ;
#2113 = ORIENTED_EDGE ( 'NONE', *, *, #1232, .F. ) ;
#2114 = CARTESIAN_POINT ( 'NONE',  ( 15.00000000000000711, -0.6000000000000021982, 6.700000000000001066 ) ) ;
#2115 = STYLED_ITEM ( 'NONE', ( #1091 ), #844 ) ;
#2116 = FILL_AREA_STYLE_COLOUR ( '', #1386 ) ;
#2117 = DIRECTION ( 'NONE',  ( 0.7071067811865479058, -0.7071067811865472397, -0.000000000000000000 ) ) ;
#2118 = EDGE_LOOP ( 'NONE', ( #4012, #672, #413, #2233 ) ) ;
#2119 = DIRECTION ( 'NONE',  ( 0.7071067811865474617, -0.000000000000000000, -0.7071067811865474617 ) ) ;
#2120 = ORIENTED_EDGE ( 'NONE', *, *, #3796, .F. ) ;
#2121 = CARTESIAN_POINT ( 'NONE',  ( 13.99999999999999822, 1.399999999999999689, -8.699999999999999289 ) ) ;
#2122 = B_SPLINE_CURVE_WITH_KNOTS ( 'NONE', 3,
 ( #2794, #2513, #4069, #4083, #2490, #2198 ),
 .UNSPECIFIED., .F., .F.,
 ( 4, 2, 4 ),
 ( 0.000000000000000000, 0.001162557312379166631, 0.002325114624758333262 ),
 .UNSPECIFIED. ) ;
#2123 = STYLED_ITEM ( 'NONE', ( #2791 ), #1164 ) ;
#2124 = LINE ( 'NONE', #2673, #2901 ) ;
#2125 = CARTESIAN_POINT ( 'NONE',  ( -14.99999999999999645, -23.49999999999999289, -0.9000000000000005773 ) ) ;
#2126 = ORIENTED_EDGE ( 'NONE', *, *, #1515, .T. ) ;
#2127 =( GEOMETRIC_REPRESENTATION_CONTEXT ( 3 ) GLOBAL_UNCERTAINTY_ASSIGNED_CONTEXT ( ( #665 ) ) GLOBAL_UNIT_ASSIGNED_CONTEXT ( ( #392, #1308, #3277 ) ) REPRESENTATION_CONTEXT ( 'NONE', 'WORKASPACE' ) );
#2128 = ORIENTED_EDGE ( 'NONE', *, *, #1758, .F. ) ;
#2129 =( GEOMETRIC_REPRESENTATION_CONTEXT ( 3 ) GLOBAL_UNCERTAINTY_ASSIGNED_CONTEXT ( ( #3595 ) ) GLOBAL_UNIT_ASSIGNED_CONTEXT ( ( #1470, #3961, #3636 ) ) REPRESENTATION_CONTEXT ( 'NONE', 'WORKASPACE' ) );
#2130 = MECHANICAL_DESIGN_GEOMETRIC_PRESENTATION_REPRESENTATION (  '', ( #3922 ), #809 ) ;
#2131 = VECTOR ( 'NONE', #176, 1000.000000000000114 ) ;
#2132 = CARTESIAN_POINT ( 'NONE',  ( 9.700000000000006395, -0.6000000000000046407, 2.800000000000001155 ) ) ;
#2133 = COLOUR_RGB ( '',0.6274509803921568540, 0.6274509803921568540, 0.6274509803921568540 ) ;
#2134 = ADVANCED_FACE ( 'NONE', ( #4095 ), #40, .T. ) ;
#2135 = EDGE_CURVE ( 'NONE', #3144, #4017, #60, .T. ) ;
#2136 = MECHANICAL_DESIGN_GEOMETRIC_PRESENTATION_REPRESENTATION (  '', ( #3260 ), #405 ) ;
#2137 = DIRECTION ( 'NONE',  ( -1.000000000000000000, 0.000000000000000000, 0.000000000000000000 ) ) ;
#2138 = VERTEX_POINT ( 'NONE', #3477 ) ;
#2139 = FACE_OUTER_BOUND ( 'NONE', #633, .T. ) ;
#2140 = VECTOR ( 'NONE', #486, 1000.000000000000000 ) ;
#2141 = EDGE_CURVE ( 'NONE', #3195, #262, #2558, .T. ) ;
#2142 = EDGE_CURVE ( 'NONE', #3642, #2520, #1260, .T. ) ;
#2143 = PRESENTATION_STYLE_ASSIGNMENT (( #1895 ) ) ;
#2144 = PRESENTATION_STYLE_ASSIGNMENT (( #2211 ) ) ;
#2145 = ORIENTED_EDGE ( 'NONE', *, *, #1215, .T. ) ;
#2146 = UNCERTAINTY_MEASURE_WITH_UNIT (LENGTH_MEASURE( 1.000000000000000082E-05 ), #268, 'distance_accuracy_value', 'NONE');
#2147 = DIRECTION ( 'NONE',  ( 1.168223555568280585E-16, -0.7071067811865446862, 0.7071067811865503483 ) ) ;
#2148 = DIRECTION ( 'NONE',  ( 1.000000000000000000, 0.000000000000000000, 0.000000000000000000 ) ) ;
#2149 = FACE_OUTER_BOUND ( 'NONE', #1731, .T. ) ;
#2150 = EDGE_LOOP ( 'NONE', ( #926, #79, #2542, #2027 ) ) ;
#2151 = ORIENTED_EDGE ( 'NONE', *, *, #3919, .F. ) ;
#2152 = CARTESIAN_POINT ( 'NONE',  ( -5.999999999999993783, -4.600000000000002309, 4.800000000000001599 ) ) ;
#2153 = DIRECTION ( 'NONE',  ( -1.000000000000000000, 0.000000000000000000, 0.000000000000000000 ) ) ;
#2154 =( NAMED_UNIT ( * ) SI_UNIT ( $, .STERADIAN. ) SOLID_ANGLE_UNIT ( ) );
#2155 = PRESENTATION_STYLE_ASSIGNMENT (( #1506 ) ) ;
#2156 = PLANE ( 'NONE',  #3356 ) ;
#2157 = FILL_AREA_STYLE ('',( #1475 ) ) ;
#2158 = DIRECTION ( 'NONE',  ( -1.000000000000000000, 0.000000000000000000, 0.000000000000000000 ) ) ;
#2159 = DIRECTION ( 'NONE',  ( 0.000000000000000000, 1.000000000000000000, 0.000000000000000000 ) ) ;
#2160 = ORIENTED_EDGE ( 'NONE', *, *, #3484, .T. ) ;
#2161 = DIRECTION ( 'NONE',  ( -0.8890394377536184889, 0.4578306216481484725, 0.000000000000000000 ) ) ;
#2162 = FILL_AREA_STYLE ('',( #3806 ) ) ;
#2163 = EDGE_LOOP ( 'NONE', ( #2743, #1603 ) ) ;
#2164 = AXIS2_PLACEMENT_3D ( 'NONE', #2828, #3515, #3552 ) ;
#2165 = PRESENTATION_STYLE_ASSIGNMENT (( #516 ) ) ;
#2166 = LINE ( 'NONE', #1212, #447 ) ;
#2167 = CARTESIAN_POINT ( 'NONE',  ( 3.700000000000006395, -7.000000000000000888, -6.699999999999999289 ) ) ;
#2168 = UNCERTAINTY_MEASURE_WITH_UNIT (LENGTH_MEASURE( 1.000000000000000082E-05 ), #2528, 'distance_accuracy_value', 'NONE');
#2169 = VERTEX_POINT ( 'NONE', #24 ) ;
#2170 = EDGE_LOOP ( 'NONE', ( #925, #233, #3491 ) ) ;
#2171 =( GEOMETRIC_REPRESENTATION_CONTEXT ( 3 ) GLOBAL_UNCERTAINTY_ASSIGNED_CONTEXT ( ( #296 ) ) GLOBAL_UNIT_ASSIGNED_CONTEXT ( ( #1416, #2005, #2065 ) ) REPRESENTATION_CONTEXT ( 'NONE', 'WORKASPACE' ) );
#2172 = UNCERTAINTY_MEASURE_WITH_UNIT (LENGTH_MEASURE( 1.000000000000000082E-05 ), #2662, 'distance_accuracy_value', 'NONE');
#2173 = CARTESIAN_POINT ( 'NONE',  ( -5.999999999999994671, -0.6000000000000021982, 6.700000000000001066 ) ) ;
#2174 = ORIENTED_EDGE ( 'NONE', *, *, #2268, .F. ) ;
#2175 = CARTESIAN_POINT ( 'NONE',  ( 2.745987990090462905, -24.65893258384168263, 1.600000000000000755 ) ) ;
#2176 = SURFACE_SIDE_STYLE ('',( #521 ) ) ;
#2177 = LINE ( 'NONE', #3147, #2305 ) ;
#2178 = FILL_AREA_STYLE_COLOUR ( '', #4043 ) ;
#2179 = ORIENTED_EDGE ( 'NONE', *, *, #2093, .F. ) ;
#2180 = CARTESIAN_POINT ( 'NONE',  ( -14.99999999999999289, -0.6000000000000021982, 6.700000000000001066 ) ) ;
#2181 = PRESENTATION_LAYER_ASSIGNMENT (  '', '', ( #1326 ) ) ;
#2182 =( LENGTH_UNIT ( ) NAMED_UNIT ( * ) SI_UNIT ( .MILLI., .METRE. ) );
#2183 = VERTEX_POINT ( 'NONE', #1306 ) ;
#2184 = FILL_AREA_STYLE ('',( #269 ) ) ;
#2185 = UNCERTAINTY_MEASURE_WITH_UNIT (LENGTH_MEASURE( 1.000000000000000082E-05 ), #2899, 'distance_accuracy_value', 'NONE');
#2186 = ADVANCED_FACE ( 'NONE', ( #3829 ), #977, .T. ) ;
#2187 = CARTESIAN_POINT ( 'NONE',  ( 13.00000000000000711, -0.6000000000000030864, 2.168404344971008868E-15 ) ) ;
#2188 = EDGE_CURVE ( 'NONE', #2677, #3823, #2702, .T. ) ;
#2189 = LINE ( 'NONE', #3430, #2893 ) ;
#2190 = PLANE ( 'NONE',  #1931 ) ;
#2191 = LINE ( 'NONE', #1792, #13 ) ;
#2192 = EDGE_LOOP ( 'NONE', ( #1744, #1202, #827, #1848, #1478, #3293 ) ) ;
#2193 = ORIENTED_EDGE ( 'NONE', *, *, #616, .T. ) ;
#2194 = VECTOR ( 'NONE', #2119, 1000.000000000000114 ) ;
#2195 = STYLED_ITEM ( 'NONE', ( #2816 ), #3882 ) ;
#2196 = EDGE_CURVE ( 'NONE', #3483, #895, #2308, .T. ) ;
#2197 = DIRECTION ( 'NONE',  ( 0.000000000000000000, 0.000000000000000000, -1.000000000000000000 ) ) ;
#2198 = CARTESIAN_POINT ( 'NONE',  ( -3.212198625402785446, -23.08083161982705889, -0.9000000000000002442 ) ) ;
#2199 =( NAMED_UNIT ( * ) SI_UNIT ( $, .STERADIAN. ) SOLID_ANGLE_UNIT ( ) );
#2200 = PRESENTATION_LAYER_ASSIGNMENT (  '', '', ( #1933 ) ) ;
#2201 =( NAMED_UNIT ( * ) PLANE_ANGLE_UNIT ( ) SI_UNIT ( $, .RADIAN. ) );
#2202 = VECTOR ( 'NONE', #2485, 1000.000000000000000 ) ;
#2203 = PRESENTATION_LAYER_ASSIGNMENT (  '', '', ( #2338 ) ) ;
#2204 = PLANE ( 'NONE',  #2208 ) ;
#2205 = VERTEX_POINT ( 'NONE', #2026 ) ;
#2206 = SURFACE_STYLE_FILL_AREA ( #3780 ) ;
#2207 = EDGE_CURVE ( 'NONE', #175, #3642, #2499, .T. ) ;
#2208 = AXIS2_PLACEMENT_3D ( 'NONE', #1651, #988, #3529 ) ;
#2209 = AXIS2_PLACEMENT_3D ( 'NONE', #1656, #3844, #3255 ) ;
#2210 = SURFACE_STYLE_FILL_AREA ( #2162 ) ;
#2211 = SURFACE_STYLE_USAGE ( .BOTH. , #2456 ) ;
#2212 = ORIENTED_EDGE ( 'NONE', *, *, #3910, .T. ) ;
#2213 = DIRECTION ( 'NONE',  ( -0.000000000000000000, -0.000000000000000000, -1.000000000000000000 ) ) ;
#2214 = EDGE_CURVE ( 'NONE', #1358, #2525, #1360, .T. ) ;
#2215 = LINE ( 'NONE', #1586, #4105 ) ;
#2216 = DIRECTION ( 'NONE',  ( 0.000000000000000000, 1.000000000000000000, 0.000000000000000000 ) ) ;
#2217 =( NAMED_UNIT ( * ) PLANE_ANGLE_UNIT ( ) SI_UNIT ( $, .RADIAN. ) );
#2218 = ORIENTED_EDGE ( 'NONE', *, *, #3918, .T. ) ;
#2219 = ORIENTED_EDGE ( 'NONE', *, *, #2813, .T. ) ;
#2220 = EDGE_CURVE ( 'NONE', #1687, #1713, #3929, .T. ) ;
#2221 = CARTESIAN_POINT ( 'NONE',  ( 15.00000000000000711, -2.000000000000000000, -7.700000000000005507 ) ) ;
#2222 = ORIENTED_EDGE ( 'NONE', *, *, #799, .T. ) ;
#2223 =( NAMED_UNIT ( * ) PLANE_ANGLE_UNIT ( ) SI_UNIT ( $, .RADIAN. ) );
#2224 = PRESENTATION_STYLE_ASSIGNMENT (( #2637 ) ) ;
#2225 = SURFACE_SIDE_STYLE ('',( #1539 ) ) ;
#2226 = ORIENTED_EDGE ( 'NONE', *, *, #2364, .F. ) ;
#2227 = PRESENTATION_STYLE_ASSIGNMENT (( #3495 ) ) ;
#2228 = ORIENTED_EDGE ( 'NONE', *, *, #1965, .F. ) ;
#2229 = SURFACE_SIDE_STYLE ('',( #1920 ) ) ;
#2230 = UNCERTAINTY_MEASURE_WITH_UNIT (LENGTH_MEASURE( 1.000000000000000082E-05 ), #3858, 'distance_accuracy_value', 'NONE');
#2231 = CARTESIAN_POINT ( 'NONE',  ( -13.99999999999998401, 1.399999999999999467, -7.699999999999991296 ) ) ;
#2232 = FACE_OUTER_BOUND ( 'NONE', #3441, .T. ) ;
#2233 = ORIENTED_EDGE ( 'NONE', *, *, #2344, .F. ) ;
#2234 = ORIENTED_EDGE ( 'NONE', *, *, #353, .F. ) ;
#2235 = ORIENTED_EDGE ( 'NONE', *, *, #784, .F. ) ;
#2236 = CIRCLE ( 'NONE', #4020, 1.499999999999999556 ) ;
#2237 = PRESENTATION_STYLE_ASSIGNMENT (( #3819 ) ) ;
#2238 = PRESENTATION_LAYER_ASSIGNMENT (  '', '', ( #2371 ) ) ;
#2239 = UNCERTAINTY_MEASURE_WITH_UNIT (LENGTH_MEASURE( 1.000000000000000082E-05 ), #3045, 'distance_accuracy_value', 'NONE');
#2240 =( NAMED_UNIT ( * ) PLANE_ANGLE_UNIT ( ) SI_UNIT ( $, .RADIAN. ) );
#2241 = ORIENTED_EDGE ( 'NONE', *, *, #1515, .F. ) ;
#2242 = CARTESIAN_POINT ( 'NONE',  ( -10.49999999999999112, -1.000000000000004441, 5.300000000000000711 ) ) ;
#2243 = PRESENTATION_LAYER_ASSIGNMENT (  '', '', ( #2309 ) ) ;
#2244 = AXIS2_PLACEMENT_3D ( 'NONE', #272, #248, #1520 ) ;
#2245 = VERTEX_POINT ( 'NONE', #1120 ) ;
#2246 = FILL_AREA_STYLE_COLOUR ( '', #3769 ) ;
#2247 = DIRECTION ( 'NONE',  ( 0.000000000000000000, -0.7071067811865474617, -0.7071067811865474617 ) ) ;
#2248 = EDGE_LOOP ( 'NONE', ( #2151, #545, #3560, #4018, #3119 ) ) ;
#2249 = EDGE_CURVE ( 'NONE', #3652, #2775, #2040, .T. ) ;
#2250 = DIRECTION ( 'NONE',  ( -0.000000000000000000, 1.548860246407863583E-16, 1.000000000000000000 ) ) ;
#2251 = LINE ( 'NONE', #1987, #2103 ) ;
#2252 = ADVANCED_FACE ( 'NONE', ( #82 ), #3906, .F. ) ;
#2253 =( GEOMETRIC_REPRESENTATION_CONTEXT ( 3 ) GLOBAL_UNCERTAINTY_ASSIGNED_CONTEXT ( ( #2239 ) ) GLOBAL_UNIT_ASSIGNED_CONTEXT ( ( #3045, #1189, #626 ) ) REPRESENTATION_CONTEXT ( 'NONE', 'WORKASPACE' ) );
#2254 = FILL_AREA_STYLE ('',( #2178 ) ) ;
#2255 = ORIENTED_EDGE ( 'NONE', *, *, #3838, .T. ) ;
#2256 = FACE_OUTER_BOUND ( 'NONE', #3710, .T. ) ;
#2257 =( GEOMETRIC_REPRESENTATION_CONTEXT ( 3 ) GLOBAL_UNCERTAINTY_ASSIGNED_CONTEXT ( ( #3538 ) ) GLOBAL_UNIT_ASSIGNED_CONTEXT ( ( #1608, #2217, #316 ) ) REPRESENTATION_CONTEXT ( 'NONE', 'WORKASPACE' ) );
#2258 = EDGE_CURVE ( 'NONE', #1012, #2993, #1726, .T. ) ;
#2259 = EDGE_CURVE ( 'NONE', #2786, #754, #1571, .T. ) ;
#2260 = EDGE_CURVE ( 'NONE', #1930, #755, #2515, .T. ) ;
#2261 = VECTOR ( 'NONE', #1568, 1000.000000000000000 ) ;
#2262 = SURFACE_STYLE_FILL_AREA ( #1600 ) ;
#2263 = PLANE ( 'NONE',  #2000 ) ;
#2264 = ORIENTED_EDGE ( 'NONE', *, *, #791, .F. ) ;
#2265 = DIRECTION ( 'NONE',  ( 0.000000000000000000, 1.000000000000000000, 0.000000000000000000 ) ) ;
#2266 = PRESENTATION_LAYER_ASSIGNMENT (  '', '', ( #675 ) ) ;
#2267 = EDGE_CURVE ( 'NONE', #783, #2405, #3685, .T. ) ;
#2268 = EDGE_CURVE ( 'NONE', #2138, #1523, #2177, .T. ) ;
#2269 = CARTESIAN_POINT ( 'NONE',  ( 3.700000000000006395, -7.000000000000000888, -4.199999999999999289 ) ) ;
#2270 = SURFACE_SIDE_STYLE ('',( #981 ) ) ;
#2271 = VECTOR ( 'NONE', #1759, 1000.000000000000000 ) ;
#2272 = FILL_AREA_STYLE_COLOUR ( '', #307 ) ;
#2273 = VECTOR ( 'NONE', #1907, 1000.000000000000114 ) ;
#2274 = CARTESIAN_POINT ( 'NONE',  ( -3.326491868414743092, -23.14455360989840571, -7.773327957923354070 ) ) ;
#2275 = ORIENTED_EDGE ( 'NONE', *, *, #647, .T. ) ;
#2276 = CARTESIAN_POINT ( 'NONE',  ( -10.49999999999999112, -0.6000000000000021982, 5.300000000000000711 ) ) ;
#2277 = SURFACE_STYLE_FILL_AREA ( #1626 ) ;
#2278 = SURFACE_STYLE_FILL_AREA ( #365 ) ;
#2279 = DIRECTION ( 'NONE',  ( 1.000000000000000000, -1.180814247261440551E-16, 0.000000000000000000 ) ) ;
#2280 = DIRECTION ( 'NONE',  ( -0.5773502691896257311, -0.5773502691896257311, -0.5773502691896257311 ) ) ;
#2281 = CARTESIAN_POINT ( 'NONE',  ( 13.00000000000000888, -21.49999999999999289, -6.699999999999999289 ) ) ;
#2282 = PRESENTATION_STYLE_ASSIGNMENT (( #3878 ) ) ;
#2283 = CARTESIAN_POINT ( 'NONE',  ( 13.00000000000000711, -3.600000000000001865, -6.699999999999999289 ) ) ;
#2284 = EDGE_LOOP ( 'NONE', ( #705, #3097, #1267, #3416, #4104, #3452 ) ) ;
#2285 = SURFACE_STYLE_USAGE ( .BOTH. , #1938 ) ;
#2286 = UNCERTAINTY_MEASURE_WITH_UNIT (LENGTH_MEASURE( 1.000000000000000082E-05 ), #1530, 'distance_accuracy_value', 'NONE');
#2287 = B_SPLINE_SURFACE_WITH_KNOTS ( 'NONE', 1, 1, ( 
 ( #4061, #3501 ),
 ( #1901, #250 ) ),
 .UNSPECIFIED., .F., .F., .F.,
 ( 2, 2 ),
 ( 2, 2 ),
 ( 0.000000000000000000, 1.000000000000000000 ),
 ( 0.000000000000000000, 1.000000000000000000 ),
 .UNSPECIFIED. ) ;
#2288 = DIRECTION ( 'NONE',  ( 0.000000000000000000, -1.000000000000000000, 0.000000000000000000 ) ) ;
#2289 = SURFACE_STYLE_FILL_AREA ( #1015 ) ;
#2290 = LINE ( 'NONE', #3220, #771 ) ;
#2291 = CARTESIAN_POINT ( 'NONE',  ( -14.99999999999999289, -22.50000000000000000, -8.699999999999999289 ) ) ;
#2292 = ORIENTED_EDGE ( 'NONE', *, *, #3101, .T. ) ;
#2293 = LINE ( 'NONE', #1592, #1730 ) ;
#2294 =( NAMED_UNIT ( * ) PLANE_ANGLE_UNIT ( ) SI_UNIT ( $, .RADIAN. ) );
#2295 = MECHANICAL_DESIGN_GEOMETRIC_PRESENTATION_REPRESENTATION (  '', ( #1096 ), #2897 ) ;
#2296 = AXIS2_PLACEMENT_3D ( 'NONE', #726, #1033, #3576 ) ;
#2297 = DIRECTION ( 'NONE',  ( 0.7071067811865475727, 0.7071067811865475727, 0.000000000000000000 ) ) ;
#2298 = CARTESIAN_POINT ( 'NONE',  ( 7.700000000000008171, -17.49999999999999645, -6.699999999999999289 ) ) ;
#2299 = PRESENTATION_LAYER_ASSIGNMENT (  '', '', ( #1099 ) ) ;
#2300 =( GEOMETRIC_REPRESENTATION_CONTEXT ( 3 ) GLOBAL_UNCERTAINTY_ASSIGNED_CONTEXT ( ( #4079 ) ) GLOBAL_UNIT_ASSIGNED_CONTEXT ( ( #3689, #3064, #2459 ) ) REPRESENTATION_CONTEXT ( 'NONE', 'WORKASPACE' ) );
#2301 = CARTESIAN_POINT ( 'NONE',  ( -13.24999999999999289, -4.500000000000002665, 5.699999999999993072 ) ) ;
#2302 =( NAMED_UNIT ( * ) SI_UNIT ( $, .STERADIAN. ) SOLID_ANGLE_UNIT ( ) );
#2303 = LINE ( 'NONE', #2644, #1343 ) ;
#2304 = AXIS2_PLACEMENT_3D ( 'NONE', #764, #2369, #1426 ) ;
#2305 = VECTOR ( 'NONE', #3488, 1000.000000000000000 ) ;
#2306 = ORIENTED_EDGE ( 'NONE', *, *, #1338, .T. ) ;
#2307 = CARTESIAN_POINT ( 'NONE',  ( 3.700000000000006395, -7.000000000000000888, -6.699999999999999289 ) ) ;
#2308 = LINE ( 'NONE', #1979, #1976 ) ;
#2309 = STYLED_ITEM ( 'NONE', ( #3824 ), #453 ) ;
#2310 = LINE ( 'NONE', #1961, #3787 ) ;
#2311 = DIRECTION ( 'NONE',  ( -1.000000000000000000, 0.000000000000000000, 0.000000000000000000 ) ) ;
#2312 =( GEOMETRIC_REPRESENTATION_CONTEXT ( 3 ) GLOBAL_UNCERTAINTY_ASSIGNED_CONTEXT ( ( #4096 ) ) GLOBAL_UNIT_ASSIGNED_CONTEXT ( ( #1827, #1286, #956 ) ) REPRESENTATION_CONTEXT ( 'NONE', 'WORKASPACE' ) );
#2313 = ADVANCED_FACE ( 'NONE', ( #2420 ), #2156, .T. ) ;
#2314 = FILL_AREA_STYLE ('',( #1035 ) ) ;
#2315 = ADVANCED_FACE ( 'NONE', ( #3470 ), #4070, .F. ) ;
#2316 =( GEOMETRIC_REPRESENTATION_CONTEXT ( 3 ) GLOBAL_UNCERTAINTY_ASSIGNED_CONTEXT ( ( #2619 ) ) GLOBAL_UNIT_ASSIGNED_CONTEXT ( ( #17, #3801, #1912 ) ) REPRESENTATION_CONTEXT ( 'NONE', 'WORKASPACE' ) );
#2317 = DIRECTION ( 'NONE',  ( -1.000000000000000000, 0.000000000000000000, 0.000000000000000000 ) ) ;
#2318 = DIRECTION ( 'NONE',  ( 0.7071067811865474617, 0.7071067811865474617, -0.000000000000000000 ) ) ;
#2319 = ORIENTED_EDGE ( 'NONE', *, *, #2917, .T. ) ;
#2320 = ADVANCED_FACE ( 'NONE', ( #1593 ), #1226, .F. ) ;
#2321 = LINE ( 'NONE', #1018, #1051 ) ;
#2322 = PRESENTATION_STYLE_ASSIGNMENT (( #1042 ) ) ;
#2323 = CARTESIAN_POINT ( 'NONE',  ( -9.499999999999991118, -2.000000000000005329, 5.300000000000000711 ) ) ;
#2324 = SURFACE_STYLE_USAGE ( .BOTH. , #3896 ) ;
#2325 =( GEOMETRIC_REPRESENTATION_CONTEXT ( 3 ) GLOBAL_UNCERTAINTY_ASSIGNED_CONTEXT ( ( #1335 ) ) GLOBAL_UNIT_ASSIGNED_CONTEXT ( ( #1041, #3857, #112 ) ) REPRESENTATION_CONTEXT ( 'NONE', 'WORKASPACE' ) );
#2326 = SURFACE_STYLE_FILL_AREA ( #1972 ) ;
#2327 = CARTESIAN_POINT ( 'NONE',  ( -2.149999999999996358, -24.49999999999998934, 3.100000000000000533 ) ) ;
#2328 = LINE ( 'NONE', #973, #2400 ) ;
#2329 =( GEOMETRIC_REPRESENTATION_CONTEXT ( 3 ) GLOBAL_UNCERTAINTY_ASSIGNED_CONTEXT ( ( #995 ) ) GLOBAL_UNIT_ASSIGNED_CONTEXT ( ( #1764, #531, #1076 ) ) REPRESENTATION_CONTEXT ( 'NONE', 'WORKASPACE' ) );
#2330 = ORIENTED_EDGE ( 'NONE', *, *, #2450, .T. ) ;
#2331 = CARTESIAN_POINT ( 'NONE',  ( -13.24999999999999112, -0.6000000000000021982, 1.100000000000002087 ) ) ;
#2332 = PRESENTATION_STYLE_ASSIGNMENT (( #3238 ) ) ;
#2333 =( GEOMETRIC_REPRESENTATION_CONTEXT ( 3 ) GLOBAL_UNCERTAINTY_ASSIGNED_CONTEXT ( ( #2906 ) ) GLOBAL_UNIT_ASSIGNED_CONTEXT ( ( #1847, #876, #290 ) ) REPRESENTATION_CONTEXT ( 'NONE', 'WORKASPACE' ) );
#2334 = PRESENTATION_LAYER_ASSIGNMENT (  '', '', ( #3464 ) ) ;
#2335 =( NAMED_UNIT ( * ) PLANE_ANGLE_UNIT ( ) SI_UNIT ( $, .RADIAN. ) );
#2336 = CARTESIAN_POINT ( 'NONE',  ( 1.355829056268836652, -21.49999999999999289, 1.600000000000000755 ) ) ;
#2337 = CARTESIAN_POINT ( 'NONE',  ( 0.000000000000000000, -16.50000000000000355, -4.199999999999999289 ) ) ;
#2338 = STYLED_ITEM ( 'NONE', ( #3947 ), #2645 ) ;
#2339 = CARTESIAN_POINT ( 'NONE',  ( 15.00000000000000711, -24.50000000000000000, 8.699999999999999289 ) ) ;
#2340 =( GEOMETRIC_REPRESENTATION_CONTEXT ( 3 ) GLOBAL_UNCERTAINTY_ASSIGNED_CONTEXT ( ( #2788 ) ) GLOBAL_UNIT_ASSIGNED_CONTEXT ( ( #2493, #2536, #3133 ) ) REPRESENTATION_CONTEXT ( 'NONE', 'WORKASPACE' ) );
#2341 = LINE ( 'NONE', #3205, #3244 ) ;
#2342 = LINE ( 'NONE', #106, #1007 ) ;
#2343 = ORIENTED_EDGE ( 'NONE', *, *, #2364, .T. ) ;
#2344 = EDGE_CURVE ( 'NONE', #3307, #3808, #1670, .T. ) ;
#2345 = VERTEX_POINT ( 'NONE', #1367 ) ;
#2346 = VECTOR ( 'NONE', #3310, 1000.000000000000000 ) ;
#2347 = SURFACE_SIDE_STYLE ('',( #2658 ) ) ;
#2348 = DIRECTION ( 'NONE',  ( -0.7071067811865479058, 0.7071067811865472397, -0.000000000000000000 ) ) ;
#2349 = LINE ( 'NONE', #759, #2067 ) ;
#2350 = ORIENTED_EDGE ( 'NONE', *, *, #1758, .T. ) ;
#2351 = FILL_AREA_STYLE ('',( #3054 ) ) ;
#2352 = UNCERTAINTY_MEASURE_WITH_UNIT (LENGTH_MEASURE( 1.000000000000000082E-05 ), #2453, 'distance_accuracy_value', 'NONE');
#2353 = ORIENTED_EDGE ( 'NONE', *, *, #1014, .F. ) ;
#2354 = DIRECTION ( 'NONE',  ( -1.000000000000000000, 0.000000000000000000, 0.000000000000000000 ) ) ;
#2355 =( LENGTH_UNIT ( ) NAMED_UNIT ( * ) SI_UNIT ( .MILLI., .METRE. ) );
#2356 = FACE_OUTER_BOUND ( 'NONE', #3523, .T. ) ;
#2357 = VERTEX_POINT ( 'NONE', #716 ) ;
#2358 = CARTESIAN_POINT ( 'NONE',  ( -10.79999999999999005, -28.99999999999998934, 0.1000000000000004774 ) ) ;
#2359 = FILL_AREA_STYLE ('',( #1402 ) ) ;
#2360 = EDGE_LOOP ( 'NONE', ( #629, #1184, #3623, #982 ) ) ;
#2361 = EDGE_LOOP ( 'NONE', ( #2408, #532, #3827, #2980 ) ) ;
#2362 = FILL_AREA_STYLE_COLOUR ( '', #3840 ) ;
#2363 = FILL_AREA_STYLE ('',( #3941 ) ) ;
#2364 = EDGE_CURVE ( 'NONE', #4017, #1937, #2251, .T. ) ;
#2365 = ORIENTED_EDGE ( 'NONE', *, *, #3295, .T. ) ;
#2366 = VECTOR ( 'NONE', #625, 1000.000000000000114 ) ;
#2367 = SURFACE_STYLE_FILL_AREA ( #2351 ) ;
#2368 = VERTEX_POINT ( 'NONE', #2549 ) ;
#2369 = DIRECTION ( 'NONE',  ( -0.000000000000000000, 1.000000000000000000, 1.267249292515524794E-16 ) ) ;
#2370 = AXIS2_PLACEMENT_3D ( 'NONE', #1223, #1743, #3594 ) ;
#2371 = STYLED_ITEM ( 'NONE', ( #1359 ), #301 ) ;
#2372 = ADVANCED_FACE ( 'NONE', ( #2615 ), #1005, .T. ) ;
#2373 = SURFACE_STYLE_FILL_AREA ( #1807 ) ;
#2374 = DIRECTION ( 'NONE',  ( 0.000000000000000000, 1.000000000000000000, -2.224004456380521903E-16 ) ) ;
#2375 = ORIENTED_EDGE ( 'NONE', *, *, #4047, .F. ) ;
#2376 = PRESENTATION_STYLE_ASSIGNMENT (( #3042 ) ) ;
#2377 = CARTESIAN_POINT ( 'NONE',  ( -5.999999999999994671, -0.6000000000000021982, 4.800000000000001599 ) ) ;
#2378 = VECTOR ( 'NONE', #2964, 1000.000000000000000 ) ;
#2379 = SURFACE_STYLE_FILL_AREA ( #1400 ) ;
#2380 = FILL_AREA_STYLE_COLOUR ( '', #132 ) ;
#2381 = VECTOR ( 'NONE', #2809, 1000.000000000000000 ) ;
#2382 = ORIENTED_EDGE ( 'NONE', *, *, #4046, .T. ) ;
#2383 = ORIENTED_EDGE ( 'NONE', *, *, #1906, .F. ) ;
#2384 = CARTESIAN_POINT ( 'NONE',  ( -14.99999999999999645, -21.49999999999999289, -6.699999999999999289 ) ) ;
#2385 =( GEOMETRIC_REPRESENTATION_CONTEXT ( 3 ) GLOBAL_UNCERTAINTY_ASSIGNED_CONTEXT ( ( #1654 ) ) GLOBAL_UNIT_ASSIGNED_CONTEXT ( ( #1573, #2223, #286 ) ) REPRESENTATION_CONTEXT ( 'NONE', 'WORKASPACE' ) );
#2386 = FACE_OUTER_BOUND ( 'NONE', #1997, .T. ) ;
#2387 = CARTESIAN_POINT ( 'NONE',  ( 2.745987990090463349, -24.65893258384168263, -0.9000000000000003553 ) ) ;
#2388 = DIRECTION ( 'NONE',  ( 1.000000000000000000, 0.000000000000000000, 0.000000000000000000 ) ) ;
#2389 = CARTESIAN_POINT ( 'NONE',  ( 5.200000000000006395, -0.6000000000000040856, 5.300000000000000711 ) ) ;
#2390 = ADVANCED_FACE ( 'NONE', ( #382 ), #1614, .T. ) ;
#2391 = LINE ( 'NONE', #4009, #251 ) ;
#2392 = LINE ( 'NONE', #3682, #1943 ) ;
#2393 = DIRECTION ( 'NONE',  ( -1.000000000000000000, 0.000000000000000000, 0.000000000000000000 ) ) ;
#2394 = ORIENTED_EDGE ( 'NONE', *, *, #1952, .T. ) ;
#2395 = ADVANCED_FACE ( 'NONE', ( #642 ), #338, .F. ) ;
#2396 = VECTOR ( 'NONE', #3558, 1000.000000000000000 ) ;
#2397 = EDGE_CURVE ( 'NONE', #836, #2368, #249, .T. ) ;
#2398 = ORIENTED_EDGE ( 'NONE', *, *, #331, .T. ) ;
#2399 = EDGE_CURVE ( 'NONE', #895, #1733, #3159, .T. ) ;
#2400 = VECTOR ( 'NONE', #3256, 1000.000000000000000 ) ;
#2401 = CARTESIAN_POINT ( 'NONE',  ( 9.000000000000005329, -18.75999999999999801, 3.300000000000000711 ) ) ;
#2402 = PRESENTATION_STYLE_ASSIGNMENT (( #1127 ) ) ;
#2403 =( GEOMETRIC_REPRESENTATION_CONTEXT ( 3 ) GLOBAL_UNCERTAINTY_ASSIGNED_CONTEXT ( ( #2021 ) ) GLOBAL_UNIT_ASSIGNED_CONTEXT ( ( #2733, #3772, #4038 ) ) REPRESENTATION_CONTEXT ( 'NONE', 'WORKASPACE' ) );
#2404 = COLOUR_RGB ( '',0.6274509803921568540, 0.6274509803921568540, 0.6274509803921568540 ) ;
#2405 = VERTEX_POINT ( 'NONE', #2483 ) ;
#2406 = LINE ( 'NONE', #87, #1547 ) ;
#2407 = ORIENTED_EDGE ( 'NONE', *, *, #962, .F. ) ;
#2408 = ORIENTED_EDGE ( 'NONE', *, *, #2556, .T. ) ;
#2409 = MECHANICAL_DESIGN_GEOMETRIC_PRESENTATION_REPRESENTATION (  '', ( #1665 ), #2929 ) ;
#2410 = VECTOR ( 'NONE', #414, 1000.000000000000000 ) ;
#2411 = CARTESIAN_POINT ( 'NONE',  ( -13.24999999999999289, -0.6000000000000028644, 1.100000000000002087 ) ) ;
#2412 = PRESENTATION_STYLE_ASSIGNMENT (( #1136 ) ) ;
#2413 = AXIS2_PLACEMENT_3D ( 'NONE', #3268, #2014, #3609 ) ;
#2414 = CARTESIAN_POINT ( 'NONE',  ( 10.00000000000000533, -25.49999999999999645, -1.099999999999999423 ) ) ;
#2415 = CARTESIAN_POINT ( 'NONE',  ( -13.99999999999999112, -23.49999999999999289, -6.699999999999999289 ) ) ;
#2416 = SURFACE_SIDE_STYLE ('',( #3273 ) ) ;
#2417 =( LENGTH_UNIT ( ) NAMED_UNIT ( * ) SI_UNIT ( .MILLI., .METRE. ) );
#2418 = ORIENTED_EDGE ( 'NONE', *, *, #2258, .F. ) ;
#2419 = SURFACE_STYLE_FILL_AREA ( #1144 ) ;
#2420 = FACE_OUTER_BOUND ( 'NONE', #619, .T. ) ;
#2421 = DIRECTION ( 'NONE',  ( 0.7071067811865500152, 0.7071067811865451302, -0.000000000000000000 ) ) ;
#2422 = CARTESIAN_POINT ( 'NONE',  ( 13.99999999999999822, 0.3999999999999900857, 6.700000000000001066 ) ) ;
#2423 = ORIENTED_EDGE ( 'NONE', *, *, #1535, .F. ) ;
#2424 = DIRECTION ( 'NONE',  ( -0.7071067811865475727, 0.000000000000000000, 0.7071067811865475727 ) ) ;
#2425 = SURFACE_STYLE_FILL_AREA ( #535 ) ;
#2426 = DIRECTION ( 'NONE',  ( -0.000000000000000000, 0.7071067811865451302, 0.7071067811865499042 ) ) ;
#2427 = ORIENTED_EDGE ( 'NONE', *, *, #3859, .T. ) ;
#2428 = ADVANCED_BREP_SHAPE_REPRESENTATION ( 'COVER_PCB_L', ( #3882, #3388 ), #3525 ) ;
#2429 = ORIENTED_EDGE ( 'NONE', *, *, #2267, .F. ) ;
#2430 = DIRECTION ( 'NONE',  ( 0.000000000000000000, 0.000000000000000000, 1.000000000000000000 ) ) ;
#2431 = CARTESIAN_POINT ( 'NONE',  ( -14.99999999999999289, -2.000000000000000000, 8.699999999999999289 ) ) ;
#2432 = DIRECTION ( 'NONE',  ( -0.7071067811865500152, -0.000000000000000000, -0.7071067811865451302 ) ) ;
#2433 = DIRECTION ( 'NONE',  ( 0.000000000000000000, 0.000000000000000000, 1.000000000000000000 ) ) ;
#2434 = EDGE_LOOP ( 'NONE', ( #644, #662, #954, #1488, #539, #1158, #2669 ) ) ;
#2435 = AXIS2_PLACEMENT_3D ( 'NONE', #2231, #1549, #923 ) ;
#2436 = DIRECTION ( 'NONE',  ( 0.000000000000000000, -1.267249292515524794E-16, 1.000000000000000000 ) ) ;
#2437 = VERTEX_POINT ( 'NONE', #1521 ) ;
#2438 = PRESENTATION_STYLE_ASSIGNMENT (( #1432 ) ) ;
#2439 = AXIS2_PLACEMENT_3D ( 'NONE', #932, #2161, #3417 ) ;
#2440 = SURFACE_STYLE_USAGE ( .BOTH. , #1101 ) ;
#2441 = LINE ( 'NONE', #518, #2202 ) ;
#2442 = VERTEX_POINT ( 'NONE', #3745 ) ;
#2443 = MECHANICAL_DESIGN_GEOMETRIC_PRESENTATION_REPRESENTATION (  '', ( #914 ), #3093 ) ;
#2444 = ORIENTED_EDGE ( 'NONE', *, *, #3373, .F. ) ;
#2445 = EDGE_CURVE ( 'NONE', #239, #3106, #1288, .T. ) ;
#2446 = AXIS2_PLACEMENT_3D ( 'NONE', #2056, #158, #2718 ) ;
#2447 =( LENGTH_UNIT ( ) NAMED_UNIT ( * ) SI_UNIT ( .MILLI., .METRE. ) );
#2448 = PRESENTATION_LAYER_ASSIGNMENT (  '', '', ( #53 ) ) ;
#2449 = EDGE_CURVE ( 'NONE', #1242, #3214, #2189, .T. ) ;
#2450 = EDGE_CURVE ( 'NONE', #2183, #538, #579, .T. ) ;
#2451 = MECHANICAL_DESIGN_GEOMETRIC_PRESENTATION_REPRESENTATION (  '', ( #326 ), #1188 ) ;
#2452 = SURFACE_STYLE_USAGE ( .BOTH. , #544 ) ;
#2453 =( LENGTH_UNIT ( ) NAMED_UNIT ( * ) SI_UNIT ( .MILLI., .METRE. ) );
#2454 = ORIENTED_EDGE ( 'NONE', *, *, #1963, .F. ) ;
#2455 = CARTESIAN_POINT ( 'NONE',  ( 15.00000000000000711, -24.50000000000000000, -5.799999999999999822 ) ) ;
#2456 = SURFACE_SIDE_STYLE ('',( #937 ) ) ;
#2457 = ORIENTED_EDGE ( 'NONE', *, *, #3376, .T. ) ;
#2458 =( NAMED_UNIT ( * ) SI_UNIT ( $, .STERADIAN. ) SOLID_ANGLE_UNIT ( ) );
#2459 =( NAMED_UNIT ( * ) SI_UNIT ( $, .STERADIAN. ) SOLID_ANGLE_UNIT ( ) );
#2460 = MECHANICAL_DESIGN_GEOMETRIC_PRESENTATION_REPRESENTATION (  '', ( #4 ), #2253 ) ;
#2461 = DIRECTION ( 'NONE',  ( 0.000000000000000000, 0.000000000000000000, 1.000000000000000000 ) ) ;
#2462 = SURFACE_SIDE_STYLE ('',( #277 ) ) ;
#2463 = ORIENTED_EDGE ( 'NONE', *, *, #666, .T. ) ;
#2464 = MECHANICAL_DESIGN_GEOMETRIC_PRESENTATION_REPRESENTATION (  '', ( #1337 ), #2329 ) ;
#2465 = VERTEX_POINT ( 'NONE', #608 ) ;
#2466 = APPLICATION_PROTOCOL_DEFINITION ( 'draft international standard', 'automotive_design', 1998, #3071 ) ;
#2467 =( NAMED_UNIT ( * ) PLANE_ANGLE_UNIT ( ) SI_UNIT ( $, .RADIAN. ) );
#2468 = LINE ( 'NONE', #1224, #867 ) ;
#2469 = SURFACE_STYLE_FILL_AREA ( #1816 ) ;
#2470 = PRESENTATION_LAYER_ASSIGNMENT (  '', '', ( #3465 ) ) ;
#2471 = VECTOR ( 'NONE', #2247, 1000.000000000000114 ) ;
#2472 = FACE_OUTER_BOUND ( 'NONE', #1686, .T. ) ;
#2473 = AXIS2_PLACEMENT_3D ( 'NONE', #1388, #2989, #787 ) ;
#2474 = CARTESIAN_POINT ( 'NONE',  ( 13.00000000000000711, -0.6000000000000021982, -6.699999999999999289 ) ) ;
#2475 = SURFACE_SIDE_STYLE ('',( #1891 ) ) ;
#2476 = ORIENTED_EDGE ( 'NONE', *, *, #2698, .F. ) ;
#2477 = MECHANICAL_DESIGN_GEOMETRIC_PRESENTATION_REPRESENTATION (  '', ( #81 ), #18 ) ;
#2478 = EDGE_LOOP ( 'NONE', ( #2676, #3601, #651, #3049, #2552 ) ) ;
#2479 = PRESENTATION_STYLE_ASSIGNMENT (( #955 ) ) ;
#2480 = FACE_OUTER_BOUND ( 'NONE', #3503, .T. ) ;
#2481 = UNCERTAINTY_MEASURE_WITH_UNIT (LENGTH_MEASURE( 1.000000000000000082E-05 ), #693, 'distance_accuracy_value', 'NONE');
#2482 = SURFACE_STYLE_USAGE ( .BOTH. , #193 ) ;
#2483 = CARTESIAN_POINT ( 'NONE',  ( 9.700000000000006395, -0.6000000000000046407, 2.800000000000001155 ) ) ;
#2484 = CARTESIAN_POINT ( 'NONE',  ( 2.683535071841889774, -25.19101151057556720, -0.3338197415322295969 ) ) ;
#2485 = DIRECTION ( 'NONE',  ( -1.000000000000000000, 2.312964634635742464E-16, 0.000000000000000000 ) ) ;
#2486 = ORIENTED_EDGE ( 'NONE', *, *, #234, .F. ) ;
#2487 = ORIENTED_EDGE ( 'NONE', *, *, #1086, .T. ) ;
#2488 = SHAPE_DEFINITION_REPRESENTATION ( #656, #2428 ) ;
#2489 = VERTEX_POINT ( 'NONE', #1878 ) ;
#2490 = CARTESIAN_POINT ( 'NONE',  ( -3.340044178092552052, -23.33416807557179951, -0.6339636207031449366 ) ) ;
#2491 = DIRECTION ( 'NONE',  ( 0.000000000000000000, -0.7071067811865474617, 0.7071067811865474617 ) ) ;
#2492 = DIRECTION ( 'NONE',  ( -0.7256254107096532513, -2.989430304059589536E-15, -0.6880899384037286737 ) ) ;
#2493 =( LENGTH_UNIT ( ) NAMED_UNIT ( * ) SI_UNIT ( .MILLI., .METRE. ) );
#2494 = ORIENTED_EDGE ( 'NONE', *, *, #1447, .F. ) ;
#2495 = LINE ( 'NONE', #2180, #1179 ) ;
#2496 = FACE_BOUND ( 'NONE', #498, .T. ) ;
#2497 = ORIENTED_EDGE ( 'NONE', *, *, #2089, .F. ) ;
#2498 = FILL_AREA_STYLE ('',( #4057 ) ) ;
#2499 = CIRCLE ( 'NONE', #1319, 3.150000000000000355 ) ;
#2500 = LINE ( 'NONE', #2121, #3959 ) ;
#2501 = ADVANCED_FACE ( 'NONE', ( #295 ), #1562, .T. ) ;
#2502 = PRESENTATION_LAYER_ASSIGNMENT (  '', '', ( #434 ) ) ;
#2503 = PRESENTATION_STYLE_ASSIGNMENT (( #2482 ) ) ;
#2504 = CARTESIAN_POINT ( 'NONE',  ( 3.200000000000005507, -23.99999999999999645, -5.799999999999999822 ) ) ;
#2505 = UNCERTAINTY_MEASURE_WITH_UNIT (LENGTH_MEASURE( 1.000000000000000082E-05 ), #2913, 'distance_accuracy_value', 'NONE');
#2506 = CARTESIAN_POINT ( 'NONE',  ( 10.50000000000000711, -5.759999999999999787, 3.300000000000000711 ) ) ;
#2507 = ORIENTED_EDGE ( 'NONE', *, *, #3421, .T. ) ;
#2508 = ORIENTED_EDGE ( 'NONE', *, *, #3817, .T. ) ;
#2509 = MECHANICAL_DESIGN_GEOMETRIC_PRESENTATION_REPRESENTATION (  '', ( #1970 ), #439 ) ;
#2510 = PRESENTATION_LAYER_ASSIGNMENT (  '', '', ( #180 ) ) ;
#2511 = STYLED_ITEM ( 'NONE', ( #305 ), #402 ) ;
#2512 = COLOUR_RGB ( '',0.6274509803921568540, 0.6274509803921568540, 0.6274509803921568540 ) ;
#2513 = CARTESIAN_POINT ( 'NONE',  ( -3.549999999999995826, -24.28376656509006537, 0.5757277274692123026 ) ) ;
#2514 = CARTESIAN_POINT ( 'NONE',  ( 10.00000000000000533, -25.50000000000000000, -4.799999999999991829 ) ) ;
#2515 = LINE ( 'NONE', #1271, #1777 ) ;
#2516 = DIRECTION ( 'NONE',  ( 0.000000000000000000, 0.000000000000000000, -1.000000000000000000 ) ) ;
#2517 = FILL_AREA_STYLE ('',( #910 ) ) ;
#2518 = VECTOR ( 'NONE', #3389, 1000.000000000000000 ) ;
#2519 = LINE ( 'NONE', #3401, #1474 ) ;
#2520 = VERTEX_POINT ( 'NONE', #356 ) ;
#2521 = EDGE_CURVE ( 'NONE', #2063, #239, #1622, .T. ) ;
#2522 = VECTOR ( 'NONE', #1491, 1000.000000000000000 ) ;
#2523 = EDGE_CURVE ( 'NONE', #3121, #2465, #43, .T. ) ;
#2524 = SURFACE_SIDE_STYLE ('',( #3722 ) ) ;
#2525 = VERTEX_POINT ( 'NONE', #1681 ) ;
#2526 = DIRECTION ( 'NONE',  ( 0.000000000000000000, -0.7071067811865475727, -0.7071067811865475727 ) ) ;
#2527 = UNCERTAINTY_MEASURE_WITH_UNIT (LENGTH_MEASURE( 1.000000000000000082E-05 ), #3591, 'distance_accuracy_value', 'NONE');
#2528 =( LENGTH_UNIT ( ) NAMED_UNIT ( * ) SI_UNIT ( .MILLI., .METRE. ) );
#2529 = ORIENTED_EDGE ( 'NONE', *, *, #1092, .T. ) ;
#2530 = ORIENTED_EDGE ( 'NONE', *, *, #125, .F. ) ;
#2531 = AXIS2_PLACEMENT_3D ( 'NONE', #3344, #3080, #4036 ) ;
#2532 = MECHANICAL_DESIGN_GEOMETRIC_PRESENTATION_REPRESENTATION (  '', ( #2195 ), #1398 ) ;
#2533 = SURFACE_SIDE_STYLE ('',( #1270 ) ) ;
#2534 = PRESENTATION_LAYER_ASSIGNMENT (  '', '', ( #397 ) ) ;
#2535 = PRESENTATION_STYLE_ASSIGNMENT (( #593 ) ) ;
#2536 =( NAMED_UNIT ( * ) PLANE_ANGLE_UNIT ( ) SI_UNIT ( $, .RADIAN. ) );
#2537 = STYLED_ITEM ( 'NONE', ( #1564 ), #3608 ) ;
#2538 =( LENGTH_UNIT ( ) NAMED_UNIT ( * ) SI_UNIT ( .MILLI., .METRE. ) );
#2539 = ORIENTED_EDGE ( 'NONE', *, *, #3540, .T. ) ;
#2540 = FACE_OUTER_BOUND ( 'NONE', #568, .T. ) ;
#2541 = CARTESIAN_POINT ( 'NONE',  ( 10.00000000000000533, -25.49999999999999645, -4.799999999999991829 ) ) ;
#2542 = ORIENTED_EDGE ( 'NONE', *, *, #960, .T. ) ;
#2543 = SURFACE_STYLE_USAGE ( .BOTH. , #2229 ) ;
#2544 = FILL_AREA_STYLE ('',( #1289 ) ) ;
#2545 = SURFACE_SIDE_STYLE ('',( #297 ) ) ;
#2546 = ORIENTED_EDGE ( 'NONE', *, *, #3101, .F. ) ;
#2547 = ORIENTED_EDGE ( 'NONE', *, *, #3677, .F. ) ;
#2548 = ORIENTED_EDGE ( 'NONE', *, *, #2873, .T. ) ;
#2549 = CARTESIAN_POINT ( 'NONE',  ( 7.700000000000006395, -8.000000000000000000, -4.199999999999999289 ) ) ;
#2550 = CARTESIAN_POINT ( 'NONE',  ( 3.200000000000005507, -23.99999999999999645, -5.799999999999999822 ) ) ;
#2551 = CARTESIAN_POINT ( 'NONE',  ( -14.49999999999998934, 0.3999999999999917510, -8.199999999999995737 ) ) ;
#2552 = ORIENTED_EDGE ( 'NONE', *, *, #649, .T. ) ;
#2553 = CARTESIAN_POINT ( 'NONE',  ( -5.999999999999994671, -0.6000000000000021982, 4.800000000000001599 ) ) ;
#2554 = CARTESIAN_POINT ( 'NONE',  ( 13.00000000000000711, -3.600000000000003197, 1.734723475976807094E-15 ) ) ;
#2555 = FILL_AREA_STYLE_COLOUR ( '', #3189 ) ;
#2556 = EDGE_CURVE ( 'NONE', #2886, #145, #376, .T. ) ;
#2557 = ORIENTED_EDGE ( 'NONE', *, *, #1958, .F. ) ;
#2558 = LINE ( 'NONE', #641, #2101 ) ;
#2559 = UNCERTAINTY_MEASURE_WITH_UNIT (LENGTH_MEASURE( 1.000000000000000082E-05 ), #3867, 'distance_accuracy_value', 'NONE');
#2560 = ORIENTED_EDGE ( 'NONE', *, *, #3911, .F. ) ;
#2561 = EDGE_CURVE ( 'NONE', #262, #1358, #2001, .T. ) ;
#2562 = COLOUR_RGB ( '',0.6274509803921568540, 0.6274509803921568540, 0.6274509803921568540 ) ;
#2563 = VERTEX_POINT ( 'NONE', #1323 ) ;
#2564 = MECHANICAL_DESIGN_GEOMETRIC_PRESENTATION_REPRESENTATION (  '', ( #3163 ), #3499 ) ;
#2565 = PRESENTATION_LAYER_ASSIGNMENT (  '', '', ( #2765 ) ) ;
#2566 = ADVANCED_FACE ( 'NONE', ( #691 ), #1959, .F. ) ;
#2567 = EDGE_CURVE ( 'NONE', #2205, #678, #1393, .T. ) ;
#2568 = AXIS2_PLACEMENT_3D ( 'NONE', #1050, #3881, #1027 ) ;
#2569 = PRESENTATION_LAYER_ASSIGNMENT (  '', '', ( #1096 ) ) ;
#2570 = LINE ( 'NONE', #1248, #1716 ) ;
#2571 = DIRECTION ( 'NONE',  ( -0.7071067811865500152, -0.000000000000000000, 0.7071067811865451302 ) ) ;
#2572 = UNCERTAINTY_MEASURE_WITH_UNIT (LENGTH_MEASURE( 1.000000000000000082E-05 ), #86, 'distance_accuracy_value', 'NONE');
#2573 = LINE ( 'NONE', #3566, #395 ) ;
#2574 = ORIENTED_EDGE ( 'NONE', *, *, #100, .F. ) ;
#2575 = EDGE_CURVE ( 'NONE', #1881, #2245, #3884, .T. ) ;
#2576 = DIRECTION ( 'NONE',  ( -1.000000000000000000, 0.000000000000000000, -0.000000000000000000 ) ) ;
#2577 = COLOUR_RGB ( '',0.6274509803921568540, 0.6274509803921568540, 0.6274509803921568540 ) ;
#2578 =( GEOMETRIC_REPRESENTATION_CONTEXT ( 3 ) GLOBAL_UNCERTAINTY_ASSIGNED_CONTEXT ( ( #2527 ) ) GLOBAL_UNIT_ASSIGNED_CONTEXT ( ( #3591, #2661, #2988 ) ) REPRESENTATION_CONTEXT ( 'NONE', 'WORKASPACE' ) );
#2579 = CARTESIAN_POINT ( 'NONE',  ( 10.00000000000000533, -23.99999999999999645, -4.799999999999991829 ) ) ;
#2580 = CARTESIAN_POINT ( 'NONE',  ( -13.24999999999999289, -4.500000000000003553, 1.100000000000002975 ) ) ;
#2581 = ORIENTED_EDGE ( 'NONE', *, *, #360, .F. ) ;
#2582 = LINE ( 'NONE', #689, #2896 ) ;
#2583 = CARTESIAN_POINT ( 'NONE',  ( -30.77085920297304611, 1.399999999999998135, 5.699999999999993072 ) ) ;
#2584 = UNCERTAINTY_MEASURE_WITH_UNIT (LENGTH_MEASURE( 1.000000000000000082E-05 ), #788, 'distance_accuracy_value', 'NONE');
#2585 = FILL_AREA_STYLE ('',( #2952 ) ) ;
#2586 = PLANE ( 'NONE',  #3382 ) ;
#2587 =( LENGTH_UNIT ( ) NAMED_UNIT ( * ) SI_UNIT ( .MILLI., .METRE. ) );
#2588 = COLOUR_RGB ( '',0.6274509803921568540, 0.6274509803921568540, 0.6274509803921568540 ) ;
#2589 = DIRECTION ( 'NONE',  ( -1.000000000000000000, -0.000000000000000000, -0.000000000000000000 ) ) ;
#2590 = LINE ( 'NONE', #2879, #2273 ) ;
#2591 = ORIENTED_EDGE ( 'NONE', *, *, #1294, .F. ) ;
#2592 = VECTOR ( 'NONE', #3520, 999.9999999999998863 ) ;
#2593 = PRESENTATION_STYLE_ASSIGNMENT (( #1296 ) ) ;
#2594 = PRESENTATION_LAYER_ASSIGNMENT (  '', '', ( #264 ) ) ;
#2595 = FILL_AREA_STYLE ('',( #2362 ) ) ;
#2596 = FILL_AREA_STYLE_COLOUR ( '', #1945 ) ;
#2597 = FILL_AREA_STYLE ('',( #3194 ) ) ;
#2598 = CIRCLE ( 'NONE', #3120, 3.992140011101096508 ) ;
#2599 = VECTOR ( 'NONE', #157, 1000.000000000000000 ) ;
#2600 = AXIS2_PLACEMENT_3D ( 'NONE', #1129, #1380, #3346 ) ;
#2601 = AXIS2_PLACEMENT_3D ( 'NONE', #3836, #1646, #679 ) ;
#2602 = CARTESIAN_POINT ( 'NONE',  ( -3.964028778296494693, -23.49999999999999289, -0.9000000000000003553 ) ) ;
#2603 = ORIENTED_EDGE ( 'NONE', *, *, #2220, .F. ) ;
#2604 = FILL_AREA_STYLE ('',( #1340 ) ) ;
#2605 = CARTESIAN_POINT ( 'NONE',  ( 3.700000000000006395, -7.000000000000000888, -5.200000000000006395 ) ) ;
#2606 = MECHANICAL_DESIGN_GEOMETRIC_PRESENTATION_REPRESENTATION (  '', ( #1203 ), #2075 ) ;
#2607 = COLOUR_RGB ( '',0.6274509803921568540, 0.6274509803921568540, 0.6274509803921568540 ) ;
#2608 = VECTOR ( 'NONE', #1538, 1000.000000000000000 ) ;
#2609 =( NAMED_UNIT ( * ) PLANE_ANGLE_UNIT ( ) SI_UNIT ( $, .RADIAN. ) );
#2610 = COLOUR_RGB ( '',0.6274509803921568540, 0.6274509803921568540, 0.6274509803921568540 ) ;
#2611 = CARTESIAN_POINT ( 'NONE',  ( -2.155829056268828481, -21.49999999999999289, 1.600000000000000755 ) ) ;
#2612 = LINE ( 'NONE', #1268, #3332 ) ;
#2613 = ORIENTED_EDGE ( 'NONE', *, *, #1448, .T. ) ;
#2614 = FILL_AREA_STYLE ('',( #3893 ) ) ;
#2615 = FACE_OUTER_BOUND ( 'NONE', #320, .T. ) ;
#2616 = DIRECTION ( 'NONE',  ( -1.000000000000000000, 0.000000000000000000, 0.000000000000000000 ) ) ;
#2617 = FILL_AREA_STYLE_COLOUR ( '', #465 ) ;
#2618 = CARTESIAN_POINT ( 'NONE',  ( 5.350000000000004974, -5.350000000000004974, 2.800000000000001155 ) ) ;
#2619 = UNCERTAINTY_MEASURE_WITH_UNIT (LENGTH_MEASURE( 1.000000000000000082E-05 ), #17, 'distance_accuracy_value', 'NONE');
#2620 = CARTESIAN_POINT ( 'NONE',  ( 3.200000000000005063, -21.49999999999999645, 3.100000000000000533 ) ) ;
#2621 = EDGE_CURVE ( 'NONE', #1439, #1304, #2725, .T. ) ;
#2622 = FILL_AREA_STYLE_COLOUR ( '', #3394 ) ;
#2623 = CARTESIAN_POINT ( 'NONE',  ( -10.79999999999999361, -21.49999999999999289, -1.099999999999999423 ) ) ;
#2624 = FACE_BOUND ( 'NONE', #760, .T. ) ;
#2625 = ORIENTED_EDGE ( 'NONE', *, *, #3169, .T. ) ;
#2626 = EDGE_CURVE ( 'NONE', #842, #2833, #2998, .T. ) ;
#2627 = EDGE_CURVE ( 'NONE', #3027, #938, #765, .T. ) ;
#2628 = DIRECTION ( 'NONE',  ( 1.652117596168388002E-16, -1.000000000000000000, 0.000000000000000000 ) ) ;
#2629 = ORIENTED_EDGE ( 'NONE', *, *, #3918, .F. ) ;
#2630 = LINE ( 'NONE', #2339, #2966 ) ;
#2631 = EDGE_CURVE ( 'NONE', #1687, #88, #3972, .T. ) ;
#2632 = LINE ( 'NONE', #3890, #2861 ) ;
#2633 = ORIENTED_EDGE ( 'NONE', *, *, #3004, .T. ) ;
#2634 = FACE_OUTER_BOUND ( 'NONE', #342, .T. ) ;
#2635 = DIRECTION ( 'NONE',  ( -0.7071067811865474617, 0.7071067811865474617, 9.185433182841437406E-17 ) ) ;
#2636 = VECTOR ( 'NONE', #2890, 1000.000000000000000 ) ;
#2637 = SURFACE_STYLE_USAGE ( .BOTH. , #92 ) ;
#2638 = LINE ( 'NONE', #2551, #934 ) ;
#2639 = PRESENTATION_STYLE_ASSIGNMENT (( #620 ) ) ;
#2640 =( GEOMETRIC_REPRESENTATION_CONTEXT ( 3 ) GLOBAL_UNCERTAINTY_ASSIGNED_CONTEXT ( ( #2481 ) ) GLOBAL_UNIT_ASSIGNED_CONTEXT ( ( #693, #2609, #2458 ) ) REPRESENTATION_CONTEXT ( 'NONE', 'WORKASPACE' ) );
#2641 = MECHANICAL_DESIGN_GEOMETRIC_PRESENTATION_REPRESENTATION (  '', ( #375 ), #2171 ) ;
#2642 = CARTESIAN_POINT ( 'NONE',  ( -13.99999999999998401, 1.399999999999999467, -7.699999999999991296 ) ) ;
#2643 = DIRECTION ( 'NONE',  ( 0.000000000000000000, -0.000000000000000000, 1.000000000000000000 ) ) ;
#2644 = CARTESIAN_POINT ( 'NONE',  ( -30.77085920297304611, -0.6000000000000021982, 6.700000000000001066 ) ) ;
#2645 = ADVANCED_FACE ( 'NONE', ( #3668 ), #1495, .T. ) ;
#2646 = UNCERTAINTY_MEASURE_WITH_UNIT (LENGTH_MEASURE( 1.000000000000000082E-05 ), #366, 'distance_accuracy_value', 'NONE');
#2647 = ORIENTED_EDGE ( 'NONE', *, *, #1824, .F. ) ;
#2648 = LINE ( 'NONE', #748, #570 ) ;
#2649 = EDGE_CURVE ( 'NONE', #1596, #1881, #795, .T. ) ;
#2650 = SURFACE_STYLE_USAGE ( .BOTH. , #2270 ) ;
#2651 = DIRECTION ( 'NONE',  ( 1.000000000000000000, 0.000000000000000000, 0.000000000000000000 ) ) ;
#2652 = STYLED_ITEM ( 'NONE', ( #3681 ), #961 ) ;
#2653 = CARTESIAN_POINT ( 'NONE',  ( -13.99999999999999112, -2.000000000000000000, -8.699999999999999289 ) ) ;
#2654 = DIRECTION ( 'NONE',  ( 1.000000000000000000, 0.000000000000000000, 0.000000000000000000 ) ) ;
#2655 = ORIENTED_EDGE ( 'NONE', *, *, #412, .F. ) ;
#2656 = ORIENTED_EDGE ( 'NONE', *, *, #2621, .T. ) ;
#2657 = DIRECTION ( 'NONE',  ( 0.000000000000000000, 0.000000000000000000, 1.000000000000000000 ) ) ;
#2658 = SURFACE_STYLE_FILL_AREA ( #2595 ) ;
#2659 = LINE ( 'NONE', #3921, #2870 ) ;
#2660 = MECHANICAL_DESIGN_GEOMETRIC_PRESENTATION_REPRESENTATION (  '', ( #3184 ), #3519 ) ;
#2661 =( NAMED_UNIT ( * ) PLANE_ANGLE_UNIT ( ) SI_UNIT ( $, .RADIAN. ) );
#2662 =( LENGTH_UNIT ( ) NAMED_UNIT ( * ) SI_UNIT ( .MILLI., .METRE. ) );
#2663 =( NAMED_UNIT ( * ) SI_UNIT ( $, .STERADIAN. ) SOLID_ANGLE_UNIT ( ) );
#2664 = VERTEX_POINT ( 'NONE', #165 ) ;
#2665 = DIRECTION ( 'NONE',  ( -0.000000000000000000, -0.000000000000000000, -1.000000000000000000 ) ) ;
#2666 = PRESENTATION_LAYER_ASSIGNMENT (  '', '', ( #1661 ) ) ;
#2667 = CARTESIAN_POINT ( 'NONE',  ( -13.24999999999999289, -5.099999999999997868, 5.099999999999997868 ) ) ;
#2668 = CARTESIAN_POINT ( 'NONE',  ( -13.24999999999999289, -0.6000000000000028644, 1.100000000000002087 ) ) ;
#2669 = ORIENTED_EDGE ( 'NONE', *, *, #1643, .T. ) ;
#2670 = PRESENTATION_LAYER_ASSIGNMENT (  '', '', ( #2862 ) ) ;
#2671 = LINE ( 'NONE', #2977, #3634 ) ;
#2672 = CIRCLE ( 'NONE', #3196, 1.750000000000000666 ) ;
#2673 = CARTESIAN_POINT ( 'NONE',  ( 5.200000000000004619, -0.6000000000000021982, 6.700000000000001066 ) ) ;
#2674 = SURFACE_SIDE_STYLE ('',( #380 ) ) ;
#2675 = ADVANCED_FACE ( 'NONE', ( #1075 ), #454, .F. ) ;
#2676 = ORIENTED_EDGE ( 'NONE', *, *, #1883, .T. ) ;
#2677 = VERTEX_POINT ( 'NONE', #3420 ) ;
#2678 = VECTOR ( 'NONE', #885, 1000.000000000000000 ) ;
#2679 =( LENGTH_UNIT ( ) NAMED_UNIT ( * ) SI_UNIT ( .MILLI., .METRE. ) );
#2680 =( LENGTH_UNIT ( ) NAMED_UNIT ( * ) SI_UNIT ( .MILLI., .METRE. ) );
#2681 = SURFACE_STYLE_FILL_AREA ( #2717 ) ;
#2682 = FACE_OUTER_BOUND ( 'NONE', #2690, .T. ) ;
#2683 = DIRECTION ( 'NONE',  ( 1.000000000000000000, -2.312964634635742464E-16, 0.000000000000000000 ) ) ;
#2684 = ORIENTED_EDGE ( 'NONE', *, *, #2873, .F. ) ;
#2685 = CARTESIAN_POINT ( 'NONE',  ( -14.99999999999999645, -21.49999999999999289, 1.600000000000000755 ) ) ;
#2686 = PRODUCT_RELATED_PRODUCT_CATEGORY ( 'part', '', ( #2884 ) ) ;
#2687 = DIRECTION ( 'NONE',  ( -0.000000000000000000, 1.000000000000000000, -0.000000000000000000 ) ) ;
#2688 = ORIENTED_EDGE ( 'NONE', *, *, #897, .T. ) ;
#2689 = DIRECTION ( 'NONE',  ( 0.000000000000000000, -0.000000000000000000, 1.000000000000000000 ) ) ;
#2690 = EDGE_LOOP ( 'NONE', ( #1903, #2234, #3068, #646 ) ) ;
#2691 = ADVANCED_FACE ( 'NONE', ( #2540 ), #1233, .F. ) ;
#2692 = ORIENTED_EDGE ( 'NONE', *, *, #969, .F. ) ;
#2693 = ADVANCED_FACE ( 'NONE', ( #621 ), #3136, .T. ) ;
#2694 = ADVANCED_FACE ( 'NONE', ( #2496, #1559 ), #2776, .T. ) ;
#2695 = PRESENTATION_LAYER_ASSIGNMENT (  '', '', ( #1569 ) ) ;
#2696 = ADVANCED_FACE ( 'NONE', ( #2923 ), #21, .F. ) ;
#2697 = DIRECTION ( 'NONE',  ( 0.7071067811865451302, 0.7071067811865500152, 0.000000000000000000 ) ) ;
#2698 = EDGE_CURVE ( 'NONE', #3195, #588, #1302, .T. ) ;
#2699 = EDGE_LOOP ( 'NONE', ( #3513, #3077, #2035, #1951 ) ) ;
#2700 = LINE ( 'NONE', #3701, #1105 ) ;
#2701 = AXIS2_PLACEMENT_3D ( 'NONE', #3742, #548, #1236 ) ;
#2702 = LINE ( 'NONE', #3259, #379 ) ;
#2703 = AXIS2_PLACEMENT_3D ( 'NONE', #1433, #3024, #3909 ) ;
#2704 =( GEOMETRIC_REPRESENTATION_CONTEXT ( 3 ) GLOBAL_UNCERTAINTY_ASSIGNED_CONTEXT ( ( #1851 ) ) GLOBAL_UNIT_ASSIGNED_CONTEXT ( ( #3784, #23, #1978 ) ) REPRESENTATION_CONTEXT ( 'NONE', 'WORKASPACE' ) );
#2705 = DIRECTION ( 'NONE',  ( 0.000000000000000000, 0.000000000000000000, -1.000000000000000000 ) ) ;
#2706 = ORIENTED_EDGE ( 'NONE', *, *, #2802, .T. ) ;
#2707 = DIRECTION ( 'NONE',  ( 4.625929269271485914E-16, -1.000000000000000000, 0.000000000000000000 ) ) ;
#2708 = DIRECTION ( 'NONE',  ( -1.000000000000000000, 0.000000000000000000, 0.000000000000000000 ) ) ;
#2709 = DIRECTION ( 'NONE',  ( 0.000000000000000000, 0.7071067811865474617, -0.7071067811865474617 ) ) ;
#2710 = MECHANICAL_DESIGN_GEOMETRIC_PRESENTATION_REPRESENTATION (  '', ( #2115 ), #2578 ) ;
#2711 = ORIENTED_EDGE ( 'NONE', *, *, #2141, .T. ) ;
#2712 = VERTEX_POINT ( 'NONE', #2554 ) ;
#2713 = CARTESIAN_POINT ( 'NONE',  ( 0.000000000000000000, 0.000000000000000000, 0.000000000000000000 ) ) ;
#2714 = PRESENTATION_LAYER_ASSIGNMENT (  '', '', ( #54 ) ) ;
#2715 = PLANE ( 'NONE',  #3582 ) ;
#2716 = DIRECTION ( 'NONE',  ( -1.000000000000000000, -2.146934995020800917E-17, 0.000000000000000000 ) ) ;
#2717 = FILL_AREA_STYLE ('',( #181 ) ) ;
#2718 = DIRECTION ( 'NONE',  ( 0.000000000000000000, 1.941854637287470363E-16, -1.000000000000000000 ) ) ;
#2719 = DIRECTION ( 'NONE',  ( -0.000000000000000000, 0.7071067811865474617, -0.7071067811865474617 ) ) ;
#2720 =( NAMED_UNIT ( * ) PLANE_ANGLE_UNIT ( ) SI_UNIT ( $, .RADIAN. ) );
#2721 = VERTEX_POINT ( 'NONE', #3511 ) ;
#2722 =( NAMED_UNIT ( * ) PLANE_ANGLE_UNIT ( ) SI_UNIT ( $, .RADIAN. ) );
#2723 = MECHANICAL_DESIGN_GEOMETRIC_PRESENTATION_REPRESENTATION (  '', ( #1859 ), #2257 ) ;
#2724 = AXIS2_PLACEMENT_3D ( 'NONE', #2323, #2297, #740 ) ;
#2725 = LINE ( 'NONE', #1746, #1941 ) ;
#2726 =( NAMED_UNIT ( * ) PLANE_ANGLE_UNIT ( ) SI_UNIT ( $, .RADIAN. ) );
#2727 = LINE ( 'NONE', #4032, #1911 ) ;
#2728 = VECTOR ( 'NONE', #3654, 1000.000000000000000 ) ;
#2729 = CYLINDRICAL_SURFACE ( 'NONE', #1511, 1.499999999999999556 ) ;
#2730 = CARTESIAN_POINT ( 'NONE',  ( 10.00000000000000355, -27.99999999999998934, 3.100000000000000533 ) ) ;
#2731 =( GEOMETRIC_REPRESENTATION_CONTEXT ( 3 ) GLOBAL_UNCERTAINTY_ASSIGNED_CONTEXT ( ( #96 ) ) GLOBAL_UNIT_ASSIGNED_CONTEXT ( ( #2417, #3336, #1492 ) ) REPRESENTATION_CONTEXT ( 'NONE', 'WORKASPACE' ) );
#2732 = VECTOR ( 'NONE', #189, 1000.000000000000000 ) ;
#2733 =( LENGTH_UNIT ( ) NAMED_UNIT ( * ) SI_UNIT ( .MILLI., .METRE. ) );
#2734 = VERTEX_POINT ( 'NONE', #95 ) ;
#2735 = ORIENTED_EDGE ( 'NONE', *, *, #2556, .F. ) ;
#2736 = CARTESIAN_POINT ( 'NONE',  ( 5.200000000000005507, -2.000000000000004885, 4.800000000000001599 ) ) ;
#2737 = PRESENTATION_LAYER_ASSIGNMENT (  '', '', ( #1203 ) ) ;
#2738 = VECTOR ( 'NONE', #686, 1000.000000000000000 ) ;
#2739 = FILL_AREA_STYLE_COLOUR ( '', #2803 ) ;
#2740 = AXIS2_PLACEMENT_3D ( 'NONE', #1989, #632, #1298 ) ;
#2741 =( NAMED_UNIT ( * ) SI_UNIT ( $, .STERADIAN. ) SOLID_ANGLE_UNIT ( ) );
#2742 = CARTESIAN_POINT ( 'NONE',  ( -9.499999999999991118, -2.000000000000005329, 2.800000000000001155 ) ) ;
#2743 = ORIENTED_EDGE ( 'NONE', *, *, #3669, .F. ) ;
#2744 = PRESENTATION_STYLE_ASSIGNMENT (( #3687 ) ) ;
#2745 = EDGE_CURVE ( 'NONE', #3938, #783, #972, .T. ) ;
#2746 = CARTESIAN_POINT ( 'NONE',  ( 2.881865457786172868, -24.79481005153738948, -7.842560075721038970 ) ) ;
#2747 =( NAMED_UNIT ( * ) PLANE_ANGLE_UNIT ( ) SI_UNIT ( $, .RADIAN. ) );
#2748 = ORIENTED_EDGE ( 'NONE', *, *, #840, .F. ) ;
#2749 = EDGE_CURVE ( 'NONE', #3056, #3437, #878, .T. ) ;
#2750 = ORIENTED_EDGE ( 'NONE', *, *, #2973, .T. ) ;
#2751 = EDGE_CURVE ( 'NONE', #588, #462, #3213, .T. ) ;
#2752 = DIRECTION ( 'NONE',  ( 0.000000000000000000, 0.000000000000000000, 1.000000000000000000 ) ) ;
#2753 = SURFACE_STYLE_USAGE ( .BOTH. , #1490 ) ;
#2754 = DIRECTION ( 'NONE',  ( -1.000000000000000000, 1.906289534040447240E-16, 0.000000000000000000 ) ) ;
#2755 = SURFACE_STYLE_FILL_AREA ( #2157 ) ;
#2756 = CARTESIAN_POINT ( 'NONE',  ( 15.00000000000000711, -0.6000000000000030864, 2.168404344971008868E-15 ) ) ;
#2757 = ORIENTED_EDGE ( 'NONE', *, *, #3295, .F. ) ;
#2758 = SURFACE_SIDE_STYLE ('',( #2419 ) ) ;
#2759 = MECHANICAL_DESIGN_GEOMETRIC_PRESENTATION_REPRESENTATION (  '', ( #434 ), #904 ) ;
#2760 = FACE_OUTER_BOUND ( 'NONE', #3176, .T. ) ;
#2761 = VECTOR ( 'NONE', #1623, 1000.000000000000000 ) ;
#2762 = ORIENTED_EDGE ( 'NONE', *, *, #1014, .T. ) ;
#2763 = SURFACE_STYLE_FILL_AREA ( #3023 ) ;
#2764 =( LENGTH_UNIT ( ) NAMED_UNIT ( * ) SI_UNIT ( .MILLI., .METRE. ) );
#2765 = STYLED_ITEM ( 'NONE', ( #3615 ), #1773 ) ;
#2766 = FACE_OUTER_BOUND ( 'NONE', #30, .T. ) ;
#2767 = ORIENTED_EDGE ( 'NONE', *, *, #2878, .T. ) ;
#2768 = VECTOR ( 'NONE', #741, 1000.000000000000114 ) ;
#2769 = VERTEX_POINT ( 'NONE', #3547 ) ;
#2770 = VECTOR ( 'NONE', #3770, 1000.000000000000000 ) ;
#2771 = PRESENTATION_STYLE_ASSIGNMENT (( #3711 ) ) ;
#2772 = CARTESIAN_POINT ( 'NONE',  ( -13.24999999999999289, -4.500000000000002665, 6.700000000000002842 ) ) ;
#2773 = DIRECTION ( 'NONE',  ( 0.000000000000000000, 0.000000000000000000, -1.000000000000000000 ) ) ;
#2774 = FILL_AREA_STYLE ('',( #4072 ) ) ;
#2775 = VERTEX_POINT ( 'NONE', #1046 ) ;
#2776 = PLANE ( 'NONE',  #2209 ) ;
#2777 = PRESENTATION_STYLE_ASSIGNMENT (( #3076 ) ) ;
#2778 = VERTEX_POINT ( 'NONE', #2327 ) ;
#2779 = FILL_AREA_STYLE ('',( #857 ) ) ;
#2780 =( NAMED_UNIT ( * ) PLANE_ANGLE_UNIT ( ) SI_UNIT ( $, .RADIAN. ) );
#2781 = VECTOR ( 'NONE', #2148, 1000.000000000000000 ) ;
#2782 = CARTESIAN_POINT ( 'NONE',  ( 3.146594043592595646, -25.05953863734382026, -8.140461362656177258 ) ) ;
#2783 = CARTESIAN_POINT ( 'NONE',  ( 9.700000000000006395, -1.000000000000003997, 2.800000000000001155 ) ) ;
#2784 = VERTEX_POINT ( 'NONE', #3593 ) ;
#2785 = PRESENTATION_LAYER_ASSIGNMENT (  '', '', ( #1337 ) ) ;
#2786 = VERTEX_POINT ( 'NONE', #36 ) ;
#2787 = PRESENTATION_LAYER_ASSIGNMENT (  '', '', ( #3788 ) ) ;
#2788 = UNCERTAINTY_MEASURE_WITH_UNIT (LENGTH_MEASURE( 1.000000000000000082E-05 ), #2493, 'distance_accuracy_value', 'NONE');
#2789 = VECTOR ( 'NONE', #2814, 1000.000000000000114 ) ;
#2790 = EDGE_CURVE ( 'NONE', #3056, #3461, #368, .T. ) ;
#2791 = PRESENTATION_STYLE_ASSIGNMENT (( #29 ) ) ;
#2792 = CARTESIAN_POINT ( 'NONE',  ( -14.99999999999999645, -21.49999999999999289, -1.099999999999999423 ) ) ;
#2793 =( NAMED_UNIT ( * ) PLANE_ANGLE_UNIT ( ) SI_UNIT ( $, .RADIAN. ) );
#2794 = CARTESIAN_POINT ( 'NONE',  ( -3.549999999999996270, -24.49999999999999645, 0.8985774199929904560 ) ) ;
#2795 = VECTOR ( 'NONE', #120, 1000.000000000000000 ) ;
#2796 = SURFACE_SIDE_STYLE ('',( #834 ) ) ;
#2797 = VECTOR ( 'NONE', #1763, 1000.000000000000000 ) ;
#2798 = LINE ( 'NONE', #2414, #2522 ) ;
#2799 = VECTOR ( 'NONE', #3901, 1000.000000000000000 ) ;
#2800 = ORIENTED_EDGE ( 'NONE', *, *, #2074, .T. ) ;
#2801 = DIRECTION ( 'NONE',  ( 0.000000000000000000, -1.000000000000000000, 0.000000000000000000 ) ) ;
#2802 = EDGE_CURVE ( 'NONE', #2044, #67, #2019, .T. ) ;
#2803 = COLOUR_RGB ( '',0.6274509803921568540, 0.6274509803921568540, 0.6274509803921568540 ) ;
#2804 = ORIENTED_EDGE ( 'NONE', *, *, #3053, .T. ) ;
#2805 = PLANE ( 'NONE',  #2568 ) ;
#2806 = CARTESIAN_POINT ( 'NONE',  ( -14.99999999999999289, -22.50000000000000000, 8.699999999999999289 ) ) ;
#2807 = UNCERTAINTY_MEASURE_WITH_UNIT (LENGTH_MEASURE( 1.000000000000000082E-05 ), #3410, 'distance_accuracy_value', 'NONE');
#2808 = ADVANCED_FACE ( 'NONE', ( #3272 ), #2902, .F. ) ;
#2809 = DIRECTION ( 'NONE',  ( 1.000000000000000000, 0.000000000000000000, 0.000000000000000000 ) ) ;
#2810 = PLANE ( 'NONE',  #3855 ) ;
#2811 = ORIENTED_EDGE ( 'NONE', *, *, #529, .T. ) ;
#2812 = EDGE_LOOP ( 'NONE', ( #1420, #2264, #833, #495 ) ) ;
#2813 = EDGE_CURVE ( 'NONE', #1150, #67, #2968, .T. ) ;
#2814 = DIRECTION ( 'NONE',  ( -0.7071067811865474617, 0.7071067811865474617, -0.000000000000000000 ) ) ;
#2815 = EDGE_LOOP ( 'NONE', ( #3331, #3979, #1818, #1132 ) ) ;
#2816 = PRESENTATION_STYLE_ASSIGNMENT (( #2753 ) ) ;
#2817 = DIRECTION ( 'NONE',  ( 1.000000000000000000, -1.180814247261440551E-16, 0.000000000000000000 ) ) ;
#2818 = EDGE_CURVE ( 'NONE', #3121, #1425, #816, .T. ) ;
#2819 = FACE_OUTER_BOUND ( 'NONE', #3974, .T. ) ;
#2820 = DIRECTION ( 'NONE',  ( 1.000000000000000000, -2.312964634635742464E-16, 0.000000000000000000 ) ) ;
#2821 = EDGE_LOOP ( 'NONE', ( #2476, #2711, #3904, #2811 ) ) ;
#2822 = CARTESIAN_POINT ( 'NONE',  ( 14.50000000000000533, -24.50000000000000000, -8.200000000000002842 ) ) ;
#2823 =( LENGTH_UNIT ( ) NAMED_UNIT ( * ) SI_UNIT ( .MILLI., .METRE. ) );
#2824 = CARTESIAN_POINT ( 'NONE',  ( 4.200000000000002842, -4.600000000000002309, 4.800000000000001599 ) ) ;
#2825 = EDGE_LOOP ( 'NONE', ( #3804, #2051, #3518, #501, #2235, #3954 ) ) ;
#2826 = PRESENTATION_STYLE_ASSIGNMENT (( #335 ) ) ;
#2827 = VECTOR ( 'NONE', #372, 1000.000000000000000 ) ;
#2828 = CARTESIAN_POINT ( 'NONE',  ( 0.000000000000000000, 0.000000000000000000, -1.099999999999999423 ) ) ;
#2829 = AXIS2_PLACEMENT_3D ( 'NONE', #680, #89, #1349 ) ;
#2830 = DIRECTION ( 'NONE',  ( -0.000000000000000000, -0.000000000000000000, -1.000000000000000000 ) ) ;
#2831 = FILL_AREA_STYLE_COLOUR ( '', #2562 ) ;
#2832 = UNCERTAINTY_MEASURE_WITH_UNIT (LENGTH_MEASURE( 1.000000000000000082E-05 ), #2764, 'distance_accuracy_value', 'NONE');
#2833 = VERTEX_POINT ( 'NONE', #161 ) ;
#2834 = EDGE_LOOP ( 'NONE', ( #1748, #2547, #1266, #1421 ) ) ;
#2835 = VECTOR ( 'NONE', #1237, 1000.000000000000000 ) ;
#2836 = PRESENTATION_LAYER_ASSIGNMENT (  '', '', ( #2112 ) ) ;
#2837 =( LENGTH_UNIT ( ) NAMED_UNIT ( * ) SI_UNIT ( .MILLI., .METRE. ) );
#2838 = AXIS2_PLACEMENT_3D ( 'NONE', #1333, #1301, #699 ) ;
#2839 = DIRECTION ( 'NONE',  ( -1.652117596168388002E-16, 1.000000000000000000, -0.000000000000000000 ) ) ;
#2840 = DIRECTION ( 'NONE',  ( 0.000000000000000000, -1.000000000000000000, -1.445602896647339163E-16 ) ) ;
#2841 = PRESENTATION_LAYER_ASSIGNMENT (  '', '', ( #983 ) ) ;
#2842 = DIRECTION ( 'NONE',  ( -1.000000000000000000, 0.000000000000000000, 0.000000000000000000 ) ) ;
#2843 = VERTEX_POINT ( 'NONE', #3018 ) ;
#2844 = DIRECTION ( 'NONE',  ( 0.000000000000000000, -1.000000000000000000, -1.445602896647339163E-16 ) ) ;
#2845 = VECTOR ( 'NONE', #2616, 1000.000000000000000 ) ;
#2846 = SURFACE_STYLE_USAGE ( .BOTH. , #1871 ) ;
#2847 = DIRECTION ( 'NONE',  ( 0.000000000000000000, 0.000000000000000000, 1.000000000000000000 ) ) ;
#2848 = ORIENTED_EDGE ( 'NONE', *, *, #1524, .T. ) ;
#2849 = SURFACE_STYLE_FILL_AREA ( #2779 ) ;
#2850 = SURFACE_STYLE_USAGE ( .BOTH. , #3809 ) ;
#2851 =( LENGTH_UNIT ( ) NAMED_UNIT ( * ) SI_UNIT ( .MILLI., .METRE. ) );
#2852 = DIRECTION ( 'NONE',  ( -1.000000000000000000, 0.000000000000000000, 0.000000000000000000 ) ) ;
#2853 = FILL_AREA_STYLE_COLOUR ( '', #1138 ) ;
#2854 = ORIENTED_EDGE ( 'NONE', *, *, #897, .F. ) ;
#2855 = ORIENTED_EDGE ( 'NONE', *, *, #3432, .F. ) ;
#2856 = DIRECTION ( 'NONE',  ( -0.000000000000000000, -0.000000000000000000, -1.000000000000000000 ) ) ;
#2857 = CARTESIAN_POINT ( 'NONE',  ( 13.00000000000000711, -1.999999999999998224, -5.799999999999999822 ) ) ;
#2858 = COLOUR_RGB ( '',0.6274509803921568540, 0.6274509803921568540, 0.6274509803921568540 ) ;
#2859 = DIRECTION ( 'NONE',  ( 0.000000000000000000, 0.000000000000000000, -1.000000000000000000 ) ) ;
#2860 = FILL_AREA_STYLE_COLOUR ( '', #2610 ) ;
#2861 = VECTOR ( 'NONE', #2654, 1000.000000000000000 ) ;
#2862 = STYLED_ITEM ( 'NONE', ( #2227 ), #2693 ) ;
#2863 =( NAMED_UNIT ( * ) SI_UNIT ( $, .STERADIAN. ) SOLID_ANGLE_UNIT ( ) );
#2864 = ORIENTED_EDGE ( 'NONE', *, *, #3092, .T. ) ;
#2865 = PLANE ( 'NONE',  #2838 ) ;
#2866 =( GEOMETRIC_REPRESENTATION_CONTEXT ( 3 ) GLOBAL_UNCERTAINTY_ASSIGNED_CONTEXT ( ( #2172 ) ) GLOBAL_UNIT_ASSIGNED_CONTEXT ( ( #2662, #3699, #3966 ) ) REPRESENTATION_CONTEXT ( 'NONE', 'WORKASPACE' ) );
#2867 = DIRECTION ( 'NONE',  ( -0.000000000000000000, -0.000000000000000000, -1.000000000000000000 ) ) ;
#2868 =( NAMED_UNIT ( * ) SI_UNIT ( $, .STERADIAN. ) SOLID_ANGLE_UNIT ( ) );
#2869 = ORIENTED_EDGE ( 'NONE', *, *, #4091, .F. ) ;
#2870 = VECTOR ( 'NONE', #2348, 999.9999999999998863 ) ;
#2871 = DIRECTION ( 'NONE',  ( -0.000000000000000000, -0.000000000000000000, -1.000000000000000000 ) ) ;
#2872 = EDGE_CURVE ( 'NONE', #4111, #2489, #473, .T. ) ;
#2873 = EDGE_CURVE ( 'NONE', #538, #1464, #144, .T. ) ;
#2874 = CARTESIAN_POINT ( 'NONE',  ( 2.534925949364283948, -25.67127926592039699, 0.2645847002064111164 ) ) ;
#2875 = ORIENTED_EDGE ( 'NONE', *, *, #1407, .T. ) ;
#2876 = ADVANCED_FACE ( 'NONE', ( #1784 ), #1162, .F. ) ;
#2877 = SURFACE_SIDE_STYLE ('',( #3833 ) ) ;
#2878 = EDGE_CURVE ( 'NONE', #2784, #3161, #2392, .T. ) ;
#2879 = CARTESIAN_POINT ( 'NONE',  ( -19.40000000000002345, -19.39999999999989200, 3.100000000000000533 ) ) ;
#2880 = ORIENTED_EDGE ( 'NONE', *, *, #1823, .F. ) ;
#2881 = PLANE ( 'NONE',  #2601 ) ;
#2882 = DIRECTION ( 'NONE',  ( 0.000000000000000000, -1.267249292515524794E-16, 1.000000000000000000 ) ) ;
#2883 = DIRECTION ( 'NONE',  ( 1.000000000000000000, 0.000000000000000000, 0.000000000000000000 ) ) ;
#2884 = PRODUCT ( 'COVER_PCB_L', 'COVER_PCB_L', '', ( #4065 ) ) ;
#2885 = DIRECTION ( 'NONE',  ( -0.7071067811865474617, 1.922962686383563816E-16, 0.7071067811865474617 ) ) ;
#2886 = VERTEX_POINT ( 'NONE', #831 ) ;
#2887 = SURFACE_STYLE_FILL_AREA ( #3212 ) ;
#2888 = CARTESIAN_POINT ( 'NONE',  ( 7.700000000000008171, -17.49999999999999645, -4.199999999999999289 ) ) ;
#2889 = ORIENTED_EDGE ( 'NONE', *, *, #913, .F. ) ;
#2890 = DIRECTION ( 'NONE',  ( 1.000000000000000000, 0.000000000000000000, 0.000000000000000000 ) ) ;
#2891 = CIRCLE ( 'NONE', #556, 3.150000000000000355 ) ;
#2892 = SURFACE_SIDE_STYLE ('',( #998 ) ) ;
#2893 = VECTOR ( 'NONE', #3115, 1000.000000000000000 ) ;
#2894 = CARTESIAN_POINT ( 'NONE',  ( 14.00000000000000533, -25.50000000000000000, -7.699999999999998401 ) ) ;
#2895 =( GEOMETRIC_REPRESENTATION_CONTEXT ( 3 ) GLOBAL_UNCERTAINTY_ASSIGNED_CONTEXT ( ( #1518 ) ) GLOBAL_UNIT_ASSIGNED_CONTEXT ( ( #4031, #2087, #1152 ) ) REPRESENTATION_CONTEXT ( 'NONE', 'WORKASPACE' ) );
#2896 = VECTOR ( 'NONE', #2265, 1000.000000000000000 ) ;
#2897 =( GEOMETRIC_REPRESENTATION_CONTEXT ( 3 ) GLOBAL_UNCERTAINTY_ASSIGNED_CONTEXT ( ( #2832 ) ) GLOBAL_UNIT_ASSIGNED_CONTEXT ( ( #2764, #2780, #3725 ) ) REPRESENTATION_CONTEXT ( 'NONE', 'WORKASPACE' ) );
#2898 = DIRECTION ( 'NONE',  ( 1.168223555568281078E-16, -0.7071067811865451302, -0.7071067811865500152 ) ) ;
#2899 =( LENGTH_UNIT ( ) NAMED_UNIT ( * ) SI_UNIT ( .MILLI., .METRE. ) );
#2900 =( GEOMETRIC_REPRESENTATION_CONTEXT ( 3 ) GLOBAL_UNCERTAINTY_ASSIGNED_CONTEXT ( ( #3726 ) ) GLOBAL_UNIT_ASSIGNED_CONTEXT ( ( #3017, #2016, #2741 ) ) REPRESENTATION_CONTEXT ( 'NONE', 'WORKASPACE' ) );
#2901 = VECTOR ( 'NONE', #825, 1000.000000000000000 ) ;
#2902 = CYLINDRICAL_SURFACE ( 'NONE', #1874, 3.150000000000000355 ) ;
#2903 = DIRECTION ( 'NONE',  ( -1.239088197126291063E-16, 1.000000000000000000, 0.000000000000000000 ) ) ;
#2904 = EDGE_LOOP ( 'NONE', ( #805, #2145, #3653, #967, #3424, #817, #2429, #3760, #5, #3145, #1679, #2508, #1217, #1456, #1962, #2958, #3773 ) ) ;
#2905 = PRESENTATION_STYLE_ASSIGNMENT (( #2850 ) ) ;
#2906 = UNCERTAINTY_MEASURE_WITH_UNIT (LENGTH_MEASURE( 1.000000000000000082E-05 ), #1847, 'distance_accuracy_value', 'NONE');
#2907 = AXIS2_PLACEMENT_3D ( 'NONE', #137, #90, #2916 ) ;
#2908 = DIRECTION ( 'NONE',  ( 0.7852669062292638724, 0.4378103961654621346, -0.4378103961654651877 ) ) ;
#2909 = DIRECTION ( 'NONE',  ( -0.000000000000000000, -0.000000000000000000, -1.000000000000000000 ) ) ;
#2910 = VERTEX_POINT ( 'NONE', #1722 ) ;
#2911 = ORIENTED_EDGE ( 'NONE', *, *, #3811, .F. ) ;
#2912 =( LENGTH_UNIT ( ) NAMED_UNIT ( * ) SI_UNIT ( .MILLI., .METRE. ) );
#2913 =( LENGTH_UNIT ( ) NAMED_UNIT ( * ) SI_UNIT ( .MILLI., .METRE. ) );
#2914 = MECHANICAL_DESIGN_GEOMETRIC_PRESENTATION_REPRESENTATION (  '', ( #3659 ), #1463 ) ;
#2915 = COLOUR_RGB ( '',0.6274509803921568540, 0.6274509803921568540, 0.6274509803921568540 ) ;
#2916 = DIRECTION ( 'NONE',  ( 0.000000000000000000, 0.000000000000000000, -1.000000000000000000 ) ) ;
#2917 = EDGE_CURVE ( 'NONE', #601, #841, #1093, .T. ) ;
#2918 = CARTESIAN_POINT ( 'NONE',  ( 11.00000000000000711, -23.99999999999999645, -5.799999999999999822 ) ) ;
#2919 = STYLED_ITEM ( 'NONE', ( #411 ), #1647 ) ;
#2920 = MECHANICAL_DESIGN_GEOMETRIC_PRESENTATION_REPRESENTATION (  '', ( #66 ), #3455 ) ;
#2921 = DIRECTION ( 'NONE',  ( -0.7071067811865464625, -0.7071067811865485719, 0.000000000000000000 ) ) ;
#2922 = VECTOR ( 'NONE', #3524, 1000.000000000000000 ) ;
#2923 = FACE_OUTER_BOUND ( 'NONE', #2825, .T. ) ;
#2924 = DIRECTION ( 'NONE',  ( 0.000000000000000000, 0.000000000000000000, -1.000000000000000000 ) ) ;
#2925 = EDGE_CURVE ( 'NONE', #1130, #217, #2672, .T. ) ;
#2926 = ORIENTED_EDGE ( 'NONE', *, *, #2449, .F. ) ;
#2927 = SURFACE_STYLE_USAGE ( .BOTH. , #389 ) ;
#2928 = DIRECTION ( 'NONE',  ( 1.000000000000000000, 0.000000000000000000, 0.000000000000000000 ) ) ;
#2929 =( GEOMETRIC_REPRESENTATION_CONTEXT ( 3 ) GLOBAL_UNCERTAINTY_ASSIGNED_CONTEXT ( ( #762 ) ) GLOBAL_UNIT_ASSIGNED_CONTEXT ( ( #2538, #1512, #1844 ) ) REPRESENTATION_CONTEXT ( 'NONE', 'WORKASPACE' ) );
#2930 = MECHANICAL_DESIGN_GEOMETRIC_PRESENTATION_REPRESENTATION (  '', ( #2338 ), #3670 ) ;
#2931 = CARTESIAN_POINT ( 'NONE',  ( 7.700000000000006395, -7.000000000000000000, -4.199999999999999289 ) ) ;
#2932 = COLOUR_RGB ( '',0.6274509803921568540, 0.6274509803921568540, 0.6274509803921568540 ) ;
#2933 = FILL_AREA_STYLE ('',( #2272 ) ) ;
#2934 = ADVANCED_FACE ( 'NONE', ( #302 ), #238, .F. ) ;
#2935 = VECTOR ( 'NONE', #1444, 1000.000000000000000 ) ;
#2936 = CARTESIAN_POINT ( 'NONE',  ( -0.3999999999999958589, -24.49999999999998934, 1.600000000000000755 ) ) ;
#2937 = LINE ( 'NONE', #2125, #3001 ) ;
#2938 = ORIENTED_EDGE ( 'NONE', *, *, #357, .F. ) ;
#2939 = DIRECTION ( 'NONE',  ( 0.000000000000000000, 0.7071067811865499042, -0.7071067811865451302 ) ) ;
#2940 = CARTESIAN_POINT ( 'NONE',  ( 7.500000000000007994, -5.759999999999999787, 3.300000000000000711 ) ) ;
#2941 = EDGE_CURVE ( 'NONE', #1300, #2784, #3415, .T. ) ;
#2942 = FACE_OUTER_BOUND ( 'NONE', #807, .T. ) ;
#2943 = LINE ( 'NONE', #385, #1536 ) ;
#2944 = CARTESIAN_POINT ( 'NONE',  ( 3.200000000000005507, -23.99999999999999645, 3.100000000000000533 ) ) ;
#2945 = EDGE_CURVE ( 'NONE', #3818, #2563, #221, .T. ) ;
#2946 = DIRECTION ( 'NONE',  ( 0.000000000000000000, -1.267249292515524794E-16, 1.000000000000000000 ) ) ;
#2947 = CARTESIAN_POINT ( 'NONE',  ( -10.49999999999999112, -0.6000000000000021982, 5.300000000000000711 ) ) ;
#2948 = CARTESIAN_POINT ( 'NONE',  ( -18.74999999999993960, -18.75000000000006750, -1.099999999999999423 ) ) ;
#2949 = SURFACE_SIDE_STYLE ('',( #1291 ) ) ;
#2950 = ORIENTED_EDGE ( 'NONE', *, *, #917, .F. ) ;
#2951 = CARTESIAN_POINT ( 'NONE',  ( -0.3999999999999958589, -24.49999999999998934, 1.600000000000000755 ) ) ;
#2952 = FILL_AREA_STYLE_COLOUR ( '', #2133 ) ;
#2953 =( NAMED_UNIT ( * ) PLANE_ANGLE_UNIT ( ) SI_UNIT ( $, .RADIAN. ) );
#2954 = ORIENTED_EDGE ( 'NONE', *, *, #230, .T. ) ;
#2955 = CARTESIAN_POINT ( 'NONE',  ( -10.79999999999999005, -27.99999999999998934, 3.100000000000000533 ) ) ;
#2956 = DIRECTION ( 'NONE',  ( 0.000000000000000000, 0.000000000000000000, -1.000000000000000000 ) ) ;
#2957 = CARTESIAN_POINT ( 'NONE',  ( -14.99999999999999289, 0.3999999999999920841, -7.699999999999991296 ) ) ;
#2958 = ORIENTED_EDGE ( 'NONE', *, *, #3114, .T. ) ;
#2959 = EDGE_LOOP ( 'NONE', ( #3619, #2222, #2454, #3090 ) ) ;
#2960 = LINE ( 'NONE', #1134, #1468 ) ;
#2961 = PRESENTATION_LAYER_ASSIGNMENT (  '', '', ( #3163 ) ) ;
#2962 = CARTESIAN_POINT ( 'NONE',  ( 7.700000000000008171, -17.49999999999999645, -5.200000000000000178 ) ) ;
#2963 = FILL_AREA_STYLE ('',( #2617 ) ) ;
#2964 = DIRECTION ( 'NONE',  ( 0.000000000000000000, 0.000000000000000000, -1.000000000000000000 ) ) ;
#2965 = VERTEX_POINT ( 'NONE', #2474 ) ;
#2966 = VECTOR ( 'NONE', #2956, 1000.000000000000000 ) ;
#2967 =( NAMED_UNIT ( * ) PLANE_ANGLE_UNIT ( ) SI_UNIT ( $, .RADIAN. ) );
#2968 = LINE ( 'NONE', #119, #1409 ) ;
#2969 = SURFACE_STYLE_USAGE ( .BOTH. , #3034 ) ;
#2970 = UNCERTAINTY_MEASURE_WITH_UNIT (LENGTH_MEASURE( 1.000000000000000082E-05 ), #2837, 'distance_accuracy_value', 'NONE');
#2971 = ORIENTED_EDGE ( 'NONE', *, *, #3856, .F. ) ;
#2972 = CARTESIAN_POINT ( 'NONE',  ( 0.000000000000000000, -16.50000000000000355, -4.199999999999999289 ) ) ;
#2973 = EDGE_CURVE ( 'NONE', #2442, #3161, #534, .T. ) ;
#2974 = ORIENTED_EDGE ( 'NONE', *, *, #4027, .T. ) ;
#2975 = CARTESIAN_POINT ( 'NONE',  ( 9.000000000000007105, -5.759999999999999787, -8.699999999999999289 ) ) ;
#2976 =( GEOMETRIC_REPRESENTATION_CONTEXT ( 3 ) GLOBAL_UNCERTAINTY_ASSIGNED_CONTEXT ( ( #1238 ) ) GLOBAL_UNIT_ASSIGNED_CONTEXT ( ( #2109, #3306, #438 ) ) REPRESENTATION_CONTEXT ( 'NONE', 'WORKASPACE' ) );
#2977 = CARTESIAN_POINT ( 'NONE',  ( -10.79999999999999361, -21.49999999999999289, 0.1000000000000004774 ) ) ;
#2978 = FACE_OUTER_BOUND ( 'NONE', #1896, .T. ) ;
#2979 = LINE ( 'NONE', #2611, #2592 ) ;
#2980 = ORIENTED_EDGE ( 'NONE', *, *, #1147, .F. ) ;
#2981 = ORIENTED_EDGE ( 'NONE', *, *, #3559, .T. ) ;
#2982 =( LENGTH_UNIT ( ) NAMED_UNIT ( * ) SI_UNIT ( .MILLI., .METRE. ) );
#2983 = SURFACE_STYLE_USAGE ( .BOTH. , #70 ) ;
#2984 = LINE ( 'NONE', #1065, #2140 ) ;
#2985 = LINE ( 'NONE', #3311, #265 ) ;
#2986 = SURFACE_STYLE_FILL_AREA ( #813 ) ;
#2987 = ORIENTED_EDGE ( 'NONE', *, *, #3866, .T. ) ;
#2988 =( NAMED_UNIT ( * ) SI_UNIT ( $, .STERADIAN. ) SOLID_ANGLE_UNIT ( ) );
#2989 = DIRECTION ( 'NONE',  ( -0.000000000000000000, -0.000000000000000000, 1.000000000000000000 ) ) ;
#2990 = FACE_OUTER_BOUND ( 'NONE', #2904, .T. ) ;
#2991 = STYLED_ITEM ( 'NONE', ( #2999 ), #1534 ) ;
#2992 = AXIS2_PLACEMENT_3D ( 'NONE', #4044, #1196, #3104 ) ;
#2993 = VERTEX_POINT ( 'NONE', #890 ) ;
#2994 = CARTESIAN_POINT ( 'NONE',  ( 5.200000000000006395, -3.600000000000003197, 4.800000000000001599 ) ) ;
#2995 = CIRCLE ( 'NONE', #1467, 1.499999999999999556 ) ;
#2996 = VECTOR ( 'NONE', #2856, 1000.000000000000000 ) ;
#2997 = EDGE_CURVE ( 'NONE', #2563, #2833, #3400, .T. ) ;
#2998 = LINE ( 'NONE', #3060, #1346 ) ;
#2999 = PRESENTATION_STYLE_ASSIGNMENT (( #3973 ) ) ;
#3000 = SURFACE_SIDE_STYLE ('',( #2763 ) ) ;
#3001 = VECTOR ( 'NONE', #3433, 1000.000000000000000 ) ;
#3002 = COLOUR_RGB ( '',0.6274509803921568540, 0.6274509803921568540, 0.6274509803921568540 ) ;
#3003 = DIRECTION ( 'NONE',  ( 1.000000000000000000, -2.312964634635742464E-16, -0.000000000000000000 ) ) ;
#3004 = EDGE_CURVE ( 'NONE', #2245, #4111, #567, .T. ) ;
#3005 = EDGE_CURVE ( 'NONE', #3642, #2442, #3531, .T. ) ;
#3006 = ADVANCED_FACE ( 'NONE', ( #4050 ), #3105, .T. ) ;
#3007 = VECTOR ( 'NONE', #2840, 1000.000000000000000 ) ;
#3008 = CARTESIAN_POINT ( 'NONE',  ( -0.3999999999999958589, -24.49999999999998934, 1.600000000000000755 ) ) ;
#3009 = ORIENTED_EDGE ( 'NONE', *, *, #1535, .T. ) ;
#3010 = ORIENTED_EDGE ( 'NONE', *, *, #3013, .F. ) ;
#3011 = PLANE ( 'NONE',  #3466 ) ;
#3012 = VECTOR ( 'NONE', #865, 1000.000000000000000 ) ;
#3013 = EDGE_CURVE ( 'NONE', #145, #3502, #1368, .T. ) ;
#3014 = ADVANCED_FACE ( 'NONE', ( #1672 ), #966, .F. ) ;
#3015 = DIRECTION ( 'NONE',  ( 0.000000000000000000, -0.000000000000000000, -1.000000000000000000 ) ) ;
#3016 = CARTESIAN_POINT ( 'NONE',  ( 3.587055406248788714, -25.49999999999999645, -0.9000000000000005773 ) ) ;
#3017 =( LENGTH_UNIT ( ) NAMED_UNIT ( * ) SI_UNIT ( .MILLI., .METRE. ) );
#3018 = CARTESIAN_POINT ( 'NONE',  ( 10.00000000000000533, -25.49999999999999645, -0.9000000000000005773 ) ) ;
#3019 =( NAMED_UNIT ( * ) SI_UNIT ( $, .STERADIAN. ) SOLID_ANGLE_UNIT ( ) );
#3020 = ORIENTED_EDGE ( 'NONE', *, *, #4047, .T. ) ;
#3021 = CARTESIAN_POINT ( 'NONE',  ( 13.00000000000000711, -0.6000000000000030864, 2.168404344971008868E-15 ) ) ;
#3022 = ORIENTED_EDGE ( 'NONE', *, *, #1285, .F. ) ;
#3023 = FILL_AREA_STYLE ('',( #3342 ) ) ;
#3024 = DIRECTION ( 'NONE',  ( 0.000000000000000000, 0.7071067811865500152, 0.7071067811865451302 ) ) ;
#3025 = CARTESIAN_POINT ( 'NONE',  ( 13.99999999999999822, 0.3999999999999900857, 6.700000000000001066 ) ) ;
#3026 = DIRECTION ( 'NONE',  ( -0.000000000000000000, -0.000000000000000000, -1.000000000000000000 ) ) ;
#3027 = VERTEX_POINT ( 'NONE', #2918 ) ;
#3028 = ORIENTED_EDGE ( 'NONE', *, *, #3172, .T. ) ;
#3029 = FILL_AREA_STYLE ('',( #2053 ) ) ;
#3030 = FILL_AREA_STYLE_COLOUR ( '', #3782 ) ;
#3031 = CARTESIAN_POINT ( 'NONE',  ( 3.358220418678544039, -24.87868253099516735, -8.321317469004831935 ) ) ;
#3032 =( GEOMETRIC_REPRESENTATION_CONTEXT ( 3 ) GLOBAL_UNCERTAINTY_ASSIGNED_CONTEXT ( ( #1550 ) ) GLOBAL_UNIT_ASSIGNED_CONTEXT ( ( #3443, #563, #2199 ) ) REPRESENTATION_CONTEXT ( 'NONE', 'WORKASPACE' ) );
#3033 = DIRECTION ( 'NONE',  ( -0.000000000000000000, 1.548860246407863583E-16, 1.000000000000000000 ) ) ;
#3034 = SURFACE_SIDE_STYLE ('',( #1072 ) ) ;
#3035 = VERTEX_POINT ( 'NONE', #3209 ) ;
#3036 = DIRECTION ( 'NONE',  ( 1.239037099348076713E-16, -0.7071067811865462405, 0.7071067811865489050 ) ) ;
#3037 = COLOUR_RGB ( '',0.6274509803921568540, 0.6274509803921568540, 0.6274509803921568540 ) ;
#3038 = VECTOR ( 'NONE', #1583, 1000.000000000000000 ) ;
#3039 = DIRECTION ( 'NONE',  ( -0.000000000000000000, -0.000000000000000000, -1.000000000000000000 ) ) ;
#3040 = FILL_AREA_STYLE_COLOUR ( '', #1277 ) ;
#3041 = ORIENTED_EDGE ( 'NONE', *, *, #2521, .F. ) ;
#3042 = SURFACE_STYLE_USAGE ( .BOTH. , #3000 ) ;
#3043 = DIRECTION ( 'NONE',  ( 0.000000000000000000, 1.267249292515524794E-16, -1.000000000000000000 ) ) ;
#3044 = SURFACE_STYLE_FILL_AREA ( #838 ) ;
#3045 =( LENGTH_UNIT ( ) NAMED_UNIT ( * ) SI_UNIT ( .MILLI., .METRE. ) );
#3046 = COLOUR_RGB ( '',0.6274509803921568540, 0.6274509803921568540, 0.6274509803921568540 ) ;
#3047 = DIRECTION ( 'NONE',  ( 0.000000000000000000, 0.000000000000000000, -1.000000000000000000 ) ) ;
#3048 = VERTEX_POINT ( 'NONE', #1615 ) ;
#3049 = ORIENTED_EDGE ( 'NONE', *, *, #1295, .F. ) ;
#3050 = CARTESIAN_POINT ( 'NONE',  ( 13.00000000000000888, -21.49999999999999289, -5.799999999999999822 ) ) ;
#3051 = LINE ( 'NONE', #197, #1876 ) ;
#3052 = CARTESIAN_POINT ( 'NONE',  ( -13.99999999999999112, -23.49999999999999289, -7.699999999999998401 ) ) ;
#3053 = EDGE_CURVE ( 'NONE', #1167, #1913, #71, .T. ) ;
#3054 = FILL_AREA_STYLE_COLOUR ( '', #1609 ) ;
#3055 = DIRECTION ( 'NONE',  ( 0.000000000000000000, 1.000000000000000000, 0.000000000000000000 ) ) ;
#3056 = VERTEX_POINT ( 'NONE', #655 ) ;
#3057 = AXIS2_PLACEMENT_3D ( 'NONE', #3008, #479, #773 ) ;
#3058 = COLOUR_RGB ( '',0.6274509803921568540, 0.6274509803921568540, 0.6274509803921568540 ) ;
#3059 = EDGE_CURVE ( 'NONE', #3027, #1450, #3508, .T. ) ;
#3060 = CARTESIAN_POINT ( 'NONE',  ( 15.00000000000000711, -1.999999999999998224, -5.799999999999999822 ) ) ;
#3061 = LINE ( 'NONE', #1482, #806 ) ;
#3062 = ORIENTED_EDGE ( 'NONE', *, *, #778, .T. ) ;
#3063 = FACE_OUTER_BOUND ( 'NONE', #4004, .T. ) ;
#3064 =( NAMED_UNIT ( * ) PLANE_ANGLE_UNIT ( ) SI_UNIT ( $, .RADIAN. ) );
#3065 = COLOUR_RGB ( '',0.6274509803921568540, 0.6274509803921568540, 0.6274509803921568540 ) ;
#3066 =( GEOMETRIC_REPRESENTATION_CONTEXT ( 3 ) GLOBAL_UNCERTAINTY_ASSIGNED_CONTEXT ( ( #1389 ) ) GLOBAL_UNIT_ASSIGNED_CONTEXT ( ( #3236, #3792, #317 ) ) REPRESENTATION_CONTEXT ( 'NONE', 'WORKASPACE' ) );
#3067 = ORIENTED_EDGE ( 'NONE', *, *, #1820, .T. ) ;
#3068 = ORIENTED_EDGE ( 'NONE', *, *, #1030, .F. ) ;
#3069 = VECTOR ( 'NONE', #2867, 1000.000000000000000 ) ;
#3070 = FILL_AREA_STYLE ('',( #3128 ) ) ;
#3071 = APPLICATION_CONTEXT ( 'automotive_design' ) ;
#3072 = LINE ( 'NONE', #815, #1983 ) ;
#3073 = DIRECTION ( 'NONE',  ( -1.000000000000000000, 0.000000000000000000, 0.000000000000000000 ) ) ;
#3074 = ORIENTED_EDGE ( 'NONE', *, *, #426, .T. ) ;
#3075 = ADVANCED_FACE ( 'NONE', ( #403 ), #3179, .T. ) ;
#3076 = SURFACE_STYLE_USAGE ( .BOTH. , #2524 ) ;
#3077 = ORIENTED_EDGE ( 'NONE', *, *, #2074, .F. ) ;
#3078 =( LENGTH_UNIT ( ) NAMED_UNIT ( * ) SI_UNIT ( .MILLI., .METRE. ) );
#3079 = CARTESIAN_POINT ( 'NONE',  ( 1.684619089766616007, -22.13846167708828716, 1.600000000000000755 ) ) ;
#3080 = DIRECTION ( 'NONE',  ( 0.7071067811865472397, 0.7071067811865479058, -0.000000000000000000 ) ) ;
#3081 = ORIENTED_EDGE ( 'NONE', *, *, #1524, .F. ) ;
#3082 = ORIENTED_EDGE ( 'NONE', *, *, #3607, .F. ) ;
#3083 = LINE ( 'NONE', #562, #1638 ) ;
#3084 = CARTESIAN_POINT ( 'NONE',  ( -14.99999999999999289, -2.000000000000000000, 5.699999999999993072 ) ) ;
#3085 = ORIENTED_EDGE ( 'NONE', *, *, #2627, .T. ) ;
#3086 = PLANE ( 'NONE',  #2439 ) ;
#3087 = DIRECTION ( 'NONE',  ( 2.146934995020800917E-17, -1.000000000000000000, 0.000000000000000000 ) ) ;
#3088 =( LENGTH_UNIT ( ) NAMED_UNIT ( * ) SI_UNIT ( .MILLI., .METRE. ) );
#3089 = STYLED_ITEM ( 'NONE', ( #3556 ), #103 ) ;
#3090 = ORIENTED_EDGE ( 'NONE', *, *, #613, .T. ) ;
#3091 = CARTESIAN_POINT ( 'NONE',  ( 1.684619089766612232, -22.13846167708828361, 1.600000000000000755 ) ) ;
#3092 = EDGE_CURVE ( 'NONE', #3370, #3308, #1331, .T. ) ;
#3093 =( GEOMETRIC_REPRESENTATION_CONTEXT ( 3 ) GLOBAL_UNCERTAINTY_ASSIGNED_CONTEXT ( ( #3810 ) ) GLOBAL_UNIT_ASSIGNED_CONTEXT ( ( #223, #3761, #1576 ) ) REPRESENTATION_CONTEXT ( 'NONE', 'WORKASPACE' ) );
#3094 = VECTOR ( 'NONE', #2871, 1000.000000000000000 ) ;
#3095 = CARTESIAN_POINT ( 'NONE',  ( -3.964028778296494693, -23.49999999999999289, -0.9000000000000003553 ) ) ;
#3096 =( NAMED_UNIT ( * ) PLANE_ANGLE_UNIT ( ) SI_UNIT ( $, .RADIAN. ) );
#3097 = ORIENTED_EDGE ( 'NONE', *, *, #2258, .T. ) ;
#3098 = MECHANICAL_DESIGN_GEOMETRIC_PRESENTATION_REPRESENTATION (  '', ( #1109 ), #3232 ) ;
#3099 = EDGE_LOOP ( 'NONE', ( #4106, #3323, #2375, #417, #1522, #2581 ) ) ;
#3100 = VECTOR ( 'NONE', #314, 1000.000000000000000 ) ;
#3101 = EDGE_CURVE ( 'NONE', #1150, #2734, #2984, .T. ) ;
#3102 = DIRECTION ( 'NONE',  ( -1.734723475976805615E-16, 1.000000000000000000, -0.000000000000000000 ) ) ;
#3103 = FILL_AREA_STYLE_COLOUR ( '', #3289 ) ;
#3104 = DIRECTION ( 'NONE',  ( 0.000000000000000000, -1.000000000000000000, 0.000000000000000000 ) ) ;
#3105 = PLANE ( 'NONE',  #1211 ) ;
#3106 = VERTEX_POINT ( 'NONE', #444 ) ;
#3107 = LINE ( 'NONE', #1819, #3637 ) ;
#3108 = EDGE_CURVE ( 'NONE', #3035, #2437, #3679, .T. ) ;
#3109 = MECHANICAL_DESIGN_GEOMETRIC_PRESENTATION_REPRESENTATION (  '', ( #797 ), #2325 ) ;
#3110 = FILL_AREA_STYLE_COLOUR ( '', #3002 ) ;
#3111 = VECTOR ( 'NONE', #694, 1000.000000000000114 ) ;
#3112 = DIRECTION ( 'NONE',  ( 0.000000000000000000, -0.000000000000000000, 1.000000000000000000 ) ) ;
#3113 = CARTESIAN_POINT ( 'NONE',  ( -14.99999999999999289, -2.000000000000000000, -7.700000000000006395 ) ) ;
#3114 = EDGE_CURVE ( 'NONE', #2965, #334, #2094, .T. ) ;
#3115 = DIRECTION ( 'NONE',  ( 0.000000000000000000, 0.000000000000000000, 1.000000000000000000 ) ) ;
#3116 = CARTESIAN_POINT ( 'NONE',  ( -0.3999999999999958589, -24.49999999999998934, 3.100000000000000533 ) ) ;
#3117 = UNCERTAINTY_MEASURE_WITH_UNIT (LENGTH_MEASURE( 1.000000000000000082E-05 ), #2851, 'distance_accuracy_value', 'NONE');
#3118 = FILL_AREA_STYLE ('',( #1855 ) ) ;
#3119 = ORIENTED_EDGE ( 'NONE', *, *, #1934, .F. ) ;
#3120 = AXIS2_PLACEMENT_3D ( 'NONE', #1974, #3235, #1657 ) ;
#3121 = VERTEX_POINT ( 'NONE', #506 ) ;
#3122 = COLOUR_RGB ( '',0.6274509803921568540, 0.6274509803921568540, 0.6274509803921568540 ) ;
#3123 = EDGE_CURVE ( 'NONE', #3463, #1596, #811, .T. ) ;
#3124 = UNCERTAINTY_MEASURE_WITH_UNIT (LENGTH_MEASURE( 1.000000000000000082E-05 ), #2823, 'distance_accuracy_value', 'NONE');
#3125 = AXIS2_PLACEMENT_3D ( 'NONE', #3748, #1551, #3047 ) ;
#3126 = STYLED_ITEM ( 'NONE', ( #1466 ), #4093 ) ;
#3127 = LINE ( 'NONE', #2114, #999 ) ;
#3128 = FILL_AREA_STYLE_COLOUR ( '', #2915 ) ;
#3129 = FILL_AREA_STYLE ('',( #4045 ) ) ;
#3130 = AXIS2_PLACEMENT_3D ( 'NONE', #3490, #871, #2820 ) ;
#3131 = EDGE_CURVE ( 'NONE', #3832, #3510, #3285, .T. ) ;
#3132 = DIRECTION ( 'NONE',  ( -1.000000000000000000, 0.000000000000000000, -0.000000000000000000 ) ) ;
#3133 =( NAMED_UNIT ( * ) SI_UNIT ( $, .STERADIAN. ) SOLID_ANGLE_UNIT ( ) );
#3134 = ORIENTED_EDGE ( 'NONE', *, *, #4098, .T. ) ;
#3135 = PRESENTATION_LAYER_ASSIGNMENT (  '', '', ( #3600 ) ) ;
#3136 = PLANE ( 'NONE',  #1802 ) ;
#3137 = VERTEX_POINT ( 'NONE', #1408 ) ;
#3138 = SURFACE_STYLE_FILL_AREA ( #6 ) ;
#3139 = DIRECTION ( 'NONE',  ( 0.000000000000000000, 1.000000000000000000, 0.000000000000000000 ) ) ;
#3140 = UNCERTAINTY_MEASURE_WITH_UNIT (LENGTH_MEASURE( 1.000000000000000082E-05 ), #951, 'distance_accuracy_value', 'NONE');
#3141 = SURFACE_STYLE_USAGE ( .BOTH. , #1499 ) ;
#3142 = DIRECTION ( 'NONE',  ( 1.239088197126291063E-16, -1.000000000000000000, 0.000000000000000000 ) ) ;
#3143 = PRESENTATION_STYLE_ASSIGNMENT (( #609 ) ) ;
#3144 = VERTEX_POINT ( 'NONE', #780 ) ;
#3145 = ORIENTED_EDGE ( 'NONE', *, *, #478, .T. ) ;
#3146 = CARTESIAN_POINT ( 'NONE',  ( -2.155829056268829813, -21.49999999999999289, -5.799999999999977618 ) ) ;
#3147 = CARTESIAN_POINT ( 'NONE',  ( 3.200000000000005063, -21.49999999999999645, -1.099999999999999423 ) ) ;
#3148 = CARTESIAN_POINT ( 'NONE',  ( 5.200000000000006395, -3.600000000000003197, 6.700000000000001066 ) ) ;
#3149 = FILL_AREA_STYLE ('',( #1890 ) ) ;
#3150 = FILL_AREA_STYLE_COLOUR ( '', #3469 ) ;
#3151 = ORIENTED_EDGE ( 'NONE', *, *, #734, .T. ) ;
#3152 = LINE ( 'NONE', #2455, #1975 ) ;
#3153 =( NAMED_UNIT ( * ) PLANE_ANGLE_UNIT ( ) SI_UNIT ( $, .RADIAN. ) );
#3154 =( NAMED_UNIT ( * ) SI_UNIT ( $, .STERADIAN. ) SOLID_ANGLE_UNIT ( ) );
#3155 = ORIENTED_EDGE ( 'NONE', *, *, #791, .T. ) ;
#3156 = STYLED_ITEM ( 'NONE', ( #3411 ), #2315 ) ;
#3157 = DIRECTION ( 'NONE',  ( 0.000000000000000000, 0.000000000000000000, -1.000000000000000000 ) ) ;
#3158 =( NAMED_UNIT ( * ) SI_UNIT ( $, .STERADIAN. ) SOLID_ANGLE_UNIT ( ) );
#3159 = LINE ( 'NONE', #1213, #2366 ) ;
#3160 = PLANE ( 'NONE',  #1606 ) ;
#3161 = VERTEX_POINT ( 'NONE', #3982 ) ;
#3162 = ORIENTED_EDGE ( 'NONE', *, *, #523, .F. ) ;
#3163 = STYLED_ITEM ( 'NONE', ( #64 ), #2 ) ;
#3164 = SURFACE_STYLE_FILL_AREA ( #399 ) ;
#3165 =( NAMED_UNIT ( * ) PLANE_ANGLE_UNIT ( ) SI_UNIT ( $, .RADIAN. ) );
#3166 = VECTOR ( 'NONE', #1990, 1000.000000000000000 ) ;
#3167 = DIRECTION ( 'NONE',  ( 0.000000000000000000, 0.7071067811865450192, -0.7071067811865500152 ) ) ;
#3168 =( GEOMETRIC_REPRESENTATION_CONTEXT ( 3 ) GLOBAL_UNCERTAINTY_ASSIGNED_CONTEXT ( ( #3767 ) ) GLOBAL_UNIT_ASSIGNED_CONTEXT ( ( #1750, #2747, #859 ) ) REPRESENTATION_CONTEXT ( 'NONE', 'WORKASPACE' ) );
#3169 = EDGE_CURVE ( 'NONE', #3257, #1130, #3051, .T. ) ;
#3170 = ORIENTED_EDGE ( 'NONE', *, *, #3735, .T. ) ;
#3171 = LINE ( 'NONE', #3052, #1379 ) ;
#3172 = EDGE_CURVE ( 'NONE', #245, #1612, #1756, .T. ) ;
#3173 =( GEOMETRIC_REPRESENTATION_CONTEXT ( 3 ) GLOBAL_UNCERTAINTY_ASSIGNED_CONTEXT ( ( #409 ) ) GLOBAL_UNIT_ASSIGNED_CONTEXT ( ( #509, #1181, #3713 ) ) REPRESENTATION_CONTEXT ( 'NONE', 'WORKASPACE' ) );
#3174 = DIRECTION ( 'NONE',  ( 1.000000000000000000, 2.146934995020800917E-17, 0.000000000000000000 ) ) ;
#3175 = CARTESIAN_POINT ( 'NONE',  ( -14.99999999999999645, -21.49999999999999289, -6.699999999999999289 ) ) ;
#3176 = EDGE_LOOP ( 'NONE', ( #1885, #511, #1856, #3815 ) ) ;
#3177 = CARTESIAN_POINT ( 'NONE',  ( -13.99999999999998401, 0.3999999999999900857, 6.700000000000001066 ) ) ;
#3178 = SURFACE_STYLE_FILL_AREA ( #1013 ) ;
#3179 = B_SPLINE_SURFACE_WITH_KNOTS ( 'NONE', 1, 1, ( 
 ( #3895, #3016 ),
 ( #1110, #2387 ) ),
 .UNSPECIFIED., .F., .F., .F.,
 ( 2, 2 ),
 ( 2, 2 ),
 ( 0.000000000000000000, 1.000000000000000000 ),
 ( 0.000000000000000000, 1.000000000000000000 ),
 .UNSPECIFIED. ) ;
#3180 = ADVANCED_FACE ( 'NONE', ( #1738 ), #738, .T. ) ;
#3181 =( NAMED_UNIT ( * ) SI_UNIT ( $, .STERADIAN. ) SOLID_ANGLE_UNIT ( ) );
#3182 = DIRECTION ( 'NONE',  ( 1.000000000000000000, 0.000000000000000000, 0.000000000000000000 ) ) ;
#3183 = ORIENTED_EDGE ( 'NONE', *, *, #1815, .F. ) ;
#3184 = STYLED_ITEM ( 'NONE', ( #1964 ), #1287 ) ;
#3185 = AXIS2_PLACEMENT_3D ( 'NONE', #198, #781, #1160 ) ;
#3186 = ORIENTED_EDGE ( 'NONE', *, *, #3856, .T. ) ;
#3187 = CARTESIAN_POINT ( 'NONE',  ( -14.99999999999999645, -23.49999999999999289, -6.699999999999999289 ) ) ;
#3188 =( NAMED_UNIT ( * ) SI_UNIT ( $, .STERADIAN. ) SOLID_ANGLE_UNIT ( ) );
#3189 = COLOUR_RGB ( '',0.6274509803921568540, 0.6274509803921568540, 0.6274509803921568540 ) ;
#3190 = PRODUCT_DEFINITION_FORMATION_WITH_SPECIFIED_SOURCE ( 'ANY', '', #2884, .NOT_KNOWN. ) ;
#3191 = CARTESIAN_POINT ( 'NONE',  ( -13.99999999999998401, 1.399999999999999689, -8.699999999999999289 ) ) ;
#3192 = MECHANICAL_DESIGN_GEOMETRIC_PRESENTATION_REPRESENTATION (  '', ( #675 ), #2403 ) ;
#3193 = VECTOR ( 'NONE', #3539, 1000.000000000000114 ) ;
#3194 = FILL_AREA_STYLE_COLOUR ( '', #72 ) ;
#3195 = VERTEX_POINT ( 'NONE', #2962 ) ;
#3196 = AXIS2_PLACEMENT_3D ( 'NONE', #2080, #428, #2158 ) ;
#3197 = CARTESIAN_POINT ( 'NONE',  ( 10.50000000000000355, -18.75999999999999801, 3.300000000000000711 ) ) ;
#3198 = EDGE_LOOP ( 'NONE', ( #3009, #1176, #452 ) ) ;
#3199 = CARTESIAN_POINT ( 'NONE',  ( 1.355829056268836208, -21.49999999999999289, -6.699999999999999289 ) ) ;
#3200 = SURFACE_STYLE_FILL_AREA ( #1939 ) ;
#3201 = UNCERTAINTY_MEASURE_WITH_UNIT (LENGTH_MEASURE( 1.000000000000000082E-05 ), #3203, 'distance_accuracy_value', 'NONE');
#3202 =( NAMED_UNIT ( * ) PLANE_ANGLE_UNIT ( ) SI_UNIT ( $, .RADIAN. ) );
#3203 =( LENGTH_UNIT ( ) NAMED_UNIT ( * ) SI_UNIT ( .MILLI., .METRE. ) );
#3204 = CARTESIAN_POINT ( 'NONE',  ( 10.00000000000000533, -23.99999999999999645, -4.799999999999991829 ) ) ;
#3205 = CARTESIAN_POINT ( 'NONE',  ( -8.385429601486523055, -0.6000000000000021982, 29.08542960148652412 ) ) ;
#3206 = ORIENTED_EDGE ( 'NONE', *, *, #4091, .T. ) ;
#3207 = DIRECTION ( 'NONE',  ( 0.000000000000000000, -1.000000000000000000, 0.000000000000000000 ) ) ;
#3208 = SURFACE_STYLE_USAGE ( .BOTH. , #3471 ) ;
#3209 = CARTESIAN_POINT ( 'NONE',  ( -14.99999999999999289, -0.6000000000000028644, 1.100000000000002087 ) ) ;
#3210 = DIRECTION ( 'NONE',  ( -0.000000000000000000, -0.000000000000000000, -1.000000000000000000 ) ) ;
#3211 = ORIENTED_EDGE ( 'NONE', *, *, #1210, .T. ) ;
#3212 = FILL_AREA_STYLE ('',( #1597 ) ) ;
#3213 = LINE ( 'NONE', #745, #2799 ) ;
#3214 = VERTEX_POINT ( 'NONE', #113 ) ;
#3215 = PLANE ( 'NONE',  #2304 ) ;
#3216 = LINE ( 'NONE', #1897, #1244 ) ;
#3217 = SURFACE_STYLE_FILL_AREA ( #2585 ) ;
#3218 =( NAMED_UNIT ( * ) SI_UNIT ( $, .STERADIAN. ) SOLID_ANGLE_UNIT ( ) );
#3219 = STYLED_ITEM ( 'NONE', ( #1887 ), #2313 ) ;
#3220 = CARTESIAN_POINT ( 'NONE',  ( -14.99999999999999645, -23.49999999999999289, -7.699999999999998401 ) ) ;
#3221 = LINE ( 'NONE', #2007, #1594 ) ;
#3222 = EDGE_LOOP ( 'NONE', ( #695, #1947, #883, #877 ) ) ;
#3223 = COLOUR_RGB ( '',0.6274509803921568540, 0.6274509803921568540, 0.6274509803921568540 ) ;
#3224 = CARTESIAN_POINT ( 'NONE',  ( -13.24999999999999289, -0.6000000000000021982, 6.700000000000001066 ) ) ;
#3225 = AXIS2_PLACEMENT_3D ( 'NONE', #496, #2028, #1768 ) ;
#3226 = CARTESIAN_POINT ( 'NONE',  ( 3.224517592124143893E-15, -25.49999999999999645, -6.699999999999999289 ) ) ;
#3227 = EDGE_CURVE ( 'NONE', #2965, #861, #1385, .T. ) ;
#3228 = VECTOR ( 'NONE', #3946, 1000.000000000000000 ) ;
#3229 = FILL_AREA_STYLE ('',( #2032 ) ) ;
#3230 =( NAMED_UNIT ( * ) SI_UNIT ( $, .STERADIAN. ) SOLID_ANGLE_UNIT ( ) );
#3231 =( NAMED_UNIT ( * ) PLANE_ANGLE_UNIT ( ) SI_UNIT ( $, .RADIAN. ) );
#3232 =( GEOMETRIC_REPRESENTATION_CONTEXT ( 3 ) GLOBAL_UNCERTAINTY_ASSIGNED_CONTEXT ( ( #550 ) ) GLOBAL_UNIT_ASSIGNED_CONTEXT ( ( #2078, #3354, #3611 ) ) REPRESENTATION_CONTEXT ( 'NONE', 'WORKASPACE' ) );
#3233 = AXIS2_PLACEMENT_3D ( 'NONE', #3877, #2921, #2018 ) ;
#3234 =( NAMED_UNIT ( * ) PLANE_ANGLE_UNIT ( ) SI_UNIT ( $, .RADIAN. ) );
#3235 = DIRECTION ( 'NONE',  ( 0.000000000000000000, -0.000000000000000000, 1.000000000000000000 ) ) ;
#3236 =( LENGTH_UNIT ( ) NAMED_UNIT ( * ) SI_UNIT ( .MILLI., .METRE. ) );
#3237 = EDGE_LOOP ( 'NONE', ( #4030, #2684, #2591, #4056 ) ) ;
#3238 = SURFACE_STYLE_USAGE ( .BOTH. , #1427 ) ;
#3239 =( GEOMETRIC_REPRESENTATION_CONTEXT ( 3 ) GLOBAL_UNCERTAINTY_ASSIGNED_CONTEXT ( ( #941 ) ) GLOBAL_UNIT_ASSIGNED_CONTEXT ( ( #3613, #2967, #2036 ) ) REPRESENTATION_CONTEXT ( 'NONE', 'WORKASPACE' ) );
#3240 = CARTESIAN_POINT ( 'NONE',  ( 3.700000000000007727, -16.50000000000000355, -4.199999999999999289 ) ) ;
#3241 = EDGE_CURVE ( 'NONE', #2664, #3823, #2659, .T. ) ;
#3242 = DIRECTION ( 'NONE',  ( -0.7071067811865474617, 9.614813431917819082E-17, -0.7071067811865474617 ) ) ;
#3243 = EDGE_CURVE ( 'NONE', #253, #2775, #758, .T. ) ;
#3244 = VECTOR ( 'NONE', #1625, 1000.000000000000114 ) ;
#3245 = FILL_AREA_STYLE_COLOUR ( '', #205 ) ;
#3246 = SURFACE_STYLE_USAGE ( .BOTH. , #3995 ) ;
#3247 = VECTOR ( 'NONE', #3210, 1000.000000000000000 ) ;
#3248 = SURFACE_STYLE_USAGE ( .BOTH. , #2347 ) ;
#3249 = SURFACE_STYLE_FILL_AREA ( #3269 ) ;
#3250 = PRESENTATION_LAYER_ASSIGNMENT (  '', '', ( #2919 ) ) ;
#3251 =( GEOMETRIC_REPRESENTATION_CONTEXT ( 3 ) GLOBAL_UNCERTAINTY_ASSIGNED_CONTEXT ( ( #4048 ) ) GLOBAL_UNIT_ASSIGNED_CONTEXT ( ( #2982, #134, #1404 ) ) REPRESENTATION_CONTEXT ( 'NONE', 'WORKASPACE' ) );
#3252 = VECTOR ( 'NONE', #3055, 1000.000000000000000 ) ;
#3253 = FILL_AREA_STYLE ('',( #3546 ) ) ;
#3254 =( GEOMETRIC_REPRESENTATION_CONTEXT ( 3 ) GLOBAL_UNCERTAINTY_ASSIGNED_CONTEXT ( ( #3751 ) ) GLOBAL_UNIT_ASSIGNED_CONTEXT ( ( #3403, #3153, #1821 ) ) REPRESENTATION_CONTEXT ( 'NONE', 'WORKASPACE' ) );
#3255 = DIRECTION ( 'NONE',  ( 1.000000000000000000, 0.000000000000000000, -0.000000000000000000 ) ) ;
#3256 = DIRECTION ( 'NONE',  ( 1.000000000000000000, 2.168404344971008868E-16, 0.000000000000000000 ) ) ;
#3257 = VERTEX_POINT ( 'NONE', #928 ) ;
#3258 = LINE ( 'NONE', #1698, #1377 ) ;
#3259 = CARTESIAN_POINT ( 'NONE',  ( -5.999999999999994671, -0.6000000000000021982, 4.800000000000001599 ) ) ;
#3260 = STYLED_ITEM ( 'NONE', ( #2282 ), #2696 ) ;
#3261 = FACE_OUTER_BOUND ( 'NONE', #1275, .T. ) ;
#3262 = VECTOR ( 'NONE', #1968, 1000.000000000000000 ) ;
#3263 = FILL_AREA_STYLE_COLOUR ( '', #3360 ) ;
#3264 = DIRECTION ( 'NONE',  ( 0.000000000000000000, 0.000000000000000000, -1.000000000000000000 ) ) ;
#3265 = CARTESIAN_POINT ( 'NONE',  ( -3.212198625402785446, -23.08083161982705889, -7.699999999999970868 ) ) ;
#3266 = DIRECTION ( 'NONE',  ( -0.000000000000000000, -0.000000000000000000, -1.000000000000000000 ) ) ;
#3267 = LINE ( 'NONE', #422, #1516 ) ;
#3268 = CARTESIAN_POINT ( 'NONE',  ( 5.200000000000004619, -0.6000000000000021982, 4.800000000000001599 ) ) ;
#3269 = FILL_AREA_STYLE ('',( #2015 ) ) ;
#3270 = CARTESIAN_POINT ( 'NONE',  ( -9.799999999999998934, -28.99999999999998934, 3.100000000000000533 ) ) ;
#3271 = ORIENTED_EDGE ( 'NONE', *, *, #3484, .F. ) ;
#3272 = FACE_OUTER_BOUND ( 'NONE', #1413, .T. ) ;
#3273 = SURFACE_STYLE_FILL_AREA ( #3640 ) ;
#3274 = VERTEX_POINT ( 'NONE', #2792 ) ;
#3275 = FILL_AREA_STYLE_COLOUR ( '', #1834 ) ;
#3276 = CARTESIAN_POINT ( 'NONE',  ( -10.08169944401797835, -26.91078911707935006, -4.289210882920618140 ) ) ;
#3277 =( NAMED_UNIT ( * ) SI_UNIT ( $, .STERADIAN. ) SOLID_ANGLE_UNIT ( ) );
#3278 = ORIENTED_EDGE ( 'NONE', *, *, #2450, .F. ) ;
#3279 = DIRECTION ( 'NONE',  ( -0.000000000000000000, -1.000000000000000000, -0.000000000000000000 ) ) ;
#3280 = ORIENTED_EDGE ( 'NONE', *, *, #3985, .T. ) ;
#3281 = VERTEX_POINT ( 'NONE', #3695 ) ;
#3282 =( NAMED_UNIT ( * ) SI_UNIT ( $, .STERADIAN. ) SOLID_ANGLE_UNIT ( ) );
#3283 = SURFACE_STYLE_FILL_AREA ( #3229 ) ;
#3284 = COLOUR_RGB ( '',0.6274509803921568540, 0.6274509803921568540, 0.6274509803921568540 ) ;
#3285 = LINE ( 'NONE', #1781, #2935 ) ;
#3286 = DIRECTION ( 'NONE',  ( 0.000000000000000000, -1.161645184805897749E-16, -1.000000000000000000 ) ) ;
#3287 = EDGE_CURVE ( 'NONE', #1167, #3463, #256, .T. ) ;
#3288 = VECTOR ( 'NONE', #3535, 1000.000000000000114 ) ;
#3289 = COLOUR_RGB ( '',0.6274509803921568540, 0.6274509803921568540, 0.6274509803921568540 ) ;
#3290 = PRESENTATION_STYLE_ASSIGNMENT (( #1071 ) ) ;
#3291 = UNCERTAINTY_MEASURE_WITH_UNIT (LENGTH_MEASURE( 1.000000000000000082E-05 ), #2050, 'distance_accuracy_value', 'NONE');
#3292 = STYLED_ITEM ( 'NONE', ( #1089 ), #587 ) ;
#3293 = ORIENTED_EDGE ( 'NONE', *, *, #484, .T. ) ;
#3294 = PRESENTATION_STYLE_ASSIGNMENT (( #1391 ) ) ;
#3295 = EDGE_CURVE ( 'NONE', #1293, #1913, #1222, .T. ) ;
#3296 = EDGE_CURVE ( 'NONE', #3652, #1300, #1554, .T. ) ;
#3297 = AXIS2_PLACEMENT_3D ( 'NONE', #4001, #1417, #3951 ) ;
#3298 = CARTESIAN_POINT ( 'NONE',  ( 14.00000000000000533, -25.50000000000000000, -7.699999999999998401 ) ) ;
#3299 = PLANE ( 'NONE',  #933 ) ;
#3300 = ORIENTED_EDGE ( 'NONE', *, *, #2925, .T. ) ;
#3301 = FACE_OUTER_BOUND ( 'NONE', #1049, .T. ) ;
#3302 = VECTOR ( 'NONE', #1330, 1000.000000000000000 ) ;
#3303 = CARTESIAN_POINT ( 'NONE',  ( 7.700000000000006395, -7.000000000000000000, -4.199999999999999289 ) ) ;
#3304 = EDGE_CURVE ( 'NONE', #2405, #3502, #3752, .T. ) ;
#3305 = EDGE_CURVE ( 'NONE', #2520, #555, #682, .T. ) ;
#3306 =( NAMED_UNIT ( * ) PLANE_ANGLE_UNIT ( ) SI_UNIT ( $, .RADIAN. ) );
#3307 = VERTEX_POINT ( 'NONE', #540 ) ;
#3308 = VERTEX_POINT ( 'NONE', #1504 ) ;
#3309 = CARTESIAN_POINT ( 'NONE',  ( 1.734723475976807489E-15, -8.000000000000001776, -4.199999999999999289 ) ) ;
#3310 = DIRECTION ( 'NONE',  ( 8.896017825522090571E-17, -1.000000000000000000, 0.000000000000000000 ) ) ;
#3311 = CARTESIAN_POINT ( 'NONE',  ( -14.99999999999999645, -21.49999999999999289, -5.799999999999999822 ) ) ;
#3312 = SURFACE_SIDE_STYLE ('',( #115 ) ) ;
#3313 = COLOUR_RGB ( '',0.6274509803921568540, 0.6274509803921568540, 0.6274509803921568540 ) ;
#3314 = PRESENTATION_STYLE_ASSIGNMENT (( #785 ) ) ;
#3315 = FILL_AREA_STYLE_COLOUR ( '', #3462 ) ;
#3316 = CIRCLE ( 'NONE', #730, 1.750000000000000444 ) ;
#3317 = CARTESIAN_POINT ( 'NONE',  ( 10.50000000000000711, -5.759999999999999787, -8.699999999999999289 ) ) ;
#3318 = ORIENTED_EDGE ( 'NONE', *, *, #2397, .F. ) ;
#3319 = DIRECTION ( 'NONE',  ( -0.000000000000000000, -0.000000000000000000, -1.000000000000000000 ) ) ;
#3320 = PRESENTATION_LAYER_ASSIGNMENT (  '', '', ( #2537 ) ) ;
#3321 =( NAMED_UNIT ( * ) SI_UNIT ( $, .STERADIAN. ) SOLID_ANGLE_UNIT ( ) );
#3322 = CARTESIAN_POINT ( 'NONE',  ( 3.200000000000005063, -21.49999999999999289, -5.799999999999999822 ) ) ;
#3323 = ORIENTED_EDGE ( 'NONE', *, *, #3227, .T. ) ;
#3324 = DIRECTION ( 'NONE',  ( 0.000000000000000000, 0.000000000000000000, -1.000000000000000000 ) ) ;
#3325 = MECHANICAL_DESIGN_GEOMETRIC_PRESENTATION_REPRESENTATION (  '', ( #1735 ), #1001 ) ;
#3326 = PRESENTATION_LAYER_ASSIGNMENT (  '', '', ( #1063 ) ) ;
#3327 = VECTOR ( 'NONE', #2117, 999.9999999999998863 ) ;
#3328 = SURFACE_STYLE_FILL_AREA ( #1079 ) ;
#3329 = LINE ( 'NONE', #416, #1345 ) ;
#3330 = ORIENTED_EDGE ( 'NONE', *, *, #1642, .T. ) ;
#3331 = ORIENTED_EDGE ( 'NONE', *, *, #1086, .F. ) ;
#3332 = VECTOR ( 'NONE', #322, 1000.000000000000000 ) ;
#3333 =( NAMED_UNIT ( * ) PLANE_ANGLE_UNIT ( ) SI_UNIT ( $, .RADIAN. ) );
#3334 = PRESENTATION_STYLE_ASSIGNMENT (( #812 ) ) ;
#3335 = FILL_AREA_STYLE ('',( #2116 ) ) ;
#3336 =( NAMED_UNIT ( * ) PLANE_ANGLE_UNIT ( ) SI_UNIT ( $, .RADIAN. ) );
#3337 = EDGE_LOOP ( 'NONE', ( #1725, #2954, #480, #2560 ) ) ;
#3338 = LINE ( 'NONE', #491, #1774 ) ;
#3339 = SURFACE_STYLE_FILL_AREA ( #3756 ) ;
#3340 = LINE ( 'NONE', #3364, #2066 ) ;
#3341 = VERTEX_POINT ( 'NONE', #2173 ) ;
#3342 = FILL_AREA_STYLE_COLOUR ( '', #3633 ) ;
#3343 = PLANE ( 'NONE',  #2244 ) ;
#3344 = CARTESIAN_POINT ( 'NONE',  ( -5.999999999999993783, -3.600000000000009415, 4.800000000000001599 ) ) ;
#3345 = EDGE_CURVE ( 'NONE', #4074, #1589, #1195, .T. ) ;
#3346 = DIRECTION ( 'NONE',  ( -1.000000000000000000, 2.312964634635742464E-16, 0.000000000000000000 ) ) ;
#3347 = ORIENTED_EDGE ( 'NONE', *, *, #2523, .F. ) ;
#3348 = ORIENTED_EDGE ( 'NONE', *, *, #2449, .T. ) ;
#3349 = SURFACE_STYLE_USAGE ( .BOTH. , #463 ) ;
#3350 = EDGE_CURVE ( 'NONE', #440, #3938, #3440, .T. ) ;
#3351 = EDGE_CURVE ( 'NONE', #3137, #3818, #3127, .T. ) ;
#3352 = SURFACE_SIDE_STYLE ('',( #829 ) ) ;
#3353 =( NAMED_UNIT ( * ) SI_UNIT ( $, .STERADIAN. ) SOLID_ANGLE_UNIT ( ) );
#3354 =( NAMED_UNIT ( * ) PLANE_ANGLE_UNIT ( ) SI_UNIT ( $, .RADIAN. ) );
#3355 = EDGE_CURVE ( 'NONE', #1450, #1523, #1798, .T. ) ;
#3356 = AXIS2_PLACEMENT_3D ( 'NONE', #1145, #1839, #2491 ) ;
#3357 = DIRECTION ( 'NONE',  ( -0.000000000000000000, -0.000000000000000000, -1.000000000000000000 ) ) ;
#3358 = DIRECTION ( 'NONE',  ( 0.000000000000000000, -0.000000000000000000, 1.000000000000000000 ) ) ;
#3359 = VERTEX_POINT ( 'NONE', #281 ) ;
#3360 = COLOUR_RGB ( '',0.6274509803921568540, 0.6274509803921568540, 0.6274509803921568540 ) ;
#3361 = CONICAL_SURFACE ( 'NONE', #1572, 3.992140011101096508, 0.8119428676176130288 ) ;
#3362 = STYLED_ITEM ( 'NONE', ( #1998 ), #289 ) ;
#3363 = DIRECTION ( 'NONE',  ( 0.5773502691896224004, -0.5773502691896285066, -0.5773502691896265082 ) ) ;
#3364 = CARTESIAN_POINT ( 'NONE',  ( -13.99999999999998401, 1.399999999999999467, -7.699999999999991296 ) ) ;
#3365 = ORIENTED_EDGE ( 'NONE', *, *, #1574, .F. ) ;
#3366 = CARTESIAN_POINT ( 'NONE',  ( 2.745987990090462905, -24.65893258384168263, -7.699999999999970868 ) ) ;
#3367 = PRESENTATION_LAYER_ASSIGNMENT (  '', '', ( #1778 ) ) ;
#3368 = FILL_AREA_STYLE ('',( #839 ) ) ;
#3369 = VECTOR ( 'NONE', #427, 1000.000000000000000 ) ;
#3370 = VERTEX_POINT ( 'NONE', #846 ) ;
#3371 = PRESENTATION_STYLE_ASSIGNMENT (( #1156 ) ) ;
#3372 = VERTEX_POINT ( 'NONE', #650 ) ;
#3373 = EDGE_CURVE ( 'NONE', #88, #2910, #2590, .T. ) ;
#3374 = ORIENTED_EDGE ( 'NONE', *, *, #1952, .F. ) ;
#3375 = STYLED_ITEM ( 'NONE', ( #2535 ), #968 ) ;
#3376 = EDGE_CURVE ( 'NONE', #755, #1163, #2612, .T. ) ;
#3377 =( LENGTH_UNIT ( ) NAMED_UNIT ( * ) SI_UNIT ( .MILLI., .METRE. ) );
#3378 = CARTESIAN_POINT ( 'NONE',  ( -9.499999999999991118, -2.000000000000005329, 5.300000000000000711 ) ) ;
#3379 = SURFACE_SIDE_STYLE ('',( #1140 ) ) ;
#3380 = ORIENTED_EDGE ( 'NONE', *, *, #220, .T. ) ;
#3381 = STYLED_ITEM ( 'NONE', ( #1443 ), #1159 ) ;
#3382 = AXIS2_PLACEMENT_3D ( 'NONE', #3932, #494, #2436 ) ;
#3383 = PRESENTATION_LAYER_ASSIGNMENT (  '', '', ( #337 ) ) ;
#3384 =( NAMED_UNIT ( * ) PLANE_ANGLE_UNIT ( ) SI_UNIT ( $, .RADIAN. ) );
#3385 = ORIENTED_EDGE ( 'NONE', *, *, #52, .T. ) ;
#3386 = CARTESIAN_POINT ( 'NONE',  ( 7.700000000000006395, -7.000000000000000000, -4.199999999999999289 ) ) ;
#3387 = MECHANICAL_DESIGN_GEOMETRIC_PRESENTATION_REPRESENTATION (  '', ( #1661 ), #1278 ) ;
#3388 = AXIS2_PLACEMENT_3D ( 'NONE', #2713, #2430, #927 ) ;
#3389 = DIRECTION ( 'NONE',  ( -4.336808689942017736E-16, 1.000000000000000000, -0.000000000000000000 ) ) ;
#3390 = FACE_OUTER_BOUND ( 'NONE', #2699, .T. ) ;
#3391 = MECHANICAL_DESIGN_GEOMETRIC_PRESENTATION_REPRESENTATION (  '', ( #3465 ), #2731 ) ;
#3392 = ORIENTED_EDGE ( 'NONE', *, *, #3305, .T. ) ;
#3393 = ORIENTED_EDGE ( 'NONE', *, *, #2084, .F. ) ;
#3394 = COLOUR_RGB ( '',0.6274509803921568540, 0.6274509803921568540, 0.6274509803921568540 ) ;
#3395 = FILL_AREA_STYLE ('',( #3030 ) ) ;
#3396 = CARTESIAN_POINT ( 'NONE',  ( -0.3999999999999958589, -24.49999999999998934, -7.699999999999974420 ) ) ;
#3397 = AXIS2_PLACEMENT_3D ( 'NONE', #524, #2773, #3073 ) ;
#3398 = DIRECTION ( 'NONE',  ( 0.000000000000000000, -0.000000000000000000, 1.000000000000000000 ) ) ;
#3399 = B_SPLINE_CURVE_WITH_KNOTS ( 'NONE', 3,
 ( #1401, #1666, #2274, #677 ),
 .UNSPECIFIED., .F., .F.,
 ( 4, 4 ),
 ( 0.000000000000000000, 0.0004498104818847206351 ),
 .UNSPECIFIED. ) ;
#3400 = LINE ( 'NONE', #1249, #1208 ) ;
#3401 = CARTESIAN_POINT ( 'NONE',  ( 4.750000000000032863, -23.99999999999999645, 0.4500000000000169975 ) ) ;
#3402 = ORIENTED_EDGE ( 'NONE', *, *, #919, .F. ) ;
#3403 =( LENGTH_UNIT ( ) NAMED_UNIT ( * ) SI_UNIT ( .MILLI., .METRE. ) );
#3404 = ORIENTED_EDGE ( 'NONE', *, *, #2135, .T. ) ;
#3405 =( NAMED_UNIT ( * ) PLANE_ANGLE_UNIT ( ) SI_UNIT ( $, .RADIAN. ) );
#3406 = ORIENTED_EDGE ( 'NONE', *, *, #616, .F. ) ;
#3407 = ORIENTED_EDGE ( 'NONE', *, *, #2249, .T. ) ;
#3408 = DIRECTION ( 'NONE',  ( 1.000000000000000000, 0.000000000000000000, 0.000000000000000000 ) ) ;
#3409 = CARTESIAN_POINT ( 'NONE',  ( -10.49999999999999112, -2.000000000000005329, 5.300000000000000711 ) ) ;
#3410 =( LENGTH_UNIT ( ) NAMED_UNIT ( * ) SI_UNIT ( .MILLI., .METRE. ) );
#3411 = PRESENTATION_STYLE_ASSIGNMENT (( #4108 ) ) ;
#3412 = PRODUCT_DEFINITION_CONTEXT ( 'detailed design', #3071, 'design' ) ;
#3413 = DIRECTION ( 'NONE',  ( 0.000000000000000000, 0.7071067811865475727, -0.7071067811865475727 ) ) ;
#3414 = PRESENTATION_LAYER_ASSIGNMENT (  '', '', ( #3219 ) ) ;
#3415 = LINE ( 'NONE', #1557, #739 ) ;
#3416 = ORIENTED_EDGE ( 'NONE', *, *, #1527, .F. ) ;
#3417 = DIRECTION ( 'NONE',  ( -0.000000000000000000, -0.000000000000000000, -1.000000000000000000 ) ) ;
#3418 = EDGE_CURVE ( 'NONE', #861, #253, #2342, .T. ) ;
#3419 = STYLED_ITEM ( 'NONE', ( #749 ), #2501 ) ;
#3420 = CARTESIAN_POINT ( 'NONE',  ( -5.999999999999994671, -2.000000000000004885, 4.800000000000001599 ) ) ;
#3421 = EDGE_CURVE ( 'NONE', #2734, #1450, #2406, .T. ) ;
#3422 = SURFACE_STYLE_USAGE ( .BOTH. , #3450 ) ;
#3423 = VECTOR ( 'NONE', #1789, 999.9999999999998863 ) ;
#3424 = ORIENTED_EDGE ( 'NONE', *, *, #1083, .T. ) ;
#3425 =( NAMED_UNIT ( * ) SI_UNIT ( $, .STERADIAN. ) SOLID_ANGLE_UNIT ( ) );
#3426 = EDGE_CURVE ( 'NONE', #2664, #1496, #2632, .T. ) ;
#3427 = VECTOR ( 'NONE', #855, 1000.000000000000000 ) ;
#3428 = AXIS2_PLACEMENT_3D ( 'NONE', #2583, #2526, #664 ) ;
#3429 = DIRECTION ( 'NONE',  ( -1.102816337151323391E-15, 2.550775186329538519E-31, -1.000000000000000000 ) ) ;
#3430 = CARTESIAN_POINT ( 'NONE',  ( 14.00000000000000533, -25.50000000000000000, -6.699999999999999289 ) ) ;
#3431 = DIRECTION ( 'NONE',  ( -0.000000000000000000, -0.000000000000000000, -1.000000000000000000 ) ) ;
#3432 = EDGE_CURVE ( 'NONE', #1766, #622, #3605, .T. ) ;
#3433 = DIRECTION ( 'NONE',  ( -1.000000000000000000, 0.000000000000000000, 0.000000000000000000 ) ) ;
#3434 = VERTEX_POINT ( 'NONE', #460 ) ;
#3435 = EDGE_CURVE ( 'NONE', #2345, #145, #1103, .T. ) ;
#3436 = COLOUR_RGB ( '',0.6274509803921568540, 0.6274509803921568540, 0.6274509803921568540 ) ;
#3437 = VERTEX_POINT ( 'NONE', #3580 ) ;
#3438 = PRESENTATION_LAYER_ASSIGNMENT (  '', '', ( #1113 ) ) ;
#3439 =( LENGTH_UNIT ( ) NAMED_UNIT ( * ) SI_UNIT ( .MILLI., .METRE. ) );
#3440 = LINE ( 'NONE', #3409, #3536 ) ;
#3441 = EDGE_LOOP ( 'NONE', ( #527, #3385, #1540, #329 ) ) ;
#3442 = PLANE ( 'NONE',  #2992 ) ;
#3443 =( LENGTH_UNIT ( ) NAMED_UNIT ( * ) SI_UNIT ( .MILLI., .METRE. ) );
#3444 = VECTOR ( 'NONE', #2898, 1000.000000000000114 ) ;
#3445 = CARTESIAN_POINT ( 'NONE',  ( -3.549999999999996270, -24.49999999999999645, 0.8985774199929904560 ) ) ;
#3446 = SURFACE_SIDE_STYLE ('',( #260 ) ) ;
#3447 = PRESENTATION_STYLE_ASSIGNMENT (( #1817 ) ) ;
#3448 = ORIENTED_EDGE ( 'NONE', *, *, #778, .F. ) ;
#3449 = CARTESIAN_POINT ( 'NONE',  ( 13.00000000000000711, -0.6000000000000030864, 2.168404344971008868E-15 ) ) ;
#3450 = SURFACE_SIDE_STYLE ('',( #1234 ) ) ;
#3451 = AXIS2_PLACEMENT_3D ( 'NONE', #2221, #713, #3541 ) ;
#3452 = ORIENTED_EDGE ( 'NONE', *, *, #4113, .T. ) ;
#3453 = PLANE ( 'NONE',  #974 ) ;
#3454 = MECHANICAL_DESIGN_GEOMETRIC_PRESENTATION_REPRESENTATION (  '', ( #1131 ), #2127 ) ;
#3455 =( GEOMETRIC_REPRESENTATION_CONTEXT ( 3 ) GLOBAL_UNCERTAINTY_ASSIGNED_CONTEXT ( ( #2970 ) ) GLOBAL_UNIT_ASSIGNED_CONTEXT ( ( #2837, #4107, #589 ) ) REPRESENTATION_CONTEXT ( 'NONE', 'WORKASPACE' ) );
#3456 = CARTESIAN_POINT ( 'NONE',  ( -5.999999999999994671, -2.000000000000005329, 4.800000000000001599 ) ) ;
#3457 = SURFACE_STYLE_USAGE ( .BOTH. , #26 ) ;
#3458 = SURFACE_STYLE_FILL_AREA ( #2544 ) ;
#3459 = UNCERTAINTY_MEASURE_WITH_UNIT (LENGTH_MEASURE( 1.000000000000000082E-05 ), #670, 'distance_accuracy_value', 'NONE');
#3460 = DIRECTION ( 'NONE',  ( 0.7071067811865475727, -0.000000000000000000, 0.7071067811865475727 ) ) ;
#3461 = VERTEX_POINT ( 'NONE', #2008 ) ;
#3462 = COLOUR_RGB ( '',0.6274509803921568540, 0.6274509803921568540, 0.6274509803921568540 ) ;
#3463 = VERTEX_POINT ( 'NONE', #131 ) ;
#3464 = STYLED_ITEM ( 'NONE', ( #2237 ), #4034 ) ;
#3465 = STYLED_ITEM ( 'NONE', ( #3943 ), #3614 ) ;
#3466 = AXIS2_PLACEMENT_3D ( 'NONE', #1755, #3631, #808 ) ;
#3467 = ORIENTED_EDGE ( 'NONE', *, *, #1083, .F. ) ;
#3468 = DIRECTION ( 'NONE',  ( 1.000000000000000000, 0.000000000000000000, 0.000000000000000000 ) ) ;
#3469 = COLOUR_RGB ( '',0.6274509803921568540, 0.6274509803921568540, 0.6274509803921568540 ) ;
#3470 = FACE_OUTER_BOUND ( 'NONE', #3854, .T. ) ;
#3471 = SURFACE_SIDE_STYLE ('',( #930 ) ) ;
#3472 = STYLED_ITEM ( 'NONE', ( #1742 ), #2876 ) ;
#3473 = ORIENTED_EDGE ( 'NONE', *, *, #3911, .T. ) ;
#3474 = SURFACE_SIDE_STYLE ('',( #2206 ) ) ;
#3475 = VECTOR ( 'NONE', #2752, 1000.000000000000000 ) ;
#3476 =( NAMED_UNIT ( * ) PLANE_ANGLE_UNIT ( ) SI_UNIT ( $, .RADIAN. ) );
#3477 = CARTESIAN_POINT ( 'NONE',  ( 3.200000000000005063, -21.49999999999999645, 3.100000000000000533 ) ) ;
#3478 = UNCERTAINTY_MEASURE_WITH_UNIT (LENGTH_MEASURE( 1.000000000000000082E-05 ), #183, 'distance_accuracy_value', 'NONE');
#3479 = CARTESIAN_POINT ( 'NONE',  ( 5.200000000000004619, -0.6000000000000021982, 4.800000000000001599 ) ) ;
#3480 = CARTESIAN_POINT ( 'NONE',  ( 7.700000000000006395, -8.000000000000000000, -4.199999999999999289 ) ) ;
#3481 = CARTESIAN_POINT ( 'NONE',  ( 9.000000000000007105, -5.759999999999999787, 3.300000000000000711 ) ) ;
#3482 = ORIENTED_EDGE ( 'NONE', *, *, #56, .F. ) ;
#3483 = VERTEX_POINT ( 'NONE', #3913 ) ;
#3484 = EDGE_CURVE ( 'NONE', #1496, #49, #3329, .T. ) ;
#3485 = EDGE_LOOP ( 'NONE', ( #1106, #4003, #3891, #3880, #3675, #1845, #1806, #2987, #3404 ) ) ;
#3486 = DIRECTION ( 'NONE',  ( 0.000000000000000000, 1.000000000000000000, 0.000000000000000000 ) ) ;
#3487 = EDGE_CURVE ( 'NONE', #245, #3035, #172, .T. ) ;
#3488 = DIRECTION ( 'NONE',  ( -0.000000000000000000, -0.000000000000000000, -1.000000000000000000 ) ) ;
#3489 = UNCERTAINTY_MEASURE_WITH_UNIT (LENGTH_MEASURE( 1.000000000000000082E-05 ), #3627, 'distance_accuracy_value', 'NONE');
#3490 = CARTESIAN_POINT ( 'NONE',  ( -6.129356281784717874E-15, -26.50000000000000355, 0.1000000000000004774 ) ) ;
#3491 = ORIENTED_EDGE ( 'NONE', *, *, #354, .F. ) ;
#3492 =( NAMED_UNIT ( * ) PLANE_ANGLE_UNIT ( ) SI_UNIT ( $, .RADIAN. ) );
#3493 = ADVANCED_FACE ( 'NONE', ( #152 ), #1667, .F. ) ;
#3494 = EDGE_CURVE ( 'NONE', #1425, #3832, #2937, .T. ) ;
#3495 = SURFACE_STYLE_USAGE ( .BOTH. , #266 ) ;
#3496 = FACE_OUTER_BOUND ( 'NONE', #2959, .T. ) ;
#3497 = ORIENTED_EDGE ( 'NONE', *, *, #2207, .T. ) ;
#3498 = MECHANICAL_DESIGN_GEOMETRIC_PRESENTATION_REPRESENTATION (  '', ( #3156 ), #3889 ) ;
#3499 =( GEOMETRIC_REPRESENTATION_CONTEXT ( 3 ) GLOBAL_UNCERTAINTY_ASSIGNED_CONTEXT ( ( #1282 ) ) GLOBAL_UNIT_ASSIGNED_CONTEXT ( ( #2587, #1375, #1078 ) ) REPRESENTATION_CONTEXT ( 'NONE', 'WORKASPACE' ) );
#3500 = SURFACE_STYLE_USAGE ( .BOTH. , #273 ) ;
#3501 = CARTESIAN_POINT ( 'NONE',  ( -4.392140011101091979, -24.50000000000000000, 0.1000000000000004774 ) ) ;
#3502 = VERTEX_POINT ( 'NONE', #2783 ) ;
#3503 = EDGE_LOOP ( 'NONE', ( #2330, #1501, #2407, #2497 ) ) ;
#3504 = CIRCLE ( 'NONE', #850, 1.750000000000000444 ) ;
#3505 = AXIS2_PLACEMENT_3D ( 'NONE', #559, #1142, #2393 ) ;
#3506 = AXIS2_PLACEMENT_3D ( 'NONE', #990, #1045, #2576 ) ;
#3507 = LINE ( 'NONE', #3445, #1719 ) ;
#3508 = LINE ( 'NONE', #2550, #1480 ) ;
#3509 = PLANE ( 'NONE',  #2724 ) ;
#3510 = VERTEX_POINT ( 'NONE', #3691 ) ;
#3511 = CARTESIAN_POINT ( 'NONE',  ( -13.99999999999999112, -23.49999999999999289, -7.699999999999998401 ) ) ;
#3512 = SURFACE_STYLE_FILL_AREA ( #387 ) ;
#3513 = ORIENTED_EDGE ( 'NONE', *, *, #3241, .F. ) ;
#3514 = FILL_AREA_STYLE ('',( #3275 ) ) ;
#3515 = DIRECTION ( 'NONE',  ( -0.000000000000000000, 0.000000000000000000, 1.000000000000000000 ) ) ;
#3516 = UNCERTAINTY_MEASURE_WITH_UNIT (LENGTH_MEASURE( 1.000000000000000082E-05 ), #819, 'distance_accuracy_value', 'NONE');
#3517 = CARTESIAN_POINT ( 'NONE',  ( 10.00000000000000355, -27.99999999999998934, 0.1000000000000004774 ) ) ;
#3518 = ORIENTED_EDGE ( 'NONE', *, *, #2188, .F. ) ;
#3519 =( GEOMETRIC_REPRESENTATION_CONTEXT ( 3 ) GLOBAL_UNCERTAINTY_ASSIGNED_CONTEXT ( ( #2572 ) ) GLOBAL_UNIT_ASSIGNED_CONTEXT ( ( #86, #3869, #1080 ) ) REPRESENTATION_CONTEXT ( 'NONE', 'WORKASPACE' ) );
#3520 = DIRECTION ( 'NONE',  ( 0.4578306216481485280, 0.8890394377536184889, -0.000000000000000000 ) ) ;
#3521 = PRESENTATION_LAYER_ASSIGNMENT (  '', '', ( #3659 ) ) ;
#3522 = STYLED_ITEM ( 'NONE', ( #3334 ), #3786 ) ;
#3523 = EDGE_LOOP ( 'NONE', ( #4052, #3968, #1822, #3448 ) ) ;
#3524 = DIRECTION ( 'NONE',  ( -0.000000000000000000, 1.000000000000000000, -4.448008912761043807E-16 ) ) ;
#3525 =( GEOMETRIC_REPRESENTATION_CONTEXT ( 3 ) GLOBAL_UNCERTAINTY_ASSIGNED_CONTEXT ( ( #1841 ) ) GLOBAL_UNIT_ASSIGNED_CONTEXT ( ( #3917, #3939, #3282 ) ) REPRESENTATION_CONTEXT ( 'NONE', 'WORKASPACE' ) );
#3526 =( NAMED_UNIT ( * ) SI_UNIT ( $, .STERADIAN. ) SOLID_ANGLE_UNIT ( ) );
#3527 = VECTOR ( 'NONE', #1241, 1000.000000000000000 ) ;
#3528 = STYLED_ITEM ( 'NONE', ( #2744 ), #2675 ) ;
#3529 = DIRECTION ( 'NONE',  ( 0.000000000000000000, -0.000000000000000000, -1.000000000000000000 ) ) ;
#3530 = ORIENTED_EDGE ( 'NONE', *, *, #46, .F. ) ;
#3531 = CIRCLE ( 'NONE', #3397, 3.150000000000000355 ) ;
#3532 = ADVANCED_FACE ( 'NONE', ( #2766 ), #2810, .F. ) ;
#3533 = CARTESIAN_POINT ( 'NONE',  ( 0.000000000000000000, 0.000000000000000000, 4.800000000000001599 ) ) ;
#3534 = EDGE_LOOP ( 'NONE', ( #1555, #3916, #2735, #3467, #2855 ) ) ;
#3535 = DIRECTION ( 'NONE',  ( 0.4578306216481508040, -0.8890394377536171566, 0.000000000000000000 ) ) ;
#3536 = VECTOR ( 'NONE', #558, 1000.000000000000000 ) ;
#3537 = CARTESIAN_POINT ( 'NONE',  ( 10.00000000000000533, -25.49999999999999645, -4.799999999999991829 ) ) ;
#3538 = UNCERTAINTY_MEASURE_WITH_UNIT (LENGTH_MEASURE( 1.000000000000000082E-05 ), #1608, 'distance_accuracy_value', 'NONE');
#3539 = DIRECTION ( 'NONE',  ( -8.761676666762108702E-17, 0.7071067811865451302, 0.7071067811865500152 ) ) ;
#3540 = EDGE_CURVE ( 'NONE', #3823, #601, #1216, .T. ) ;
#3541 = DIRECTION ( 'NONE',  ( 0.000000000000000000, 1.000000000000000000, 0.000000000000000000 ) ) ;
#3542 = LINE ( 'NONE', #1348, #271 ) ;
#3543 = SURFACE_STYLE_USAGE ( .BOTH. , #68 ) ;
#3544 = FACE_OUTER_BOUND ( 'NONE', #775, .T. ) ;
#3545 = DIRECTION ( 'NONE',  ( 0.000000000000000000, 0.000000000000000000, 1.000000000000000000 ) ) ;
#3546 = FILL_AREA_STYLE_COLOUR ( '', #1584 ) ;
#3547 = CARTESIAN_POINT ( 'NONE',  ( -13.99999999999998401, 1.399999999999998135, 5.699999999999993072 ) ) ;
#3548 = DIRECTION ( 'NONE',  ( 0.7071067811865500152, -0.7071067811865451302, 0.000000000000000000 ) ) ;
#3549 = EDGE_CURVE ( 'NONE', #3048, #1207, #2191, .T. ) ;
#3550 = ORIENTED_EDGE ( 'NONE', *, *, #400, .T. ) ;
#3551 = CARTESIAN_POINT ( 'NONE',  ( 13.00000000000000711, -1.999999999999998224, -5.799999999999999822 ) ) ;
#3552 = DIRECTION ( 'NONE',  ( 1.000000000000000000, 0.000000000000000000, 0.000000000000000000 ) ) ;
#3553 = EDGE_CURVE ( 'NONE', #1320, #3630, #1812, .T. ) ;
#3554 =( NAMED_UNIT ( * ) SI_UNIT ( $, .STERADIAN. ) SOLID_ANGLE_UNIT ( ) );
#3555 = SURFACE_SIDE_STYLE ('',( #2289 ) ) ;
#3556 = PRESENTATION_STYLE_ASSIGNMENT (( #1324 ) ) ;
#3557 =( GEOMETRIC_REPRESENTATION_CONTEXT ( 3 ) GLOBAL_UNCERTAINTY_ASSIGNED_CONTEXT ( ( #3459 ) ) GLOBAL_UNIT_ASSIGNED_CONTEXT ( ( #670, #3202, #3554 ) ) REPRESENTATION_CONTEXT ( 'NONE', 'WORKASPACE' ) );
#3558 = DIRECTION ( 'NONE',  ( -1.000000000000000000, 0.000000000000000000, 0.000000000000000000 ) ) ;
#3559 = EDGE_CURVE ( 'NONE', #2843, #1658, #2441, .T. ) ;
#3560 = ORIENTED_EDGE ( 'NONE', *, *, #1232, .T. ) ;
#3561 = AXIS2_PLACEMENT_3D ( 'NONE', #2337, #1705, #436 ) ;
#3562 = LINE ( 'NONE', #1311, #2996 ) ;
#3563 = VECTOR ( 'NONE', #591, 1000.000000000000000 ) ;
#3564 = LINE ( 'NONE', #779, #654 ) ;
#3565 = PRESENTATION_STYLE_ASSIGNMENT (( #328 ) ) ;
#3566 = CARTESIAN_POINT ( 'NONE',  ( -13.99999999999999112, -23.49999999999999289, -7.699999999999998401 ) ) ;
#3567 = DIRECTION ( 'NONE',  ( 1.000000000000000000, -0.000000000000000000, -0.000000000000000000 ) ) ;
#3568 = COLOUR_RGB ( '',0.6274509803921568540, 0.6274509803921568540, 0.6274509803921568540 ) ;
#3569 = LINE ( 'NONE', #93, #2054 ) ;
#3570 = PRESENTATION_LAYER_ASSIGNMENT (  '', '', ( #2115 ) ) ;
#3571 =( LENGTH_UNIT ( ) NAMED_UNIT ( * ) SI_UNIT ( .MILLI., .METRE. ) );
#3572 = ORIENTED_EDGE ( 'NONE', *, *, #917, .T. ) ;
#3573 =( NAMED_UNIT ( * ) PLANE_ANGLE_UNIT ( ) SI_UNIT ( $, .RADIAN. ) );
#3574 =( LENGTH_UNIT ( ) NAMED_UNIT ( * ) SI_UNIT ( .MILLI., .METRE. ) );
#3575 = AXIS2_PLACEMENT_3D ( 'NONE', #617, #1556, #3167 ) ;
#3576 = DIRECTION ( 'NONE',  ( 0.000000000000000000, 0.000000000000000000, -1.000000000000000000 ) ) ;
#3577 = FACE_OUTER_BOUND ( 'NONE', #3222, .T. ) ;
#3578 = CARTESIAN_POINT ( 'NONE',  ( -14.99999999999999289, 0.000000000000000000, -6.699999999999999289 ) ) ;
#3579 = LINE ( 'NONE', #732, #801 ) ;
#3580 = CARTESIAN_POINT ( 'NONE',  ( 7.500000000000005329, -18.75999999999999801, -6.699999999999999289 ) ) ;
#3581 = ORIENTED_EDGE ( 'NONE', *, *, #3287, .F. ) ;
#3582 = AXIS2_PLACEMENT_3D ( 'NONE', #2152, #1737, #3015 ) ;
#3583 = MECHANICAL_DESIGN_GEOMETRIC_PRESENTATION_REPRESENTATION (  '', ( #264 ), #3851 ) ;
#3584 = MECHANICAL_DESIGN_GEOMETRIC_PRESENTATION_REPRESENTATION (  '', ( #3788 ), #3853 ) ;
#3585 = PLANE ( 'NONE',  #2907 ) ;
#3586 = CARTESIAN_POINT ( 'NONE',  ( 3.700000000000007727, -17.49999999999999645, -4.199999999999999289 ) ) ;
#3587 =( NAMED_UNIT ( * ) SI_UNIT ( $, .STERADIAN. ) SOLID_ANGLE_UNIT ( ) );
#3588 = VECTOR ( 'NONE', #1602, 1000.000000000000000 ) ;
#3589 = ORIENTED_EDGE ( 'NONE', *, *, #3739, .F. ) ;
#3590 = COLOUR_RGB ( '',0.6274509803921568540, 0.6274509803921568540, 0.6274509803921568540 ) ;
#3591 =( LENGTH_UNIT ( ) NAMED_UNIT ( * ) SI_UNIT ( .MILLI., .METRE. ) );
#3592 = VECTOR ( 'NONE', #856, 1000.000000000000000 ) ;
#3593 = CARTESIAN_POINT ( 'NONE',  ( -2.484619089766595845, -22.13846167708827650, -6.699999999999999289 ) ) ;
#3594 = DIRECTION ( 'NONE',  ( 0.000000000000000000, -0.000000000000000000, -1.000000000000000000 ) ) ;
#3595 = UNCERTAINTY_MEASURE_WITH_UNIT (LENGTH_MEASURE( 1.000000000000000082E-05 ), #1470, 'distance_accuracy_value', 'NONE');
#3596 = ORIENTED_EDGE ( 'NONE', *, *, #483, .F. ) ;
#3597 = DIRECTION ( 'NONE',  ( 0.000000000000000000, -1.445602896647339163E-16, 1.000000000000000000 ) ) ;
#3598 = COLOUR_RGB ( '',0.6274509803921568540, 0.6274509803921568540, 0.6274509803921568540 ) ;
#3599 = SURFACE_STYLE_USAGE ( .BOTH. , #980 ) ;
#3600 = STYLED_ITEM ( 'NONE', ( #2224 ), #3075 ) ;
#3601 = ORIENTED_EDGE ( 'NONE', *, *, #1695, .T. ) ;
#3602 = LINE ( 'NONE', #2358, #1769 ) ;
#3603 = CARTESIAN_POINT ( 'NONE',  ( 7.700000000000006395, -7.000000000000000000, -6.699999999999999289 ) ) ;
#3604 = ADVANCED_FACE ( 'NONE', ( #2149 ), #1174, .F. ) ;
#3605 = LINE ( 'NONE', #753, #3924 ) ;
#3606 = ORIENTED_EDGE ( 'NONE', *, *, #1151, .F. ) ;
#3607 = EDGE_CURVE ( 'NONE', #2357, #88, #3708, .T. ) ;
#3608 = ADVANCED_FACE ( 'NONE', ( #3927 ), #3903, .F. ) ;
#3609 = DIRECTION ( 'NONE',  ( -4.336808689942018229E-16, 1.000000000000000000, 0.000000000000000000 ) ) ;
#3610 = DIRECTION ( 'NONE',  ( 0.000000000000000000, 0.000000000000000000, -1.000000000000000000 ) ) ;
#3611 =( NAMED_UNIT ( * ) SI_UNIT ( $, .STERADIAN. ) SOLID_ANGLE_UNIT ( ) );
#3612 = ORIENTED_EDGE ( 'NONE', *, *, #3053, .F. ) ;
#3613 =( LENGTH_UNIT ( ) NAMED_UNIT ( * ) SI_UNIT ( .MILLI., .METRE. ) );
#3614 = ADVANCED_FACE ( 'NONE', ( #1996, #78, #704, #2624 ), #3160, .T. ) ;
#3615 = PRESENTATION_STYLE_ASSIGNMENT (( #2969 ) ) ;
#3616 = EDGE_CURVE ( 'NONE', #1733, #783, #789, .T. ) ;
#3617 = CARTESIAN_POINT ( 'NONE',  ( -14.99999999999999289, -2.000000000000000000, -7.700000000000005507 ) ) ;
#3618 = EDGE_CURVE ( 'NONE', #1913, #287, #206, .T. ) ;
#3619 = ORIENTED_EDGE ( 'NONE', *, *, #46, .T. ) ;
#3620 =( NAMED_UNIT ( * ) SI_UNIT ( $, .STERADIAN. ) SOLID_ANGLE_UNIT ( ) );
#3621 = CARTESIAN_POINT ( 'NONE',  ( 14.00000000000000533, -2.000000000000000000, -8.699999999999999289 ) ) ;
#3622 = PRESENTATION_STYLE_ASSIGNMENT (( #1747 ) ) ;
#3623 = ORIENTED_EDGE ( 'NONE', *, *, #4025, .F. ) ;
#3624 = DIRECTION ( 'NONE',  ( 1.000000000000000000, 0.000000000000000000, 0.000000000000000000 ) ) ;
#3625 = LINE ( 'NONE', #3949, #2041 ) ;
#3626 = CARTESIAN_POINT ( 'NONE',  ( 15.00000000000000711, 0.3999999999999918621, -7.699999999999991296 ) ) ;
#3627 =( LENGTH_UNIT ( ) NAMED_UNIT ( * ) SI_UNIT ( .MILLI., .METRE. ) );
#3628 = SURFACE_SIDE_STYLE ('',( #3953 ) ) ;
#3629 = ORIENTED_EDGE ( 'NONE', *, *, #2142, .T. ) ;
#3630 = VERTEX_POINT ( 'NONE', #3317 ) ;
#3631 = DIRECTION ( 'NONE',  ( 0.7071067811865500152, 0.7071067811865451302, 0.000000000000000000 ) ) ;
#3632 = LINE ( 'NONE', #1988, #3444 ) ;
#3633 = COLOUR_RGB ( '',0.6274509803921568540, 0.6274509803921568540, 0.6274509803921568540 ) ;
#3634 = VECTOR ( 'NONE', #2707, 1000.000000000000000 ) ;
#3635 = DIRECTION ( 'NONE',  ( 1.000000000000000000, 0.000000000000000000, 0.000000000000000000 ) ) ;
#3636 =( NAMED_UNIT ( * ) SI_UNIT ( $, .STERADIAN. ) SOLID_ANGLE_UNIT ( ) );
#3637 = VECTOR ( 'NONE', #546, 1000.000000000000000 ) ;
#3638 = COLOUR_RGB ( '',0.6274509803921568540, 0.6274509803921568540, 0.6274509803921568540 ) ;
#3639 = SURFACE_STYLE_USAGE ( .BOTH. , #2057 ) ;
#3640 = FILL_AREA_STYLE ('',( #746 ) ) ;
#3641 = VECTOR ( 'NONE', #1674, 1000.000000000000000 ) ;
#3642 = VERTEX_POINT ( 'NONE', #1201 ) ;
#3643 = LINE ( 'NONE', #472, #2042 ) ;
#3644 = DIRECTION ( 'NONE',  ( -1.000000000000000000, 0.000000000000000000, 0.000000000000000000 ) ) ;
#3645 = VECTOR ( 'NONE', #3429, 1000.000000000000000 ) ;
#3646 = CARTESIAN_POINT ( 'NONE',  ( 11.00000000000000711, -25.50000000000000000, -5.799999999999999822 ) ) ;
#3647 = DIRECTION ( 'NONE',  ( 0.000000000000000000, -2.224004456380521903E-16, -1.000000000000000000 ) ) ;
#3648 = LINE ( 'NONE', #211, #2039 ) ;
#3649 = CARTESIAN_POINT ( 'NONE',  ( 14.00000000000000533, -2.000000000000000000, -8.699999999999999289 ) ) ;
#3650 = FILL_AREA_STYLE_COLOUR ( '', #1186 ) ;
#3651 = FILL_AREA_STYLE ('',( #2380 ) ) ;
#3652 = VERTEX_POINT ( 'NONE', #261 ) ;
#3653 = ORIENTED_EDGE ( 'NONE', *, *, #2260, .F. ) ;
#3654 = DIRECTION ( 'NONE',  ( -1.000000000000000000, -2.168404344971008868E-16, 0.000000000000000000 ) ) ;
#3655 = FILL_AREA_STYLE ('',( #3957 ) ) ;
#3656 = COLOUR_RGB ( '',0.6274509803921568540, 0.6274509803921568540, 0.6274509803921568540 ) ;
#3657 = DIRECTION ( 'NONE',  ( 0.000000000000000000, -1.000000000000000000, 2.224004456380521903E-16 ) ) ;
#3658 = DIRECTION ( 'NONE',  ( -1.645406930227287747E-16, 0.7071067811865451302, -0.7071067811865500152 ) ) ;
#3659 = STYLED_ITEM ( 'NONE', ( #3143 ), #1453 ) ;
#3660 = DIRECTION ( 'NONE',  ( 3.469446951953619119E-16, 1.000000000000000000, 0.000000000000000000 ) ) ;
#3661 = CARTESIAN_POINT ( 'NONE',  ( -20.88542960148653194, 11.28542960148651808, 6.700000000000001066 ) ) ;
#3662 =( LENGTH_UNIT ( ) NAMED_UNIT ( * ) SI_UNIT ( .MILLI., .METRE. ) );
#3663 = PRESENTATION_LAYER_ASSIGNMENT (  '', '', ( #3922 ) ) ;
#3664 =( GEOMETRIC_REPRESENTATION_CONTEXT ( 3 ) GLOBAL_UNCERTAINTY_ASSIGNED_CONTEXT ( ( #2646 ) ) GLOBAL_UNIT_ASSIGNED_CONTEXT ( ( #366, #1616, #406 ) ) REPRESENTATION_CONTEXT ( 'NONE', 'WORKASPACE' ) );
#3665 = ORIENTED_EDGE ( 'NONE', *, *, #1479, .T. ) ;
#3666 = FILL_AREA_STYLE_COLOUR ( '', #503 ) ;
#3667 = MECHANICAL_DESIGN_GEOMETRIC_PRESENTATION_REPRESENTATION (  '', ( #2537 ), #3066 ) ;
#3668 = FACE_OUTER_BOUND ( 'NONE', #2170, .T. ) ;
#3669 = EDGE_CURVE ( 'NONE', #3808, #3630, #2003, .T. ) ;
#3670 =( GEOMETRIC_REPRESENTATION_CONTEXT ( 3 ) GLOBAL_UNCERTAINTY_ASSIGNED_CONTEXT ( ( #979 ) ) GLOBAL_UNIT_ASSIGNED_CONTEXT ( ( #2355, #3384, #3321 ) ) REPRESENTATION_CONTEXT ( 'NONE', 'WORKASPACE' ) );
#3671 = LINE ( 'NONE', #1395, #42 ) ;
#3672 = STYLED_ITEM ( 'NONE', ( #3290 ), #2808 ) ;
#3673 = DIRECTION ( 'NONE',  ( -0.000000000000000000, -0.000000000000000000, -1.000000000000000000 ) ) ;
#3674 = FACE_OUTER_BOUND ( 'NONE', #3337, .T. ) ;
#3675 = ORIENTED_EDGE ( 'NONE', *, *, #2997, .T. ) ;
#3676 = ORIENTED_EDGE ( 'NONE', *, *, #718, .T. ) ;
#3677 = EDGE_CURVE ( 'NONE', #299, #2169, #1250, .T. ) ;
#3678 = VECTOR ( 'NONE', #3657, 1000.000000000000000 ) ;
#3679 = LINE ( 'NONE', #423, #3678 ) ;
#3680 = ADVANCED_FACE ( 'NONE', ( #911 ), #1183, .F. ) ;
#3681 = PRESENTATION_STYLE_ASSIGNMENT (( #487 ) ) ;
#3682 = CARTESIAN_POINT ( 'NONE',  ( -2.484619089766595401, -22.13846167708827650, 1.600000000000000755 ) ) ;
#3683 = PRESENTATION_STYLE_ASSIGNMENT (( #1723 ) ) ;
#3684 = ORIENTED_EDGE ( 'NONE', *, *, #1170, .F. ) ;
#3685 = LINE ( 'NONE', #630, #700 ) ;
#3686 = EDGE_CURVE ( 'NONE', #67, #3027, #2519, .T. ) ;
#3687 = SURFACE_STYLE_USAGE ( .BOTH. , #475 ) ;
#3688 = ORIENTED_EDGE ( 'NONE', *, *, #1399, .F. ) ;
#3689 =( LENGTH_UNIT ( ) NAMED_UNIT ( * ) SI_UNIT ( .MILLI., .METRE. ) );
#3690 = ADVANCED_FACE ( 'NONE', ( #4087 ), #2204, .F. ) ;
#3691 = CARTESIAN_POINT ( 'NONE',  ( -10.79999999999999361, -23.49999999999999289, -1.099999999999999423 ) ) ;
#3692 = ORIENTED_EDGE ( 'NONE', *, *, #2445, .T. ) ;
#3693 = ORIENTED_EDGE ( 'NONE', *, *, #2521, .T. ) ;
#3694 = SURFACE_STYLE_FILL_AREA ( #3395 ) ;
#3695 = CARTESIAN_POINT ( 'NONE',  ( -14.99999999999999289, -0.6000000000000021982, -6.699999999999999289 ) ) ;
#3696 = CARTESIAN_POINT ( 'NONE',  ( -0.3999999999999958589, -24.49999999999998934, -7.699999999999974420 ) ) ;
#3697 = DIRECTION ( 'NONE',  ( 0.000000000000000000, 0.000000000000000000, 1.000000000000000000 ) ) ;
#3698 =( NAMED_UNIT ( * ) PLANE_ANGLE_UNIT ( ) SI_UNIT ( $, .RADIAN. ) );
#3699 =( NAMED_UNIT ( * ) PLANE_ANGLE_UNIT ( ) SI_UNIT ( $, .RADIAN. ) );
#3700 = EDGE_LOOP ( 'NONE', ( #2113, #2193, #1619, #1090, #3365 ) ) ;
#3701 = CARTESIAN_POINT ( 'NONE',  ( 15.00000000000000711, -2.000000000000000000, 5.699999999999993072 ) ) ;
#3702 = AXIS2_PLACEMENT_3D ( 'NONE', #1124, #2424, #1457 ) ;
#3703 = SURFACE_SIDE_STYLE ('',( #2373 ) ) ;
#3704 = EDGE_LOOP ( 'NONE', ( #108, #309, #3062, #3330 ) ) ;
#3705 = PLANE ( 'NONE',  #2701 ) ;
#3706 = CARTESIAN_POINT ( 'NONE',  ( 3.146594043592595646, -25.05953863734382026, -8.140461362656177258 ) ) ;
#3707 =( NAMED_UNIT ( * ) SI_UNIT ( $, .STERADIAN. ) SOLID_ANGLE_UNIT ( ) );
#3708 = LINE ( 'NONE', #860, #2795 ) ;
#3709 = ORIENTED_EDGE ( 'NONE', *, *, #2973, .F. ) ;
#3710 = EDGE_LOOP ( 'NONE', ( #554, #2398, #216, #291 ) ) ;
#3711 = SURFACE_STYLE_USAGE ( .BOTH. , #2533 ) ;
#3712 = FILL_AREA_STYLE_COLOUR ( '', #3568 ) ;
#3713 =( NAMED_UNIT ( * ) SI_UNIT ( $, .STERADIAN. ) SOLID_ANGLE_UNIT ( ) );
#3714 = CARTESIAN_POINT ( 'NONE',  ( -0.3999999999999958589, -24.49999999999998934, 1.600000000000000755 ) ) ;
#3715 = CARTESIAN_POINT ( 'NONE',  ( 9.000000000000007105, -5.759999999999999787, -8.699999999999999289 ) ) ;
#3716 = ORIENTED_EDGE ( 'NONE', *, *, #3910, .F. ) ;
#3717 = DIRECTION ( 'NONE',  ( 0.7071067811865489050, 0.7071067811865462405, -0.000000000000000000 ) ) ;
#3718 = MECHANICAL_DESIGN_GEOMETRIC_PRESENTATION_REPRESENTATION (  '', ( #2123 ), #1194 ) ;
#3719 = COLOUR_RGB ( '',0.6274509803921568540, 0.6274509803921568540, 0.6274509803921568540 ) ;
#3720 = VECTOR ( 'NONE', #1531, 1000.000000000000000 ) ;
#3721 = CARTESIAN_POINT ( 'NONE',  ( -14.99999999999999645, -21.49999999999999289, -5.799999999999999822 ) ) ;
#3722 = SURFACE_STYLE_FILL_AREA ( #1872 ) ;
#3723 = ORIENTED_EDGE ( 'NONE', *, *, #969, .T. ) ;
#3724 =( NAMED_UNIT ( * ) SI_UNIT ( $, .STERADIAN. ) SOLID_ANGLE_UNIT ( ) );
#3725 =( NAMED_UNIT ( * ) SI_UNIT ( $, .STERADIAN. ) SOLID_ANGLE_UNIT ( ) );
#3726 = UNCERTAINTY_MEASURE_WITH_UNIT (LENGTH_MEASURE( 1.000000000000000082E-05 ), #3017, 'distance_accuracy_value', 'NONE');
#3727 = MECHANICAL_DESIGN_GEOMETRIC_PRESENTATION_REPRESENTATION (  '', ( #2919 ), #597 ) ;
#3728 =( GEOMETRIC_REPRESENTATION_CONTEXT ( 3 ) GLOBAL_UNCERTAINTY_ASSIGNED_CONTEXT ( ( #3124 ) ) GLOBAL_UNIT_ASSIGNED_CONTEXT ( ( #2823, #1543, #599 ) ) REPRESENTATION_CONTEXT ( 'NONE', 'WORKASPACE' ) );
#3729 = EDGE_LOOP ( 'NONE', ( #2804, #2757, #142, #3581 ) ) ;
#3730 = EDGE_LOOP ( 'NONE', ( #2212, #117, #2423, #3482 ) ) ;
#3731 = ADVANCED_FACE ( 'NONE', ( #3875 ), #3509, .F. ) ;
#3732 = SURFACE_STYLE_USAGE ( .BOTH. , #219 ) ;
#3733 = EDGE_CURVE ( 'NONE', #3463, #1293, #2638, .T. ) ;
#3734 = ADVANCED_FACE ( 'NONE', ( #683 ), #657, .F. ) ;
#3735 = EDGE_CURVE ( 'NONE', #2721, #287, #2573, .T. ) ;
#3736 = EDGE_CURVE ( 'NONE', #3938, #639, #2943, .T. ) ;
#3737 = PLANE ( 'NONE',  #1846 ) ;
#3738 = ORIENTED_EDGE ( 'NONE', *, *, #3421, .F. ) ;
#3739 = EDGE_CURVE ( 'NONE', #262, #3106, #3841, .T. ) ;
#3740 = PLANE ( 'NONE',  #733 ) ;
#3741 = ORIENTED_EDGE ( 'NONE', *, *, #2941, .T. ) ;
#3742 = CARTESIAN_POINT ( 'NONE',  ( -14.99999999999999289, -2.000000000000000000, -8.699999999999999289 ) ) ;
#3743 = CARTESIAN_POINT ( 'NONE',  ( 13.99999999999999822, 1.399999999999999467, -7.699999999999991296 ) ) ;
#3744 = CARTESIAN_POINT ( 'NONE',  ( 3.587055406248779832, -25.49999999999999645, -8.699999999999999289 ) ) ;
#3745 = CARTESIAN_POINT ( 'NONE',  ( -3.549999999999996270, -24.49999999999998934, 1.600000000000000755 ) ) ;
#3746 = CARTESIAN_POINT ( 'NONE',  ( 2.326187328005195454, -26.07810096401462374, 0.8985774199929904560 ) ) ;
#3747 = UNCERTAINTY_MEASURE_WITH_UNIT (LENGTH_MEASURE( 1.000000000000000082E-05 ), #3574, 'distance_accuracy_value', 'NONE');
#3748 = CARTESIAN_POINT ( 'NONE',  ( 15.00000000000000711, -24.50000000000000000, 8.699999999999999289 ) ) ;
#3749 = EDGE_LOOP ( 'NONE', ( #950, #3629, #3392, #1785, #763, #1775, #1575 ) ) ;
#3750 = EDGE_LOOP ( 'NONE', ( #2864, #2762, #611, #1500, #207, #279, #1924, #3151 ) ) ;
#3751 = UNCERTAINTY_MEASURE_WITH_UNIT (LENGTH_MEASURE( 1.000000000000000082E-05 ), #3403, 'distance_accuracy_value', 'NONE');
#3752 = LINE ( 'NONE', #2132, #2678 ) ;
#3753 = ORIENTED_EDGE ( 'NONE', *, *, #3838, .F. ) ;
#3754 = DIRECTION ( 'NONE',  ( -1.000000000000000000, 0.000000000000000000, 0.000000000000000000 ) ) ;
#3755 =( NAMED_UNIT ( * ) PLANE_ANGLE_UNIT ( ) SI_UNIT ( $, .RADIAN. ) );
#3756 = FILL_AREA_STYLE ('',( #15 ) ) ;
#3757 = SURFACE_STYLE_FILL_AREA ( #2254 ) ;
#3758 = DIRECTION ( 'NONE',  ( -0.4578306216481485280, -0.8890394377536184889, -0.000000000000000000 ) ) ;
#3759 = DIRECTION ( 'NONE',  ( 0.000000000000000000, 0.000000000000000000, -1.000000000000000000 ) ) ;
#3760 = ORIENTED_EDGE ( 'NONE', *, *, #2745, .F. ) ;
#3761 =( NAMED_UNIT ( * ) PLANE_ANGLE_UNIT ( ) SI_UNIT ( $, .RADIAN. ) );
#3762 =( LENGTH_UNIT ( ) NAMED_UNIT ( * ) SI_UNIT ( .MILLI., .METRE. ) );
#3763 = MECHANICAL_DESIGN_GEOMETRIC_PRESENTATION_REPRESENTATION (  '', ( #374 ), #2895 ) ;
#3764 = VECTOR ( 'NONE', #1209, 1000.000000000000000 ) ;
#3765 = EDGE_LOOP ( 'NONE', ( #3572, #2706, #4002, #2854, #3074, #3665, #3280 ) ) ;
#3766 = LINE ( 'NONE', #2806, #3764 ) ;
#3767 = UNCERTAINTY_MEASURE_WITH_UNIT (LENGTH_MEASURE( 1.000000000000000082E-05 ), #1750, 'distance_accuracy_value', 'NONE');
#3768 = VECTOR ( 'NONE', #2844, 1000.000000000000000 ) ;
#3769 = COLOUR_RGB ( '',0.6274509803921568540, 0.6274509803921568540, 0.6274509803921568540 ) ;
#3770 = DIRECTION ( 'NONE',  ( 0.000000000000000000, 0.000000000000000000, 1.000000000000000000 ) ) ;
#3771 = DIRECTION ( 'NONE',  ( 0.6279970792238782629, -0.3635270349696581027, -0.6880899384037285627 ) ) ;
#3772 =( NAMED_UNIT ( * ) PLANE_ANGLE_UNIT ( ) SI_UNIT ( $, .RADIAN. ) );
#3773 = ORIENTED_EDGE ( 'NONE', *, *, #776, .T. ) ;
#3774 = PRESENTATION_LAYER_ASSIGNMENT (  '', '', ( #1442 ) ) ;
#3775 = ORIENTED_EDGE ( 'NONE', *, *, #1828, .F. ) ;
#3776 = LINE ( 'NONE', #1799, #136 ) ;
#3777 = COLOUR_RGB ( '',0.6274509803921568540, 0.6274509803921568540, 0.6274509803921568540 ) ;
#3778 = DIRECTION ( 'NONE',  ( 0.5773502691896257311, 0.5773502691896258421, -0.5773502691896257311 ) ) ;
#3779 = EDGE_LOOP ( 'NONE', ( #1026, #519, #339, #2574 ) ) ;
#3780 = FILL_AREA_STYLE ('',( #1252 ) ) ;
#3781 =( NAMED_UNIT ( * ) PLANE_ANGLE_UNIT ( ) SI_UNIT ( $, .RADIAN. ) );
#3782 = COLOUR_RGB ( '',0.6274509803921568540, 0.6274509803921568540, 0.6274509803921568540 ) ;
#3783 = ORIENTED_EDGE ( 'NONE', *, *, #1231, .F. ) ;
#3784 =( LENGTH_UNIT ( ) NAMED_UNIT ( * ) SI_UNIT ( .MILLI., .METRE. ) );
#3785 = DIRECTION ( 'NONE',  ( 1.000000000000000000, 0.000000000000000000, 0.000000000000000000 ) ) ;
#3786 = ADVANCED_FACE ( 'NONE', ( #3544 ), #1353, .T. ) ;
#3787 = VECTOR ( 'NONE', #44, 1000.000000000000000 ) ;
#3788 = STYLED_ITEM ( 'NONE', ( #2412 ), #3790 ) ;
#3789 = CARTESIAN_POINT ( 'NONE',  ( -10.49999999999999112, -0.6000000000000021982, 2.800000000000001155 ) ) ;
#3790 = ADVANCED_FACE ( 'NONE', ( #4007 ), #1088, .F. ) ;
#3791 = PRESENTATION_STYLE_ASSIGNMENT (( #4101 ) ) ;
#3792 =( NAMED_UNIT ( * ) PLANE_ANGLE_UNIT ( ) SI_UNIT ( $, .RADIAN. ) );
#3793 = ORIENTED_EDGE ( 'NONE', *, *, #2445, .F. ) ;
#3794 = EDGE_LOOP ( 'NONE', ( #4063, #2656, #2688, #2292, #1061, #1143, #1292, #862 ) ) ;
#3795 = VECTOR ( 'NONE', #2058, 1000.000000000000000 ) ;
#3796 = EDGE_CURVE ( 'NONE', #1207, #2520, #1344, .T. ) ;
#3797 = EDGE_LOOP ( 'NONE', ( #3847, #2100, #3347, #1436, #1857 ) ) ;
#3798 = STYLED_ITEM ( 'NONE', ( #55 ), #3731 ) ;
#3799 = DIRECTION ( 'NONE',  ( -1.000000000000000000, -1.734723475976805615E-16, 0.000000000000000000 ) ) ;
#3800 = VECTOR ( 'NONE', #1316, 1000.000000000000000 ) ;
#3801 =( NAMED_UNIT ( * ) PLANE_ANGLE_UNIT ( ) SI_UNIT ( $, .RADIAN. ) );
#3802 = STYLED_ITEM ( 'NONE', ( #3565 ), #3014 ) ;
#3803 = DIRECTION ( 'NONE',  ( -1.000000000000000000, 0.000000000000000000, 0.000000000000000000 ) ) ;
#3804 = ORIENTED_EDGE ( 'NONE', *, *, #3426, .F. ) ;
#3805 = DIRECTION ( 'NONE',  ( -0.7071067811865475727, -0.000000000000000000, -0.7071067811865475727 ) ) ;
#3806 = FILL_AREA_STYLE_COLOUR ( '', #1405 ) ;
#3807 = DIRECTION ( 'NONE',  ( 0.000000000000000000, -1.000000000000000000, 0.000000000000000000 ) ) ;
#3808 = VERTEX_POINT ( 'NONE', #847 ) ;
#3809 = SURFACE_SIDE_STYLE ('',( #3178 ) ) ;
#3810 = UNCERTAINTY_MEASURE_WITH_UNIT (LENGTH_MEASURE( 1.000000000000000082E-05 ), #223, 'distance_accuracy_value', 'NONE');
#3811 = EDGE_CURVE ( 'NONE', #3341, #601, #2055, .T. ) ;
#3812 = PRESENTATION_STYLE_ASSIGNMENT (( #3500 ) ) ;
#3813 = CARTESIAN_POINT ( 'NONE',  ( 2.435828538948543454, -25.88869452759720957, 0.5747967797073740837 ) ) ;
#3814 = SURFACE_STYLE_USAGE ( .BOTH. , #2545 ) ;
#3815 = ORIENTED_EDGE ( 'NONE', *, *, #2802, .F. ) ;
#3816 = ORIENTED_EDGE ( 'NONE', *, *, #3686, .T. ) ;
#3817 = EDGE_CURVE ( 'NONE', #3434, #245, #2349, .T. ) ;
#3818 = VERTEX_POINT ( 'NONE', #445 ) ;
#3819 = SURFACE_STYLE_USAGE ( .BOTH. , #1925 ) ;
#3820 = DIRECTION ( 'NONE',  ( -0.000000000000000000, -0.000000000000000000, -1.000000000000000000 ) ) ;
#3821 = PLANE ( 'NONE',  #984 ) ;
#3822 = PRESENTATION_STYLE_ASSIGNMENT (( #1332 ) ) ;
#3823 = VERTEX_POINT ( 'NONE', #1111 ) ;
#3824 = PRESENTATION_STYLE_ASSIGNMENT (( #2324 ) ) ;
#3825 = DIRECTION ( 'NONE',  ( -0.000000000000000000, 0.000000000000000000, 1.000000000000000000 ) ) ;
#3826 = DIRECTION ( 'NONE',  ( -0.000000000000000000, 1.941854637287470363E-16, -1.000000000000000000 ) ) ;
#3827 = ORIENTED_EDGE ( 'NONE', *, *, #3304, .F. ) ;
#3828 = LINE ( 'NONE', #993, #3288 ) ;
#3829 = FACE_OUTER_BOUND ( 'NONE', #900, .T. ) ;
#3830 = CARTESIAN_POINT ( 'NONE',  ( -13.99999999999999112, -2.000000000000000000, -8.699999999999999289 ) ) ;
#3831 = CARTESIAN_POINT ( 'NONE',  ( 10.00000000000000355, -26.50000000000000711, 0.1000000000000004774 ) ) ;
#3832 = VERTEX_POINT ( 'NONE', #1720 ) ;
#3833 = SURFACE_STYLE_FILL_AREA ( #3655 ) ;
#3834 = MECHANICAL_DESIGN_GEOMETRIC_PRESENTATION_REPRESENTATION (  '', ( #3292 ), #2900 ) ;
#3835 = ORIENTED_EDGE ( 'NONE', *, *, #3494, .T. ) ;
#3836 = CARTESIAN_POINT ( 'NONE',  ( 0.000000000000000000, 0.000000000000000000, -4.199999999999999289 ) ) ;
#3837 = STYLED_ITEM ( 'NONE', ( #2503 ), #729 ) ;
#3838 = EDGE_CURVE ( 'NONE', #3274, #4080, #2985, .T. ) ;
#3839 = DIRECTION ( 'NONE',  ( -1.000000000000000000, -0.000000000000000000, -0.000000000000000000 ) ) ;
#3840 = COLOUR_RGB ( '',0.6274509803921568540, 0.6274509803921568540, 0.6274509803921568540 ) ;
#3841 = LINE ( 'NONE', #3586, #3247 ) ;
#3842 = EDGE_LOOP ( 'NONE', ( #2383, #298 ) ) ;
#3843 =( NAMED_UNIT ( * ) PLANE_ANGLE_UNIT ( ) SI_UNIT ( $, .RADIAN. ) );
#3844 = DIRECTION ( 'NONE',  ( 0.000000000000000000, -0.000000000000000000, 1.000000000000000000 ) ) ;
#3845 =( NAMED_UNIT ( * ) PLANE_ANGLE_UNIT ( ) SI_UNIT ( $, .RADIAN. ) );
#3846 = EDGE_CURVE ( 'NONE', #854, #1293, #467, .T. ) ;
#3847 = ORIENTED_EDGE ( 'NONE', *, *, #1221, .F. ) ;
#3848 = SURFACE_STYLE_FILL_AREA ( #1374 ) ;
#3849 = PLANE ( 'NONE',  #464 ) ;
#3850 = CARTESIAN_POINT ( 'NONE',  ( -13.99999999999999112, -23.49999999999999289, -6.699999999999999289 ) ) ;
#3851 =( GEOMETRIC_REPRESENTATION_CONTEXT ( 3 ) GLOBAL_UNCERTAINTY_ASSIGNED_CONTEXT ( ( #1957 ) ) GLOBAL_UNIT_ASSIGNED_CONTEXT ( ( #2002, #3885, #1054 ) ) REPRESENTATION_CONTEXT ( 'NONE', 'WORKASPACE' ) );
#3852 = DIRECTION ( 'NONE',  ( -0.7071067811865451302, 0.7071067811865500152, 0.000000000000000000 ) ) ;
#3853 =( GEOMETRIC_REPRESENTATION_CONTEXT ( 3 ) GLOBAL_UNCERTAINTY_ASSIGNED_CONTEXT ( ( #430 ) ) GLOBAL_UNIT_ASSIGNED_CONTEXT ( ( #3377, #2095, #3353 ) ) REPRESENTATION_CONTEXT ( 'NONE', 'WORKASPACE' ) );
#3854 = EDGE_LOOP ( 'NONE', ( #1787, #2174, #3162, #2507 ) ) ;
#3855 = AXIS2_PLACEMENT_3D ( 'NONE', #252, #2426, #2110 ) ;
#3856 = EDGE_CURVE ( 'NONE', #841, #49, #1860, .T. ) ;
#3857 =( NAMED_UNIT ( * ) PLANE_ANGLE_UNIT ( ) SI_UNIT ( $, .RADIAN. ) );
#3858 =( LENGTH_UNIT ( ) NAMED_UNIT ( * ) SI_UNIT ( .MILLI., .METRE. ) );
#3859 = EDGE_CURVE ( 'NONE', #3372, #2784, #3987, .T. ) ;
#3860 = ADVANCED_FACE ( 'NONE', ( #615 ), #3442, .F. ) ;
#3861 = LINE ( 'NONE', #2948, #204 ) ;
#3862 = ORIENTED_EDGE ( 'NONE', *, *, #3817, .F. ) ;
#3863 = SURFACE_STYLE_FILL_AREA ( #2604 ) ;
#3864 = LINE ( 'NONE', #293, #2827 ) ;
#3865 = UNCERTAINTY_MEASURE_WITH_UNIT (LENGTH_MEASURE( 1.000000000000000082E-05 ), #3762, 'distance_accuracy_value', 'NONE');
#3866 = EDGE_CURVE ( 'NONE', #1814, #3144, #2468, .T. ) ;
#3867 =( LENGTH_UNIT ( ) NAMED_UNIT ( * ) SI_UNIT ( .MILLI., .METRE. ) );
#3868 = LINE ( 'NONE', #997, #996 ) ;
#3869 =( NAMED_UNIT ( * ) PLANE_ANGLE_UNIT ( ) SI_UNIT ( $, .RADIAN. ) );
#3870 = EDGE_LOOP ( 'NONE', ( #459, #151 ) ) ;
#3871 =( NAMED_UNIT ( * ) SI_UNIT ( $, .STERADIAN. ) SOLID_ANGLE_UNIT ( ) );
#3872 = FILL_AREA_STYLE ('',( #1648 ) ) ;
#3873 = PRESENTATION_STYLE_ASSIGNMENT (( #3248 ) ) ;
#3874 = SURFACE_SIDE_STYLE ('',( #2278 ) ) ;
#3875 = FACE_OUTER_BOUND ( 'NONE', #4102, .T. ) ;
#3876 = LINE ( 'NONE', #2944, #3897 ) ;
#3877 = CARTESIAN_POINT ( 'NONE',  ( 2.745987990090462905, -24.65893258384168263, 1.600000000000000755 ) ) ;
#3878 = SURFACE_STYLE_USAGE ( .BOTH. , #1356 ) ;
#3879 = SURFACE_SIDE_STYLE ('',( #3512 ) ) ;
#3880 = ORIENTED_EDGE ( 'NONE', *, *, #2945, .T. ) ;
#3881 = DIRECTION ( 'NONE',  ( -0.7071067811865475727, 0.7071067811865475727, 0.000000000000000000 ) ) ;
#3882 = MANIFOLD_SOLID_BREP ( '\X2\976253d6308a\X0\4', #437 ) ;
#3883 = FILL_AREA_STYLE ('',( #1029 ) ) ;
#3884 = LINE ( 'NONE', #3621, #3592 ) ;
#3885 =( NAMED_UNIT ( * ) PLANE_ANGLE_UNIT ( ) SI_UNIT ( $, .RADIAN. ) );
#3886 = VECTOR ( 'NONE', #707, 1000.000000000000000 ) ;
#3887 = DIRECTION ( 'NONE',  ( -1.000000000000000000, 0.000000000000000000, 0.000000000000000000 ) ) ;
#3888 = LINE ( 'NONE', #3578, #1503 ) ;
#3889 =( GEOMETRIC_REPRESENTATION_CONTEXT ( 3 ) GLOBAL_UNCERTAINTY_ASSIGNED_CONTEXT ( ( #1265 ) ) GLOBAL_UNIT_ASSIGNED_CONTEXT ( ( #1533, #3165, #2083 ) ) REPRESENTATION_CONTEXT ( 'NONE', 'WORKASPACE' ) );
#3890 = CARTESIAN_POINT ( 'NONE',  ( -5.999999999999993783, -4.600000000000002309, 4.800000000000001599 ) ) ;
#3891 = ORIENTED_EDGE ( 'NONE', *, *, #3351, .T. ) ;
#3892 = AXIS2_PLACEMENT_3D ( 'NONE', #514, #3324, #1788 ) ;
#3893 = FILL_AREA_STYLE_COLOUR ( '', #2404 ) ;
#3894 =( GEOMETRIC_REPRESENTATION_CONTEXT ( 3 ) GLOBAL_UNCERTAINTY_ASSIGNED_CONTEXT ( ( #270 ) ) GLOBAL_UNIT_ASSIGNED_CONTEXT ( ( #1659, #3573, #371 ) ) REPRESENTATION_CONTEXT ( 'NONE', 'WORKASPACE' ) );
#3895 = CARTESIAN_POINT ( 'NONE',  ( 3.055022701551213693, -26.50000000000000355, 0.1000000000000004774 ) ) ;
#3896 = SURFACE_SIDE_STYLE ('',( #2887 ) ) ;
#3897 = VECTOR ( 'NONE', #407, 1000.000000000000000 ) ;
#3898 = ORIENTED_EDGE ( 'NONE', *, *, #666, .F. ) ;
#3899 = CARTESIAN_POINT ( 'NONE',  ( -14.99999999999999289, 0.3999999999999919176, -8.699999999999999289 ) ) ;
#3900 = STYLED_ITEM ( 'NONE', ( #3314 ), #851 ) ;
#3901 = DIRECTION ( 'NONE',  ( -1.652117596168388002E-16, 1.000000000000000000, -0.000000000000000000 ) ) ;
#3902 = DIRECTION ( 'NONE',  ( 1.000000000000000000, 0.000000000000000000, 0.000000000000000000 ) ) ;
#3903 = PLANE ( 'NONE',  #604 ) ;
#3904 = ORIENTED_EDGE ( 'NONE', *, *, #3739, .T. ) ;
#3905 = CARTESIAN_POINT ( 'NONE',  ( -14.99999999999999289, -22.50000000000000000, -7.700000000000005507 ) ) ;
#3906 = CYLINDRICAL_SURFACE ( 'NONE', #367, 1.750000000000000666 ) ;
#3907 = ORIENTED_EDGE ( 'NONE', *, *, #3108, .T. ) ;
#3908 = CARTESIAN_POINT ( 'NONE',  ( -30.77085920297304611, 1.399999999999999467, -7.699999999999991296 ) ) ;
#3909 = DIRECTION ( 'NONE',  ( -1.000000000000000000, 0.000000000000000000, 0.000000000000000000 ) ) ;
#3910 = EDGE_CURVE ( 'NONE', #1937, #1596, #1246, .T. ) ;
#3911 = EDGE_CURVE ( 'NONE', #903, #3048, #2122, .T. ) ;
#3912 = CARTESIAN_POINT ( 'NONE',  ( -3.275296395834160990, -18.63764819791708049, -14.56235180208293656 ) ) ;
#3913 = CARTESIAN_POINT ( 'NONE',  ( 8.700000000000006395, -2.000000000000004885, 2.800000000000001155 ) ) ;
#3914 = ORIENTED_EDGE ( 'NONE', *, *, #2399, .F. ) ;
#3915 = PRESENTATION_LAYER_ASSIGNMENT (  '', '', ( #4 ) ) ;
#3916 = ORIENTED_EDGE ( 'NONE', *, *, #3435, .T. ) ;
#3917 =( LENGTH_UNIT ( ) NAMED_UNIT ( * ) SI_UNIT ( .MILLI., .METRE. ) );
#3918 = EDGE_CURVE ( 'NONE', #1612, #2437, #3776, .T. ) ;
#3919 = EDGE_CURVE ( 'NONE', #555, #1118, #905, .T. ) ;
#3920 = CARTESIAN_POINT ( 'NONE',  ( 0.000000000000000000, -3.600000000000001865, -5.799999999999999822 ) ) ;
#3921 = CARTESIAN_POINT ( 'NONE',  ( -5.999999999999993783, -3.600000000000009415, 4.800000000000001599 ) ) ;
#3922 = STYLED_ITEM ( 'NONE', ( #2144 ), #1585 ) ;
#3923 = STYLED_ITEM ( 'NONE', ( #2593 ), #4041 ) ;
#3924 = VECTOR ( 'NONE', #3936, 1000.000000000000000 ) ;
#3925 = STYLED_ITEM ( 'NONE', ( #1 ), #2691 ) ;
#3926 = UNCERTAINTY_MEASURE_WITH_UNIT (LENGTH_MEASURE( 1.000000000000000082E-05 ), #2680, 'distance_accuracy_value', 'NONE');
#3927 = FACE_OUTER_BOUND ( 'NONE', #3729, .T. ) ;
#3928 = ORIENTED_EDGE ( 'NONE', *, *, #1151, .T. ) ;
#3929 = LINE ( 'NONE', #792, #1254 ) ;
#3930 = PRESENTATION_LAYER_ASSIGNMENT (  '', '', ( #3472 ) ) ;
#3931 = DIRECTION ( 'NONE',  ( 0.000000000000000000, 0.7071067811865463515, -0.7071067811865487940 ) ) ;
#3932 = CARTESIAN_POINT ( 'NONE',  ( 15.00000000000000711, 0.3999999999999897526, 8.699999999999999289 ) ) ;
#3933 = MECHANICAL_DESIGN_GEOMETRIC_PRESENTATION_REPRESENTATION (  '', ( #3600 ), #614 ) ;
#3934 = CARTESIAN_POINT ( 'NONE',  ( -13.99999999999999112, -23.49999999999999289, -1.099999999999999423 ) ) ;
#3935 = SURFACE_STYLE_USAGE ( .BOTH. , #2674 ) ;
#3936 = DIRECTION ( 'NONE',  ( -4.336808689942018229E-16, 1.000000000000000000, 0.000000000000000000 ) ) ;
#3937 = ORIENTED_EDGE ( 'NONE', *, *, #3494, .F. ) ;
#3938 = VERTEX_POINT ( 'NONE', #2276 ) ;
#3939 =( NAMED_UNIT ( * ) PLANE_ANGLE_UNIT ( ) SI_UNIT ( $, .RADIAN. ) );
#3940 =( NAMED_UNIT ( * ) SI_UNIT ( $, .STERADIAN. ) SOLID_ANGLE_UNIT ( ) );
#3941 = FILL_AREA_STYLE_COLOUR ( '', #2577 ) ;
#3942 = SURFACE_SIDE_STYLE ('',( #451 ) ) ;
#3943 = PRESENTATION_STYLE_ASSIGNMENT (( #526 ) ) ;
#3944 = ORIENTED_EDGE ( 'NONE', *, *, #2626, .T. ) ;
#3945 =( NAMED_UNIT ( * ) SI_UNIT ( $, .STERADIAN. ) SOLID_ANGLE_UNIT ( ) );
#3946 = DIRECTION ( 'NONE',  ( 0.000000000000000000, 0.000000000000000000, -1.000000000000000000 ) ) ;
#3947 = PRESENTATION_STYLE_ASSIGNMENT (( #1415 ) ) ;
#3948 = ORIENTED_EDGE ( 'NONE', *, *, #353, .T. ) ;
#3949 = CARTESIAN_POINT ( 'NONE',  ( -14.99999999999999645, -21.49999999999999289, -1.099999999999999423 ) ) ;
#3950 =( GEOMETRIC_REPRESENTATION_CONTEXT ( 3 ) GLOBAL_UNCERTAINTY_ASSIGNED_CONTEXT ( ( #3747 ) ) GLOBAL_UNIT_ASSIGNED_CONTEXT ( ( #3574, #1999, #3620 ) ) REPRESENTATION_CONTEXT ( 'NONE', 'WORKASPACE' ) );
#3951 = DIRECTION ( 'NONE',  ( -1.000000000000000000, 0.000000000000000000, -0.000000000000000000 ) ) ;
#3952 = LINE ( 'NONE', #1879, #461 ) ;
#3953 = SURFACE_STYLE_FILL_AREA ( #2359 ) ;
#3954 = ORIENTED_EDGE ( 'NONE', *, *, #125, .T. ) ;
#3955 = ORIENTED_EDGE ( 'NONE', *, *, #3426, .T. ) ;
#3956 = MECHANICAL_DESIGN_GEOMETRIC_PRESENTATION_REPRESENTATION (  '', ( #3419 ), #3557 ) ;
#3957 = FILL_AREA_STYLE_COLOUR ( '', #661 ) ;
#3958 =( GEOMETRIC_REPRESENTATION_CONTEXT ( 3 ) GLOBAL_UNCERTAINTY_ASSIGNED_CONTEXT ( ( #2146 ) ) GLOBAL_UNIT_ASSIGNED_CONTEXT ( ( #268, #4075, #3724 ) ) REPRESENTATION_CONTEXT ( 'NONE', 'WORKASPACE' ) );
#3959 = VECTOR ( 'NONE', #3043, 1000.000000000000000 ) ;
#3960 = CARTESIAN_POINT ( 'NONE',  ( 9.700000000000006395, -2.000000000000004885, 5.300000000000000711 ) ) ;
#3961 =( NAMED_UNIT ( * ) PLANE_ANGLE_UNIT ( ) SI_UNIT ( $, .RADIAN. ) );
#3962 = PLANE ( 'NONE',  #1916 ) ;
#3963 = PRESENTATION_LAYER_ASSIGNMENT (  '', '', ( #3362 ) ) ;
#3964 = VECTOR ( 'NONE', #3139, 1000.000000000000000 ) ;
#3965 = DIRECTION ( 'NONE',  ( 0.7071067811865473507, -0.7071067811865476838, -8.960805681915825766E-17 ) ) ;
#3966 =( NAMED_UNIT ( * ) SI_UNIT ( $, .STERADIAN. ) SOLID_ANGLE_UNIT ( ) );
#3967 = PRESENTATION_LAYER_ASSIGNMENT (  '', '', ( #978 ) ) ;
#3968 = ORIENTED_EDGE ( 'NONE', *, *, #2790, .T. ) ;
#3969 = DIRECTION ( 'NONE',  ( 0.000000000000000000, -1.000000000000000000, 0.000000000000000000 ) ) ;
#3970 = COLOUR_RGB ( '',0.6274509803921568540, 0.6274509803921568540, 0.6274509803921568540 ) ;
#3971 = EDGE_CURVE ( 'NONE', #1612, #678, #2293, .T. ) ;
#3972 = LINE ( 'NONE', #2102, #2732 ) ;
#3973 = SURFACE_STYLE_USAGE ( .BOTH. , #1727 ) ;
#3974 = EDGE_LOOP ( 'NONE', ( #3170, #3134, #2049 ) ) ;
#3975 = CARTESIAN_POINT ( 'NONE',  ( 15.00000000000000711, -24.50000000000000000, -7.700000000000005507 ) ) ;
#3976 = CARTESIAN_POINT ( 'NONE',  ( -13.24999999999999289, -4.500000000000002665, 5.699999999999993072 ) ) ;
#3977 = SURFACE_SIDE_STYLE ('',( #803 ) ) ;
#3978 = ORIENTED_EDGE ( 'NONE', *, *, #649, .F. ) ;
#3979 = ORIENTED_EDGE ( 'NONE', *, *, #2997, .F. ) ;
#3980 = PRODUCT_DEFINITION ( 'UNKNOWN', '', #3190, #3412 ) ;
#3981 = SURFACE_STYLE_FILL_AREA ( #3029 ) ;
#3982 = CARTESIAN_POINT ( 'NONE',  ( -2.484619089766595845, -22.13846167708827650, 1.600000000000000755 ) ) ;
#3983 = CARTESIAN_POINT ( 'NONE',  ( -13.24999999999999289, 0.000000000000000000, 0.000000000000000000 ) ) ;
#3984 = PLANE ( 'NONE',  #2446 ) ;
#3985 = EDGE_CURVE ( 'NONE', #1464, #2843, #3542, .T. ) ;
#3986 = AXIS2_PLACEMENT_3D ( 'NONE', #3481, #3431, #2852 ) ;
#3987 = CIRCLE ( 'NONE', #8, 3.150000000000000355 ) ;
#3988 = LINE ( 'NONE', #1200, #1115 ) ;
#3989 = DIRECTION ( 'NONE',  ( -0.000000000000000000, -0.000000000000000000, -1.000000000000000000 ) ) ;
#3990 = AXIS2_PLACEMENT_3D ( 'NONE', #1994, #1953, #660 ) ;
#3991 = MECHANICAL_DESIGN_GEOMETRIC_PRESENTATION_REPRESENTATION (  '', ( #3126 ), #3251 ) ;
#3992 = ORIENTED_EDGE ( 'NONE', *, *, #1221, .T. ) ;
#3993 = FILL_AREA_STYLE_COLOUR ( '', #378 ) ;
#3994 = EDGE_CURVE ( 'NONE', #2442, #903, #3562, .T. ) ;
#3995 = SURFACE_SIDE_STYLE ('',( #818 ) ) ;
#3996 = PRESENTATION_LAYER_ASSIGNMENT (  '', '', ( #2069 ) ) ;
#3997 = COLOUR_RGB ( '',0.6274509803921568540, 0.6274509803921568540, 0.6274509803921568540 ) ;
#3998 =( GEOMETRIC_REPRESENTATION_CONTEXT ( 3 ) GLOBAL_UNCERTAINTY_ASSIGNED_CONTEXT ( ( #3516 ) ) GLOBAL_UNIT_ASSIGNED_CONTEXT ( ( #819, #1165, #493 ) ) REPRESENTATION_CONTEXT ( 'NONE', 'WORKASPACE' ) );
#3999 = PLANE ( 'NONE',  #3428 ) ;
#4000 = AXIS2_PLACEMENT_3D ( 'NONE', #2415, #2697, #1116 ) ;
#4001 = CARTESIAN_POINT ( 'NONE',  ( 0.000000000000000000, 0.000000000000000000, 2.800000000000001155 ) ) ;
#4002 = ORIENTED_EDGE ( 'NONE', *, *, #2813, .F. ) ;
#4003 = ORIENTED_EDGE ( 'NONE', *, *, #349, .T. ) ;
#4004 = EDGE_LOOP ( 'NONE', ( #1904, #1269, #1084, #2633, #1128, #3992, #232, #1123 ) ) ;
#4005 = FACE_OUTER_BOUND ( 'NONE', #477, .T. ) ;
#4006 = DIRECTION ( 'NONE',  ( 0.000000000000000000, 0.000000000000000000, -1.000000000000000000 ) ) ;
#4007 = FACE_OUTER_BOUND ( 'NONE', #747, .T. ) ;
#4008 = CARTESIAN_POINT ( 'NONE',  ( -5.999999999999993783, -3.600000000000009415, 6.700000000000001066 ) ) ;
#4009 = CARTESIAN_POINT ( 'NONE',  ( 10.00000000000000355, -28.99999999999998934, 3.100000000000000533 ) ) ;
#4010 = EDGE_LOOP ( 'NONE', ( #2530, #2418, #2228, #3271 ) ) ;
#4011 = CARTESIAN_POINT ( 'NONE',  ( 9.000000000000007105, -5.759999999999999787, 3.300000000000000711 ) ) ;
#4012 = ORIENTED_EDGE ( 'NONE', *, *, #1906, .T. ) ;
#4013 = FACE_BOUND ( 'NONE', #2163, .T. ) ;
#4014 = CARTESIAN_POINT ( 'NONE',  ( -10.79999999999999005, -28.99999999999998934, 3.100000000000000533 ) ) ;
#4015 = SURFACE_STYLE_USAGE ( .BOTH. , #802 ) ;
#4016 =( NAMED_UNIT ( * ) SI_UNIT ( $, .STERADIAN. ) SOLID_ANGLE_UNIT ( ) );
#4017 = VERTEX_POINT ( 'NONE', #343 ) ;
#4018 = ORIENTED_EDGE ( 'NONE', *, *, #794, .F. ) ;
#4019 = CARTESIAN_POINT ( 'NONE',  ( -5.999999999999994671, -0.6000000000000027534, 5.300000000000000711 ) ) ;
#4020 = AXIS2_PLACEMENT_3D ( 'NONE', #127, #84, #1944 ) ;
#4021 = PLANE ( 'NONE',  #1588 ) ;
#4022 = CARTESIAN_POINT ( 'NONE',  ( -10.49999999999999112, -2.000000000000005329, 2.800000000000001155 ) ) ;
#4023 = ORIENTED_EDGE ( 'NONE', *, *, #2207, .F. ) ;
#4024 = SURFACE_STYLE_USAGE ( .BOTH. , #2758 ) ;
#4025 = EDGE_CURVE ( 'NONE', #1483, #912, #363, .T. ) ;
#4026 = PRESENTATION_LAYER_ASSIGNMENT (  '', '', ( #375 ) ) ;
#4027 = EDGE_CURVE ( 'NONE', #2205, #3434, #51, .T. ) ;
#4028 = COLOUR_RGB ( '',0.6274509803921568540, 0.6274509803921568540, 0.6274509803921568540 ) ;
#4029 = FILL_AREA_STYLE_COLOUR ( '', #525 ) ;
#4030 = ORIENTED_EDGE ( 'NONE', *, *, #3985, .F. ) ;
#4031 =( LENGTH_UNIT ( ) NAMED_UNIT ( * ) SI_UNIT ( .MILLI., .METRE. ) );
#4032 = CARTESIAN_POINT ( 'NONE',  ( -10.28542960148658203, -19.08542960148653478, 6.700000000000001066 ) ) ;
#4033 = PRESENTATION_LAYER_ASSIGNMENT (  '', '', ( #3837 ) ) ;
#4034 = ADVANCED_FACE ( 'NONE', ( #2634 ), #2881, .F. ) ;
#4035 =( LENGTH_UNIT ( ) NAMED_UNIT ( * ) SI_UNIT ( .MILLI., .METRE. ) );
#4036 = DIRECTION ( 'NONE',  ( 0.000000000000000000, 0.000000000000000000, 1.000000000000000000 ) ) ;
#4037 = MECHANICAL_DESIGN_GEOMETRIC_PRESENTATION_REPRESENTATION (  '', ( #54 ), #2316 ) ;
#4038 =( NAMED_UNIT ( * ) SI_UNIT ( $, .STERADIAN. ) SOLID_ANGLE_UNIT ( ) );
#4039 = ORIENTED_EDGE ( 'NONE', *, *, #1170, .T. ) ;
#4040 = ORIENTED_EDGE ( 'NONE', *, *, #3059, .T. ) ;
#4041 = ADVANCED_FACE ( 'NONE', ( #1986 ), #652, .T. ) ;
#4042 = EDGE_CURVE ( 'NONE', #2677, #4082, #1776, .T. ) ;
#4043 = COLOUR_RGB ( '',0.6274509803921568540, 0.6274509803921568540, 0.6274509803921568540 ) ;
#4044 = CARTESIAN_POINT ( 'NONE',  ( -13.99999999999998401, 1.399999999999997913, 6.700000000000001066 ) ) ;
#4045 = FILL_AREA_STYLE_COLOUR ( '', #116 ) ;
#4046 = EDGE_CURVE ( 'NONE', #2368, #3359, #502, .T. ) ;
#4047 = EDGE_CURVE ( 'NONE', #754, #861, #1688, .T. ) ;
#4048 = UNCERTAINTY_MEASURE_WITH_UNIT (LENGTH_MEASURE( 1.000000000000000082E-05 ), #2982, 'distance_accuracy_value', 'NONE');
#4049 =( NAMED_UNIT ( * ) SI_UNIT ( $, .STERADIAN. ) SOLID_ANGLE_UNIT ( ) );
#4050 = FACE_OUTER_BOUND ( 'NONE', #2361, .T. ) ;
#4051 = FILL_AREA_STYLE ('',( #3150 ) ) ;
#4052 = ORIENTED_EDGE ( 'NONE', *, *, #1350, .T. ) ;
#4053 = COLOUR_RGB ( '',0.6274509803921568540, 0.6274509803921568540, 0.6274509803921568540 ) ;
#4054 =( GEOMETRIC_REPRESENTATION_CONTEXT ( 3 ) GLOBAL_UNCERTAINTY_ASSIGNED_CONTEXT ( ( #1048 ) ) GLOBAL_UNIT_ASSIGNED_CONTEXT ( ( #1299, #2240, #1632 ) ) REPRESENTATION_CONTEXT ( 'NONE', 'WORKASPACE' ) );
#4055 = FILL_AREA_STYLE_COLOUR ( '', #2858 ) ;
#4056 = ORIENTED_EDGE ( 'NONE', *, *, #3559, .F. ) ;
#4057 = FILL_AREA_STYLE_COLOUR ( '', #3223 ) ;
#4058 = UNCERTAINTY_MEASURE_WITH_UNIT (LENGTH_MEASURE( 1.000000000000000082E-05 ), #906, 'distance_accuracy_value', 'NONE');
#4059 = VECTOR ( 'NONE', #1489, 1000.000000000000000 ) ;
#4060 = LINE ( 'NONE', #3456, #1261 ) ;
#4061 = CARTESIAN_POINT ( 'NONE',  ( -3.964028778296494693, -23.49999999999999289, -0.9000000000000003553 ) ) ;
#4062 = VECTOR ( 'NONE', #2318, 1000.000000000000114 ) ;
#4063 = ORIENTED_EDGE ( 'NONE', *, *, #1963, .T. ) ;
#4064 = ORIENTED_EDGE ( 'NONE', *, *, #1338, .F. ) ;
#4065 = PRODUCT_CONTEXT ( 'NONE', #91, 'mechanical' ) ;
#4066 =( NAMED_UNIT ( * ) PLANE_ANGLE_UNIT ( ) SI_UNIT ( $, .RADIAN. ) );
#4067 =( NAMED_UNIT ( * ) SI_UNIT ( $, .STERADIAN. ) SOLID_ANGLE_UNIT ( ) );
#4068 = VECTOR ( 'NONE', #3102, 1000.000000000000000 ) ;
#4069 = CARTESIAN_POINT ( 'NONE',  ( -3.528300864307851281, -24.05775499250493610, 0.2616738542874409990 ) ) ;
#4070 = PLANE ( 'NONE',  #1826 ) ;
#4071 =( LENGTH_UNIT ( ) NAMED_UNIT ( * ) SI_UNIT ( .MILLI., .METRE. ) );
#4072 = FILL_AREA_STYLE_COLOUR ( '', #528 ) ;
#4073 = EDGE_LOOP ( 'NONE', ( #2059, #901, #1565, #1493 ) ) ;
#4074 = VERTEX_POINT ( 'NONE', #756 ) ;
#4075 =( NAMED_UNIT ( * ) PLANE_ANGLE_UNIT ( ) SI_UNIT ( $, .RADIAN. ) );
#4076 = LINE ( 'NONE', #2187, #2381 ) ;
#4077 = PRESENTATION_STYLE_ASSIGNMENT (( #3457 ) ) ;
#4078 = CARTESIAN_POINT ( 'NONE',  ( 2.732222323980258327, -24.93141679828972812, -0.6200373906155940418 ) ) ;
#4079 = UNCERTAINTY_MEASURE_WITH_UNIT (LENGTH_MEASURE( 1.000000000000000082E-05 ), #3689, 'distance_accuracy_value', 'NONE');
#4080 = VERTEX_POINT ( 'NONE', #2384 ) ;
#4081 = ORIENTED_EDGE ( 'NONE', *, *, #360, .T. ) ;
#4082 = VERTEX_POINT ( 'NONE', #2736 ) ;
#4083 = CARTESIAN_POINT ( 'NONE',  ( -3.423105003308481553, -23.58202228607944662, -0.3443786124865862441 ) ) ;
#4084 =( NAMED_UNIT ( * ) SI_UNIT ( $, .STERADIAN. ) SOLID_ANGLE_UNIT ( ) );
#4085 = LINE ( 'NONE', #653, #786 ) ;
#4086 = AXIS2_PLACEMENT_3D ( 'NONE', #3021, #3597, #1414 ) ;
#4087 = FACE_OUTER_BOUND ( 'NONE', #97, .T. ) ;
#4088 = ORIENTED_EDGE ( 'NONE', *, *, #613, .F. ) ;
#4089 = PLANE ( 'NONE',  #3506 ) ;
#4090 =( GEOMETRIC_REPRESENTATION_CONTEXT ( 3 ) GLOBAL_UNCERTAINTY_ASSIGNED_CONTEXT ( ( #2505 ) ) GLOBAL_UNIT_ASSIGNED_CONTEXT ( ( #2913, #1017, #1926 ) ) REPRESENTATION_CONTEXT ( 'NONE', 'WORKASPACE' ) );
#4091 = EDGE_CURVE ( 'NONE', #3359, #2063, #1734, .T. ) ;
#4092 = FILL_AREA_STYLE ('',( #4029 ) ) ;
#4093 = ADVANCED_FACE ( 'NONE', ( #4005 ), #3011, .F. ) ;
#4094 = EDGE_LOOP ( 'NONE', ( #282, #323, #3278, #2494 ) ) ;
#4095 = FACE_OUTER_BOUND ( 'NONE', #2478, .T. ) ;
#4096 = UNCERTAINTY_MEASURE_WITH_UNIT (LENGTH_MEASURE( 1.000000000000000082E-05 ), #1827, 'distance_accuracy_value', 'NONE');
#4097 = PRESENTATION_LAYER_ASSIGNMENT (  '', '', ( #914 ) ) ;
#4098 = EDGE_CURVE ( 'NONE', #287, #520, #2960, .T. ) ;
#4099 = COLOUR_RGB ( '',0.6274509803921568540, 0.6274509803921568540, 0.6274509803921568540 ) ;
#4100 = PLANE ( 'NONE',  #2048 ) ;
#4101 = SURFACE_STYLE_USAGE ( .BOTH. , #1264 ) ;
#4102 = EDGE_LOOP ( 'NONE', ( #3898, #500, #3914, #2353 ) ) ;
#4103 = MECHANICAL_DESIGN_GEOMETRIC_PRESENTATION_REPRESENTATION (  '', ( #2309 ), #853 ) ;
#4104 = ORIENTED_EDGE ( 'NONE', *, *, #3432, .T. ) ;
#4105 = VECTOR ( 'NONE', #2830, 1000.000000000000000 ) ;
#4106 = ORIENTED_EDGE ( 'NONE', *, *, #3114, .F. ) ;
#4107 =( NAMED_UNIT ( * ) PLANE_ANGLE_UNIT ( ) SI_UNIT ( $, .RADIAN. ) );
#4108 = SURFACE_STYLE_USAGE ( .BOTH. , #2796 ) ;
#4109 = COLOUR_RGB ( '',0.6274509803921568540, 0.6274509803921568540, 0.6274509803921568540 ) ;
#4110 = FILL_AREA_STYLE_COLOUR ( '', #4109 ) ;
#4111 = VERTEX_POINT ( 'NONE', #1382 ) ;
#4112 = LINE ( 'NONE', #2822, #313 ) ;
#4113 = EDGE_CURVE ( 'NONE', #622, #1930, #1440, .T. ) ;
ENDSEC;
END-ISO-10303-21;
