ISO-10303-21;
HEADER;
FILE_DESCRIPTION (( 'STEP AP214' ),
    '1' );
FILE_NAME ('FRANKA_FLANGE.STEP',
    '2026-08-13T01:38:31',
    ( '' ),
    ( '' ),
    'SwSTEP 2.0',
    'SolidWorks 2026',
    '' );
FILE_SCHEMA (( 'AUTOMOTIVE_DESIGN' ));
ENDSEC;

DATA;
#1 = CIRCLE ( 'NONE', #2700, 4.000000000000017764 ) ;
#2 = ADVANCED_FACE ( 'NONE', ( #1195 ), #2339, .T. ) ;
#3 = VERTEX_POINT ( 'NONE', #49 ) ;
#4 = CARTESIAN_POINT ( 'NONE',  ( 0.000000000000000000, 0.000000000000000000, -0.9999999999999847899 ) ) ;
#5 = CARTESIAN_POINT ( 'NONE',  ( 0.000000000000000000, 0.000000000000000000, 7.500000000000000000 ) ) ;
#6 = EDGE_CURVE ( 'NONE', #3429, #1249, #3139, .T. ) ;
#7 = CIRCLE ( 'NONE', #2251, 3.200000000000001510 ) ;
#8 = CARTESIAN_POINT ( 'NONE',  ( 10.05303578441362333, -18.78261088127258205, 4.099999999999999645 ) ) ;
#9 = CYLINDRICAL_SURFACE ( 'NONE', #3281, 5.250000000000000888 ) ;
#10 = AXIS2_PLACEMENT_3D ( 'NONE', #2328, #39, #1977 ) ;
#11 = AXIS2_PLACEMENT_3D ( 'NONE', #162, #1784, #2408 ) ;
#12 = ORIENTED_EDGE ( 'NONE', *, *, #2862, .T. ) ;
#13 = CIRCLE ( 'NONE', #1309, 5.250000000000000888 ) ;
#14 = DIRECTION ( 'NONE',  ( 0.000000000000000000, 0.000000000000000000, 1.000000000000000000 ) ) ;
#15 = B_SPLINE_CURVE_WITH_KNOTS ( 'NONE', 3,
 ( #2887, #660, #1517, #1782 ),
 .UNSPECIFIED., .F., .F.,
 ( 4, 4 ),
 ( 0.000000000000000000, 0.0005821545405987205027 ),
 .UNSPECIFIED. ) ;
#16 = CIRCLE ( 'NONE', #3012, 2.299999999999999822 ) ;
#17 = ORIENTED_EDGE ( 'NONE', *, *, #1355, .F. ) ;
#18 = CIRCLE ( 'NONE', #3309, 2.299999999999998046 ) ;
#19 = DIRECTION ( 'NONE',  ( -0.000000000000000000, -0.000000000000000000, 1.000000000000000000 ) ) ;
#20 = DIRECTION ( 'NONE',  ( 0.000000000000000000, 0.000000000000000000, 1.000000000000000000 ) ) ;
#21 = CARTESIAN_POINT ( 'NONE',  ( -22.00000000000000000, 9.999999999999996447, 1.000000000000019984 ) ) ;
#22 = ORIENTED_EDGE ( 'NONE', *, *, #254, .T. ) ;
#23 = CARTESIAN_POINT ( 'NONE',  ( -22.92766952966347560, 17.67766952966390193, 4.000000000000000000 ) ) ;
#24 = B_SPLINE_CURVE_WITH_KNOTS ( 'NONE', 3,
 ( #2249, #848, #3358, #1982, #1970, #3081, #485, #896 ),
 .UNSPECIFIED., .F., .F.,
 ( 4, 2, 2, 4 ),
 ( 0.0002912731463717715161, 0.0009094606607863836827, 0.001218554417993686270, 0.001527648175200989073 ),
 .UNSPECIFIED. ) ;
#25 = EDGE_CURVE ( 'NONE', #2556, #828, #3463, .T. ) ;
#26 = DIRECTION ( 'NONE',  ( 1.000000000000000000, 0.000000000000000000, 0.000000000000000000 ) ) ;
#27 = EDGE_LOOP ( 'NONE', ( #701, #1803, #1627, #1971 ) ) ;
#28 = ORIENTED_EDGE ( 'NONE', *, *, #3192, .T. ) ;
#29 = VERTEX_POINT ( 'NONE', #390 ) ;
#30 = ADVANCED_FACE ( 'NONE', ( #2301, #1156 ), #3392, .T. ) ;
#31 = DIRECTION ( 'NONE',  ( 1.000000000000000000, 0.000000000000000000, 0.000000000000000000 ) ) ;
#32 = DIRECTION ( 'NONE',  ( -0.000000000000000000, -0.000000000000000000, 1.000000000000000000 ) ) ;
#33 = VECTOR ( 'NONE', #3406, 1000.000000000000114 ) ;
#34 = ORIENTED_EDGE ( 'NONE', *, *, #2777, .T. ) ;
#35 = CARTESIAN_POINT ( 'NONE',  ( 0.000000000000000000, 0.000000000000000000, 1.499999999999994449 ) ) ;
#36 = VERTEX_POINT ( 'NONE', #102 ) ;
#37 = DIRECTION ( 'NONE',  ( -1.000000000000000000, 0.000000000000000000, 0.000000000000000000 ) ) ;
#38 = DIRECTION ( 'NONE',  ( 0.000000000000000000, 0.000000000000000000, -1.000000000000000000 ) ) ;
#39 = DIRECTION ( 'NONE',  ( 0.000000000000000000, 0.000000000000000000, 1.000000000000000000 ) ) ;
#40 = ORIENTED_EDGE ( 'NONE', *, *, #3329, .F. ) ;
#41 = FACE_OUTER_BOUND ( 'NONE', #308, .T. ) ;
#42 = DIRECTION ( 'NONE',  ( 0.000000000000000000, 0.000000000000000000, 1.000000000000000000 ) ) ;
#43 = EDGE_CURVE ( 'NONE', #996, #2867, #1238, .T. ) ;
#44 = CARTESIAN_POINT ( 'NONE',  ( 26.67120962326255906, -16.75996948779999940, 1.499999999999994449 ) ) ;
#45 = FACE_OUTER_BOUND ( 'NONE', #3499, .T. ) ;
#46 = AXIS2_PLACEMENT_3D ( 'NONE', #1263, #1298, #2387 ) ;
#47 = FACE_BOUND ( 'NONE', #1386, .T. ) ;
#48 = B_SPLINE_CURVE_WITH_KNOTS ( 'NONE', 3,
 ( #3618, #3602, #1896, #1088, #772, #1675, #1915, #3033 ),
 .UNSPECIFIED., .F., .F.,
 ( 4, 2, 2, 4 ),
 ( 0.000000000000000000, 0.0003100591054060402403, 0.0006201182108120804806, 0.001240236421624167466 ),
 .UNSPECIFIED. ) ;
#49 = CARTESIAN_POINT ( 'NONE',  ( -25.00000000000000000, 9.999999999999996447, 7.500000000000000000 ) ) ;
#50 = FACE_OUTER_BOUND ( 'NONE', #1012, .T. ) ;
#51 = AXIS2_PLACEMENT_3D ( 'NONE', #506, #1396, #3065 ) ;
#52 = EDGE_CURVE ( 'NONE', #996, #1343, #1759, .T. ) ;
#53 = EDGE_LOOP ( 'NONE', ( #2988, #2924, #2748, #1483 ) ) ;
#54 = AXIS2_PLACEMENT_3D ( 'NONE', #2243, #3353, #2452 ) ;
#55 = LINE ( 'NONE', #2835, #1376 ) ;
#56 = LINE ( 'NONE', #1976, #780 ) ;
#57 = DIRECTION ( 'NONE',  ( -0.000000000000000000, -0.000000000000000000, -1.000000000000000000 ) ) ;
#58 = PRODUCT_DEFINITION ( 'UNKNOWN', '', #2825, #1857 ) ;
#59 = CONICAL_SURFACE ( 'NONE', #1582, 8.099999999999999645, 0.7853981633974482790 ) ;
#60 = ORIENTED_EDGE ( 'NONE', *, *, #3626, .F. ) ;
#61 = CARTESIAN_POINT ( 'NONE',  ( 12.42766952966371719, 17.67766952966366034, 7.500000000000000000 ) ) ;
#62 = FILL_AREA_STYLE ('',( #3133 ) ) ;
#63 = AXIS2_PLACEMENT_3D ( 'NONE', #1888, #3539, #2402 ) ;
#64 = CARTESIAN_POINT ( 'NONE',  ( -29.93075528434977173, -9.818344468817958415, 7.500000000000000000 ) ) ;
#65 = DIRECTION ( 'NONE',  ( 0.000000000000000000, 0.000000000000000000, -1.000000000000000000 ) ) ;
#66 = FACE_BOUND ( 'NONE', #135, .T. ) ;
#67 = CIRCLE ( 'NONE', #2649, 31.50000000000000000 ) ;
#68 = CIRCLE ( 'NONE', #10, 3.550000000000018474 ) ;
#69 = DIRECTION ( 'NONE',  ( 0.000000000000000000, 0.000000000000000000, 1.000000000000000000 ) ) ;
#70 = ORIENTED_EDGE ( 'NONE', *, *, #2286, .T. ) ;
#71 = EDGE_CURVE ( 'NONE', #1973, #2209, #532, .T. ) ;
#72 = EDGE_LOOP ( 'NONE', ( #3310, #2013, #3619, #2254 ) ) ;
#73 = EDGE_CURVE ( 'NONE', #516, #1249, #3585, .T. ) ;
#74 = AXIS2_PLACEMENT_3D ( 'NONE', #214, #1336, #1948 ) ;
#75 = CYLINDRICAL_SURFACE ( 'NONE', #483, 5.250000000000000000 ) ;
#76 = CARTESIAN_POINT ( 'NONE',  ( 29.13721677043818659, -10.49430609365684219, 0.9694666004254438585 ) ) ;
#77 = DIRECTION ( 'NONE',  ( 1.000000000000000000, 0.000000000000000000, 0.000000000000000000 ) ) ;
#78 = ORIENTED_EDGE ( 'NONE', *, *, #700, .T. ) ;
#79 = DIRECTION ( 'NONE',  ( 1.000000000000000000, 0.000000000000000000, 0.000000000000000000 ) ) ;
#80 = FACE_OUTER_BOUND ( 'NONE', #2123, .T. ) ;
#81 = LINE ( 'NONE', #2298, #721 ) ;
#82 = DIRECTION ( 'NONE',  ( 0.000000000000000000, 0.000000000000000000, -1.000000000000000000 ) ) ;
#83 = CARTESIAN_POINT ( 'NONE',  ( 26.00000000000000355, 9.999999999999996447, 0.000000000000000000 ) ) ;
#84 = EDGE_LOOP ( 'NONE', ( #2716, #1316 ) ) ;
#85 = ORIENTED_EDGE ( 'NONE', *, *, #400, .F. ) ;
#86 = ORIENTED_EDGE ( 'NONE', *, *, #2406, .F. ) ;
#87 = ADVANCED_FACE ( 'NONE', ( #2168 ), #2950, .T. ) ;
#88 = FACE_OUTER_BOUND ( 'NONE', #3325, .T. ) ;
#89 = AXIS2_PLACEMENT_3D ( 'NONE', #2894, #2068, #1717 ) ;
#90 = DIRECTION ( 'NONE',  ( 1.000000000000000000, 0.000000000000000000, 0.000000000000000000 ) ) ;
#91 = DIRECTION ( 'NONE',  ( -0.000000000000000000, -0.000000000000000000, -1.000000000000000000 ) ) ;
#92 = ADVANCED_FACE ( 'NONE', ( #1588 ), #708, .F. ) ;
#93 = VERTEX_POINT ( 'NONE', #1265 ) ;
#94 = DIRECTION ( 'NONE',  ( 1.000000000000000000, 0.000000000000000000, 0.000000000000000000 ) ) ;
#95 = DIRECTION ( 'NONE',  ( 0.000000000000000000, 0.000000000000000000, 1.000000000000000000 ) ) ;
#96 = ADVANCED_FACE ( 'NONE', ( #3207 ), #298, .T. ) ;
#97 = ORIENTED_EDGE ( 'NONE', *, *, #1927, .F. ) ;
#98 = EDGE_LOOP ( 'NONE', ( #682, #3384 ) ) ;
#99 = PLANE ( 'NONE',  #2922 ) ;
#100 = DIRECTION ( 'NONE',  ( 1.000000000000000000, 0.000000000000000000, 0.000000000000000000 ) ) ;
#101 = CIRCLE ( 'NONE', #158, 5.250000000000000888 ) ;
#102 = CARTESIAN_POINT ( 'NONE',  ( 28.45240316781769252, -9.511085846314172088, 0.000000000000000000 ) ) ;
#103 = ORIENTED_EDGE ( 'NONE', *, *, #767, .T. ) ;
#104 = ORIENTED_EDGE ( 'NONE', *, *, #2346, .T. ) ;
#105 = FACE_BOUND ( 'NONE', #2189, .T. ) ;
#106 = CIRCLE ( 'NONE', #1869, 5.250000000000000888 ) ;
#107 = DIRECTION ( 'NONE',  ( 1.000000000000000000, 0.000000000000000000, 0.000000000000000000 ) ) ;
#108 = CARTESIAN_POINT ( 'NONE',  ( -24.99999999999999645, 2.618611004132350143E-13, 4.000000000000000000 ) ) ;
#109 = ORIENTED_EDGE ( 'NONE', *, *, #526, .F. ) ;
#110 = CIRCLE ( 'NONE', #3398, 5.250000000000000888 ) ;
#111 = DIRECTION ( 'NONE',  ( -1.000000000000000000, 0.000000000000000000, 0.000000000000000000 ) ) ;
#112 = DIRECTION ( 'NONE',  ( 0.000000000000000000, 0.000000000000000000, 1.000000000000000000 ) ) ;
#113 = CONICAL_SURFACE ( 'NONE', #2061, 4.000000000000017764, 0.7853981633974463916 ) ;
#114 = EDGE_CURVE ( 'NONE', #1614, #3485, #2002, .T. ) ;
#115 = ORIENTED_EDGE ( 'NONE', *, *, #3314, .F. ) ;
#116 = EDGE_LOOP ( 'NONE', ( #642, #1577, #1679, #3510 ) ) ;
#117 = FACE_OUTER_BOUND ( 'NONE', #3266, .T. ) ;
#118 = EDGE_CURVE ( 'NONE', #2784, #1408, #1816, .T. ) ;
#119 = DIRECTION ( 'NONE',  ( -0.000000000000000000, -0.000000000000000000, -1.000000000000000000 ) ) ;
#120 = FACE_OUTER_BOUND ( 'NONE', #856, .T. ) ;
#121 = VERTEX_POINT ( 'NONE', #1552 ) ;
#122 = ORIENTED_EDGE ( 'NONE', *, *, #3306, .F. ) ;
#123 = ORIENTED_EDGE ( 'NONE', *, *, #3439, .T. ) ;
#124 = CIRCLE ( 'NONE', #3405, 3.000000000000002665 ) ;
#125 = CARTESIAN_POINT ( 'NONE',  ( 26.67120962326255906, -16.75996948779999940, 7.500000000000000000 ) ) ;
#126 = FACE_OUTER_BOUND ( 'NONE', #406, .T. ) ;
#127 = CYLINDRICAL_SURFACE ( 'NONE', #2881, 31.50000000000000000 ) ;
#128 = AXIS2_PLACEMENT_3D ( 'NONE', #3127, #3370, #2595 ) ;
#129 = CIRCLE ( 'NONE', #1480, 1.000000000000000888 ) ;
#130 = DIRECTION ( 'NONE',  ( -0.000000000000000000, -0.000000000000000000, 1.000000000000000000 ) ) ;
#131 = DIRECTION ( 'NONE',  ( 0.000000000000000000, 0.000000000000000000, 1.000000000000000000 ) ) ;
#132 = AXIS2_PLACEMENT_3D ( 'NONE', #1101, #787, #846 ) ;
#133 = ORIENTED_EDGE ( 'NONE', *, *, #1380, .F. ) ;
#134 = AXIS2_PLACEMENT_3D ( 'NONE', #3037, #3623, #3274 ) ;
#135 = EDGE_LOOP ( 'NONE', ( #1208, #416 ) ) ;
#136 = EDGE_CURVE ( 'NONE', #3520, #1789, #2375, .T. ) ;
#137 = CARTESIAN_POINT ( 'NONE',  ( 17.67766952966372074, 17.67766952966366034, 7.500000000000000000 ) ) ;
#138 = CARTESIAN_POINT ( 'NONE',  ( 0.000000000000000000, 0.000000000000000000, 6.500000000000002665 ) ) ;
#139 = ORIENTED_EDGE ( 'NONE', *, *, #2279, .F. ) ;
#140 = EDGE_CURVE ( 'NONE', #312, #1689, #2303, .T. ) ;
#141 = CARTESIAN_POINT ( 'NONE',  ( -14.61099738221377997, -27.71856337361196054, 1.300952380952376863 ) ) ;
#142 = EDGE_LOOP ( 'NONE', ( #3495, #3158, #3628, #2484 ) ) ;
#143 = VERTEX_POINT ( 'NONE', #2422 ) ;
#144 = CARTESIAN_POINT ( 'NONE',  ( 25.00000000000000000, 9.999999999999996447, 7.500000000000000000 ) ) ;
#145 = DIRECTION ( 'NONE',  ( 1.000000000000000000, 0.000000000000000000, -0.000000000000000000 ) ) ;
#146 = CARTESIAN_POINT ( 'NONE',  ( 28.75000000000000000, -13.50000000000000355, 0.000000000000000000 ) ) ;
#147 = AXIS2_PLACEMENT_3D ( 'NONE', #2454, #2245, #3355 ) ;
#148 = DIRECTION ( 'NONE',  ( -0.000000000000000000, -0.000000000000000000, -1.000000000000000000 ) ) ;
#149 = CARTESIAN_POINT ( 'NONE',  ( 29.93075528434976817, -9.818344468817963744, 7.500000000000000000 ) ) ;
#150 = VERTEX_POINT ( 'NONE', #763 ) ;
#151 = ORIENTED_EDGE ( 'NONE', *, *, #324, .T. ) ;
#152 = DIRECTION ( 'NONE',  ( 1.000000000000000000, 0.000000000000000000, 0.000000000000000000 ) ) ;
#153 = DIRECTION ( 'NONE',  ( -0.000000000000000000, -0.000000000000000000, -1.000000000000000000 ) ) ;
#154 = EDGE_CURVE ( 'NONE', #1261, #3130, #1569, .T. ) ;
#155 = CARTESIAN_POINT ( 'NONE',  ( -17.67766952966384508, -17.67766952966353600, 16.55096679918781177 ) ) ;
#156 = EDGE_CURVE ( 'NONE', #121, #619, #1706, .T. ) ;
#157 = ORIENTED_EDGE ( 'NONE', *, *, #1950, .T. ) ;
#158 = AXIS2_PLACEMENT_3D ( 'NONE', #2022, #3138, #1226 ) ;
#159 = ORIENTED_EDGE ( 'NONE', *, *, #973, .T. ) ;
#160 = PLANE ( 'NONE',  #2176 ) ;
#161 = EDGE_CURVE ( 'NONE', #2554, #3162, #3529, .T. ) ;
#162 = CARTESIAN_POINT ( 'NONE',  ( 0.000000000000000000, 25.00000000000000000, 4.000000000000000000 ) ) ;
#163 = DIRECTION ( 'NONE',  ( -0.9238795325112864054, 0.3826834323650905589, 0.000000000000000000 ) ) ;
#164 = DIRECTION ( 'NONE',  ( 0.000000000000000000, 0.000000000000000000, 1.000000000000000000 ) ) ;
#165 = CARTESIAN_POINT ( 'NONE',  ( -30.25000000000000000, 2.625040399827873549E-13, 7.500000000000000000 ) ) ;
#166 = AXIS2_PLACEMENT_3D ( 'NONE', #2475, #3279, #2805 ) ;
#167 = ORIENTED_EDGE ( 'NONE', *, *, #3242, .T. ) ;
#168 = ORIENTED_EDGE ( 'NONE', *, *, #739, .T. ) ;
#169 = FACE_BOUND ( 'NONE', #839, .T. ) ;
#170 = DIRECTION ( 'NONE',  ( 0.000000000000000000, 0.000000000000000000, 1.000000000000000000 ) ) ;
#171 = VECTOR ( 'NONE', #393, 1000.000000000000000 ) ;
#172 = CARTESIAN_POINT ( 'NONE',  ( 21.29999999999998650, -8.728703347107833388E-14, 0.000000000000000000 ) ) ;
#173 = AXIS2_PLACEMENT_3D ( 'NONE', #2918, #2381, #3491 ) ;
#174 = EDGE_LOOP ( 'NONE', ( #2403, #670, #103, #820 ) ) ;
#175 = VERTEX_POINT ( 'NONE', #3483 ) ;
#176 = ORIENTED_EDGE ( 'NONE', *, *, #3554, .T. ) ;
#177 = DIRECTION ( 'NONE',  ( -0.000000000000000000, -0.000000000000000000, 1.000000000000000000 ) ) ;
#178 = CYLINDRICAL_SURFACE ( 'NONE', #1898, 8.099999999999999645 ) ;
#179 = CARTESIAN_POINT ( 'NONE',  ( 0.000000000000000000, 0.000000000000000000, 1.499999999999994449 ) ) ;
#180 = ORIENTED_EDGE ( 'NONE', *, *, #1554, .F. ) ;
#181 = EDGE_LOOP ( 'NONE', ( #3175, #1865, #2712, #970 ) ) ;
#182 = CIRCLE ( 'NONE', #3061, 5.250000000000000000 ) ;
#183 = EDGE_CURVE ( 'NONE', #3466, #768, #2183, .T. ) ;
#184 = AXIS2_PLACEMENT_3D ( 'NONE', #1095, #756, #1606 ) ;
#185 = CARTESIAN_POINT ( 'NONE',  ( 30.25000000000000355, -8.728703347107833388E-14, 4.000000000000000000 ) ) ;
#186 = DIRECTION ( 'NONE',  ( -0.3826834323650969982, 0.9238795325112838519, 0.000000000000000000 ) ) ;
#187 = EDGE_LOOP ( 'NONE', ( #372, #2468 ) ) ;
#188 = ORIENTED_EDGE ( 'NONE', *, *, #859, .T. ) ;
#189 = VECTOR ( 'NONE', #1206, 1000.000000000000000 ) ;
#190 = DIRECTION ( 'NONE',  ( 0.000000000000000000, 0.000000000000000000, -1.000000000000000000 ) ) ;
#191 = DIRECTION ( 'NONE',  ( 1.000000000000000000, 0.000000000000000000, -0.000000000000000000 ) ) ;
#192 = CIRCLE ( 'NONE', #1832, 2.299999999999999822 ) ;
#193 = AXIS2_PLACEMENT_3D ( 'NONE', #1502, #2626, #2062 ) ;
#194 = LINE ( 'NONE', #1025, #3226 ) ;
#195 = VERTEX_POINT ( 'NONE', #172 ) ;
#196 = ORIENTED_EDGE ( 'NONE', *, *, #3375, .T. ) ;
#197 = ORIENTED_EDGE ( 'NONE', *, *, #3464, .F. ) ;
#198 = DIRECTION ( 'NONE',  ( 0.000000000000000000, 0.000000000000000000, -1.000000000000000000 ) ) ;
#199 = CARTESIAN_POINT ( 'NONE',  ( -25.82450455585738780, -16.22790696437778379, 7.500000000000000000 ) ) ;
#200 = SHAPE_DEFINITION_REPRESENTATION ( #496, #3244 ) ;
#201 = ORIENTED_EDGE ( 'NONE', *, *, #2188, .F. ) ;
#202 = ORIENTED_EDGE ( 'NONE', *, *, #706, .T. ) ;
#203 = ORIENTED_EDGE ( 'NONE', *, *, #3454, .F. ) ;
#204 = EDGE_CURVE ( 'NONE', #1881, #1578, #2771, .T. ) ;
#205 = CARTESIAN_POINT ( 'NONE',  ( 8.099999999999999645, 0.000000000000000000, 4.299999999999999822 ) ) ;
#206 = CARTESIAN_POINT ( 'NONE',  ( 14.12766952966359035, 17.67766952966378824, 0.000000000000000000 ) ) ;
#207 = CARTESIAN_POINT ( 'NONE',  ( 7.932811651156373323, 30.48475847546242079, 7.500000000000000000 ) ) ;
#208 = ADVANCED_FACE ( 'NONE', ( #120 ), #3500, .T. ) ;
#209 = ORIENTED_EDGE ( 'NONE', *, *, #3519, .T. ) ;
#210 = VERTEX_POINT ( 'NONE', #1808 ) ;
#211 = CARTESIAN_POINT ( 'NONE',  ( -5.250000000000000000, 25.00000000000000000, 7.500000000000000000 ) ) ;
#212 = DIRECTION ( 'NONE',  ( 1.000000000000000000, 0.000000000000000000, 0.000000000000000000 ) ) ;
#213 = EDGE_CURVE ( 'NONE', #2892, #3236, #194, .T. ) ;
#214 = CARTESIAN_POINT ( 'NONE',  ( 8.112888766139921159, -19.58624608923927113, 4.099999999999999645 ) ) ;
#215 = CARTESIAN_POINT ( 'NONE',  ( 3.200000000000000622, 25.00000000000000000, 16.55096679918781177 ) ) ;
#216 = ORIENTED_EDGE ( 'NONE', *, *, #1902, .T. ) ;
#217 = VERTEX_POINT ( 'NONE', #743 ) ;
#218 = DIRECTION ( 'NONE',  ( -0.000000000000000000, -0.000000000000000000, -1.000000000000000000 ) ) ;
#219 = DIRECTION ( 'NONE',  ( 0.000000000000000000, 0.000000000000000000, 1.000000000000000000 ) ) ;
#220 = DIRECTION ( 'NONE',  ( 1.000000000000000000, 0.000000000000000000, 0.000000000000000000 ) ) ;
#221 = VERTEX_POINT ( 'NONE', #2440 ) ;
#222 = EDGE_LOOP ( 'NONE', ( #1224, #1766, #1498, #486 ) ) ;
#223 = AXIS2_PLACEMENT_3D ( 'NONE', #1461, #1211, #100 ) ;
#224 = DIRECTION ( 'NONE',  ( 1.000000000000000000, 0.000000000000000000, 0.000000000000000000 ) ) ;
#225 = CARTESIAN_POINT ( 'NONE',  ( 0.000000000000000000, 0.000000000000000000, 4.299999999999999822 ) ) ;
#226 = DIRECTION ( 'NONE',  ( -0.3826834323650969982, 0.9238795325112838519, -0.000000000000000000 ) ) ;
#227 = ORIENTED_EDGE ( 'NONE', *, *, #230, .T. ) ;
#228 = ORIENTED_EDGE ( 'NONE', *, *, #1505, .T. ) ;
#229 = DIRECTION ( 'NONE',  ( 1.000000000000000000, 0.000000000000000000, 0.000000000000000000 ) ) ;
#230 = EDGE_CURVE ( 'NONE', #2340, #1049, #1653, .T. ) ;
#231 = DIRECTION ( 'NONE',  ( 0.3826834323650905589, -0.9238795325112864054, -0.000000000000000000 ) ) ;
#232 = VECTOR ( 'NONE', #2294, 1000.000000000000114 ) ;
#233 = ADVANCED_FACE ( 'NONE', ( #3339, #1612 ), #3323, .T. ) ;
#234 = CARTESIAN_POINT ( 'NONE',  ( -18.99999999999999645, 9.999999999999996447, 1.000000000000019984 ) ) ;
#235 = DIRECTION ( 'NONE',  ( 1.000000000000000000, 0.000000000000000000, -0.000000000000000000 ) ) ;
#236 = EDGE_LOOP ( 'NONE', ( #1626, #350 ) ) ;
#237 = CIRCLE ( 'NONE', #2643, 5.250000000000000000 ) ;
#238 = DIRECTION ( 'NONE',  ( 0.000000000000000000, 0.000000000000000000, 1.000000000000000000 ) ) ;
#239 = DIRECTION ( 'NONE',  ( 0.3826834323650905589, 0.9238795325112864054, -0.000000000000000000 ) ) ;
#240 = ORIENTED_EDGE ( 'NONE', *, *, #1133, .F. ) ;
#241 = VECTOR ( 'NONE', #3465, 1000.000000000000114 ) ;
#242 = CARTESIAN_POINT ( 'NONE',  ( -20.87766952966358858, 17.67766952966378824, 0.3500000000000150213 ) ) ;
#243 = DIRECTION ( 'NONE',  ( 0.9238795325112865164, 0.3826834323650902259, 0.000000000000000000 ) ) ;
#244 = DIRECTION ( 'NONE',  ( 0.000000000000000000, 0.000000000000000000, 1.000000000000000000 ) ) ;
#245 = VECTOR ( 'NONE', #3296, 999.9999999999998863 ) ;
#246 = ORIENTED_EDGE ( 'NONE', *, *, #1630, .T. ) ;
#247 = FACE_OUTER_BOUND ( 'NONE', #3278, .T. ) ;
#248 = FACE_OUTER_BOUND ( 'NONE', #1831, .T. ) ;
#249 = CIRCLE ( 'NONE', #542, 3.200000000000001510 ) ;
#250 = EDGE_CURVE ( 'NONE', #3503, #2652, #1792, .T. ) ;
#251 = FACE_OUTER_BOUND ( 'NONE', #142, .T. ) ;
#252 = CIRCLE ( 'NONE', #311, 14.22499999999998721 ) ;
#253 = FACE_OUTER_BOUND ( 'NONE', #959, .T. ) ;
#254 = EDGE_CURVE ( 'NONE', #1067, #1199, #2589, .T. ) ;
#255 = EDGE_CURVE ( 'NONE', #442, #3446, #560, .T. ) ;
#256 = CIRCLE ( 'NONE', #2491, 3.200000000000001510 ) ;
#257 = CIRCLE ( 'NONE', #2377, 5.250000000000000888 ) ;
#258 = VERTEX_POINT ( 'NONE', #2186 ) ;
#259 = CARTESIAN_POINT ( 'NONE',  ( 25.00000000000000000, 9.999999999999996447, 15.98528137423857487 ) ) ;
#260 = LINE ( 'NONE', #3268, #3415 ) ;
#261 = EDGE_CURVE ( 'NONE', #2288, #210, #2885, .T. ) ;
#262 = ORIENTED_EDGE ( 'NONE', *, *, #1602, .T. ) ;
#263 = ORIENTED_EDGE ( 'NONE', *, *, #1442, .T. ) ;
#264 = CARTESIAN_POINT ( 'NONE',  ( 0.000000000000000000, 25.00000000000000000, 0.5000000000000247580 ) ) ;
#265 = DIRECTION ( 'NONE',  ( 0.000000000000000000, 0.000000000000000000, 1.000000000000000000 ) ) ;
#266 = CARTESIAN_POINT ( 'NONE',  ( -11.93972308979082442, -28.82504141435213540, 7.500000000000000000 ) ) ;
#267 = ORIENTED_EDGE ( 'NONE', *, *, #1969, .F. ) ;
#268 = DIRECTION ( 'NONE',  ( -0.000000000000000000, -0.000000000000000000, 1.000000000000000000 ) ) ;
#269 = CARTESIAN_POINT ( 'NONE',  ( 30.00000000000000000, 0.000000000000000000, 0.000000000000000000 ) ) ;
#270 = DIRECTION ( 'NONE',  ( 0.000000000000000000, 0.000000000000000000, 1.000000000000000000 ) ) ;
#271 = DIRECTION ( 'NONE',  ( 0.000000000000000000, 0.000000000000000000, 1.000000000000000000 ) ) ;
#272 = AXIS2_PLACEMENT_3D ( 'NONE', #335, #1769, #352 ) ;
#273 = EDGE_CURVE ( 'NONE', #2242, #3019, #2501, .T. ) ;
#274 = ORIENTED_EDGE ( 'NONE', *, *, #815, .F. ) ;
#275 = EDGE_CURVE ( 'NONE', #1615, #1163, #1862, .T. ) ;
#276 = CARTESIAN_POINT ( 'NONE',  ( -25.00000000000000000, 9.999999999999996447, 1.000000000000019984 ) ) ;
#277 = VERTEX_POINT ( 'NONE', #1912 ) ;
#278 = ADVANCED_FACE ( 'NONE', ( #2228 ), #1413, .F. ) ;
#279 = DIRECTION ( 'NONE',  ( -0.000000000000000000, -0.000000000000000000, 1.000000000000000000 ) ) ;
#280 = LINE ( 'NONE', #2471, #651 ) ;
#281 = DIRECTION ( 'NONE',  ( 0.000000000000000000, 0.000000000000000000, -1.000000000000000000 ) ) ;
#282 = ORIENTED_EDGE ( 'NONE', *, *, #273, .F. ) ;
#283 = ADVANCED_FACE ( 'NONE', ( #3046 ), #1102, .F. ) ;
#284 = DIRECTION ( 'NONE',  ( -0.000000000000000000, -0.000000000000000000, -1.000000000000000000 ) ) ;
#285 = CARTESIAN_POINT ( 'NONE',  ( 11.13883476483179535, 8.838834764831894120, 7.500000000000000000 ) ) ;
#286 = FACE_OUTER_BOUND ( 'NONE', #901, .T. ) ;
#287 = FACE_OUTER_BOUND ( 'NONE', #2933, .T. ) ;
#288 = CONICAL_SURFACE ( 'NONE', #2174, 4.000000000000014211, 0.7853981633974485010 ) ;
#289 = EDGE_LOOP ( 'NONE', ( #2795, #3062, #227, #1725 ) ) ;
#290 = LINE ( 'NONE', #327, #1777 ) ;
#291 = ORIENTED_EDGE ( 'NONE', *, *, #204, .F. ) ;
#292 = ADVANCED_FACE ( 'NONE', ( #287 ), #1652, .F. ) ;
#293 = CARTESIAN_POINT ( 'NONE',  ( 17.67766952966372074, 17.67766952966366034, 4.000000000000000000 ) ) ;
#294 = DIRECTION ( 'NONE',  ( 0.7071067811865436870, 8.659560562354886020E-17, -0.7071067811865513475 ) ) ;
#295 = DIRECTION ( 'NONE',  ( 1.000000000000000000, 0.000000000000000000, 0.000000000000000000 ) ) ;
#296 = CIRCLE ( 'NONE', #829, 30.00000000000000000 ) ;
#297 = ADVANCED_FACE ( 'NONE', ( #253 ), #9, .F. ) ;
#298 = CONICAL_SURFACE ( 'NONE', #2360, 31.50000000000000000, 0.7853981633974506105 ) ;
#299 = ORIENTED_EDGE ( 'NONE', *, *, #368, .T. ) ;
#300 = DIRECTION ( 'NONE',  ( 0.000000000000000000, 0.000000000000000000, -1.000000000000000000 ) ) ;
#301 = CARTESIAN_POINT ( 'NONE',  ( 26.55587841689303730, -15.54593022328333518, 1.000000000000016431 ) ) ;
#302 = ORIENTED_EDGE ( 'NONE', *, *, #1550, .T. ) ;
#303 = AXIS2_PLACEMENT_3D ( 'NONE', #3640, #1605, #243 ) ;
#304 = CARTESIAN_POINT ( 'NONE',  ( 26.76362258332324728, -15.85096041035660619, 1.105286615229642777 ) ) ;
#305 = DIRECTION ( 'NONE',  ( 0.000000000000000000, 0.000000000000000000, 1.000000000000000000 ) ) ;
#306 = AXIS2_PLACEMENT_3D ( 'NONE', #3057, #535, #1624 ) ;
#307 = CIRCLE ( 'NONE', #2012, 2.100000000000000089 ) ;
#308 = EDGE_LOOP ( 'NONE', ( #493, #538, #1144, #2429 ) ) ;
#309 = AXIS2_PLACEMENT_3D ( 'NONE', #665, #1787, #2364 ) ;
#310 = DIRECTION ( 'NONE',  ( 1.000000000000000000, 0.000000000000000000, 0.000000000000000000 ) ) ;
#311 = AXIS2_PLACEMENT_3D ( 'NONE', #1726, #1972, #2814 ) ;
#312 = VERTEX_POINT ( 'NONE', #1632 ) ;
#313 = APPLICATION_CONTEXT ( 'automotive_design' ) ;
#314 = VECTOR ( 'NONE', #1959, 1000.000000000000000 ) ;
#315 = FACE_OUTER_BOUND ( 'NONE', #429, .T. ) ;
#316 = FACE_OUTER_BOUND ( 'NONE', #911, .T. ) ;
#317 = CARTESIAN_POINT ( 'NONE',  ( -17.67766952966358573, 17.67766952966378824, 0.000000000000000000 ) ) ;
#318 = EDGE_CURVE ( 'NONE', #3615, #2149, #3511, .T. ) ;
#319 = EDGE_LOOP ( 'NONE', ( #487, #889, #1486, #2297 ) ) ;
#320 = DIRECTION ( 'NONE',  ( -1.000000000000000000, 0.000000000000000000, 0.000000000000000000 ) ) ;
#321 = CARTESIAN_POINT ( 'NONE',  ( -26.64852314194284943, -15.65696896577593122, 0.9893293430940145461 ) ) ;
#322 = DIRECTION ( 'NONE',  ( -0.000000000000000000, -0.000000000000000000, 1.000000000000000000 ) ) ;
#323 = CARTESIAN_POINT ( 'NONE',  ( -6.538834764831797486, -8.838834764831895896, 7.500000000000000000 ) ) ;
#324 = EDGE_CURVE ( 'NONE', #3014, #709, #3163, .T. ) ;
#325 = CARTESIAN_POINT ( 'NONE',  ( -14.47766952966347098, 17.67766952966390193, 16.55096679918781177 ) ) ;
#326 = ORIENTED_EDGE ( 'NONE', *, *, #795, .F. ) ;
#327 = CARTESIAN_POINT ( 'NONE',  ( 25.75000000000000355, -13.50000000000000355, 1.000000000000016431 ) ) ;
#328 = VERTEX_POINT ( 'NONE', #2480 ) ;
#329 = EDGE_LOOP ( 'NONE', ( #3584, #727, #531, #1934 ) ) ;
#330 = DIRECTION ( 'NONE',  ( 0.000000000000000000, 0.000000000000000000, 1.000000000000000000 ) ) ;
#331 = CARTESIAN_POINT ( 'NONE',  ( -17.67766952966347205, 17.67766952966390193, 4.000000000000000000 ) ) ;
#332 = CARTESIAN_POINT ( 'NONE',  ( -7.932811651156586485, 30.48475847546236395, 7.500000000000000000 ) ) ;
#333 = ORIENTED_EDGE ( 'NONE', *, *, #1570, .F. ) ;
#334 = DIRECTION ( 'NONE',  ( 0.7071067811865453523, 8.659560562354906974E-17, -0.7071067811865496822 ) ) ;
#335 = CARTESIAN_POINT ( 'NONE',  ( -1.745740669421566678E-13, -25.00000000000000000, 7.500000000000000000 ) ) ;
#336 = ORIENTED_EDGE ( 'NONE', *, *, #3129, .F. ) ;
#337 = DIRECTION ( 'NONE',  ( 0.3826834323650905589, -0.9238795325112864054, -0.000000000000000000 ) ) ;
#338 = EDGE_CURVE ( 'NONE', #3002, #1260, #2110, .T. ) ;
#339 = CARTESIAN_POINT ( 'NONE',  ( -8.099999999999999645, 9.919639073093559228E-16, 6.500000000000002665 ) ) ;
#340 = CARTESIAN_POINT ( 'NONE',  ( -3.200000000000000622, 25.00000000000000000, 16.55096679918781177 ) ) ;
#341 = EDGE_CURVE ( 'NONE', #1615, #745, #24, .T. ) ;
#342 = EDGE_LOOP ( 'NONE', ( #1994, #1006, #2358, #1491 ) ) ;
#343 = ORIENTED_EDGE ( 'NONE', *, *, #3123, .F. ) ;
#344 = AXIS2_PLACEMENT_3D ( 'NONE', #137, #684, #1262 ) ;
#345 = ORIENTED_EDGE ( 'NONE', *, *, #547, .T. ) ;
#346 = CARTESIAN_POINT ( 'NONE',  ( -1.745740669421566678E-13, -25.00000000000000000, 4.000000000000000000 ) ) ;
#347 = DIRECTION ( 'NONE',  ( 1.000000000000000000, 0.000000000000000000, 0.000000000000000000 ) ) ;
#348 = LINE ( 'NONE', #622, #2890 ) ;
#349 = CIRCLE ( 'NONE', #3108, 1.000000000000000888 ) ;
#350 = ORIENTED_EDGE ( 'NONE', *, *, #1817, .F. ) ;
#351 = DIRECTION ( 'NONE',  ( 0.000000000000000000, 0.000000000000000000, 1.000000000000000000 ) ) ;
#352 = DIRECTION ( 'NONE',  ( 1.000000000000000000, 0.000000000000000000, 0.000000000000000000 ) ) ;
#353 = AXIS2_PLACEMENT_3D ( 'NONE', #3008, #2639, #1247 ) ;
#354 = DIRECTION ( 'NONE',  ( -0.000000000000000000, -0.000000000000000000, 1.000000000000000000 ) ) ;
#355 = CARTESIAN_POINT ( 'NONE',  ( -8.112888766140057939, 19.58624608923921784, 8.001565072038407007E-33 ) ) ;
#356 = FACE_BOUND ( 'NONE', #84, .T. ) ;
#357 = AXIS2_PLACEMENT_3D ( 'NONE', #1521, #1274, #2976 ) ;
#358 = ADVANCED_FACE ( 'NONE', ( #2320 ), #3171, .F. ) ;
#359 = ORIENTED_EDGE ( 'NONE', *, *, #2489, .F. ) ;
#360 = VECTOR ( 'NONE', #1217, 1000.000000000000000 ) ;
#361 = VERTEX_POINT ( 'NONE', #876 ) ;
#362 = ADVANCED_FACE ( 'NONE', ( #3152 ), #930, .F. ) ;
#363 = EDGE_LOOP ( 'NONE', ( #2385, #454, #878, #1659 ) ) ;
#364 = AXIS2_PLACEMENT_3D ( 'NONE', #2135, #2697, #3249 ) ;
#365 = VECTOR ( 'NONE', #130, 1000.000000000000000 ) ;
#366 = VECTOR ( 'NONE', #239, 1000.000000000000114 ) ;
#367 = DIRECTION ( 'NONE',  ( -1.000000000000000000, 0.000000000000000000, 0.000000000000000000 ) ) ;
#368 = EDGE_CURVE ( 'NONE', #2076, #768, #2282, .T. ) ;
#369 = DIRECTION ( 'NONE',  ( 1.000000000000000000, 0.000000000000000000, 0.000000000000000000 ) ) ;
#370 = CARTESIAN_POINT ( 'NONE',  ( -24.99999999999999645, 2.618611004132350143E-13, 4.000000000000000000 ) ) ;
#371 = CIRCLE ( 'NONE', #958, 3.700000000000022826 ) ;
#372 = ORIENTED_EDGE ( 'NONE', *, *, #2096, .F. ) ;
#373 = CYLINDRICAL_SURFACE ( 'NONE', #844, 3.200000000000000622 ) ;
#374 = CARTESIAN_POINT ( 'NONE',  ( 8.838834764831894120, -8.838834764831794644, 1.499999999999999556 ) ) ;
#375 = VERTEX_POINT ( 'NONE', #649 ) ;
#376 = ORIENTED_EDGE ( 'NONE', *, *, #3197, .F. ) ;
#377 = DIRECTION ( 'NONE',  ( 1.000000000000000000, 0.000000000000000000, -0.000000000000000000 ) ) ;
#378 = FACE_BOUND ( 'NONE', #2713, .T. ) ;
#379 = DIRECTION ( 'NONE',  ( 0.000000000000000000, 0.000000000000000000, 1.000000000000000000 ) ) ;
#380 = ORIENTED_EDGE ( 'NONE', *, *, #2774, .T. ) ;
#381 = FACE_OUTER_BOUND ( 'NONE', #3176, .T. ) ;
#382 = DIRECTION ( 'NONE',  ( -0.000000000000000000, -0.000000000000000000, 1.000000000000000000 ) ) ;
#383 = CARTESIAN_POINT ( 'NONE',  ( -14.47766952966347098, 17.67766952966390193, 4.000000000000000000 ) ) ;
#384 = DIRECTION ( 'NONE',  ( 1.000000000000000000, 0.000000000000000000, 0.000000000000000000 ) ) ;
#385 =( NAMED_UNIT ( * ) PLANE_ANGLE_UNIT ( ) SI_UNIT ( $, .RADIAN. ) );
#386 = VERTEX_POINT ( 'NONE', #631 ) ;
#387 = FACE_OUTER_BOUND ( 'NONE', #919, .T. ) ;
#388 = PLANE ( 'NONE',  #2455 ) ;
#389 = CIRCLE ( 'NONE', #445, 2.299999999999998046 ) ;
#390 = CARTESIAN_POINT ( 'NONE',  ( -17.99999999999998224, 9.999999999999996447, 0.000000000000000000 ) ) ;
#391 = ORIENTED_EDGE ( 'NONE', *, *, #3375, .F. ) ;
#392 = VERTEX_POINT ( 'NONE', #3389 ) ;
#393 = DIRECTION ( 'NONE',  ( 0.000000000000000000, 0.000000000000000000, 1.000000000000000000 ) ) ;
#394 = DIRECTION ( 'NONE',  ( 0.000000000000000000, 0.000000000000000000, 1.000000000000000000 ) ) ;
#395 = DIRECTION ( 'NONE',  ( 0.000000000000000000, 0.000000000000000000, 1.000000000000000000 ) ) ;
#396 = EDGE_CURVE ( 'NONE', #2804, #29, #2461, .T. ) ;
#397 = AXIS2_PLACEMENT_3D ( 'NONE', #1099, #2749, #229 ) ;
#398 = DIRECTION ( 'NONE',  ( 1.000000000000000000, 0.000000000000000000, 0.000000000000000000 ) ) ;
#399 = CARTESIAN_POINT ( 'NONE',  ( -30.25000000000000000, 2.625040399827873549E-13, 4.000000000000000000 ) ) ;
#400 = EDGE_CURVE ( 'NONE', #1434, #2789, #2575, .T. ) ;
#401 = AXIS2_PLACEMENT_3D ( 'NONE', #1230, #1763, #3227 ) ;
#402 = ORIENTED_EDGE ( 'NONE', *, *, #2817, .F. ) ;
#403 = ORIENTED_EDGE ( 'NONE', *, *, #2430, .F. ) ;
#404 = FACE_OUTER_BOUND ( 'NONE', #1891, .T. ) ;
#405 = FACE_OUTER_BOUND ( 'NONE', #1348, .T. ) ;
#406 = EDGE_LOOP ( 'NONE', ( #1556, #3271, #1840, #2423 ) ) ;
#407 = CLOSED_SHELL ( 'NONE', ( #2901, #2962, #564, #362, #1218, #608, #2609, #470, #500, #1426, #1844, #208, #2053, #515, #841, #2858, #3350, #924, #965, #1360, #1462, #1794, #2329, #1407, #1709, #3570, #283, #633, #2750, #1983, #910, #865, #1310, #3215, #3579, #1547, #3416, #92, #3063, #2900, #1044, #675, #96, #2193, #2701, #1155, #1650, #950, #544, #3531, #1285, #3234, #2, #1754, #501, #1523, #292, #1290, #3285, #625, #1281, #2941, #1838, #2588, #2392, #461, #742, #1677, #1038, #1425, #2567, #1239, #233, #358, #2325, #562, #588, #2453, #2659, #2619, #2219, #2843, #1918, #2050, #2553, #2966, #880, #2369, #3085, #2839, #1154, #2983, #1867, #1527, #2728, #719, #3259, #2611, #1625, #2058, #628, #968, #520, #30, #278, #800, #1775, #1799, #297, #2564, #2545, #2433, #87, #2120, #3508, #1383, #3262, #424, #1501, #1821, #2650, #652 ) ) ;
#408 = CARTESIAN_POINT ( 'NONE',  ( 7.932811651156373323, 30.48475847546242079, 7.500000000000000000 ) ) ;
#409 = ORIENTED_EDGE ( 'NONE', *, *, #539, .F. ) ;
#410 = EDGE_LOOP ( 'NONE', ( #2052, #2692 ) ) ;
#411 = CONICAL_SURFACE ( 'NONE', #184, 31.50000000000000000, 0.7853981633974506105 ) ;
#412 = CARTESIAN_POINT ( 'NONE',  ( 25.88556721633473501, -15.80623571644206748, 0.3290585188703410990 ) ) ;
#413 = CARTESIAN_POINT ( 'NONE',  ( 17.67766952966372074, 17.67766952966366034, 4.000000000000000000 ) ) ;
#414 = DIRECTION ( 'NONE',  ( -0.000000000000000000, -0.000000000000000000, 1.000000000000000000 ) ) ;
#415 = AXIS2_PLACEMENT_3D ( 'NONE', #2258, #3433, #3160 ) ;
#416 = ORIENTED_EDGE ( 'NONE', *, *, #884, .T. ) ;
#417 = VECTOR ( 'NONE', #1399, 1000.000000000000000 ) ;
#418 = DIRECTION ( 'NONE',  ( -0.000000000000000000, -0.000000000000000000, 1.000000000000000000 ) ) ;
#419 = CARTESIAN_POINT ( 'NONE',  ( 14.22499999999998721, 0.000000000000000000, -2.500000000000000000 ) ) ;
#420 = AXIS2_PLACEMENT_3D ( 'NONE', #1911, #2248, #1083 ) ;
#421 = AXIS2_PLACEMENT_3D ( 'NONE', #853, #2572, #2309 ) ;
#422 = ORIENTED_EDGE ( 'NONE', *, *, #261, .F. ) ;
#423 = CYLINDRICAL_SURFACE ( 'NONE', #3395, 31.50000000000000000 ) ;
#424 = ADVANCED_FACE ( 'NONE', ( #2879 ), #1478, .T. ) ;
#425 = CYLINDRICAL_SURFACE ( 'NONE', #46, 5.250000000000000888 ) ;
#426 = EDGE_CURVE ( 'NONE', #3088, #121, #2237, .T. ) ;
#427 = DIRECTION ( 'NONE',  ( 1.000000000000000000, 0.000000000000000000, 0.000000000000000000 ) ) ;
#428 = ORIENTED_EDGE ( 'NONE', *, *, #2438, .F. ) ;
#429 = EDGE_LOOP ( 'NONE', ( #1196, #2473, #3533, #2384 ) ) ;
#430 = DIRECTION ( 'NONE',  ( 1.000000000000000000, 0.000000000000000000, 0.000000000000000000 ) ) ;
#431 = CARTESIAN_POINT ( 'NONE',  ( 25.82450455585739135, -16.22790696437777669, 15.98528137423856776 ) ) ;
#432 = CARTESIAN_POINT ( 'NONE',  ( 0.000000000000000000, 0.000000000000000000, 7.500000000000000000 ) ) ;
#433 = CIRCLE ( 'NONE', #733, 3.700000000000015721 ) ;
#434 = CARTESIAN_POINT ( 'NONE',  ( 3.700000000000023270, 25.00000000000000000, 0.000000000000000000 ) ) ;
#435 = CARTESIAN_POINT ( 'NONE',  ( 17.67766952966372074, 17.67766952966366034, 4.000000000000000000 ) ) ;
#436 = ORIENTED_EDGE ( 'NONE', *, *, #2462, .F. ) ;
#437 = ORIENTED_EDGE ( 'NONE', *, *, #3099, .F. ) ;
#438 = DIRECTION ( 'NONE',  ( 1.000000000000000000, 0.000000000000000000, 0.000000000000000000 ) ) ;
#439 = CARTESIAN_POINT ( 'NONE',  ( 25.00000000000000000, -8.728703347107833388E-14, 0.5000000000000177636 ) ) ;
#440 = EDGE_CURVE ( 'NONE', #2652, #983, #3441, .T. ) ;
#441 = DIRECTION ( 'NONE',  ( -0.000000000000000000, -0.000000000000000000, 1.000000000000000000 ) ) ;
#442 = VERTEX_POINT ( 'NONE', #339 ) ;
#443 = EDGE_CURVE ( 'NONE', #3098, #702, #2815, .T. ) ;
#444 = VERTEX_POINT ( 'NONE', #2622 ) ;
#445 = AXIS2_PLACEMENT_3D ( 'NONE', #1885, #3480, #2477 ) ;
#446 = ORIENTED_EDGE ( 'NONE', *, *, #254, .F. ) ;
#447 = DIRECTION ( 'NONE',  ( -1.000000000000000000, 0.000000000000000000, 0.000000000000000000 ) ) ;
#448 = DIRECTION ( 'NONE',  ( 1.000000000000000000, 0.000000000000000000, 0.000000000000000000 ) ) ;
#449 = DIRECTION ( 'NONE',  ( 1.000000000000000000, 0.000000000000000000, 0.000000000000000000 ) ) ;
#450 = ORIENTED_EDGE ( 'NONE', *, *, #2265, .T. ) ;
#451 = ORIENTED_EDGE ( 'NONE', *, *, #1739, .F. ) ;
#452 = FACE_OUTER_BOUND ( 'NONE', #2404, .T. ) ;
#453 = CARTESIAN_POINT ( 'NONE',  ( -14.12766952966356904, 17.67766952966378824, 0.000000000000000000 ) ) ;
#454 = ORIENTED_EDGE ( 'NONE', *, *, #946, .T. ) ;
#455 = CONICAL_SURFACE ( 'NONE', #823, 3.700000000000022826, 0.7853981633974452814 ) ;
#456 = ORIENTED_EDGE ( 'NONE', *, *, #494, .F. ) ;
#457 = DIRECTION ( 'NONE',  ( -1.000000000000000000, 0.000000000000000000, 0.000000000000000000 ) ) ;
#458 = CARTESIAN_POINT ( 'NONE',  ( -17.67766952966347205, 17.67766952966390193, 4.000000000000000000 ) ) ;
#459 = AXIS2_PLACEMENT_3D ( 'NONE', #3600, #1306, #1323 ) ;
#460 = DIRECTION ( 'NONE',  ( 0.000000000000000000, 0.000000000000000000, 1.000000000000000000 ) ) ;
#461 = ADVANCED_FACE ( 'NONE', ( #2583 ), #99, .F. ) ;
#462 = CIRCLE ( 'NONE', #2247, 31.50000000000000000 ) ;
#463 = EDGE_LOOP ( 'NONE', ( #2503, #1607, #262, #2181 ) ) ;
#464 = VERTEX_POINT ( 'NONE', #1431 ) ;
#465 = EDGE_CURVE ( 'NONE', #2663, #2693, #614, .T. ) ;
#466 = CARTESIAN_POINT ( 'NONE',  ( -26.00000000000001776, 9.999999999999996447, 0.000000000000000000 ) ) ;
#467 = CARTESIAN_POINT ( 'NONE',  ( 8.838834764831894120, -8.838834764831794644, 7.500000000000000000 ) ) ;
#468 = EDGE_LOOP ( 'NONE', ( #3568, #22 ) ) ;
#469 = CIRCLE ( 'NONE', #303, 2.100000000000000089 ) ;
#470 = ADVANCED_FACE ( 'NONE', ( #1191 ), #3460, .F. ) ;
#471 = CIRCLE ( 'NONE', #1366, 2.100000000000000089 ) ;
#472 = DIRECTION ( 'NONE',  ( 0.000000000000000000, 0.000000000000000000, 1.000000000000000000 ) ) ;
#473 = DIRECTION ( 'NONE',  ( 1.000000000000000000, 0.000000000000000000, 0.000000000000000000 ) ) ;
#474 = DIRECTION ( 'NONE',  ( -0.3826834323650905589, -0.9238795325112865164, 8.326672684688674053E-17 ) ) ;
#475 = VERTEX_POINT ( 'NONE', #1153 ) ;
#476 = AXIS2_PLACEMENT_3D ( 'NONE', #956, #3198, #1796 ) ;
#477 = VERTEX_POINT ( 'NONE', #323 ) ;
#478 = B_SPLINE_CURVE_WITH_KNOTS ( 'NONE', 3,
 ( #2336, #2281, #1167, #1412 ),
 .UNSPECIFIED., .F., .F.,
 ( 4, 4 ),
 ( 0.000000000000000000, 0.001541284274382487838 ),
 .UNSPECIFIED. ) ;
#479 = AXIS2_PLACEMENT_3D ( 'NONE', #2395, #2682, #2088 ) ;
#480 = FACE_BOUND ( 'NONE', #3380, .T. ) ;
#481 = DIRECTION ( 'NONE',  ( -1.000000000000000000, 0.000000000000000000, 0.000000000000000000 ) ) ;
#482 = CIRCLE ( 'NONE', #3537, 31.50000000000000000 ) ;
#483 = AXIS2_PLACEMENT_3D ( 'NONE', #346, #1990, #1680 ) ;
#484 = FACE_OUTER_BOUND ( 'NONE', #2603, .T. ) ;
#485 = CARTESIAN_POINT ( 'NONE',  ( -29.89804128648733794, -9.918071532530483125, 1.499999999999988898 ) ) ;
#486 = ORIENTED_EDGE ( 'NONE', *, *, #2862, .F. ) ;
#487 = ORIENTED_EDGE ( 'NONE', *, *, #400, .T. ) ;
#488 = ORIENTED_EDGE ( 'NONE', *, *, #2997, .T. ) ;
#489 = CYLINDRICAL_SURFACE ( 'NONE', #1812, 3.200000000000001510 ) ;
#490 = DIRECTION ( 'NONE',  ( 0.9238795325112865164, -0.3826834323650902259, 0.000000000000000000 ) ) ;
#491 = DIRECTION ( 'NONE',  ( -1.000000000000000000, 0.000000000000000000, 0.000000000000000000 ) ) ;
#492 = VERTEX_POINT ( 'NONE', #3427 ) ;
#493 = ORIENTED_EDGE ( 'NONE', *, *, #2990, .F. ) ;
#494 = EDGE_CURVE ( 'NONE', #637, #442, #986, .T. ) ;
#495 = CARTESIAN_POINT ( 'NONE',  ( 17.67766952966372074, 17.67766952966366034, 16.55096679918781177 ) ) ;
#496 = PRODUCT_DEFINITION_SHAPE ( 'NONE', 'NONE',  #58 ) ;
#497 = CARTESIAN_POINT ( 'NONE',  ( -26.82450455585743043, -16.22790696437772695, 1.351220217269292201 ) ) ;
#498 = CARTESIAN_POINT ( 'NONE',  ( -8.112888766139919383, -19.58624608923927113, 4.099999999999999645 ) ) ;
#499 = VERTEX_POINT ( 'NONE', #2605 ) ;
#500 = ADVANCED_FACE ( 'NONE', ( #45 ), #692, .F. ) ;
#501 = ADVANCED_FACE ( 'NONE', ( #2963 ), #3258, .F. ) ;
#502 = ORIENTED_EDGE ( 'NONE', *, *, #3548, .F. ) ;
#503 = FACE_OUTER_BOUND ( 'NONE', #1579, .T. ) ;
#504 = DIRECTION ( 'NONE',  ( -1.000000000000000000, 0.000000000000000000, 0.000000000000000000 ) ) ;
#505 = CARTESIAN_POINT ( 'NONE',  ( -26.67120962326255551, -16.75996948780000650, 7.500000000000000000 ) ) ;
#506 = CARTESIAN_POINT ( 'NONE',  ( -17.67766952966384508, -17.67766952966353600, 16.55096679918781177 ) ) ;
#507 = VERTEX_POINT ( 'NONE', #1526 ) ;
#508 = CARTESIAN_POINT ( 'NONE',  ( -21.22766952966360421, 17.67766952966378824, 0.000000000000000000 ) ) ;
#509 = CYLINDRICAL_SURFACE ( 'NONE', #2602, 2.100000000000000089 ) ;
#510 =( NAMED_UNIT ( * ) SI_UNIT ( $, .STERADIAN. ) SOLID_ANGLE_UNIT ( ) );
#511 = ORIENTED_EDGE ( 'NONE', *, *, #2223, .T. ) ;
#512 = CYLINDRICAL_SURFACE ( 'NONE', #3367, 31.50000000000000000 ) ;
#513 = LINE ( 'NONE', #797, #1301 ) ;
#514 = LINE ( 'NONE', #1641, #2596 ) ;
#515 = ADVANCED_FACE ( 'NONE', ( #1843 ), #3497, .F. ) ;
#516 = VERTEX_POINT ( 'NONE', #1825 ) ;
#517 = ORIENTED_EDGE ( 'NONE', *, *, #440, .T. ) ;
#518 = ORIENTED_EDGE ( 'NONE', *, *, #156, .T. ) ;
#519 = DIRECTION ( 'NONE',  ( -1.000000000000000000, 0.000000000000000000, 0.000000000000000000 ) ) ;
#520 = ADVANCED_FACE ( 'NONE', ( #2418 ), #2144, .F. ) ;
#521 = CARTESIAN_POINT ( 'NONE',  ( 8.838834764831792867, 8.838834764831894120, 1.499999999999999556 ) ) ;
#522 = VECTOR ( 'NONE', #65, 1000.000000000000000 ) ;
#523 = VECTOR ( 'NONE', #300, 1000.000000000000000 ) ;
#524 = CARTESIAN_POINT ( 'NONE',  ( -6.538834764831892521, 8.838834764831794644, 7.500000000000000000 ) ) ;
#525 = CARTESIAN_POINT ( 'NONE',  ( -28.75000000000000000, -13.50000000000000355, 7.500000000000000000 ) ) ;
#526 = EDGE_CURVE ( 'NONE', #3255, #392, #106, .T. ) ;
#527 = ORIENTED_EDGE ( 'NONE', *, *, #3504, .T. ) ;
#528 = CARTESIAN_POINT ( 'NONE',  ( -28.19999999999999929, 2.618611004132350143E-13, 4.000000000000000000 ) ) ;
#529 = DIRECTION ( 'NONE',  ( -1.000000000000000000, 0.000000000000000000, 0.000000000000000000 ) ) ;
#530 = DIRECTION ( 'NONE',  ( 0.000000000000000000, 0.000000000000000000, 1.000000000000000000 ) ) ;
#531 = ORIENTED_EDGE ( 'NONE', *, *, #1171, .T. ) ;
#532 = CIRCLE ( 'NONE', #3113, 5.250000000000000888 ) ;
#533 = DIRECTION ( 'NONE',  ( 1.000000000000000000, 0.000000000000000000, -0.000000000000000000 ) ) ;
#534 = CARTESIAN_POINT ( 'NONE',  ( 0.000000000000000000, 0.000000000000000000, 7.500000000000000000 ) ) ;
#535 = DIRECTION ( 'NONE',  ( 0.000000000000000000, 0.000000000000000000, 1.000000000000000000 ) ) ;
#536 = CIRCLE ( 'NONE', #3001, 3.200000000000001510 ) ;
#537 = AXIS2_PLACEMENT_3D ( 'NONE', #1748, #2559, #1765 ) ;
#538 = ORIENTED_EDGE ( 'NONE', *, *, #845, .F. ) ;
#539 = EDGE_CURVE ( 'NONE', #702, #3098, #3101, .T. ) ;
#540 = CARTESIAN_POINT ( 'NONE',  ( 28.20000000000000284, -8.689514649535117383E-14, 16.55096679918781177 ) ) ;
#541 = DIRECTION ( 'NONE',  ( 1.000000000000000000, 0.000000000000000000, 0.000000000000000000 ) ) ;
#542 = AXIS2_PLACEMENT_3D ( 'NONE', #331, #1453, #90 ) ;
#543 = DIRECTION ( 'NONE',  ( -1.000000000000000000, 0.000000000000000000, 0.000000000000000000 ) ) ;
#544 = ADVANCED_FACE ( 'NONE', ( #1510 ), #423, .T. ) ;
#545 = VECTOR ( 'NONE', #337, 1000.000000000000114 ) ;
#546 = DIRECTION ( 'NONE',  ( 1.000000000000000000, 0.000000000000000000, 0.000000000000000000 ) ) ;
#547 = EDGE_CURVE ( 'NONE', #850, #93, #1807, .T. ) ;
#548 = ORIENTED_EDGE ( 'NONE', *, *, #136, .T. ) ;
#549 = CARTESIAN_POINT ( 'NONE',  ( 22.00000000000000000, 9.999999999999996447, 1.000000000000013101 ) ) ;
#550 = CARTESIAN_POINT ( 'NONE',  ( 0.000000000000000000, 0.000000000000000000, 7.500000000000000000 ) ) ;
#551 = DIRECTION ( 'NONE',  ( 0.000000000000000000, 0.000000000000000000, 1.000000000000000000 ) ) ;
#552 = ORIENTED_EDGE ( 'NONE', *, *, #2286, .F. ) ;
#553 = FACE_OUTER_BOUND ( 'NONE', #1054, .T. ) ;
#554 = DIRECTION ( 'NONE',  ( 1.000000000000000000, 0.000000000000000000, 0.000000000000000000 ) ) ;
#555 = CARTESIAN_POINT ( 'NONE',  ( -31.50000000000000000, 0.000000000000000000, 1.499999999999994449 ) ) ;
#556 = ORIENTED_EDGE ( 'NONE', *, *, #1568, .F. ) ;
#557 = DIRECTION ( 'NONE',  ( 1.000000000000000000, 0.000000000000000000, 0.000000000000000000 ) ) ;
#558 = CARTESIAN_POINT ( 'NONE',  ( -11.93972308979103225, 28.82504141435206435, 1.099047619047627489 ) ) ;
#559 = CYLINDRICAL_SURFACE ( 'NONE', #1371, 3.200000000000001066 ) ;
#560 = LINE ( 'NONE', #3576, #833 ) ;
#561 = CONICAL_SURFACE ( 'NONE', #2618, 4.000000000000017764, 0.7853981633974463916 ) ;
#562 = ADVANCED_FACE ( 'NONE', ( #387 ), #455, .F. ) ;
#563 = ORIENTED_EDGE ( 'NONE', *, *, #3377, .T. ) ;
#564 = ADVANCED_FACE ( 'NONE', ( #117 ), #1805, .F. ) ;
#565 = CARTESIAN_POINT ( 'NONE',  ( -3.200000000000175593, -25.00000000000000000, 16.55096679918781177 ) ) ;
#566 = EDGE_LOOP ( 'NONE', ( #1350, #1692, #883, #1727 ) ) ;
#567 = ORIENTED_EDGE ( 'NONE', *, *, #1448, .F. ) ;
#568 = LINE ( 'NONE', #1745, #2081 ) ;
#569 = CARTESIAN_POINT ( 'NONE',  ( 28.98057257691009170, -9.506650993617393297, 7.500000000000000000 ) ) ;
#570 = CARTESIAN_POINT ( 'NONE',  ( -3.700000000000197353, -25.00000000000000000, 0.000000000000000000 ) ) ;
#571 = AXIS2_PLACEMENT_3D ( 'NONE', #2400, #170, #2164 ) ;
#572 = ORIENTED_EDGE ( 'NONE', *, *, #1944, .T. ) ;
#573 = LINE ( 'NONE', #857, #232 ) ;
#574 = DIRECTION ( 'NONE',  ( -1.000000000000000000, 0.000000000000000000, 0.000000000000000000 ) ) ;
#575 = LINE ( 'NONE', #1721, #3421 ) ;
#576 = AXIS2_PLACEMENT_3D ( 'NONE', #2299, #32, #947 ) ;
#577 = DIRECTION ( 'NONE',  ( -0.3826834323650906144, -0.9238795325112865164, -0.000000000000000000 ) ) ;
#578 = VECTOR ( 'NONE', #2548, 1000.000000000000000 ) ;
#579 = ORIENTED_EDGE ( 'NONE', *, *, #3435, .F. ) ;
#580 = EDGE_CURVE ( 'NONE', #1131, #1593, #2401, .T. ) ;
#581 = DIRECTION ( 'NONE',  ( 0.000000000000000000, 0.000000000000000000, 1.000000000000000000 ) ) ;
#582 = ORIENTED_EDGE ( 'NONE', *, *, #1465, .T. ) ;
#583 = CARTESIAN_POINT ( 'NONE',  ( -17.67766952966384508, -17.67766952966353600, 0.000000000000000000 ) ) ;
#584 = FACE_OUTER_BOUND ( 'NONE', #1728, .T. ) ;
#585 = CARTESIAN_POINT ( 'NONE',  ( -6.538834764831892521, 8.838834764831794644, 1.499999999999999556 ) ) ;
#586 = CIRCLE ( 'NONE', #3462, 3.700000000000023270 ) ;
#587 = AXIS2_PLACEMENT_3D ( 'NONE', #525, #271, #1688 ) ;
#588 = ADVANCED_FACE ( 'NONE', ( #1790 ), #3340, .F. ) ;
#589 = VERTEX_POINT ( 'NONE', #2928 ) ;
#590 = LINE ( 'NONE', #1750, #1411 ) ;
#591 = LINE ( 'NONE', #1424, #1849 ) ;
#592 = VECTOR ( 'NONE', #1017, 1000.000000000000000 ) ;
#593 = DIRECTION ( 'NONE',  ( 0.000000000000000000, 0.000000000000000000, -1.000000000000000000 ) ) ;
#594 = DIRECTION ( 'NONE',  ( 0.000000000000000000, 0.000000000000000000, -1.000000000000000000 ) ) ;
#595 = VECTOR ( 'NONE', #354, 1000.000000000000000 ) ;
#596 = AXIS2_PLACEMENT_3D ( 'NONE', #2291, #868, #1730 ) ;
#597 = ORIENTED_EDGE ( 'NONE', *, *, #690, .T. ) ;
#598 = CIRCLE ( 'NONE', #3596, 3.200000000000001954 ) ;
#599 = CARTESIAN_POINT ( 'NONE',  ( 12.42766952966359639, -17.67766952966378113, 4.000000000000000000 ) ) ;
#600 = B_SPLINE_CURVE_WITH_KNOTS ( 'NONE', 3,
 ( #1701, #2549, #2349, #301 ),
 .UNSPECIFIED., .F., .F.,
 ( 4, 4 ),
 ( 0.000000000000000000, 0.0002167151586156262227 ),
 .UNSPECIFIED. ) ;
#601 = AXIS2_PLACEMENT_3D ( 'NONE', #3612, #1670, #2479 ) ;
#602 = EDGE_LOOP ( 'NONE', ( #428, #402 ) ) ;
#603 = ORIENTED_EDGE ( 'NONE', *, *, #2794, .T. ) ;
#604 = CIRCLE ( 'NONE', #3131, 2.299999999999998046 ) ;
#605 = DIRECTION ( 'NONE',  ( 0.000000000000000000, 0.000000000000000000, 1.000000000000000000 ) ) ;
#606 = DIRECTION ( 'NONE',  ( 0.000000000000000000, 0.000000000000000000, 1.000000000000000000 ) ) ;
#607 = DIRECTION ( 'NONE',  ( 0.000000000000000000, 0.000000000000000000, 1.000000000000000000 ) ) ;
#608 = ADVANCED_FACE ( 'NONE', ( #404 ), #980, .F. ) ;
#609 = ORIENTED_EDGE ( 'NONE', *, *, #1621, .F. ) ;
#610 = CARTESIAN_POINT ( 'NONE',  ( 17.67766952966359639, -17.67766952966378113, 7.500000000000000000 ) ) ;
#611 = CARTESIAN_POINT ( 'NONE',  ( -26.60592851407552217, -15.59960556236134899, 1.000000000000013323 ) ) ;
#612 = ORIENTED_EDGE ( 'NONE', *, *, #672, .F. ) ;
#613 = DIRECTION ( 'NONE',  ( -0.000000000000000000, -0.000000000000000000, 1.000000000000000000 ) ) ;
#614 = LINE ( 'NONE', #2353, #522 ) ;
#615 = CARTESIAN_POINT ( 'NONE',  ( -28.98057257691009525, -9.506650993617387968, 7.500000000000000000 ) ) ;
#616 = AXIS2_PLACEMENT_3D ( 'NONE', #521, #3572, #842 ) ;
#617 = ORIENTED_EDGE ( 'NONE', *, *, #2985, .T. ) ;
#618 = ORIENTED_EDGE ( 'NONE', *, *, #2723, .T. ) ;
#619 = VERTEX_POINT ( 'NONE', #2686 ) ;
#620 = CARTESIAN_POINT ( 'NONE',  ( -10.05303578441375478, 18.78261088127251455, 4.099999999999999645 ) ) ;
#621 = DIRECTION ( 'NONE',  ( 0.9238795325112865164, -0.3826834323650902259, 0.000000000000000000 ) ) ;
#622 = CARTESIAN_POINT ( 'NONE',  ( 31.50000000000000000, 0.000000000000000000, 1.499999999999994449 ) ) ;
#623 = ORIENTED_EDGE ( 'NONE', *, *, #1890, .F. ) ;
#624 = CARTESIAN_POINT ( 'NONE',  ( -28.70000000000001350, 2.618611004132350143E-13, 0.000000000000000000 ) ) ;
#625 = ADVANCED_FACE ( 'NONE', ( #1565, #2399, #3513, #998, #723, #169, #1297, #1586, #2707, #480, #821, #503 ), #3610, .F. ) ;
#626 = DIRECTION ( 'NONE',  ( 1.000000000000000000, 0.000000000000000000, 0.000000000000000000 ) ) ;
#627 = AXIS2_PLACEMENT_3D ( 'NONE', #1773, #897, #2897 ) ;
#628 = ADVANCED_FACE ( 'NONE', ( #3026 ), #288, .F. ) ;
#629 = EDGE_CURVE ( 'NONE', #3551, #2376, #764, .T. ) ;
#630 = DIRECTION ( 'NONE',  ( 0.000000000000000000, 0.000000000000000000, -1.000000000000000000 ) ) ;
#631 = CARTESIAN_POINT ( 'NONE',  ( 6.538834764831894297, -8.838834764831794644, 7.500000000000000000 ) ) ;
#632 = DIRECTION ( 'NONE',  ( 0.000000000000000000, 0.000000000000000000, 1.000000000000000000 ) ) ;
#633 = ADVANCED_FACE ( 'NONE', ( #1056 ), #1409, .F. ) ;
#634 = EDGE_LOOP ( 'NONE', ( #3299, #1637 ) ) ;
#635 = EDGE_LOOP ( 'NONE', ( #3558, #1063, #2624, #2539 ) ) ;
#636 = AXIS2_PLACEMENT_3D ( 'NONE', #2860, #577, #3115 ) ;
#637 = VERTEX_POINT ( 'NONE', #1374 ) ;
#638 = CYLINDRICAL_SURFACE ( 'NONE', #2662, 3.200000000000001510 ) ;
#639 = LINE ( 'NONE', #3106, #2372 ) ;
#640 = CARTESIAN_POINT ( 'NONE',  ( -21.79999999999999716, 2.622529873889621364E-13, 0.5000000000000177636 ) ) ;
#641 = CONICAL_SURFACE ( 'NONE', #3638, 3.700000000000015721, 0.7853981633974452814 ) ;
#642 = ORIENTED_EDGE ( 'NONE', *, *, #3616, .F. ) ;
#643 = DIRECTION ( 'NONE',  ( 0.000000000000000000, 0.000000000000000000, 1.000000000000000000 ) ) ;
#644 = AXIS2_PLACEMENT_3D ( 'NONE', #3344, #1933, #832 ) ;
#645 = DIRECTION ( 'NONE',  ( 1.000000000000000000, 0.000000000000000000, 0.000000000000000000 ) ) ;
#646 = VERTEX_POINT ( 'NONE', #2182 ) ;
#647 = EDGE_CURVE ( 'NONE', #2496, #2217, #3219, .T. ) ;
#648 = DIRECTION ( 'NONE',  ( 0.000000000000000000, 0.000000000000000000, 1.000000000000000000 ) ) ;
#649 = CARTESIAN_POINT ( 'NONE',  ( -26.67120962326255551, -16.75996948780000650, 1.499999999999994449 ) ) ;
#650 = CARTESIAN_POINT ( 'NONE',  ( 15.94663452842525686, 27.16532435324186778, 1.499999999999994449 ) ) ;
#651 = VECTOR ( 'NONE', #1073, 1000.000000000000000 ) ;
#652 = ADVANCED_FACE ( 'NONE', ( #247 ), #3592, .T. ) ;
#653 = AXIS2_PLACEMENT_3D ( 'NONE', #317, #3434, #3145 ) ;
#654 = CARTESIAN_POINT ( 'NONE',  ( -21.29999999999998295, 2.623142197289195166E-13, 0.000000000000000000 ) ) ;
#655 = ORIENTED_EDGE ( 'NONE', *, *, #3197, .T. ) ;
#656 = EDGE_CURVE ( 'NONE', #2892, #1908, #2635, .T. ) ;
#657 = CIRCLE ( 'NONE', #415, 3.200000000000001510 ) ;
#658 = VECTOR ( 'NONE', #976, 1000.000000000000000 ) ;
#659 = CIRCLE ( 'NONE', #3186, 31.50000000000000000 ) ;
#660 = CARTESIAN_POINT ( 'NONE',  ( -26.77624720328373442, -16.59281647972893836, 1.499999999999994005 ) ) ;
#661 = FACE_OUTER_BOUND ( 'NONE', #1120, .T. ) ;
#662 = DIRECTION ( 'NONE',  ( 0.000000000000000000, 0.000000000000000000, 1.000000000000000000 ) ) ;
#663 = AXIS2_PLACEMENT_3D ( 'NONE', #3315, #2786, #2702 ) ;
#664 = VERTEX_POINT ( 'NONE', #2730 ) ;
#665 = CARTESIAN_POINT ( 'NONE',  ( 0.000000000000000000, 0.000000000000000000, 1.499999999999994449 ) ) ;
#666 = DIRECTION ( 'NONE',  ( 1.000000000000000000, 0.000000000000000000, 0.000000000000000000 ) ) ;
#667 = ORIENTED_EDGE ( 'NONE', *, *, #324, .F. ) ;
#668 = CARTESIAN_POINT ( 'NONE',  ( 22.00000000000000000, 9.999999999999996447, 15.98528137423857487 ) ) ;
#669 = DIRECTION ( 'NONE',  ( -1.000000000000000000, 0.000000000000000000, 0.000000000000000000 ) ) ;
#670 = ORIENTED_EDGE ( 'NONE', *, *, #2145, .T. ) ;
#671 = ORIENTED_EDGE ( 'NONE', *, *, #1669, .T. ) ;
#672 = EDGE_CURVE ( 'NONE', #944, #3088, #2207, .T. ) ;
#673 = EDGE_LOOP ( 'NONE', ( #1338, #2912, #3141, #1553 ) ) ;
#674 = VECTOR ( 'NONE', #858, 1000.000000000000000 ) ;
#675 = ADVANCED_FACE ( 'NONE', ( #1925 ), #1515, .T. ) ;
#676 = DIRECTION ( 'NONE',  ( 0.3826834323650906144, -0.9238795325112865164, 0.000000000000000000 ) ) ;
#677 = CARTESIAN_POINT ( 'NONE',  ( 25.00000000000000000, -8.728703347107833388E-14, 0.000000000000000000 ) ) ;
#678 = CARTESIAN_POINT ( 'NONE',  ( 25.75000000000000355, -13.50000000000000355, 1.000000000000016431 ) ) ;
#679 = VERTEX_POINT ( 'NONE', #211 ) ;
#680 = CARTESIAN_POINT ( 'NONE',  ( 9.999576071517125797, -29.62867662231882449, 4.099999999999999645 ) ) ;
#681 = DIRECTION ( 'NONE',  ( 0.000000000000000000, 0.000000000000000000, 1.000000000000000000 ) ) ;
#682 = ORIENTED_EDGE ( 'NONE', *, *, #1735, .F. ) ;
#683 = ORIENTED_EDGE ( 'NONE', *, *, #3525, .F. ) ;
#684 = DIRECTION ( 'NONE',  ( 0.000000000000000000, 0.000000000000000000, 1.000000000000000000 ) ) ;
#685 = LINE ( 'NONE', #964, #1107 ) ;
#686 = CIRCLE ( 'NONE', #2752, 3.200000000000001510 ) ;
#687 = CARTESIAN_POINT ( 'NONE',  ( 25.82450455585739135, -16.22790696437777669, 7.500000000000000000 ) ) ;
#688 = ORIENTED_EDGE ( 'NONE', *, *, #3135, .F. ) ;
#689 = ORIENTED_EDGE ( 'NONE', *, *, #2030, .F. ) ;
#690 = EDGE_CURVE ( 'NONE', #983, #3019, #758, .T. ) ;
#691 = DIRECTION ( 'NONE',  ( 1.000000000000000000, 0.000000000000000000, 0.000000000000000000 ) ) ;
#692 = CONICAL_SURFACE ( 'NONE', #1574, 2.999999999999999112, 0.7853981633974471688 ) ;
#693 = CARTESIAN_POINT ( 'NONE',  ( -8.838834764831892343, 8.838834764831794644, 1.499999999999999556 ) ) ;
#694 = CARTESIAN_POINT ( 'NONE',  ( 15.72499999999999964, 0.000000000000000000, 0.000000000000000000 ) ) ;
#695 = EDGE_CURVE ( 'NONE', #492, #996, #2530, .T. ) ;
#696 = AXIS2_PLACEMENT_3D ( 'NONE', #840, #2225, #1114 ) ;
#697 = DIRECTION ( 'NONE',  ( 1.000000000000000000, 0.000000000000000000, 0.000000000000000000 ) ) ;
#698 = LINE ( 'NONE', #453, #3230 ) ;
#699 = AXIS2_PLACEMENT_3D ( 'NONE', #1268, #2935, #1215 ) ;
#700 = EDGE_CURVE ( 'NONE', #3014, #702, #1037, .T. ) ;
#701 = ORIENTED_EDGE ( 'NONE', *, *, #6, .F. ) ;
#702 = VERTEX_POINT ( 'NONE', #1393 ) ;
#703 = EDGE_LOOP ( 'NONE', ( #1744, #2926 ) ) ;
#704 = DIRECTION ( 'NONE',  ( -1.000000000000000000, 0.000000000000000000, 0.000000000000000000 ) ) ;
#705 = DIRECTION ( 'NONE',  ( -0.000000000000000000, -0.000000000000000000, 1.000000000000000000 ) ) ;
#706 = EDGE_CURVE ( 'NONE', #2685, #2979, #2112, .T. ) ;
#707 = AXIS2_PLACEMENT_3D ( 'NONE', #155, #2389, #725 ) ;
#708 = CYLINDRICAL_SURFACE ( 'NONE', #707, 3.200000000000001510 ) ;
#709 = VERTEX_POINT ( 'NONE', #3300 ) ;
#710 = AXIS2_PLACEMENT_3D ( 'NONE', #3420, #91, #2614 ) ;
#711 = DIRECTION ( 'NONE',  ( 0.000000000000000000, 0.000000000000000000, 1.000000000000000000 ) ) ;
#712 = DIRECTION ( 'NONE',  ( 1.000000000000000000, 0.000000000000000000, 0.000000000000000000 ) ) ;
#713 = CARTESIAN_POINT ( 'NONE',  ( 11.93972308979082442, 28.82504141435213540, 4.099999999999999645 ) ) ;
#714 = CONICAL_SURFACE ( 'NONE', #2834, 3.700000000000023270, 0.7853981633974460586 ) ;
#715 = ORIENTED_EDGE ( 'NONE', *, *, #1554, .T. ) ;
#716 = AXIS2_PLACEMENT_3D ( 'NONE', #3100, #581, #1707 ) ;
#717 = CARTESIAN_POINT ( 'NONE',  ( 8.838834764831792867, 8.838834764831894120, 1.499999999999999556 ) ) ;
#718 = DIRECTION ( 'NONE',  ( 0.000000000000000000, 0.000000000000000000, 1.000000000000000000 ) ) ;
#719 = ADVANCED_FACE ( 'NONE', ( #1966 ), #3077, .T. ) ;
#720 = ORIENTED_EDGE ( 'NONE', *, *, #2334, .T. ) ;
#721 = VECTOR ( 'NONE', #3114, 1000.000000000000114 ) ;
#722 = ORIENTED_EDGE ( 'NONE', *, *, #2997, .F. ) ;
#723 = FACE_BOUND ( 'NONE', #1377, .T. ) ;
#724 = CARTESIAN_POINT ( 'NONE',  ( -11.93972308979102870, 28.82504141435205725, 4.099999999999999645 ) ) ;
#725 = DIRECTION ( 'NONE',  ( -1.000000000000000000, 0.000000000000000000, 0.000000000000000000 ) ) ;
#726 = EDGE_LOOP ( 'NONE', ( #2004, #1495 ) ) ;
#727 = ORIENTED_EDGE ( 'NONE', *, *, #1487, .F. ) ;
#728 = ORIENTED_EDGE ( 'NONE', *, *, #2505, .T. ) ;
#729 = DIRECTION ( 'NONE',  ( 0.000000000000000000, 0.000000000000000000, 1.000000000000000000 ) ) ;
#730 = CARTESIAN_POINT ( 'NONE',  ( -7.932811651156391974, -30.48475847546241013, 1.499999999999989564 ) ) ;
#731 = DIRECTION ( 'NONE',  ( 1.000000000000000000, 0.000000000000000000, 0.000000000000000000 ) ) ;
#732 = VERTEX_POINT ( 'NONE', #1685 ) ;
#733 = AXIS2_PLACEMENT_3D ( 'NONE', #784, #2184, #1100 ) ;
#734 = FACE_OUTER_BOUND ( 'NONE', #1325, .T. ) ;
#735 =( NAMED_UNIT ( * ) SI_UNIT ( $, .STERADIAN. ) SOLID_ANGLE_UNIT ( ) );
#736 = EDGE_LOOP ( 'NONE', ( #1684, #115 ) ) ;
#737 = VERTEX_POINT ( 'NONE', #760 ) ;
#738 = ORIENTED_EDGE ( 'NONE', *, *, #790, .T. ) ;
#739 = EDGE_CURVE ( 'NONE', #768, #464, #1883, .T. ) ;
#740 = CARTESIAN_POINT ( 'NONE',  ( -17.67766952966347205, 17.67766952966390193, 16.55096679918781177 ) ) ;
#741 = LINE ( 'NONE', #3280, #3564 ) ;
#742 = ADVANCED_FACE ( 'NONE', ( #1456 ), #1229, .T. ) ;
#743 = CARTESIAN_POINT ( 'NONE',  ( -6.538834764831797486, -8.838834764831895896, 1.499999999999999556 ) ) ;
#744 = ORIENTED_EDGE ( 'NONE', *, *, #2482, .F. ) ;
#745 = VERTEX_POINT ( 'NONE', #3093 ) ;
#746 = EDGE_CURVE ( 'NONE', #1434, #2913, #1185, .T. ) ;
#747 = AXIS2_PLACEMENT_3D ( 'NONE', #615, #1791, #1104 ) ;
#748 = ORIENTED_EDGE ( 'NONE', *, *, #1245, .T. ) ;
#749 = CARTESIAN_POINT ( 'NONE',  ( 0.000000000000000000, 0.000000000000000000, 4.299999999999999822 ) ) ;
#750 = CARTESIAN_POINT ( 'NONE',  ( 10.05303578441362156, 18.78261088127258205, 4.099999999999999645 ) ) ;
#751 = LINE ( 'NONE', #2233, #3517 ) ;
#752 = ORIENTED_EDGE ( 'NONE', *, *, #2510, .F. ) ;
#753 = AXIS2_PLACEMENT_3D ( 'NONE', #3137, #2552, #1460 ) ;
#754 = CYLINDRICAL_SURFACE ( 'NONE', #2838, 3.200000000000001510 ) ;
#755 = CARTESIAN_POINT ( 'NONE',  ( -19.74999999999999645, 2.618611004132350143E-13, 4.000000000000000000 ) ) ;
#756 = DIRECTION ( 'NONE',  ( -0.000000000000000000, -0.000000000000000000, 1.000000000000000000 ) ) ;
#757 = ORIENTED_EDGE ( 'NONE', *, *, #1174, .T. ) ;
#758 = CIRCLE ( 'NONE', #1643, 3.700000000000023270 ) ;
#759 = ORIENTED_EDGE ( 'NONE', *, *, #3487, .T. ) ;
#760 = CARTESIAN_POINT ( 'NONE',  ( -11.13883476483189305, 8.838834764831794644, 7.500000000000000000 ) ) ;
#761 = FACE_OUTER_BOUND ( 'NONE', #2783, .T. ) ;
#762 = CARTESIAN_POINT ( 'NONE',  ( 28.92292943268256877, -10.50498824521304186, 15.98528137423856776 ) ) ;
#763 = CARTESIAN_POINT ( 'NONE',  ( -26.82450455585739135, -16.22790696437778379, 7.500000000000000000 ) ) ;
#764 = B_SPLINE_CURVE_WITH_KNOTS ( 'NONE', 3,
 ( #783, #1628, #3629, #1352 ),
 .UNSPECIFIED., .F., .F.,
 ( 4, 4 ),
 ( 0.000000000000000000, 0.0002167151586157260506 ),
 .UNSPECIFIED. ) ;
#765 = ORIENTED_EDGE ( 'NONE', *, *, #2694, .T. ) ;
#766 = AXIS2_PLACEMENT_3D ( 'NONE', #3557, #2984, #2967 ) ;
#767 = EDGE_CURVE ( 'NONE', #1166, #1514, #573, .T. ) ;
#768 = VERTEX_POINT ( 'NONE', #1767 ) ;
#769 = ORIENTED_EDGE ( 'NONE', *, *, #1402, .T. ) ;
#770 = DIRECTION ( 'NONE',  ( 0.3826834323650906144, 0.9238795325112865164, -0.000000000000000000 ) ) ;
#771 = EDGE_CURVE ( 'NONE', #3545, #492, #2579, .T. ) ;
#772 = CARTESIAN_POINT ( 'NONE',  ( 29.66494458463953166, -10.24144603196637426, 1.382962427116834592 ) ) ;
#773 = CARTESIAN_POINT ( 'NONE',  ( 15.72499999999999964, 0.000000000000000000, -0.9999999999999847899 ) ) ;
#774 = ORIENTED_EDGE ( 'NONE', *, *, #465, .F. ) ;
#775 = CIRCLE ( 'NONE', #3356, 14.22499999999998721 ) ;
#776 = DIRECTION ( 'NONE',  ( 0.000000000000000000, 0.000000000000000000, 1.000000000000000000 ) ) ;
#777 = DIRECTION ( 'NONE',  ( 0.000000000000000000, 0.000000000000000000, 1.000000000000000000 ) ) ;
#778 = CYLINDRICAL_SURFACE ( 'NONE', #3526, 2.100000000000000089 ) ;
#779 = ORIENTED_EDGE ( 'NONE', *, *, #2374, .F. ) ;
#780 = VECTOR ( 'NONE', #3419, 1000.000000000000000 ) ;
#781 = EDGE_LOOP ( 'NONE', ( #1509, #1811, #2235, #263 ) ) ;
#782 = AXIS2_PLACEMENT_3D ( 'NONE', #2470, #776, #224 ) ;
#783 = CARTESIAN_POINT ( 'NONE',  ( 28.92292943268256877, -10.50498824521304186, 1.000000000000016431 ) ) ;
#784 = CARTESIAN_POINT ( 'NONE',  ( 25.00000000000000000, -8.728703347107833388E-14, 0.000000000000000000 ) ) ;
#785 = AXIS2_PLACEMENT_3D ( 'NONE', #3050, #2759, #2506 ) ;
#786 = CIRCLE ( 'NONE', #3013, 15.72499999999999964 ) ;
#787 = DIRECTION ( 'NONE',  ( -0.000000000000000000, -0.000000000000000000, 1.000000000000000000 ) ) ;
#788 = DIRECTION ( 'NONE',  ( 1.000000000000000000, 0.000000000000000000, 0.000000000000000000 ) ) ;
#789 = ORIENTED_EDGE ( 'NONE', *, *, #3333, .F. ) ;
#790 = EDGE_CURVE ( 'NONE', #507, #2410, #1700, .T. ) ;
#791 = LINE ( 'NONE', #3016, #1119 ) ;
#792 = DIRECTION ( 'NONE',  ( -0.000000000000000000, -0.000000000000000000, 1.000000000000000000 ) ) ;
#793 = VERTEX_POINT ( 'NONE', #3372 ) ;
#794 = ORIENTED_EDGE ( 'NONE', *, *, #2774, .F. ) ;
#795 = EDGE_CURVE ( 'NONE', #2913, #516, #2824, .T. ) ;
#796 = FACE_OUTER_BOUND ( 'NONE', #2872, .T. ) ;
#797 = CARTESIAN_POINT ( 'NONE',  ( -12.42766952966384331, -17.67766952966353600, 4.000000000000000000 ) ) ;
#798 = DIRECTION ( 'NONE',  ( 0.000000000000000000, 0.000000000000000000, -1.000000000000000000 ) ) ;
#799 = ORIENTED_EDGE ( 'NONE', *, *, #906, .T. ) ;
#800 = ADVANCED_FACE ( 'NONE', ( #912, #1995 ), #2893, .T. ) ;
#801 = CONICAL_SURFACE ( 'NONE', #3143, 3.000000000000002665, 0.7853981633974428389 ) ;
#802 = ORIENTED_EDGE ( 'NONE', *, *, #1304, .T. ) ;
#803 = DIRECTION ( 'NONE',  ( 0.000000000000000000, 0.000000000000000000, 1.000000000000000000 ) ) ;
#804 = CARTESIAN_POINT ( 'NONE',  ( -12.42766952966347205, 17.67766952966390193, 4.000000000000000000 ) ) ;
#805 = FACE_OUTER_BOUND ( 'NONE', #2529, .T. ) ;
#806 = DIRECTION ( 'NONE',  ( -0.000000000000000000, -0.000000000000000000, 1.000000000000000000 ) ) ;
#807 = ORIENTED_EDGE ( 'NONE', *, *, #3231, .F. ) ;
#808 = ORIENTED_EDGE ( 'NONE', *, *, #1485, .F. ) ;
#809 = CARTESIAN_POINT ( 'NONE',  ( 8.838834764831894120, -8.838834764831794644, 1.499999999999999556 ) ) ;
#810 = DIRECTION ( 'NONE',  ( -0.3826834323650905589, -0.9238795325112865164, 8.326672684688674053E-17 ) ) ;
#811 =( NAMED_UNIT ( * ) PLANE_ANGLE_UNIT ( ) SI_UNIT ( $, .RADIAN. ) );
#812 = ORIENTED_EDGE ( 'NONE', *, *, #3458, .T. ) ;
#813 = EDGE_LOOP ( 'NONE', ( #1824, #1988 ) ) ;
#814 = ORIENTED_EDGE ( 'NONE', *, *, #161, .T. ) ;
#815 = EDGE_CURVE ( 'NONE', #392, #3255, #110, .T. ) ;
#816 = DIRECTION ( 'NONE',  ( -0.7071067811865467956, 8.659560562354924230E-17, 0.7071067811865483499 ) ) ;
#817 = DIRECTION ( 'NONE',  ( 0.000000000000000000, 0.000000000000000000, 1.000000000000000000 ) ) ;
#818 = DIRECTION ( 'NONE',  ( 0.7071067811865450192, 8.659560562354902043E-17, -0.7071067811865500152 ) ) ;
#819 = EDGE_CURVE ( 'NONE', #150, #2284, #872, .T. ) ;
#820 = ORIENTED_EDGE ( 'NONE', *, *, #3359, .F. ) ;
#821 = FACE_BOUND ( 'NONE', #813, .T. ) ;
#822 = DIRECTION ( 'NONE',  ( 0.000000000000000000, 0.000000000000000000, 1.000000000000000000 ) ) ;
#823 = AXIS2_PLACEMENT_3D ( 'NONE', #3535, #2636, #2386 ) ;
#824 = EDGE_CURVE ( 'NONE', #2979, #3002, #590, .T. ) ;
#825 = LINE ( 'NONE', #3357, #847 ) ;
#826 = CARTESIAN_POINT ( 'NONE',  ( -29.06754102132610385, -10.50535681523735931, 0.9893293430938826516 ) ) ;
#827 = CIRCLE ( 'NONE', #3168, 8.099999999999999645 ) ;
#828 = VERTEX_POINT ( 'NONE', #23 ) ;
#829 = AXIS2_PLACEMENT_3D ( 'NONE', #2195, #3269, #220 ) ;
#830 = DIRECTION ( 'NONE',  ( 0.000000000000000000, 0.000000000000000000, 1.000000000000000000 ) ) ;
#831 = DIRECTION ( 'NONE',  ( -0.000000000000000000, -0.000000000000000000, 1.000000000000000000 ) ) ;
#832 = DIRECTION ( 'NONE',  ( 0.9238795325112865164, 0.3826834323650902259, 0.000000000000000000 ) ) ;
#833 = VECTOR ( 'NONE', #1060, 1000.000000000000114 ) ;
#834 = DIRECTION ( 'NONE',  ( -0.000000000000000000, -0.000000000000000000, -1.000000000000000000 ) ) ;
#835 = DIRECTION ( 'NONE',  ( -0.000000000000000000, -0.000000000000000000, -1.000000000000000000 ) ) ;
#836 = CARTESIAN_POINT ( 'NONE',  ( -1.745740669421566678E-13, -25.00000000000000000, 16.55096679918781177 ) ) ;
#837 = AXIS2_PLACEMENT_3D ( 'NONE', #1820, #681, #3217 ) ;
#838 = AXIS2_PLACEMENT_3D ( 'NONE', #1127, #2259, #2999 ) ;
#839 = EDGE_LOOP ( 'NONE', ( #216, #1876 ) ) ;
#840 = CARTESIAN_POINT ( 'NONE',  ( 0.000000000000000000, 0.000000000000000000, 1.499999999999994449 ) ) ;
#841 = ADVANCED_FACE ( 'NONE', ( #1716 ), #3148, .F. ) ;
#842 = DIRECTION ( 'NONE',  ( 1.000000000000000000, 0.000000000000000000, 0.000000000000000000 ) ) ;
#843 = AXIS2_PLACEMENT_3D ( 'NONE', #2543, #2274, #2008 ) ;
#844 = AXIS2_PLACEMENT_3D ( 'NONE', #3385, #1492, #320 ) ;
#845 = EDGE_CURVE ( 'NONE', #217, #2800, #2260, .T. ) ;
#846 = DIRECTION ( 'NONE',  ( 1.000000000000000000, 0.000000000000000000, 0.000000000000000000 ) ) ;
#847 = VECTOR ( 'NONE', #1928, 1000.000000000000000 ) ;
#848 = CARTESIAN_POINT ( 'NONE',  ( -29.29032361737862189, -10.47002302301645038, 1.105286615229633673 ) ) ;
#849 = CIRCLE ( 'NONE', #1604, 3.199999999999999289 ) ;
#850 = VERTEX_POINT ( 'NONE', #61 ) ;
#851 = DIRECTION ( 'NONE',  ( -0.7071067811865467956, 0.000000000000000000, -0.7071067811865483499 ) ) ;
#852 = EDGE_LOOP ( 'NONE', ( #1599, #1899, #1282, #990, #2550, #671, #3478, #3000 ) ) ;
#853 = CARTESIAN_POINT ( 'NONE',  ( -24.99999999999999645, 2.618611004132350143E-13, 0.000000000000000000 ) ) ;
#854 = CARTESIAN_POINT ( 'NONE',  ( -22.92766952966347560, 17.67766952966390193, 4.000000000000000000 ) ) ;
#855 = CARTESIAN_POINT ( 'NONE',  ( -22.00000000000000000, 9.999999999999996447, 1.000000000000019984 ) ) ;
#856 = EDGE_LOOP ( 'NONE', ( #1004, #3422, #2041, #789 ) ) ;
#857 = CARTESIAN_POINT ( 'NONE',  ( -21.22766952966360421, 17.67766952966378824, 0.000000000000000000 ) ) ;
#858 = DIRECTION ( 'NONE',  ( -0.000000000000000000, -0.000000000000000000, 1.000000000000000000 ) ) ;
#859 = EDGE_CURVE ( 'NONE', #2155, #646, #3423, .T. ) ;
#860 = CARTESIAN_POINT ( 'NONE',  ( 19.75000000000000000, -8.664409390152596804E-14, 4.000000000000000000 ) ) ;
#861 = CARTESIAN_POINT ( 'NONE',  ( -24.99999999999999645, 2.618611004132350143E-13, 4.000000000000000000 ) ) ;
#862 = EDGE_CURVE ( 'NONE', #175, #1614, #2332, .T. ) ;
#863 = ORIENTED_EDGE ( 'NONE', *, *, #1594, .T. ) ;
#864 = DIRECTION ( 'NONE',  ( 0.000000000000000000, 0.000000000000000000, 1.000000000000000000 ) ) ;
#865 = ADVANCED_FACE ( 'NONE', ( #3165 ), #373, .F. ) ;
#866 = VERTEX_POINT ( 'NONE', #1441 ) ;
#867 = CYLINDRICAL_SURFACE ( 'NONE', #2202, 5.250000000000000888 ) ;
#868 = DIRECTION ( 'NONE',  ( 0.000000000000000000, 0.000000000000000000, 1.000000000000000000 ) ) ;
#869 = DIRECTION ( 'NONE',  ( -0.000000000000000000, -0.000000000000000000, -1.000000000000000000 ) ) ;
#870 = VECTOR ( 'NONE', #1674, 1000.000000000000000 ) ;
#871 = VERTEX_POINT ( 'NONE', #2561 ) ;
#872 = LINE ( 'NONE', #1473, #1810 ) ;
#873 = LINE ( 'NONE', #942, #33 ) ;
#874 = CARTESIAN_POINT ( 'NONE',  ( 17.67766952966359639, -17.67766952966378113, 16.55096679918781177 ) ) ;
#875 = AXIS2_PLACEMENT_3D ( 'NONE', #740, #2436, #3239 ) ;
#876 = CARTESIAN_POINT ( 'NONE',  ( 20.87766952966358858, 17.67766952966366034, 0.3499999999999995337 ) ) ;
#877 = AXIS2_PLACEMENT_3D ( 'NONE', #3003, #1645, #3320 ) ;
#878 = ORIENTED_EDGE ( 'NONE', *, *, #3393, .T. ) ;
#879 = CIRCLE ( 'NONE', #1293, 2.300000000000001599 ) ;
#880 = ADVANCED_FACE ( 'NONE', ( #41 ), #1164, .F. ) ;
#881 = CARTESIAN_POINT ( 'NONE',  ( -24.99999999999999645, 2.618611004132350143E-13, 7.500000000000000000 ) ) ;
#882 = ORIENTED_EDGE ( 'NONE', *, *, #2914, .F. ) ;
#883 = ORIENTED_EDGE ( 'NONE', *, *, #1197, .F. ) ;
#884 = EDGE_CURVE ( 'NONE', #3446, #258, #2546, .T. ) ;
#885 = DIRECTION ( 'NONE',  ( -0.000000000000000000, -0.000000000000000000, -1.000000000000000000 ) ) ;
#886 = DIRECTION ( 'NONE',  ( -0.000000000000000000, -0.000000000000000000, -1.000000000000000000 ) ) ;
#887 = CARTESIAN_POINT ( 'NONE',  ( 17.67766952966358573, 17.67766952966378824, 0.000000000000000000 ) ) ;
#888 = CIRCLE ( 'NONE', #173, 31.50000000000000000 ) ;
#889 = ORIENTED_EDGE ( 'NONE', *, *, #3135, .T. ) ;
#890 = DIRECTION ( 'NONE',  ( 0.000000000000000000, 0.000000000000000000, 1.000000000000000000 ) ) ;
#891 = CYLINDRICAL_SURFACE ( 'NONE', #89, 2.999999999999999112 ) ;
#892 = ORIENTED_EDGE ( 'NONE', *, *, #931, .T. ) ;
#893 = AXIS2_PLACEMENT_3D ( 'NONE', #1190, #613, #31 ) ;
#894 = EDGE_LOOP ( 'NONE', ( #779, #2677 ) ) ;
#895 = DIRECTION ( 'NONE',  ( -0.000000000000000000, -0.000000000000000000, -1.000000000000000000 ) ) ;
#896 = CARTESIAN_POINT ( 'NONE',  ( -29.93075528434977173, -9.818344468817958415, 1.499999999999994449 ) ) ;
#897 = DIRECTION ( 'NONE',  ( -0.000000000000000000, -0.000000000000000000, -1.000000000000000000 ) ) ;
#898 = AXIS2_PLACEMENT_3D ( 'NONE', #677, #1008, #448 ) ;
#899 = CIRCLE ( 'NONE', #3071, 2.100000000000000089 ) ;
#900 = CARTESIAN_POINT ( 'NONE',  ( 25.00000000000000000, -8.728703347107833388E-14, 0.5000000000000177636 ) ) ;
#901 = EDGE_LOOP ( 'NONE', ( #2042, #2620 ) ) ;
#902 = AXIS2_PLACEMENT_3D ( 'NONE', #1235, #3474, #960 ) ;
#903 = AXIS2_PLACEMENT_3D ( 'NONE', #2227, #630, #1753 ) ;
#904 = ORIENTED_EDGE ( 'NONE', *, *, #3082, .T. ) ;
#905 = AXIS2_PLACEMENT_3D ( 'NONE', #1125, #2257, #1417 ) ;
#906 = EDGE_CURVE ( 'NONE', #1248, #3147, #1481, .T. ) ;
#907 = FACE_OUTER_BOUND ( 'NONE', #1956, .T. ) ;
#908 = FACE_OUTER_BOUND ( 'NONE', #2351, .T. ) ;
#909 = FACE_OUTER_BOUND ( 'NONE', #2816, .T. ) ;
#910 = ADVANCED_FACE ( 'NONE', ( #734 ), #1506, .T. ) ;
#911 = EDGE_LOOP ( 'NONE', ( #1544, #1124, #2986, #2970 ) ) ;
#912 = FACE_BOUND ( 'NONE', #1666, .T. ) ;
#913 = DIRECTION ( 'NONE',  ( -0.000000000000000000, -0.000000000000000000, -1.000000000000000000 ) ) ;
#914 = EDGE_CURVE ( 'NONE', #1689, #679, #1800, .T. ) ;
#915 = LINE ( 'NONE', #2551, #3181 ) ;
#916 = CARTESIAN_POINT ( 'NONE',  ( 0.000000000000000000, 0.000000000000000000, 6.500000000000002665 ) ) ;
#917 = FACE_OUTER_BOUND ( 'NONE', #1075, .T. ) ;
#918 = DIRECTION ( 'NONE',  ( 1.000000000000000000, 0.000000000000000000, 0.000000000000000000 ) ) ;
#919 = EDGE_LOOP ( 'NONE', ( #1302, #3459, #2952, #60 ) ) ;
#920 = ORIENTED_EDGE ( 'NONE', *, *, #1018, .T. ) ;
#921 = CARTESIAN_POINT ( 'NONE',  ( 18.99999999999999645, 9.999999999999996447, 1.000000000000013101 ) ) ;
#922 = DIRECTION ( 'NONE',  ( 0.000000000000000000, 0.000000000000000000, -1.000000000000000000 ) ) ;
#923 = CARTESIAN_POINT ( 'NONE',  ( 0.000000000000000000, 25.00000000000000000, 0.000000000000000000 ) ) ;
#924 = ADVANCED_FACE ( 'NONE', ( #1291 ), #2631, .F. ) ;
#925 = ORIENTED_EDGE ( 'NONE', *, *, #3464, .T. ) ;
#926 = CARTESIAN_POINT ( 'NONE',  ( -15.72499999999999964, 1.925757091659212808E-15, -2.500000000000000000 ) ) ;
#927 = EDGE_CURVE ( 'NONE', #2287, #850, #2412, .T. ) ;
#928 = EDGE_LOOP ( 'NONE', ( #1633, #2587, #1422, #3251 ) ) ;
#929 = CYLINDRICAL_SURFACE ( 'NONE', #3243, 3.200000000000001510 ) ;
#930 = CYLINDRICAL_SURFACE ( 'NONE', #636, 2.100000000000000089 ) ;
#931 = EDGE_CURVE ( 'NONE', #2155, #3484, #3475, .T. ) ;
#932 = FACE_BOUND ( 'NONE', #3636, .T. ) ;
#933 = DIRECTION ( 'NONE',  ( 0.000000000000000000, 0.000000000000000000, 1.000000000000000000 ) ) ;
#934 = ORIENTED_EDGE ( 'NONE', *, *, #1272, .T. ) ;
#935 = AXIS2_PLACEMENT_3D ( 'NONE', #2108, #1277, #1022 ) ;
#936 = VERTEX_POINT ( 'NONE', #3453 ) ;
#937 = CARTESIAN_POINT ( 'NONE',  ( 25.00000000000000000, -8.728703347107833388E-14, 16.55096679918781177 ) ) ;
#938 = FACE_BOUND ( 'NONE', #703, .T. ) ;
#939 = DIRECTION ( 'NONE',  ( 0.9238795325112865164, 0.3826834323650905589, -0.000000000000000000 ) ) ;
#940 = ORIENTED_EDGE ( 'NONE', *, *, #1798, .T. ) ;
#941 = CARTESIAN_POINT ( 'NONE',  ( -18.99999999999999645, 9.999999999999996447, 15.98528137423857487 ) ) ;
#942 = CARTESIAN_POINT ( 'NONE',  ( -10.05303578441362156, -18.78261088127258205, 4.099999999999999645 ) ) ;
#943 = EDGE_LOOP ( 'NONE', ( #3345, #159 ) ) ;
#944 = VERTEX_POINT ( 'NONE', #2975 ) ;
#945 = VERTEX_POINT ( 'NONE', #2667 ) ;
#946 = EDGE_CURVE ( 'NONE', #1749, #2908, #2920, .T. ) ;
#947 = DIRECTION ( 'NONE',  ( 1.000000000000000000, 0.000000000000000000, 0.000000000000000000 ) ) ;
#948 = LINE ( 'NONE', #325, #1693 ) ;
#949 = VECTOR ( 'NONE', #2396, 1000.000000000000114 ) ;
#950 = ADVANCED_FACE ( 'NONE', ( #1016 ), #2601, .T. ) ;
#951 = ORIENTED_EDGE ( 'NONE', *, *, #1264, .T. ) ;
#952 = ORIENTED_EDGE ( 'NONE', *, *, #2797, .T. ) ;
#953 = AXIS2_PLACEMENT_3D ( 'NONE', #3184, #148, #384 ) ;
#954 = AXIS2_PLACEMENT_3D ( 'NONE', #1047, #3289, #2781 ) ;
#955 = CARTESIAN_POINT ( 'NONE',  ( 28.70000000000001705, -8.683391415539381888E-14, 0.000000000000000000 ) ) ;
#956 = CARTESIAN_POINT ( 'NONE',  ( 0.000000000000000000, 25.00000000000000000, 16.55096679918781177 ) ) ;
#957 = PLANE ( 'NONE',  #1762 ) ;
#958 = AXIS2_PLACEMENT_3D ( 'NONE', #3431, #2043, #1695 ) ;
#959 = EDGE_LOOP ( 'NONE', ( #1433, #437, #802, #1760 ) ) ;
#960 = DIRECTION ( 'NONE',  ( 0.7071067811865464625, -0.7071067811865486830, 0.000000000000000000 ) ) ;
#961 = EDGE_LOOP ( 'NONE', ( #1026, #655, #1205, #1841 ) ) ;
#962 = ORIENTED_EDGE ( 'NONE', *, *, #2411, .T. ) ;
#963 = CARTESIAN_POINT ( 'NONE',  ( -24.99999999999999645, 2.618611004132350143E-13, 0.000000000000000000 ) ) ;
#964 = CARTESIAN_POINT ( 'NONE',  ( -6.538834764831797486, -8.838834764831895896, 1.499999999999999556 ) ) ;
#965 = ADVANCED_FACE ( 'NONE', ( #3252 ), #2382, .F. ) ;
#966 = DIRECTION ( 'NONE',  ( -0.3826834323650905589, -0.9238795325112865164, 8.326672684688672821E-17 ) ) ;
#967 = ORIENTED_EDGE ( 'NONE', *, *, #3597, .T. ) ;
#968 = ADVANCED_FACE ( 'NONE', ( #452 ), #1776, .F. ) ;
#969 = ORIENTED_EDGE ( 'NONE', *, *, #183, .T. ) ;
#970 = ORIENTED_EDGE ( 'NONE', *, *, #1602, .F. ) ;
#971 = CIRCLE ( 'NONE', #1151, 31.50000000000000000 ) ;
#972 = CYLINDRICAL_SURFACE ( 'NONE', #699, 5.250000000000000888 ) ;
#973 = EDGE_CURVE ( 'NONE', #2693, #1752, #1014, .T. ) ;
#974 = DIRECTION ( 'NONE',  ( 1.000000000000000000, 0.000000000000000000, 0.000000000000000000 ) ) ;
#975 = DIRECTION ( 'NONE',  ( 1.000000000000000000, 0.000000000000000000, 0.000000000000000000 ) ) ;
#976 = DIRECTION ( 'NONE',  ( 0.000000000000000000, 0.000000000000000000, -1.000000000000000000 ) ) ;
#977 = CARTESIAN_POINT ( 'NONE',  ( -11.93972308979102870, 28.82504141435205725, 4.099999999999999645 ) ) ;
#978 = ORIENTED_EDGE ( 'NONE', *, *, #2001, .F. ) ;
#979 = VERTEX_POINT ( 'NONE', #680 ) ;
#980 = CYLINDRICAL_SURFACE ( 'NONE', #935, 5.250000000000000888 ) ;
#981 = CARTESIAN_POINT ( 'NONE',  ( -26.55587841689304085, -15.54593022328333873, 15.98528137423856776 ) ) ;
#982 = CARTESIAN_POINT ( 'NONE',  ( 0.000000000000000000, 0.000000000000000000, 1.499999999999994449 ) ) ;
#983 = VERTEX_POINT ( 'NONE', #434 ) ;
#984 = EDGE_CURVE ( 'NONE', #499, #1916, #1520, .T. ) ;
#985 = FACE_OUTER_BOUND ( 'NONE', #2126, .T. ) ;
#986 = CIRCLE ( 'NONE', #1116, 8.099999999999999645 ) ;
#987 = DIRECTION ( 'NONE',  ( -0.000000000000000000, -0.000000000000000000, 1.000000000000000000 ) ) ;
#988 = DIRECTION ( 'NONE',  ( 1.000000000000000000, 0.000000000000000000, 0.000000000000000000 ) ) ;
#989 = ORIENTED_EDGE ( 'NONE', *, *, #1568, .T. ) ;
#990 = ORIENTED_EDGE ( 'NONE', *, *, #1927, .T. ) ;
#991 = EDGE_CURVE ( 'NONE', #2908, #29, #2939, .T. ) ;
#992 = CARTESIAN_POINT ( 'NONE',  ( 17.67766952966359639, -17.67766952966378113, 0.000000000000000000 ) ) ;
#993 = CYLINDRICAL_SURFACE ( 'NONE', #1889, 31.50000000000000000 ) ;
#994 = CONICAL_SURFACE ( 'NONE', #2405, 3.549999999999997602, 0.7853981633974447263 ) ;
#995 = EDGE_LOOP ( 'NONE', ( #715, #2684 ) ) ;
#996 = VERTEX_POINT ( 'NONE', #2104 ) ;
#997 = ORIENTED_EDGE ( 'NONE', *, *, #52, .T. ) ;
#998 = FACE_BOUND ( 'NONE', #3157, .T. ) ;
#999 = CARTESIAN_POINT ( 'NONE',  ( -18.99999999999999645, 9.999999999999996447, 7.500000000000000000 ) ) ;
#1000 = AXIS2_PLACEMENT_3D ( 'NONE', #2211, #1358, #1139 ) ;
#1001 = DIRECTION ( 'NONE',  ( -0.7071067811865491270, 8.659560562354953812E-17, 0.7071067811865459074 ) ) ;
#1002 = ORIENTED_EDGE ( 'NONE', *, *, #3391, .F. ) ;
#1003 = CIRCLE ( 'NONE', #837, 2.300000000000001599 ) ;
#1004 = ORIENTED_EDGE ( 'NONE', *, *, #1129, .F. ) ;
#1005 = AXIS2_PLACEMENT_3D ( 'NONE', #3374, #2859, #2319 ) ;
#1006 = ORIENTED_EDGE ( 'NONE', *, *, #2876, .F. ) ;
#1007 = DIRECTION ( 'NONE',  ( -0.000000000000000000, -0.000000000000000000, 1.000000000000000000 ) ) ;
#1008 = DIRECTION ( 'NONE',  ( 0.000000000000000000, 0.000000000000000000, 1.000000000000000000 ) ) ;
#1009 = FACE_OUTER_BOUND ( 'NONE', #1019, .T. ) ;
#1010 = CONICAL_SURFACE ( 'NONE', #2421, 3.700000000000023270, 0.7853981633974460586 ) ;
#1011 = ORIENTED_EDGE ( 'NONE', *, *, #368, .F. ) ;
#1012 = EDGE_LOOP ( 'NONE', ( #728, #2159 ) ) ;
#1013 = EDGE_CURVE ( 'NONE', #3605, #3485, #3216, .T. ) ;
#1014 = CIRCLE ( 'NONE', #902, 3.199999999999999289 ) ;
#1015 = CIRCLE ( 'NONE', #785, 3.000000000000002665 ) ;
#1016 = FACE_OUTER_BOUND ( 'NONE', #2590, .T. ) ;
#1017 = DIRECTION ( 'NONE',  ( 0.000000000000000000, 0.000000000000000000, -1.000000000000000000 ) ) ;
#1018 = EDGE_CURVE ( 'NONE', #664, #2451, #3185, .T. ) ;
#1019 = EDGE_LOOP ( 'NONE', ( #1002, #603, #34, #2742 ) ) ;
#1020 = UNCERTAINTY_MEASURE_WITH_UNIT (LENGTH_MEASURE( 1.000000000000000082E-05 ), #3290, 'distance_accuracy_value', 'NONE');
#1021 = ORIENTED_EDGE ( 'NONE', *, *, #3354, .F. ) ;
#1022 = DIRECTION ( 'NONE',  ( 1.000000000000000000, 0.000000000000000000, 0.000000000000000000 ) ) ;
#1023 = DIRECTION ( 'NONE',  ( 0.000000000000000000, 0.000000000000000000, -1.000000000000000000 ) ) ;
#1024 = EDGE_CURVE ( 'NONE', #1804, #277, #1720, .T. ) ;
#1025 = CARTESIAN_POINT ( 'NONE',  ( -31.50000000000000000, 3.857637417314162689E-15, 1.499999999999994449 ) ) ;
#1026 = ORIENTED_EDGE ( 'NONE', *, *, #2673, .F. ) ;
#1027 = EDGE_LOOP ( 'NONE', ( #2434, #3542, #1761, #1673 ) ) ;
#1028 = ORIENTED_EDGE ( 'NONE', *, *, #318, .T. ) ;
#1029 = CARTESIAN_POINT ( 'NONE',  ( -25.82450455585738780, -16.22790696437778379, 7.500000000000000000 ) ) ;
#1030 = CARTESIAN_POINT ( 'NONE',  ( 22.92766952966372074, 17.67766952966366034, 4.000000000000000000 ) ) ;
#1031 = ORIENTED_EDGE ( 'NONE', *, *, #1669, .F. ) ;
#1032 = CIRCLE ( 'NONE', #3261, 2.299999999999999822 ) ;
#1033 = DIRECTION ( 'NONE',  ( 0.7071067811865457964, -0.7071067811865491270, 0.000000000000000000 ) ) ;
#1034 = FACE_BOUND ( 'NONE', #2864, .T. ) ;
#1035 = ORIENTED_EDGE ( 'NONE', *, *, #1863, .F. ) ;
#1036 = EDGE_LOOP ( 'NONE', ( #85, #333 ) ) ;
#1037 = LINE ( 'NONE', #2790, #2927 ) ;
#1038 = ADVANCED_FACE ( 'NONE', ( #2201, #1662 ), #1903, .T. ) ;
#1039 = CARTESIAN_POINT ( 'NONE',  ( 22.92766952966359995, -17.67766952966378113, 4.000000000000000000 ) ) ;
#1040 = DIRECTION ( 'NONE',  ( 0.000000000000000000, 0.000000000000000000, 1.000000000000000000 ) ) ;
#1041 = CARTESIAN_POINT ( 'NONE',  ( -1.745740669421566678E-13, -25.00000000000000000, 0.5000000000000247580 ) ) ;
#1042 = ORIENTED_EDGE ( 'NONE', *, *, #1245, .F. ) ;
#1043 = AXIS2_PLACEMENT_3D ( 'NONE', #1845, #119, #1242 ) ;
#1044 = ADVANCED_FACE ( 'NONE', ( #796 ), #754, .F. ) ;
#1045 = ORIENTED_EDGE ( 'NONE', *, *, #1180, .F. ) ;
#1046 = CARTESIAN_POINT ( 'NONE',  ( 8.112888766139919383, 19.58624608923927113, 4.099999999999999645 ) ) ;
#1047 = CARTESIAN_POINT ( 'NONE',  ( 25.00000000000000000, -8.728703347107833388E-14, 0.000000000000000000 ) ) ;
#1048 = EDGE_LOOP ( 'NONE', ( #1743, #1397 ) ) ;
#1049 = VERTEX_POINT ( 'NONE', #1937 ) ;
#1050 = AXIS2_PLACEMENT_3D ( 'NONE', #2038, #305, #1756 ) ;
#1051 = DIRECTION ( 'NONE',  ( 0.000000000000000000, 0.000000000000000000, 1.000000000000000000 ) ) ;
#1052 = DIRECTION ( 'NONE',  ( -0.000000000000000000, -0.000000000000000000, 1.000000000000000000 ) ) ;
#1053 = LINE ( 'NONE', #266, #245 ) ;
#1054 = EDGE_LOOP ( 'NONE', ( #1189, #683, #951, #2523 ) ) ;
#1055 = ORIENTED_EDGE ( 'NONE', *, *, #845, .T. ) ;
#1056 = FACE_OUTER_BOUND ( 'NONE', #289, .T. ) ;
#1057 = AXIS2_PLACEMENT_3D ( 'NONE', #1382, #177, #3560 ) ;
#1058 = CYLINDRICAL_SURFACE ( 'NONE', #3030, 3.000000000000002665 ) ;
#1059 = CARTESIAN_POINT ( 'NONE',  ( 17.67766952966359639, -17.67766952966378113, 4.000000000000000000 ) ) ;
#1060 = DIRECTION ( 'NONE',  ( -0.7071067811865474617, 8.659560562354932858E-17, 0.7071067811865474617 ) ) ;
#1061 = EDGE_CURVE ( 'NONE', #444, #475, #13, .T. ) ;
#1062 = AXIS2_PLACEMENT_3D ( 'NONE', #1041, #2147, #3263 ) ;
#1063 = ORIENTED_EDGE ( 'NONE', *, *, #3504, .F. ) ;
#1064 = ORIENTED_EDGE ( 'NONE', *, *, #2236, .F. ) ;
#1065 = CYLINDRICAL_SURFACE ( 'NONE', #1997, 2.999999999999999112 ) ;
#1066 = FACE_OUTER_BOUND ( 'NONE', #3534, .T. ) ;
#1067 = VERTEX_POINT ( 'NONE', #2764 ) ;
#1068 = VERTEX_POINT ( 'NONE', #2511 ) ;
#1069 = AXIS2_PLACEMENT_3D ( 'NONE', #3349, #244, #2204 ) ;
#1070 = AXIS2_PLACEMENT_3D ( 'NONE', #977, #186, #1839 ) ;
#1071 = AXIS2_PLACEMENT_3D ( 'NONE', #836, #281, #3317 ) ;
#1072 = CARTESIAN_POINT ( 'NONE',  ( -13.87987010806452659, -28.02140620638544277, 4.099999999999999645 ) ) ;
#1073 = DIRECTION ( 'NONE',  ( 0.000000000000000000, 0.000000000000000000, -1.000000000000000000 ) ) ;
#1074 = DIRECTION ( 'NONE',  ( -0.9238795325112839629, -0.3826834323650967762, 0.000000000000000000 ) ) ;
#1075 = EDGE_LOOP ( 'NONE', ( #403, #3352, #2849, #133 ) ) ;
#1076 = CIRCLE ( 'NONE', #1958, 3.200000000000001510 ) ;
#1077 = ORIENTED_EDGE ( 'NONE', *, *, #1334, .F. ) ;
#1078 = AXIS2_PLACEMENT_3D ( 'NONE', #3527, #1220, #697 ) ;
#1079 = CARTESIAN_POINT ( 'NONE',  ( -28.75000000000000000, -13.50000000000000355, 0.000000000000000000 ) ) ;
#1080 = DIRECTION ( 'NONE',  ( -0.7071067811865454633, 0.000000000000000000, -0.7071067811865496822 ) ) ;
#1081 = AXIS2_PLACEMENT_3D ( 'NONE', #2210, #3322, #3045 ) ;
#1082 = AXIS2_PLACEMENT_3D ( 'NONE', #264, #2177, #2220 ) ;
#1083 = DIRECTION ( 'NONE',  ( -1.000000000000000000, 0.000000000000000000, 0.000000000000000000 ) ) ;
#1084 = DIRECTION ( 'NONE',  ( 0.3826834323650905589, 0.9238795325112865164, 8.326672684688674053E-17 ) ) ;
#1085 = ORIENTED_EDGE ( 'NONE', *, *, #118, .F. ) ;
#1086 = DIRECTION ( 'NONE',  ( 1.000000000000000000, 0.000000000000000000, 0.000000000000000000 ) ) ;
#1087 = EDGE_CURVE ( 'NONE', #3147, #1049, #3606, .T. ) ;
#1088 = CARTESIAN_POINT ( 'NONE',  ( 29.73323004156500460, -10.17262464271654565, 1.425119094639899719 ) ) ;
#1089 = DIRECTION ( 'NONE',  ( 0.000000000000000000, 0.000000000000000000, 1.000000000000000000 ) ) ;
#1090 = ORIENTED_EDGE ( 'NONE', *, *, #2267, .T. ) ;
#1091 = ORIENTED_EDGE ( 'NONE', *, *, #396, .T. ) ;
#1092 = EDGE_CURVE ( 'NONE', #1108, #945, #1900, .T. ) ;
#1093 = DIRECTION ( 'NONE',  ( 0.9238795325112865164, -0.3826834323650902259, 0.000000000000000000 ) ) ;
#1094 = DIRECTION ( 'NONE',  ( 1.000000000000000000, 0.000000000000000000, 0.000000000000000000 ) ) ;
#1095 = CARTESIAN_POINT ( 'NONE',  ( 0.000000000000000000, 0.000000000000000000, 1.499999999999994449 ) ) ;
#1096 = AXIS2_PLACEMENT_3D ( 'NONE', #5, #1394, #3043 ) ;
#1097 = VERTEX_POINT ( 'NONE', #1603 ) ;
#1098 = PRODUCT_RELATED_PRODUCT_CATEGORY ( 'part', '', ( #2987 ) ) ;
#1099 = CARTESIAN_POINT ( 'NONE',  ( 0.000000000000000000, 0.000000000000000000, 0.000000000000000000 ) ) ;
#1100 = DIRECTION ( 'NONE',  ( 1.000000000000000000, 0.000000000000000000, 0.000000000000000000 ) ) ;
#1101 = CARTESIAN_POINT ( 'NONE',  ( -8.838834764831892343, 8.838834764831794644, 1.499999999999999556 ) ) ;
#1102 = CYLINDRICAL_SURFACE ( 'NONE', #1993, 5.250000000000000000 ) ;
#1103 = VERTEX_POINT ( 'NONE', #1312 ) ;
#1104 = DIRECTION ( 'NONE',  ( 1.000000000000000000, 0.000000000000000000, 0.000000000000000000 ) ) ;
#1105 = CYLINDRICAL_SURFACE ( 'NONE', #1537, 31.50000000000000000 ) ;
#1106 = EDGE_LOOP ( 'NONE', ( #86, #2323, #291, #3238 ) ) ;
#1107 = VECTOR ( 'NONE', #1826, 1000.000000000000000 ) ;
#1108 = VERTEX_POINT ( 'NONE', #1072 ) ;
#1109 = FACE_OUTER_BOUND ( 'NONE', #1613, .T. ) ;
#1110 = DIRECTION ( 'NONE',  ( -0.000000000000000000, -0.000000000000000000, 1.000000000000000000 ) ) ;
#1111 = DIRECTION ( 'NONE',  ( 1.000000000000000000, 0.000000000000000000, 0.000000000000000000 ) ) ;
#1112 = EDGE_CURVE ( 'NONE', #2451, #664, #598, .T. ) ;
#1113 = ORIENTED_EDGE ( 'NONE', *, *, #2690, .T. ) ;
#1114 = DIRECTION ( 'NONE',  ( 1.000000000000000000, 0.000000000000000000, 0.000000000000000000 ) ) ;
#1115 = LINE ( 'NONE', #1910, #2289 ) ;
#1116 = AXIS2_PLACEMENT_3D ( 'NONE', #916, #1446, #2565 ) ;
#1117 = FACE_OUTER_BOUND ( 'NONE', #116, .T. ) ;
#1118 = DIRECTION ( 'NONE',  ( 1.000000000000000000, 0.000000000000000000, 0.000000000000000000 ) ) ;
#1119 = VECTOR ( 'NONE', #1595, 999.9999999999998863 ) ;
#1120 = EDGE_LOOP ( 'NONE', ( #2653, #1546, #548, #2509 ) ) ;
#1121 = AXIS2_PLACEMENT_3D ( 'NONE', #2973, #1385, #491 ) ;
#1122 = CARTESIAN_POINT ( 'NONE',  ( -26.00000000000001776, 9.999999999999996447, 0.000000000000000000 ) ) ;
#1123 = ORIENTED_EDGE ( 'NONE', *, *, #213, .F. ) ;
#1124 = ORIENTED_EDGE ( 'NONE', *, *, #3044, .F. ) ;
#1125 = CARTESIAN_POINT ( 'NONE',  ( -24.99999999999999645, 2.618611004132350143E-13, 16.55096679918781177 ) ) ;
#1126 = CARTESIAN_POINT ( 'NONE',  ( 7.932811651156420396, -30.48475847546240658, 7.500000000000000000 ) ) ;
#1127 = CARTESIAN_POINT ( 'NONE',  ( 28.98057257691009170, -9.506650993617393297, 15.98528137423856776 ) ) ;
#1128 = AXIS2_PLACEMENT_3D ( 'NONE', #2448, #3022, #1640 ) ;
#1129 = EDGE_CURVE ( 'NONE', #150, #2925, #1373, .T. ) ;
#1130 = AXIS2_PLACEMENT_3D ( 'NONE', #1161, #2009, #1731 ) ;
#1131 = VERTEX_POINT ( 'NONE', #1877 ) ;
#1132 = CARTESIAN_POINT ( 'NONE',  ( 25.00000000000000000, -8.728703347107833388E-14, 4.000000000000000000 ) ) ;
#1133 = EDGE_CURVE ( 'NONE', #2652, #2242, #1724, .T. ) ;
#1134 = DIRECTION ( 'NONE',  ( 0.3826834323650905589, 0.9238795325112865164, 8.326672684688672821E-17 ) ) ;
#1135 = AXIS2_PLACEMENT_3D ( 'NONE', #2558, #1160, #3400 ) ;
#1136 = AXIS2_PLACEMENT_3D ( 'NONE', #2348, #2616, #94 ) ;
#1137 = DIRECTION ( 'NONE',  ( -1.000000000000000000, 0.000000000000000000, 0.000000000000000000 ) ) ;
#1138 = CIRCLE ( 'NONE', #2658, 31.50000000000000000 ) ;
#1139 = DIRECTION ( 'NONE',  ( -0.9238795325112839629, -0.3826834323650967762, 0.000000000000000000 ) ) ;
#1140 = EDGE_CURVE ( 'NONE', #2800, #217, #18, .T. ) ;
#1141 = VECTOR ( 'NONE', #2407, 1000.000000000000000 ) ;
#1142 = ORIENTED_EDGE ( 'NONE', *, *, #3482, .T. ) ;
#1143 = DIRECTION ( 'NONE',  ( 0.000000000000000000, 0.000000000000000000, 1.000000000000000000 ) ) ;
#1144 = ORIENTED_EDGE ( 'NONE', *, *, #1739, .T. ) ;
#1145 = DIRECTION ( 'NONE',  ( 0.000000000000000000, 0.000000000000000000, 1.000000000000000000 ) ) ;
#1146 = DIRECTION ( 'NONE',  ( -0.3826834323650906144, -0.9238795325112865164, -0.000000000000000000 ) ) ;
#1147 = CARTESIAN_POINT ( 'NONE',  ( -15.94663452842542561, 27.16532435324176475, 1.499999999999996669 ) ) ;
#1148 = ORIENTED_EDGE ( 'NONE', *, *, #3525, .T. ) ;
#1149 = DIRECTION ( 'NONE',  ( 1.000000000000000000, 0.000000000000000000, -0.000000000000000000 ) ) ;
#1150 = DIRECTION ( 'NONE',  ( 0.000000000000000000, 0.000000000000000000, 1.000000000000000000 ) ) ;
#1151 = AXIS2_PLACEMENT_3D ( 'NONE', #3027, #822, #541 ) ;
#1152 = LINE ( 'NONE', #860, #595 ) ;
#1153 = CARTESIAN_POINT ( 'NONE',  ( -12.42766952966347205, 17.67766952966390193, 7.500000000000000000 ) ) ;
#1154 = ADVANCED_FACE ( 'NONE', ( #2157 ), #3347, .F. ) ;
#1155 = ADVANCED_FACE ( 'NONE', ( #1109 ), #512, .T. ) ;
#1156 = FACE_OUTER_BOUND ( 'NONE', #1317, .T. ) ;
#1157 = FACE_OUTER_BOUND ( 'NONE', #2000, .T. ) ;
#1158 = ORIENTED_EDGE ( 'NONE', *, *, #2406, .T. ) ;
#1159 = CARTESIAN_POINT ( 'NONE',  ( 0.000000000000000000, 0.000000000000000000, -0.9999999999999847899 ) ) ;
#1160 = DIRECTION ( 'NONE',  ( -0.3826834323650970537, 0.9238795325112838519, 8.326672684688674053E-17 ) ) ;
#1161 = CARTESIAN_POINT ( 'NONE',  ( -17.67766952966384508, -17.67766952966353600, 4.000000000000000000 ) ) ;
#1162 = AXIS2_PLACEMENT_3D ( 'NONE', #1319, #2437, #481 ) ;
#1163 = VERTEX_POINT ( 'NONE', #3546 ) ;
#1164 = CYLINDRICAL_SURFACE ( 'NONE', #479, 2.299999999999998046 ) ;
#1165 = CARTESIAN_POINT ( 'NONE',  ( -26.68452074652531181, -15.71764021865645944, 0.9694666004254390845 ) ) ;
#1166 = VERTEX_POINT ( 'NONE', #242 ) ;
#1167 = CARTESIAN_POINT ( 'NONE',  ( -28.92570124804514720, -10.14813951560706684, 0.6531630688821579156 ) ) ;
#1168 = AXIS2_PLACEMENT_3D ( 'NONE', #3096, #2846, #1496 ) ;
#1169 = CARTESIAN_POINT ( 'NONE',  ( -24.99999999999999645, 2.618611004132350143E-13, 4.000000000000000000 ) ) ;
#1170 = LINE ( 'NONE', #340, #870 ) ;
#1171 = EDGE_CURVE ( 'NONE', #793, #637, #1368, .T. ) ;
#1172 = DIRECTION ( 'NONE',  ( 0.7071067811865454633, 8.659560562354906974E-17, -0.7071067811865496822 ) ) ;
#1173 = EDGE_CURVE ( 'NONE', #768, #3466, #1484, .T. ) ;
#1174 = EDGE_CURVE ( 'NONE', #3297, #175, #2743, .T. ) ;
#1175 = CIRCLE ( 'NONE', #3577, 2.299999999999999822 ) ;
#1176 = PLANE ( 'NONE',  #3365 ) ;
#1177 = ORIENTED_EDGE ( 'NONE', *, *, #1024, .F. ) ;
#1178 = AXIS2_PLACEMENT_3D ( 'NONE', #1676, #551, #3603 ) ;
#1179 = DIRECTION ( 'NONE',  ( 1.000000000000000000, 0.000000000000000000, 0.000000000000000000 ) ) ;
#1180 = EDGE_CURVE ( 'NONE', #3147, #1248, #257, .T. ) ;
#1181 = PLANE ( 'NONE',  #2130 ) ;
#1182 = LINE ( 'NONE', #570, #1714 ) ;
#1183 = AXIS2_PLACEMENT_3D ( 'NONE', #1300, #2710, #1280 ) ;
#1184 = EDGE_LOOP ( 'NONE', ( #2347, #3195, #1158, #1741 ) ) ;
#1185 = LINE ( 'NONE', #3110, #523 ) ;
#1186 = AXIS2_PLACEMENT_3D ( 'NONE', #2632, #718, #2105 ) ;
#1187 = SURFACE_STYLE_FILL_AREA ( #62 ) ;
#1188 = CIRCLE ( 'NONE', #537, 31.50000000000000000 ) ;
#1189 = ORIENTED_EDGE ( 'NONE', *, *, #1204, .F. ) ;
#1190 = CARTESIAN_POINT ( 'NONE',  ( -8.838834764831892343, 8.838834764831794644, 1.499999999999999556 ) ) ;
#1191 = FACE_OUTER_BOUND ( 'NONE', #3397, .T. ) ;
#1192 = FACE_BOUND ( 'NONE', #236, .T. ) ;
#1193 = AXIS2_PLACEMENT_3D ( 'NONE', #3449, #3490, #1575 ) ;
#1194 = VECTOR ( 'NONE', #1886, 1000.000000000000114 ) ;
#1195 = FACE_OUTER_BOUND ( 'NONE', #342, .T. ) ;
#1196 = ORIENTED_EDGE ( 'NONE', *, *, #2945, .F. ) ;
#1197 = EDGE_CURVE ( 'NONE', #1752, #2693, #849, .T. ) ;
#1198 = AXIS2_PLACEMENT_3D ( 'NONE', #2827, #895, #2054 ) ;
#1199 = VERTEX_POINT ( 'NONE', #620 ) ;
#1200 = EDGE_CURVE ( 'NONE', #2410, #1881, #3125, .T. ) ;
#1201 = CARTESIAN_POINT ( 'NONE',  ( 26.55587841689303730, -15.54593022328333518, 15.98528137423856776 ) ) ;
#1202 = CARTESIAN_POINT ( 'NONE',  ( -26.76855652544533726, -15.85927619841141833, 1.113758328646092144 ) ) ;
#1203 = DIRECTION ( 'NONE',  ( 1.000000000000000000, 0.000000000000000000, 0.000000000000000000 ) ) ;
#1204 = EDGE_CURVE ( 'NONE', #1564, #3609, #568, .T. ) ;
#1205 = ORIENTED_EDGE ( 'NONE', *, *, #2817, .T. ) ;
#1206 = DIRECTION ( 'NONE',  ( 0.000000000000000000, 0.000000000000000000, -1.000000000000000000 ) ) ;
#1207 = LINE ( 'NONE', #2333, #3324 ) ;
#1208 = ORIENTED_EDGE ( 'NONE', *, *, #1894, .T. ) ;
#1209 = CARTESIAN_POINT ( 'NONE',  ( -15.94663452842527640, -27.16532435324185002, 7.500000000000000000 ) ) ;
#1210 = CARTESIAN_POINT ( 'NONE',  ( 3.700000000000023270, 25.00000000000000000, 0.000000000000000000 ) ) ;
#1211 = DIRECTION ( 'NONE',  ( -0.000000000000000000, -0.000000000000000000, 1.000000000000000000 ) ) ;
#1212 = VECTOR ( 'NONE', #231, 1000.000000000000114 ) ;
#1213 = ORIENTED_EDGE ( 'NONE', *, *, #3150, .T. ) ;
#1214 = EDGE_LOOP ( 'NONE', ( #1148, #167 ) ) ;
#1215 = DIRECTION ( 'NONE',  ( 1.000000000000000000, 0.000000000000000000, 0.000000000000000000 ) ) ;
#1216 = CARTESIAN_POINT ( 'NONE',  ( -12.42766952966347205, 17.67766952966390193, 4.000000000000000000 ) ) ;
#1217 = DIRECTION ( 'NONE',  ( -0.000000000000000000, -0.000000000000000000, -1.000000000000000000 ) ) ;
#1218 = ADVANCED_FACE ( 'NONE', ( #907 ), #867, .F. ) ;
#1219 = ORIENTED_EDGE ( 'NONE', *, *, #2690, .F. ) ;
#1220 = DIRECTION ( 'NONE',  ( 0.000000000000000000, 0.000000000000000000, 1.000000000000000000 ) ) ;
#1221 = DIRECTION ( 'NONE',  ( -0.000000000000000000, -0.000000000000000000, 1.000000000000000000 ) ) ;
#1222 = EDGE_CURVE ( 'NONE', #477, #1449, #604, .T. ) ;
#1223 = CIRCLE ( 'NONE', #747, 1.000000000000000888 ) ;
#1224 = ORIENTED_EDGE ( 'NONE', *, *, #647, .F. ) ;
#1225 = CARTESIAN_POINT ( 'NONE',  ( 0.000000000000000000, 0.000000000000000000, -2.500000000000000000 ) ) ;
#1226 = DIRECTION ( 'NONE',  ( 1.000000000000000000, 0.000000000000000000, 0.000000000000000000 ) ) ;
#1227 = CARTESIAN_POINT ( 'NONE',  ( -17.67766952966384508, -17.67766952966353600, 4.000000000000000000 ) ) ;
#1228 = ORIENTED_EDGE ( 'NONE', *, *, #1944, .F. ) ;
#1229 = CONICAL_SURFACE ( 'NONE', #3282, 15.72499999999999964, 0.7853981633974471688 ) ;
#1230 = CARTESIAN_POINT ( 'NONE',  ( 22.00000000000000000, 9.999999999999996447, 0.000000000000000000 ) ) ;
#1231 = FACE_BOUND ( 'NONE', #410, .T. ) ;
#1232 = CARTESIAN_POINT ( 'NONE',  ( -3.200000000000175593, -25.00000000000000000, 0.5000000000000247580 ) ) ;
#1233 = ORIENTED_EDGE ( 'NONE', *, *, #1171, .F. ) ;
#1234 = VERTEX_POINT ( 'NONE', #3381 ) ;
#1235 = CARTESIAN_POINT ( 'NONE',  ( -17.67766952966384508, -17.67766952966353600, 0.000000000000000000 ) ) ;
#1236 = EDGE_CURVE ( 'NONE', #1249, #516, #2023, .T. ) ;
#1237 = DIRECTION ( 'NONE',  ( 1.000000000000000000, 0.000000000000000000, 0.000000000000000000 ) ) ;
#1238 = CIRCLE ( 'NONE', #2644, 3.200000000000001510 ) ;
#1239 = ADVANCED_FACE ( 'NONE', ( #553 ), #75, .F. ) ;
#1240 = ORIENTED_EDGE ( 'NONE', *, *, #2350, .T. ) ;
#1241 = DIRECTION ( 'NONE',  ( -0.000000000000000000, -0.000000000000000000, 1.000000000000000000 ) ) ;
#1242 = DIRECTION ( 'NONE',  ( -1.000000000000000000, 0.000000000000000000, 0.000000000000000000 ) ) ;
#1243 = AXIS2_PLACEMENT_3D ( 'NONE', #2493, #3607, #473 ) ;
#1244 = EDGE_CURVE ( 'NONE', #2331, #464, #371, .T. ) ;
#1245 = EDGE_CURVE ( 'NONE', #1916, #1294, #3477, .T. ) ;
#1246 = CIRCLE ( 'NONE', #1005, 5.250000000000000888 ) ;
#1247 = DIRECTION ( 'NONE',  ( 1.000000000000000000, 0.000000000000000000, 0.000000000000000000 ) ) ;
#1248 = VERTEX_POINT ( 'NONE', #3105 ) ;
#1249 = VERTEX_POINT ( 'NONE', #1468 ) ;
#1250 = ORIENTED_EDGE ( 'NONE', *, *, #3616, .T. ) ;
#1251 = AXIS2_PLACEMENT_3D ( 'NONE', #717, #1854, #3201 ) ;
#1252 = AXIS2_PLACEMENT_3D ( 'NONE', #1450, #864, #2538 ) ;
#1253 = FACE_OUTER_BOUND ( 'NONE', #3591, .T. ) ;
#1254 = DIRECTION ( 'NONE',  ( 1.000000000000000000, 0.000000000000000000, -0.000000000000000000 ) ) ;
#1255 = DIRECTION ( 'NONE',  ( -0.000000000000000000, -0.000000000000000000, 1.000000000000000000 ) ) ;
#1256 = AXIS2_PLACEMENT_3D ( 'NONE', #1834, #1538, #2679 ) ;
#1257 = VERTEX_POINT ( 'NONE', #1452 ) ;
#1258 = CARTESIAN_POINT ( 'NONE',  ( 0.000000000000000000, 0.000000000000000000, -2.500000000000000000 ) ) ;
#1259 = DIRECTION ( 'NONE',  ( 1.000000000000000000, 0.000000000000000000, 0.000000000000000000 ) ) ;
#1260 = VERTEX_POINT ( 'NONE', #3368 ) ;
#1261 = VERTEX_POINT ( 'NONE', #1403 ) ;
#1262 = DIRECTION ( 'NONE',  ( 1.000000000000000000, 0.000000000000000000, 0.000000000000000000 ) ) ;
#1263 = CARTESIAN_POINT ( 'NONE',  ( -17.67766952966347205, 17.67766952966390193, 4.000000000000000000 ) ) ;
#1264 = EDGE_CURVE ( 'NONE', #1257, #3496, #55, .T. ) ;
#1265 = CARTESIAN_POINT ( 'NONE',  ( 22.92766952966372074, 17.67766952966366034, 7.500000000000000000 ) ) ;
#1266 = ORIENTED_EDGE ( 'NONE', *, *, #2011, .T. ) ;
#1267 = CIRCLE ( 'NONE', #1096, 9.099999999999997868 ) ;
#1268 = CARTESIAN_POINT ( 'NONE',  ( 25.00000000000000000, -8.728703347107833388E-14, 4.000000000000000000 ) ) ;
#1269 = PLANE ( 'NONE',  #1535 ) ;
#1270 = DIRECTION ( 'NONE',  ( 1.000000000000000000, 0.000000000000000000, 0.000000000000000000 ) ) ;
#1271 = ORIENTED_EDGE ( 'NONE', *, *, #2265, .F. ) ;
#1272 = EDGE_CURVE ( 'NONE', #619, #732, #3418, .T. ) ;
#1273 = CARTESIAN_POINT ( 'NONE',  ( 15.72499999999999964, 0.000000000000000000, -2.500000000000000000 ) ) ;
#1274 = DIRECTION ( 'NONE',  ( 0.000000000000000000, 0.000000000000000000, 1.000000000000000000 ) ) ;
#1275 = ORIENTED_EDGE ( 'NONE', *, *, #1334, .T. ) ;
#1276 = ORIENTED_EDGE ( 'NONE', *, *, #824, .F. ) ;
#1277 = DIRECTION ( 'NONE',  ( -0.000000000000000000, -0.000000000000000000, 1.000000000000000000 ) ) ;
#1278 = FACE_OUTER_BOUND ( 'NONE', #2884, .T. ) ;
#1279 = AXIS2_PLACEMENT_3D ( 'NONE', #549, #1740, #669 ) ;
#1280 = DIRECTION ( 'NONE',  ( 1.000000000000000000, 0.000000000000000000, 0.000000000000000000 ) ) ;
#1281 = ADVANCED_FACE ( 'NONE', ( #2819 ), #2525, .F. ) ;
#1282 = ORIENTED_EDGE ( 'NONE', *, *, #2308, .F. ) ;
#1283 = EDGE_CURVE ( 'NONE', #175, #3605, #786, .T. ) ;
#1284 = ORIENTED_EDGE ( 'NONE', *, *, #1448, .T. ) ;
#1285 = ADVANCED_FACE ( 'NONE', ( #315 ), #1437, .T. ) ;
#1286 = DIRECTION ( 'NONE',  ( 0.9238795325112864054, 0.3826834323650905589, 0.000000000000000000 ) ) ;
#1287 = CARTESIAN_POINT ( 'NONE',  ( -10.05303578441362156, -18.78261088127258205, 4.099999999999999645 ) ) ;
#1288 = CARTESIAN_POINT ( 'NONE',  ( 5.249999999999825917, -25.00000000000000000, 7.500000000000000000 ) ) ;
#1289 = ORIENTED_EDGE ( 'NONE', *, *, #1355, .T. ) ;
#1290 = ADVANCED_FACE ( 'NONE', ( #2290 ), #2715, .F. ) ;
#1291 = FACE_OUTER_BOUND ( 'NONE', #1027, .T. ) ;
#1292 = LINE ( 'NONE', #2413, #592 ) ;
#1293 = AXIS2_PLACEMENT_3D ( 'NONE', #3581, #1497, #2880 ) ;
#1294 = VERTEX_POINT ( 'NONE', #3159 ) ;
#1295 = ORIENTED_EDGE ( 'NONE', *, *, #114, .F. ) ;
#1296 = VECTOR ( 'NONE', #939, 1000.000000000000000 ) ;
#1297 = FACE_BOUND ( 'NONE', #2234, .T. ) ;
#1298 = DIRECTION ( 'NONE',  ( -0.000000000000000000, -0.000000000000000000, 1.000000000000000000 ) ) ;
#1299 = AXIS2_PLACEMENT_3D ( 'NONE', #3156, #933, #2059 ) ;
#1300 = CARTESIAN_POINT ( 'NONE',  ( 22.00000000000000000, 9.999999999999996447, 0.000000000000000000 ) ) ;
#1301 = VECTOR ( 'NONE', #1404, 1000.000000000000000 ) ;
#1302 = ORIENTED_EDGE ( 'NONE', *, *, #739, .F. ) ;
#1303 = CIRCLE ( 'NONE', #2190, 5.250000000000000888 ) ;
#1304 = EDGE_CURVE ( 'NONE', #2722, #93, #2902, .T. ) ;
#1305 = ORIENTED_EDGE ( 'NONE', *, *, #2098, .T. ) ;
#1306 = DIRECTION ( 'NONE',  ( -0.000000000000000000, -0.000000000000000000, -1.000000000000000000 ) ) ;
#1307 = DIRECTION ( 'NONE',  ( 0.9238795325112865164, 0.3826834323650902259, 0.000000000000000000 ) ) ;
#1308 = ORIENTED_EDGE ( 'NONE', *, *, #2769, .T. ) ;
#1309 = AXIS2_PLACEMENT_3D ( 'NONE', #2492, #472, #3586 ) ;
#1310 = ADVANCED_FACE ( 'NONE', ( #985 ), #638, .F. ) ;
#1311 = AXIS2_PLACEMENT_3D ( 'NONE', #3303, #2753, #2518 ) ;
#1312 = CARTESIAN_POINT ( 'NONE',  ( -11.13883476483189305, 8.838834764831794644, 1.499999999999999556 ) ) ;
#1313 = DIRECTION ( 'NONE',  ( -0.9238795325112865164, 0.3826834323650902259, 0.000000000000000000 ) ) ;
#1314 = ORIENTED_EDGE ( 'NONE', *, *, #275, .T. ) ;
#1315 = EDGE_CURVE ( 'NONE', #1131, #2451, #2116, .T. ) ;
#1316 = ORIENTED_EDGE ( 'NONE', *, *, #230, .F. ) ;
#1317 = EDGE_LOOP ( 'NONE', ( #989, #151 ) ) ;
#1318 = CARTESIAN_POINT ( 'NONE',  ( 17.67766952966359639, -17.67766952966378113, 4.000000000000000000 ) ) ;
#1319 = CARTESIAN_POINT ( 'NONE',  ( -1.745740669421566678E-13, -25.00000000000000000, 0.000000000000000000 ) ) ;
#1320 = DIRECTION ( 'NONE',  ( -0.000000000000000000, -0.000000000000000000, 1.000000000000000000 ) ) ;
#1321 = ORIENTED_EDGE ( 'NONE', *, *, #2923, .F. ) ;
#1322 = ORIENTED_EDGE ( 'NONE', *, *, #71, .F. ) ;
#1323 = DIRECTION ( 'NONE',  ( 1.000000000000000000, 0.000000000000000000, 0.000000000000000000 ) ) ;
#1324 = CARTESIAN_POINT ( 'NONE',  ( 0.000000000000000000, 25.00000000000000000, 4.000000000000000000 ) ) ;
#1325 = EDGE_LOOP ( 'NONE', ( #246, #2065, #2072, #1907 ) ) ;
#1326 = ORIENTED_EDGE ( 'NONE', *, *, #1061, .T. ) ;
#1327 = CARTESIAN_POINT ( 'NONE',  ( 0.000000000000000000, 25.00000000000000000, 4.000000000000000000 ) ) ;
#1328 = DIRECTION ( 'NONE',  ( 0.000000000000000000, 0.000000000000000000, 1.000000000000000000 ) ) ;
#1329 = CARTESIAN_POINT ( 'NONE',  ( 0.000000000000000000, 0.000000000000000000, 0.000000000000000000 ) ) ;
#1330 = EDGE_CURVE ( 'NONE', #828, #2556, #3188, .T. ) ;
#1331 = ORIENTED_EDGE ( 'NONE', *, *, #3036, .F. ) ;
#1332 = ORIENTED_EDGE ( 'NONE', *, *, #3146, .F. ) ;
#1333 = DIRECTION ( 'NONE',  ( 0.000000000000000000, 0.000000000000000000, 1.000000000000000000 ) ) ;
#1334 = EDGE_CURVE ( 'NONE', #871, #2133, #2866, .T. ) ;
#1335 = CARTESIAN_POINT ( 'NONE',  ( 22.00000000000000000, 9.999999999999996447, 15.98528137423857487 ) ) ;
#1336 = DIRECTION ( 'NONE',  ( 0.3826834323650906144, -0.9238795325112865164, -0.000000000000000000 ) ) ;
#1337 = DIRECTION ( 'NONE',  ( -0.000000000000000000, -0.000000000000000000, 1.000000000000000000 ) ) ;
#1338 = ORIENTED_EDGE ( 'NONE', *, *, #1866, .F. ) ;
#1339 = VERTEX_POINT ( 'NONE', #3178 ) ;
#1340 = DIRECTION ( 'NONE',  ( 0.000000000000000000, 0.000000000000000000, 1.000000000000000000 ) ) ;
#1341 = DIRECTION ( 'NONE',  ( 0.9238795325112865164, 0.3826834323650902259, 0.000000000000000000 ) ) ;
#1342 = PRODUCT_CONTEXT ( 'NONE', #3501, 'mechanical' ) ;
#1343 = VERTEX_POINT ( 'NONE', #955 ) ;
#1344 = AXIS2_PLACEMENT_3D ( 'NONE', #2655, #1241, #438 ) ;
#1345 = DIRECTION ( 'NONE',  ( 0.000000000000000000, 0.000000000000000000, -1.000000000000000000 ) ) ;
#1346 = CARTESIAN_POINT ( 'NONE',  ( 8.112888766139921159, -19.58624608923927113, 4.099999999999999645 ) ) ;
#1347 = DIRECTION ( 'NONE',  ( -0.9238795325112839629, -0.3826834323650967762, 0.000000000000000000 ) ) ;
#1348 = EDGE_LOOP ( 'NONE', ( #1708, #2953, #450, #1482 ) ) ;
#1349 = VECTOR ( 'NONE', #803, 1000.000000000000000 ) ;
#1350 = ORIENTED_EDGE ( 'NONE', *, *, #2096, .T. ) ;
#1351 = EDGE_CURVE ( 'NONE', #2913, #3429, #1904, .T. ) ;
#1352 = CARTESIAN_POINT ( 'NONE',  ( 29.13721677043818659, -10.49430609365684219, 0.9694666004254438585 ) ) ;
#1353 = CIRCLE ( 'NONE', #3346, 5.250000000000000000 ) ;
#1354 = CARTESIAN_POINT ( 'NONE',  ( 0.000000000000000000, 25.00000000000000000, 4.000000000000000000 ) ) ;
#1355 = EDGE_CURVE ( 'NONE', #3609, #3496, #1353, .T. ) ;
#1356 = CIRCLE ( 'NONE', #644, 2.100000000000000089 ) ;
#1357 = PLANE ( 'NONE',  #601 ) ;
#1358 = DIRECTION ( 'NONE',  ( -0.3826834323650970537, 0.9238795325112838519, 8.326672684688674053E-17 ) ) ;
#1359 = AXIS2_PLACEMENT_3D ( 'NONE', #3180, #1785, #731 ) ;
#1360 = ADVANCED_FACE ( 'NONE', ( #88 ), #59, .F. ) ;
#1361 = EDGE_LOOP ( 'NONE', ( #2091, #563, #2678, #1113, #2306 ) ) ;
#1362 = DIRECTION ( 'NONE',  ( -1.000000000000000000, 0.000000000000000000, 0.000000000000000000 ) ) ;
#1363 = CYLINDRICAL_SURFACE ( 'NONE', #2317, 5.250000000000000000 ) ;
#1364 = CARTESIAN_POINT ( 'NONE',  ( -5.250000000000174971, -25.00000000000000000, 7.500000000000000000 ) ) ;
#1365 = ORIENTED_EDGE ( 'NONE', *, *, #1330, .T. ) ;
#1366 = AXIS2_PLACEMENT_3D ( 'NONE', #498, #474, #2449 ) ;
#1367 = AXIS2_PLACEMENT_3D ( 'NONE', #413, #3179, #1254 ) ;
#1368 = LINE ( 'NONE', #205, #314 ) ;
#1369 = CARTESIAN_POINT ( 'NONE',  ( 5.250000000000000000, 25.00000000000000000, 4.000000000000000000 ) ) ;
#1370 = CARTESIAN_POINT ( 'NONE',  ( -11.13883476483189305, 8.838834764831794644, 1.499999999999999556 ) ) ;
#1371 = AXIS2_PLACEMENT_3D ( 'NONE', #1651, #2732, #543 ) ;
#1372 = ORIENTED_EDGE ( 'NONE', *, *, #2813, .T. ) ;
#1373 = CIRCLE ( 'NONE', #663, 1.000000000000000888 ) ;
#1374 = CARTESIAN_POINT ( 'NONE',  ( 8.099999999999999645, 0.000000000000000000, 6.500000000000002665 ) ) ;
#1375 = CARTESIAN_POINT ( 'NONE',  ( -17.67766952966358573, 17.67766952966378824, 0.3500000000000150213 ) ) ;
#1376 = VECTOR ( 'NONE', #1710, 1000.000000000000000 ) ;
#1377 = EDGE_LOOP ( 'NONE', ( #2071, #2368 ) ) ;
#1378 = CARTESIAN_POINT ( 'NONE',  ( -31.50000000000000000, 0.000000000000000000, 7.500000000000000000 ) ) ;
#1379 = CARTESIAN_POINT ( 'NONE',  ( 17.67766952966372074, 17.67766952966366034, 4.000000000000000000 ) ) ;
#1380 = EDGE_CURVE ( 'NONE', #1578, #1881, #2244, .T. ) ;
#1381 = VERTEX_POINT ( 'NONE', #1557 ) ;
#1382 = CARTESIAN_POINT ( 'NONE',  ( 0.000000000000000000, 0.000000000000000000, 4.299999999999999822 ) ) ;
#1383 = ADVANCED_FACE ( 'NONE', ( #105, #1795 ), #160, .T. ) ;
#1384 = CARTESIAN_POINT ( 'NONE',  ( 3.200000000000000622, 25.00000000000000000, 0.5000000000000247580 ) ) ;
#1385 = DIRECTION ( 'NONE',  ( 0.000000000000000000, 0.000000000000000000, -1.000000000000000000 ) ) ;
#1386 = EDGE_LOOP ( 'NONE', ( #1322, #2080 ) ) ;
#1387 = ORIENTED_EDGE ( 'NONE', *, *, #1672, .F. ) ;
#1388 = DIRECTION ( 'NONE',  ( 1.000000000000000000, 0.000000000000000000, 0.000000000000000000 ) ) ;
#1389 = DIRECTION ( 'NONE',  ( 1.000000000000000000, 0.000000000000000000, 0.000000000000000000 ) ) ;
#1390 = CARTESIAN_POINT ( 'NONE',  ( -1.745740669421566678E-13, -25.00000000000000000, 4.000000000000000000 ) ) ;
#1391 = AXIS2_PLACEMENT_3D ( 'NONE', #374, #1150, #1734 ) ;
#1392 = VERTEX_POINT ( 'NONE', #144 ) ;
#1393 = CARTESIAN_POINT ( 'NONE',  ( -22.92766952966384508, -17.67766952966353600, 7.500000000000000000 ) ) ;
#1394 = DIRECTION ( 'NONE',  ( -0.000000000000000000, -0.000000000000000000, -1.000000000000000000 ) ) ;
#1395 = CARTESIAN_POINT ( 'NONE',  ( -28.19999999999999929, 2.618611004132350143E-13, 0.5000000000000177636 ) ) ;
#1396 = DIRECTION ( 'NONE',  ( 0.000000000000000000, 0.000000000000000000, -1.000000000000000000 ) ) ;
#1397 = ORIENTED_EDGE ( 'NONE', *, *, #2510, .T. ) ;
#1398 = EDGE_CURVE ( 'NONE', #1514, #936, #2115, .T. ) ;
#1399 = DIRECTION ( 'NONE',  ( -0.000000000000000000, -0.000000000000000000, 1.000000000000000000 ) ) ;
#1400 = CIRCLE ( 'NONE', #571, 5.250000000000000888 ) ;
#1401 = ORIENTED_EDGE ( 'NONE', *, *, #2876, .T. ) ;
#1402 = EDGE_CURVE ( 'NONE', #375, #2284, #15, .T. ) ;
#1403 = CARTESIAN_POINT ( 'NONE',  ( 7.932811651156391974, 30.48475847546241013, 1.499999999999989564 ) ) ;
#1404 = DIRECTION ( 'NONE',  ( -0.000000000000000000, -0.000000000000000000, 1.000000000000000000 ) ) ;
#1405 = CARTESIAN_POINT ( 'NONE',  ( 20.87766952966372003, 17.67766952966366034, 16.55096679918781177 ) ) ;
#1406 = AXIS2_PLACEMENT_3D ( 'NONE', #2127, #2909, #2073 ) ;
#1407 = ADVANCED_FACE ( 'NONE', ( #2379 ), #641, .F. ) ;
#1408 = VERTEX_POINT ( 'NONE', #2084 ) ;
#1409 = CYLINDRICAL_SURFACE ( 'NONE', #877, 5.250000000000000888 ) ;
#1410 = CARTESIAN_POINT ( 'NONE',  ( -8.099999999999999645, 9.919639073093559228E-16, 4.299999999999999822 ) ) ;
#1411 = VECTOR ( 'NONE', #2032, 1000.000000000000114 ) ;
#1412 = CARTESIAN_POINT ( 'NONE',  ( -29.13721677043806224, -10.49430609365685640, 0.9694666004253319480 ) ) ;
#1413 = CYLINDRICAL_SURFACE ( 'NONE', #3573, 5.250000000000000888 ) ;
#1414 = ORIENTED_EDGE ( 'NONE', *, *, #341, .F. ) ;
#1415 = DIRECTION ( 'NONE',  ( 0.000000000000000000, 0.000000000000000000, 1.000000000000000000 ) ) ;
#1416 = ORIENTED_EDGE ( 'NONE', *, *, #819, .F. ) ;
#1417 = DIRECTION ( 'NONE',  ( -1.000000000000000000, 0.000000000000000000, 0.000000000000000000 ) ) ;
#1418 = CARTESIAN_POINT ( 'NONE',  ( -14.47766952966358645, 17.67766952966390193, 0.3500000000000150213 ) ) ;
#1419 = DIRECTION ( 'NONE',  ( 0.000000000000000000, 0.000000000000000000, 1.000000000000000000 ) ) ;
#1420 = EDGE_CURVE ( 'NONE', #1472, #121, #3489, .T. ) ;
#1421 = CIRCLE ( 'NONE', #1957, 8.099999999999999645 ) ;
#1422 = ORIENTED_EDGE ( 'NONE', *, *, #1823, .T. ) ;
#1423 = DIRECTION ( 'NONE',  ( 1.000000000000000000, 0.000000000000000000, 0.000000000000000000 ) ) ;
#1424 = CARTESIAN_POINT ( 'NONE',  ( -20.87766952966384437, -17.67766952966353600, 16.55096679918781177 ) ) ;
#1425 = ADVANCED_FACE ( 'NONE', ( #1253 ), #972, .F. ) ;
#1426 = ADVANCED_FACE ( 'NONE', ( #381 ), #113, .F. ) ;
#1427 = EDGE_LOOP ( 'NONE', ( #1941, #2442, #228, #1922 ) ) ;
#1428 = CIRCLE ( 'NONE', #843, 31.50000000000000000 ) ;
#1429 = AXIS2_PLACEMENT_3D ( 'NONE', #3232, #1542, #2121 ) ;
#1430 = CARTESIAN_POINT ( 'NONE',  ( 26.72705260246742043, -16.67110298923956435, 1.499999999999997113 ) ) ;
#1431 = CARTESIAN_POINT ( 'NONE',  ( 3.699999999999847855, -25.00000000000000000, 0.000000000000000000 ) ) ;
#1432 = VECTOR ( 'NONE', #1007, 1000.000000000000000 ) ;
#1433 = ORIENTED_EDGE ( 'NONE', *, *, #927, .F. ) ;
#1434 = VERTEX_POINT ( 'NONE', #528 ) ;
#1435 = LINE ( 'NONE', #2798, #2947 ) ;
#1436 = ORIENTED_EDGE ( 'NONE', *, *, #1315, .F. ) ;
#1437 = CYLINDRICAL_SURFACE ( 'NONE', #2263, 31.50000000000000000 ) ;
#1438 = DIRECTION ( 'NONE',  ( 1.000000000000000000, 0.000000000000000000, 0.000000000000000000 ) ) ;
#1439 = CARTESIAN_POINT ( 'NONE',  ( 0.000000000000000000, 0.000000000000000000, 4.299999999999999822 ) ) ;
#1440 = ORIENTED_EDGE ( 'NONE', *, *, #2794, .F. ) ;
#1441 = CARTESIAN_POINT ( 'NONE',  ( -20.87766952966384437, -17.67766952966353600, 4.000000000000000000 ) ) ;
#1442 = EDGE_CURVE ( 'NONE', #475, #444, #3054, .T. ) ;
#1443 = FACE_OUTER_BOUND ( 'NONE', #1427, .T. ) ;
#1444 = EDGE_CURVE ( 'NONE', #507, #1392, #2638, .T. ) ;
#1445 = CARTESIAN_POINT ( 'NONE',  ( 21.80000000000000071, -8.728703347107833388E-14, 16.55096679918781177 ) ) ;
#1446 = DIRECTION ( 'NONE',  ( 0.000000000000000000, 0.000000000000000000, 1.000000000000000000 ) ) ;
#1447 = CARTESIAN_POINT ( 'NONE',  ( 0.000000000000000000, 0.000000000000000000, 7.500000000000000000 ) ) ;
#1448 = EDGE_CURVE ( 'NONE', #2169, #1654, #1914, .T. ) ;
#1449 = VERTEX_POINT ( 'NONE', #1656 ) ;
#1450 = CARTESIAN_POINT ( 'NONE',  ( -8.838834764831892343, 8.838834764831794644, 7.500000000000000000 ) ) ;
#1451 = ORIENTED_EDGE ( 'NONE', *, *, #3231, .T. ) ;
#1452 = CARTESIAN_POINT ( 'NONE',  ( 5.249999999999825917, -25.00000000000000000, 4.000000000000000000 ) ) ;
#1453 = DIRECTION ( 'NONE',  ( 0.000000000000000000, 0.000000000000000000, 1.000000000000000000 ) ) ;
#1454 = LINE ( 'NONE', #3161, #360 ) ;
#1455 = ORIENTED_EDGE ( 'NONE', *, *, #1013, .T. ) ;
#1456 = FACE_OUTER_BOUND ( 'NONE', #3452, .T. ) ;
#1457 = FACE_OUTER_BOUND ( 'NONE', #995, .T. ) ;
#1458 = EDGE_CURVE ( 'NONE', #1392, #3436, #2780, .T. ) ;
#1459 = FACE_OUTER_BOUND ( 'NONE', #3053, .T. ) ;
#1460 = DIRECTION ( 'NONE',  ( 1.000000000000000000, 0.000000000000000000, 0.000000000000000000 ) ) ;
#1461 = CARTESIAN_POINT ( 'NONE',  ( 0.000000000000000000, 0.000000000000000000, -0.9999999999999847899 ) ) ;
#1462 = ADVANCED_FACE ( 'NONE', ( #2696 ), #2738, .F. ) ;
#1463 = DIRECTION ( 'NONE',  ( 0.000000000000000000, 0.000000000000000000, 1.000000000000000000 ) ) ;
#1464 = ORIENTED_EDGE ( 'NONE', *, *, #1846, .F. ) ;
#1465 = EDGE_CURVE ( 'NONE', #2979, #2685, #2763, .T. ) ;
#1466 = ORIENTED_EDGE ( 'NONE', *, *, #2746, .F. ) ;
#1467 = ORIENTED_EDGE ( 'NONE', *, *, #6, .T. ) ;
#1468 = CARTESIAN_POINT ( 'NONE',  ( -21.29999999999998295, 2.623142197289195166E-13, 0.000000000000000000 ) ) ;
#1469 = LINE ( 'NONE', #854, #3066 ) ;
#1470 = CARTESIAN_POINT ( 'NONE',  ( 25.00000000000000000, 9.999999999999996447, 1.000000000000013101 ) ) ;
#1471 = AXIS2_PLACEMENT_3D ( 'NONE', #2094, #3516, #1864 ) ;
#1472 = VERTEX_POINT ( 'NONE', #1573 ) ;
#1473 = CARTESIAN_POINT ( 'NONE',  ( -26.82450455585739135, -16.22790696437778379, 7.500000000000000000 ) ) ;
#1474 = VECTOR ( 'NONE', #1110, 1000.000000000000000 ) ;
#1475 = PLANE ( 'NONE',  #2335 ) ;
#1476 = AXIS2_PLACEMENT_3D ( 'NONE', #1879, #1961, #2472 ) ;
#1477 = LINE ( 'NONE', #2604, #2651 ) ;
#1478 = PLANE ( 'NONE',  #3448 ) ;
#1479 = FACE_BOUND ( 'NONE', #736, .T. ) ;
#1480 = AXIS2_PLACEMENT_3D ( 'NONE', #569, #2836, #1438 ) ;
#1481 = CIRCLE ( 'NONE', #1429, 5.250000000000000888 ) ;
#1482 = ORIENTED_EDGE ( 'NONE', *, *, #1735, .T. ) ;
#1483 = ORIENTED_EDGE ( 'NONE', *, *, #984, .F. ) ;
#1484 = CIRCLE ( 'NONE', #1541, 3.200000000000001066 ) ;
#1485 = EDGE_CURVE ( 'NONE', #2943, #3130, #791, .T. ) ;
#1486 = ORIENTED_EDGE ( 'NONE', *, *, #1964, .T. ) ;
#1487 = EDGE_CURVE ( 'NONE', #793, #2580, #827, .T. ) ;
#1488 = CARTESIAN_POINT ( 'NONE',  ( 11.93972308979082619, -28.82504141435213540, 4.099999999999999645 ) ) ;
#1489 = CYLINDRICAL_SURFACE ( 'NONE', #3182, 15.72499999999999964 ) ;
#1490 = LINE ( 'NONE', #332, #3005 ) ;
#1491 = ORIENTED_EDGE ( 'NONE', *, *, #3486, .T. ) ;
#1492 = DIRECTION ( 'NONE',  ( 0.000000000000000000, 0.000000000000000000, -1.000000000000000000 ) ) ;
#1493 = DIRECTION ( 'NONE',  ( 1.000000000000000000, 0.000000000000000000, -0.000000000000000000 ) ) ;
#1494 = EDGE_LOOP ( 'NONE', ( #1742, #2642, #1935, #3265 ) ) ;
#1495 = ORIENTED_EDGE ( 'NONE', *, *, #2114, .F. ) ;
#1496 = DIRECTION ( 'NONE',  ( 1.000000000000000000, 0.000000000000000000, 0.000000000000000000 ) ) ;
#1497 = DIRECTION ( 'NONE',  ( 0.000000000000000000, 0.000000000000000000, 1.000000000000000000 ) ) ;
#1498 = ORIENTED_EDGE ( 'NONE', *, *, #1092, .T. ) ;
#1499 = EDGE_LOOP ( 'NONE', ( #3025, #2615, #1219, #567, #436 ) ) ;
#1500 = EDGE_LOOP ( 'NONE', ( #3189, #2324 ) ) ;
#1501 = ADVANCED_FACE ( 'NONE', ( #3311 ), #2427, .F. ) ;
#1502 = CARTESIAN_POINT ( 'NONE',  ( -17.67766952966347205, 17.67766952966390193, 4.000000000000000000 ) ) ;
#1503 = DIRECTION ( 'NONE',  ( -0.000000000000000000, -0.000000000000000000, 1.000000000000000000 ) ) ;
#1504 = CARTESIAN_POINT ( 'NONE',  ( 11.13883476483189483, -8.838834764831794644, 1.499999999999999556 ) ) ;
#1505 = EDGE_CURVE ( 'NONE', #2854, #2804, #1895, .T. ) ;
#1506 = CYLINDRICAL_SURFACE ( 'NONE', #3009, 15.72499999999999964 ) ;
#1507 = CARTESIAN_POINT ( 'NONE',  ( -7.932811651156586485, 30.48475847546236395, 7.500000000000000000 ) ) ;
#1508 = EDGE_CURVE ( 'NONE', #2288, #150, #349, .T. ) ;
#1509 = ORIENTED_EDGE ( 'NONE', *, *, #2457, .F. ) ;
#1510 = FACE_OUTER_BOUND ( 'NONE', #3035, .T. ) ;
#1511 = FACE_BOUND ( 'NONE', #2005, .T. ) ;
#1512 = AXIS2_PLACEMENT_3D ( 'NONE', #1671, #1084, #3632 ) ;
#1513 = DIRECTION ( 'NONE',  ( 0.9238795325112865164, -0.3826834323650905589, 0.000000000000000000 ) ) ;
#1514 = VERTEX_POINT ( 'NONE', #508 ) ;
#1515 = CONICAL_SURFACE ( 'NONE', #696, 31.50000000000000000, 0.7853981633974506105 ) ;
#1516 = EDGE_LOOP ( 'NONE', ( #2761, #3366 ) ) ;
#1517 = CARTESIAN_POINT ( 'NONE',  ( -26.82450455585873783, -16.40149898516676430, 1.441074300894427118 ) ) ;
#1518 = FACE_BOUND ( 'NONE', #634, .T. ) ;
#1519 = DIRECTION ( 'NONE',  ( 0.000000000000000000, 0.000000000000000000, 1.000000000000000000 ) ) ;
#1520 = LINE ( 'NONE', #2648, #365 ) ;
#1521 = CARTESIAN_POINT ( 'NONE',  ( 17.67766952966359639, -17.67766952966378113, 4.000000000000000000 ) ) ;
#1522 = AXIS2_PLACEMENT_3D ( 'NONE', #3245, #966, #1513 ) ;
#1523 = ADVANCED_FACE ( 'NONE', ( #1634 ), #489, .F. ) ;
#1524 = ORIENTED_EDGE ( 'NONE', *, *, #3150, .F. ) ;
#1525 = EDGE_LOOP ( 'NONE', ( #2106, #3589 ) ) ;
#1526 = CARTESIAN_POINT ( 'NONE',  ( 18.99999999999999645, 9.999999999999996447, 7.500000000000000000 ) ) ;
#1527 = ADVANCED_FACE ( 'NONE', ( #2717 ), #1065, .F. ) ;
#1528 = DIRECTION ( 'NONE',  ( 1.000000000000000000, 0.000000000000000000, 0.000000000000000000 ) ) ;
#1529 = VECTOR ( 'NONE', #2527, 1000.000000000000000 ) ;
#1530 = CIRCLE ( 'NONE', #1774, 3.200000000000001066 ) ;
#1531 = CARTESIAN_POINT ( 'NONE',  ( -25.49058363597388777, -15.81866447894448768, 0.000000000000000000 ) ) ;
#1532 = ORIENTED_EDGE ( 'NONE', *, *, #2246, .F. ) ;
#1533 = ORIENTED_EDGE ( 'NONE', *, *, #1570, .T. ) ;
#1534 = ORIENTED_EDGE ( 'NONE', *, *, #2505, .F. ) ;
#1535 = AXIS2_PLACEMENT_3D ( 'NONE', #2903, #3228, #145 ) ;
#1536 = AXIS2_PLACEMENT_3D ( 'NONE', #1327, #1051, #533 ) ;
#1537 = AXIS2_PLACEMENT_3D ( 'NONE', #550, #3544, #529 ) ;
#1538 = DIRECTION ( 'NONE',  ( -0.000000000000000000, -0.000000000000000000, -1.000000000000000000 ) ) ;
#1539 = CARTESIAN_POINT ( 'NONE',  ( -8.099999999999999645, 9.919639073093559228E-16, 4.299999999999999822 ) ) ;
#1540 = CARTESIAN_POINT ( 'NONE',  ( 28.45240316781769252, -9.511085846314172088, 0.000000000000000000 ) ) ;
#1541 = AXIS2_PLACEMENT_3D ( 'NONE', #2724, #2447, #3565 ) ;
#1542 = DIRECTION ( 'NONE',  ( 0.000000000000000000, 0.000000000000000000, 1.000000000000000000 ) ) ;
#1543 = CARTESIAN_POINT ( 'NONE',  ( 11.93972308979082442, 28.82504141435213540, 4.099999999999999645 ) ) ;
#1544 = ORIENTED_EDGE ( 'NONE', *, *, #440, .F. ) ;
#1545 = ORIENTED_EDGE ( 'NONE', *, *, #2438, .T. ) ;
#1546 = ORIENTED_EDGE ( 'NONE', *, *, #1986, .F. ) ;
#1547 = ADVANCED_FACE ( 'NONE', ( #2443 ), #994, .F. ) ;
#1548 = DIRECTION ( 'NONE',  ( 0.000000000000000000, 0.000000000000000000, 1.000000000000000000 ) ) ;
#1549 = LINE ( 'NONE', #981, #1567 ) ;
#1550 = EDGE_CURVE ( 'NONE', #1049, #2340, #2877, .T. ) ;
#1551 = EDGE_CURVE ( 'NONE', #3134, #3520, #1175, .T. ) ;
#1552 = CARTESIAN_POINT ( 'NONE',  ( 26.67120962326255906, -16.75996948779999940, 7.500000000000000000 ) ) ;
#1553 = ORIENTED_EDGE ( 'NONE', *, *, #3435, .T. ) ;
#1554 = EDGE_CURVE ( 'NONE', #499, #589, #879, .T. ) ;
#1555 = AXIS2_PLACEMENT_3D ( 'NONE', #2731, #913, #26 ) ;
#1556 = ORIENTED_EDGE ( 'NONE', *, *, #2171, .F. ) ;
#1557 = CARTESIAN_POINT ( 'NONE',  ( -15.94663452842547180, 27.16532435324173989, 7.500000000000000000 ) ) ;
#1558 = DIRECTION ( 'NONE',  ( -0.000000000000000000, -0.000000000000000000, -1.000000000000000000 ) ) ;
#1559 = CARTESIAN_POINT ( 'NONE',  ( 29.13721677043818659, -10.49430609365684219, 0.9694666004254438585 ) ) ;
#1560 = CARTESIAN_POINT ( 'NONE',  ( -5.250000000000000000, 25.00000000000000000, 4.000000000000000000 ) ) ;
#1561 = CARTESIAN_POINT ( 'NONE',  ( 0.000000000000000000, 0.000000000000000000, 7.500000000000000000 ) ) ;
#1562 = ORIENTED_EDGE ( 'NONE', *, *, #1112, .T. ) ;
#1563 = VERTEX_POINT ( 'NONE', #3191 ) ;
#1564 = VERTEX_POINT ( 'NONE', #2861 ) ;
#1565 = FACE_BOUND ( 'NONE', #943, .T. ) ;
#1566 = DIRECTION ( 'NONE',  ( 0.000000000000000000, 0.000000000000000000, 1.000000000000000000 ) ) ;
#1567 = VECTOR ( 'NONE', #705, 1000.000000000000000 ) ;
#1568 = EDGE_CURVE ( 'NONE', #709, #3014, #101, .T. ) ;
#1569 = LINE ( 'NONE', #408, #3293 ) ;
#1570 = EDGE_CURVE ( 'NONE', #2789, #1434, #3443, .T. ) ;
#1571 = ORIENTED_EDGE ( 'NONE', *, *, #2797, .F. ) ;
#1572 = ORIENTED_EDGE ( 'NONE', *, *, #396, .F. ) ;
#1573 = CARTESIAN_POINT ( 'NONE',  ( 26.67120962326255906, -16.75996948779999940, 1.499999999999994449 ) ) ;
#1574 = AXIS2_PLACEMENT_3D ( 'NONE', #3409, #82, #704 ) ;
#1575 = DIRECTION ( 'NONE',  ( 1.000000000000000000, 0.000000000000000000, 0.000000000000000000 ) ) ;
#1576 = CARTESIAN_POINT ( 'NONE',  ( 28.92292943268256877, -10.50498824521304186, 1.000000000000016431 ) ) ;
#1577 = ORIENTED_EDGE ( 'NONE', *, *, #1890, .T. ) ;
#1578 = VERTEX_POINT ( 'NONE', #83 ) ;
#1579 = EDGE_LOOP ( 'NONE', ( #28, #1924, #3031, #2721, #2747, #759, #1600 ) ) ;
#1580 = DIRECTION ( 'NONE',  ( 0.7071067811865457964, -0.7071067811865491270, 0.000000000000000000 ) ) ;
#1581 = CARTESIAN_POINT ( 'NONE',  ( 8.099999999999999645, 0.000000000000000000, 6.500000000000002665 ) ) ;
#1582 = AXIS2_PLACEMENT_3D ( 'NONE', #3505, #2664, #430 ) ;
#1583 = ORIENTED_EDGE ( 'NONE', *, *, #2945, .T. ) ;
#1584 = ORIENTED_EDGE ( 'NONE', *, *, #43, .F. ) ;
#1585 = VECTOR ( 'NONE', #1089, 1000.000000000000000 ) ;
#1586 = FACE_BOUND ( 'NONE', #3092, .T. ) ;
#1587 = CYLINDRICAL_SURFACE ( 'NONE', #2974, 5.250000000000000000 ) ;
#1588 = FACE_OUTER_BOUND ( 'NONE', #566, .T. ) ;
#1589 = AXIS2_PLACEMENT_3D ( 'NONE', #1543, #3494, #1313 ) ;
#1590 = ORIENTED_EDGE ( 'NONE', *, *, #1630, .F. ) ;
#1591 = VERTEX_POINT ( 'NONE', #3069 ) ;
#1592 = CIRCLE ( 'NONE', #3122, 3.200000000000001066 ) ;
#1593 = VERTEX_POINT ( 'NONE', #2623 ) ;
#1594 = EDGE_CURVE ( 'NONE', #3518, #2467, #948, .T. ) ;
#1595 = DIRECTION ( 'NONE',  ( -0.9238795325112865164, 0.3826834323650905589, 0.000000000000000000 ) ) ;
#1596 = CARTESIAN_POINT ( 'NONE',  ( -14.47766952966384224, -17.67766952966353600, 4.000000000000000000 ) ) ;
#1597 = CIRCLE ( 'NONE', #11, 5.250000000000000000 ) ;
#1598 = ORIENTED_EDGE ( 'NONE', *, *, #1827, .F. ) ;
#1599 = ORIENTED_EDGE ( 'NONE', *, *, #656, .F. ) ;
#1600 = ORIENTED_EDGE ( 'NONE', *, *, #2585, .T. ) ;
#1601 = VECTOR ( 'NONE', #418, 1000.000000000000000 ) ;
#1602 = EDGE_CURVE ( 'NONE', #1793, #2242, #1170, .T. ) ;
#1603 = CARTESIAN_POINT ( 'NONE',  ( 5.250000000000000000, 25.00000000000000000, 7.500000000000000000 ) ) ;
#1604 = AXIS2_PLACEMENT_3D ( 'NONE', #583, #2326, #3089 ) ;
#1605 = DIRECTION ( 'NONE',  ( 0.3826834323650906700, -0.9238795325112865164, 8.326672684688674053E-17 ) ) ;
#1606 = DIRECTION ( 'NONE',  ( 1.000000000000000000, 0.000000000000000000, 0.000000000000000000 ) ) ;
#1607 = ORIENTED_EDGE ( 'NONE', *, *, #1923, .T. ) ;
#1608 = ORIENTED_EDGE ( 'NONE', *, *, #1244, .F. ) ;
#1609 = DIRECTION ( 'NONE',  ( 0.9238795325112864054, 0.3826834323650906144, 0.000000000000000000 ) ) ;
#1610 = DIRECTION ( 'NONE',  ( 1.000000000000000000, 0.000000000000000000, 0.000000000000000000 ) ) ;
#1611 = CARTESIAN_POINT ( 'NONE',  ( -6.172741747866217210, -20.38988129720596021, 4.099999999999999645 ) ) ;
#1612 = FACE_OUTER_BOUND ( 'NONE', #1214, .T. ) ;
#1613 = EDGE_LOOP ( 'NONE', ( #612, #3041, #2495, #3569 ) ) ;
#1614 = VERTEX_POINT ( 'NONE', #2566 ) ;
#1615 = VERTEX_POINT ( 'NONE', #3461 ) ;
#1616 = DIRECTION ( 'NONE',  ( -1.000000000000000000, 0.000000000000000000, 0.000000000000000000 ) ) ;
#1617 = DIRECTION ( 'NONE',  ( 0.000000000000000000, 0.000000000000000000, -1.000000000000000000 ) ) ;
#1618 = DIRECTION ( 'NONE',  ( 1.000000000000000000, 0.000000000000000000, 0.000000000000000000 ) ) ;
#1619 = ORIENTED_EDGE ( 'NONE', *, *, #2914, .T. ) ;
#1620 = VECTOR ( 'NONE', #3094, 1000.000000000000000 ) ;
#1621 = EDGE_CURVE ( 'NONE', #3024, #210, #1223, .T. ) ;
#1622 = DIRECTION ( 'NONE',  ( -0.3826834323650905589, -0.9238795325112865164, 8.326672684688674053E-17 ) ) ;
#1623 = CARTESIAN_POINT ( 'NONE',  ( -17.67766952966347205, 17.67766952966390193, 4.000000000000000000 ) ) ;
#1624 = DIRECTION ( 'NONE',  ( 1.000000000000000000, 0.000000000000000000, 0.000000000000000000 ) ) ;
#1625 = ADVANCED_FACE ( 'NONE', ( #917 ), #2627, .F. ) ;
#1626 = ORIENTED_EDGE ( 'NONE', *, *, #1222, .F. ) ;
#1627 = ORIENTED_EDGE ( 'NONE', *, *, #795, .T. ) ;
#1628 = CARTESIAN_POINT ( 'NONE',  ( 28.99619714615776545, -10.50921866070472177, 1.000000000000016431 ) ) ;
#1629 = LINE ( 'NONE', #804, #1683 ) ;
#1630 = EDGE_CURVE ( 'NONE', #3605, #175, #3390, .T. ) ;
#1631 = DIRECTION ( 'NONE',  ( 1.000000000000000000, 0.000000000000000000, 0.000000000000000000 ) ) ;
#1632 = CARTESIAN_POINT ( 'NONE',  ( 5.250000000000000000, 25.00000000000000000, 4.000000000000000000 ) ) ;
#1633 = ORIENTED_EDGE ( 'NONE', *, *, #52, .F. ) ;
#1634 = FACE_OUTER_BOUND ( 'NONE', #2706, .T. ) ;
#1635 = CARTESIAN_POINT ( 'NONE',  ( -28.45240316781769252, -9.511085846314172088, 0.000000000000000000 ) ) ;
#1636 = ORIENTED_EDGE ( 'NONE', *, *, #1713, .F. ) ;
#1637 = ORIENTED_EDGE ( 'NONE', *, *, #2411, .F. ) ;
#1638 = VECTOR ( 'NONE', #594, 1000.000000000000000 ) ;
#1639 = DIRECTION ( 'NONE',  ( 0.000000000000000000, 0.000000000000000000, 1.000000000000000000 ) ) ;
#1640 = DIRECTION ( 'NONE',  ( 1.000000000000000000, 0.000000000000000000, -0.000000000000000000 ) ) ;
#1641 = CARTESIAN_POINT ( 'NONE',  ( -29.93075528434977173, -9.818344468817956638, 7.500000000000000000 ) ) ;
#1642 = VERTEX_POINT ( 'NONE', #2338 ) ;
#1643 = AXIS2_PLACEMENT_3D ( 'NONE', #3336, #1333, #3059 ) ;
#1644 = ORIENTED_EDGE ( 'NONE', *, *, #3192, .F. ) ;
#1645 = DIRECTION ( 'NONE',  ( -0.000000000000000000, -0.000000000000000000, 1.000000000000000000 ) ) ;
#1646 = AXIS2_PLACEMENT_3D ( 'NONE', #2915, #711, #691 ) ;
#1647 = EDGE_CURVE ( 'NONE', #1339, #1166, #2039, .T. ) ;
#1648 = CARTESIAN_POINT ( 'NONE',  ( -9.268448797368101566, 29.93151945509226053, 1.300952380952379528 ) ) ;
#1649 = VECTOR ( 'NONE', #1255, 1000.000000000000000 ) ;
#1650 = ADVANCED_FACE ( 'NONE', ( #3154, #3342, #1954, #2796, #1757, #47, #2584, #356, #378, #66, #1511, #932, #1192, #2231, #1479, #2057 ), #388, .T. ) ;
#1651 = CARTESIAN_POINT ( 'NONE',  ( -1.745740669421566678E-13, -25.00000000000000000, 16.55096679918781177 ) ) ;
#1652 = CYLINDRICAL_SURFACE ( 'NONE', #51, 3.200000000000001510 ) ;
#1653 = CIRCLE ( 'NONE', #353, 5.250000000000000888 ) ;
#1654 = VERTEX_POINT ( 'NONE', #2321 ) ;
#1655 =( GEOMETRIC_REPRESENTATION_CONTEXT ( 3 ) GLOBAL_UNCERTAINTY_ASSIGNED_CONTEXT ( ( #3256 ) ) GLOBAL_UNIT_ASSIGNED_CONTEXT ( ( #3166, #385, #735 ) ) REPRESENTATION_CONTEXT ( 'NONE', 'WORKASPACE' ) );
#1656 = CARTESIAN_POINT ( 'NONE',  ( -11.13883476483179358, -8.838834764831895896, 7.500000000000000000 ) ) ;
#1657 = LINE ( 'NONE', #750, #366 ) ;
#1658 = DIRECTION ( 'NONE',  ( -0.7071067811865450192, 0.000000000000000000, -0.7071067811865500152 ) ) ;
#1659 = ORIENTED_EDGE ( 'NONE', *, *, #2267, .F. ) ;
#1660 = AXIS2_PLACEMENT_3D ( 'NONE', #887, #2544, #2292 ) ;
#1661 = AXIS2_PLACEMENT_3D ( 'NONE', #1814, #2380, #107 ) ;
#1662 = FACE_OUTER_BOUND ( 'NONE', #1048, .T. ) ;
#1663 = FACE_OUTER_BOUND ( 'NONE', #2156, .T. ) ;
#1664 = LINE ( 'NONE', #1405, #1529 ) ;
#1665 = CIRCLE ( 'NONE', #1081, 2.999999999999999112 ) ;
#1666 = EDGE_LOOP ( 'NONE', ( #3203, #1732 ) ) ;
#1667 = DIRECTION ( 'NONE',  ( 0.000000000000000000, 0.000000000000000000, -1.000000000000000000 ) ) ;
#1668 = CARTESIAN_POINT ( 'NONE',  ( 22.00000000000000000, 9.999999999999996447, 1.000000000000013101 ) ) ;
#1669 = EDGE_CURVE ( 'NONE', #1261, #328, #2995, .T. ) ;
#1670 = DIRECTION ( 'NONE',  ( 0.000000000000000000, 0.000000000000000000, 1.000000000000000000 ) ) ;
#1671 = CARTESIAN_POINT ( 'NONE',  ( 11.93972308979082442, 28.82504141435213540, 4.099999999999999645 ) ) ;
#1672 = EDGE_CURVE ( 'NONE', #2654, #2892, #2229, .T. ) ;
#1673 = ORIENTED_EDGE ( 'NONE', *, *, #136, .F. ) ;
#1674 = DIRECTION ( 'NONE',  ( 0.000000000000000000, 0.000000000000000000, -1.000000000000000000 ) ) ;
#1675 = CARTESIAN_POINT ( 'NONE',  ( 29.44902304292183004, -10.40870938101647880, 1.234002238372412075 ) ) ;
#1676 = CARTESIAN_POINT ( 'NONE',  ( 17.67766952966358573, 17.67766952966378824, 0.3499999999999995337 ) ) ;
#1677 = ADVANCED_FACE ( 'NONE', ( #405 ), #1587, .F. ) ;
#1678 = ORIENTED_EDGE ( 'NONE', *, *, #2923, .T. ) ;
#1679 = ORIENTED_EDGE ( 'NONE', *, *, #2236, .T. ) ;
#1680 = DIRECTION ( 'NONE',  ( 1.000000000000000000, 0.000000000000000000, 0.000000000000000000 ) ) ;
#1681 = CARTESIAN_POINT ( 'NONE',  ( -3.200000000000000622, 25.00000000000000000, 0.5000000000000247580 ) ) ;
#1682 = FACE_OUTER_BOUND ( 'NONE', #1499, .T. ) ;
#1683 = VECTOR ( 'NONE', #2791, 1000.000000000000000 ) ;
#1684 = ORIENTED_EDGE ( 'NONE', *, *, #2456, .F. ) ;
#1685 = CARTESIAN_POINT ( 'NONE',  ( 26.55587841689303730, -15.54593022328333518, 1.000000000000016431 ) ) ;
#1686 = DIRECTION ( 'NONE',  ( -0.9238795325112865164, 0.3826834323650905589, 0.000000000000000000 ) ) ;
#1687 = LINE ( 'NONE', #1611, #1194 ) ;
#1688 = DIRECTION ( 'NONE',  ( 1.000000000000000000, 0.000000000000000000, 0.000000000000000000 ) ) ;
#1689 = VERTEX_POINT ( 'NONE', #2146 ) ;
#1690 = EDGE_CURVE ( 'NONE', #2867, #996, #3334, .T. ) ;
#1691 = CARTESIAN_POINT ( 'NONE',  ( -21.79999999999999716, 2.622529873889621364E-13, 4.000000000000000000 ) ) ;
#1692 = ORIENTED_EDGE ( 'NONE', *, *, #465, .T. ) ;
#1693 = VECTOR ( 'NONE', #2074, 1000.000000000000000 ) ;
#1694 = EDGE_CURVE ( 'NONE', #2205, #1381, #2128, .T. ) ;
#1695 = DIRECTION ( 'NONE',  ( 1.000000000000000000, 0.000000000000000000, 0.000000000000000000 ) ) ;
#1696 = CARTESIAN_POINT ( 'NONE',  ( 7.932811651156397303, -30.48475847546241724, 1.499999999999994449 ) ) ;
#1697 = DIRECTION ( 'NONE',  ( 0.000000000000000000, 0.000000000000000000, 1.000000000000000000 ) ) ;
#1698 = AXIS2_PLACEMENT_3D ( 'NONE', #1949, #2754, #546 ) ;
#1699 = EDGE_LOOP ( 'NONE', ( #3167, #299, #3413, #2474 ) ) ;
#1700 = LINE ( 'NONE', #2577, #578 ) ;
#1701 = CARTESIAN_POINT ( 'NONE',  ( 26.68452074652526207, -15.71764021865635819, 0.9694666004253440494 ) ) ;
#1702 = AXIS2_PLACEMENT_3D ( 'NONE', #1132, #351, #1423 ) ;
#1703 = DIRECTION ( 'NONE',  ( -0.000000000000000000, -0.000000000000000000, -1.000000000000000000 ) ) ;
#1704 = DIRECTION ( 'NONE',  ( -0.000000000000000000, -0.000000000000000000, 1.000000000000000000 ) ) ;
#1705 = ORIENTED_EDGE ( 'NONE', *, *, #2350, .F. ) ;
#1706 = CIRCLE ( 'NONE', #2414, 1.000000000000000888 ) ;
#1707 = DIRECTION ( 'NONE',  ( 1.000000000000000000, 0.000000000000000000, 0.000000000000000000 ) ) ;
#1708 = ORIENTED_EDGE ( 'NONE', *, *, #914, .F. ) ;
#1709 = ADVANCED_FACE ( 'NONE', ( #2656 ), #1746, .F. ) ;
#1710 = DIRECTION ( 'NONE',  ( -0.000000000000000000, -0.000000000000000000, 1.000000000000000000 ) ) ;
#1711 = DIRECTION ( 'NONE',  ( -0.000000000000000000, -0.000000000000000000, 1.000000000000000000 ) ) ;
#1712 = CYLINDRICAL_SURFACE ( 'NONE', #128, 2.299999999999998046 ) ;
#1713 = EDGE_CURVE ( 'NONE', #442, #637, #3273, .T. ) ;
#1714 = VECTOR ( 'NONE', #2029, 1000.000000000000000 ) ;
#1715 = ORIENTED_EDGE ( 'NONE', *, *, #2528, .T. ) ;
#1716 = FACE_OUTER_BOUND ( 'NONE', #363, .T. ) ;
#1717 = DIRECTION ( 'NONE',  ( -1.000000000000000000, 0.000000000000000000, 0.000000000000000000 ) ) ;
#1718 = CIRCLE ( 'NONE', #596, 3.000000000000002665 ) ;
#1719 = ORIENTED_EDGE ( 'NONE', *, *, #2502, .T. ) ;
#1720 = CIRCLE ( 'NONE', #782, 5.250000000000000888 ) ;
#1721 = CARTESIAN_POINT ( 'NONE',  ( -11.13883476483179358, -8.838834764831895896, 1.499999999999999556 ) ) ;
#1722 = CONICAL_SURFACE ( 'NONE', #716, 8.099999999999999645, 0.7853981633974482790 ) ;
#1723 = DIRECTION ( 'NONE',  ( 0.7071067811865460184, 8.659560562354914369E-17, -0.7071067811865490160 ) ) ;
#1724 = CIRCLE ( 'NONE', #1082, 3.200000000000000622 ) ;
#1725 = ORIENTED_EDGE ( 'NONE', *, *, #1087, .F. ) ;
#1726 = CARTESIAN_POINT ( 'NONE',  ( 0.000000000000000000, 0.000000000000000000, -2.500000000000000000 ) ) ;
#1727 = ORIENTED_EDGE ( 'NONE', *, *, #2011, .F. ) ;
#1728 = EDGE_LOOP ( 'NONE', ( #2704, #1332, #12, #765 ) ) ;
#1729 = DIRECTION ( 'NONE',  ( 1.000000000000000000, 0.000000000000000000, 0.000000000000000000 ) ) ;
#1730 = DIRECTION ( 'NONE',  ( 1.000000000000000000, 0.000000000000000000, 0.000000000000000000 ) ) ;
#1731 = DIRECTION ( 'NONE',  ( 1.000000000000000000, 0.000000000000000000, 0.000000000000000000 ) ) ;
#1732 = ORIENTED_EDGE ( 'NONE', *, *, #2919, .F. ) ;
#1733 = DIRECTION ( 'NONE',  ( 0.000000000000000000, 0.000000000000000000, 1.000000000000000000 ) ) ;
#1734 = DIRECTION ( 'NONE',  ( 1.000000000000000000, 0.000000000000000000, 0.000000000000000000 ) ) ;
#1735 = EDGE_CURVE ( 'NONE', #1097, #679, #3155, .T. ) ;
#1736 = COLOUR_RGB ( '',0.7921568627450980005, 0.8196078431372548767, 0.9333333333333333481 ) ;
#1737 = CARTESIAN_POINT ( 'NONE',  ( 15.94663452842523554, -27.16532435324187844, 7.500000000000000000 ) ) ;
#1738 = CARTESIAN_POINT ( 'NONE',  ( -22.00000000000000000, 9.999999999999996447, 0.000000000000000000 ) ) ;
#1739 = EDGE_CURVE ( 'NONE', #217, #477, #685, .T. ) ;
#1740 = DIRECTION ( 'NONE',  ( 0.000000000000000000, 0.000000000000000000, -1.000000000000000000 ) ) ;
#1741 = ORIENTED_EDGE ( 'NONE', *, *, #790, .F. ) ;
#1742 = ORIENTED_EDGE ( 'NONE', *, *, #1827, .T. ) ;
#1743 = ORIENTED_EDGE ( 'NONE', *, *, #140, .T. ) ;
#1744 = ORIENTED_EDGE ( 'NONE', *, *, #2694, .F. ) ;
#1745 = CARTESIAN_POINT ( 'NONE',  ( -5.250000000000174971, -25.00000000000000000, 4.000000000000000000 ) ) ;
#1746 = CONICAL_SURFACE ( 'NONE', #1162, 3.700000000000022826, 0.7853981633974452814 ) ;
#1747 = CARTESIAN_POINT ( 'NONE',  ( 14.47766952966359710, -17.67766952966378113, 0.000000000000000000 ) ) ;
#1748 = CARTESIAN_POINT ( 'NONE',  ( 0.000000000000000000, 0.000000000000000000, 1.499999999999994449 ) ) ;
#1749 = VERTEX_POINT ( 'NONE', #999 ) ;
#1750 = CARTESIAN_POINT ( 'NONE',  ( 6.172741747866217210, 20.38988129720596021, 4.099999999999999645 ) ) ;
#1751 = DIRECTION ( 'NONE',  ( 0.000000000000000000, 0.000000000000000000, -1.000000000000000000 ) ) ;
#1752 = VERTEX_POINT ( 'NONE', #1806 ) ;
#1753 = DIRECTION ( 'NONE',  ( -1.000000000000000000, 0.000000000000000000, 0.000000000000000000 ) ) ;
#1754 = ADVANCED_FACE ( 'NONE', ( #1278 ), #3240, .F. ) ;
#1755 = AXIS2_PLACEMENT_3D ( 'NONE', #963, #3204, #457 ) ;
#1756 = DIRECTION ( 'NONE',  ( 1.000000000000000000, 0.000000000000000000, 0.000000000000000000 ) ) ;
#1757 = FACE_BOUND ( 'NONE', #2132, .T. ) ;
#1758 = EDGE_CURVE ( 'NONE', #2287, #2722, #1400, .T. ) ;
#1759 = LINE ( 'NONE', #2586, #241 ) ;
#1760 = ORIENTED_EDGE ( 'NONE', *, *, #3306, .T. ) ;
#1761 = ORIENTED_EDGE ( 'NONE', *, *, #2746, .T. ) ;
#1762 = AXIS2_PLACEMENT_3D ( 'NONE', #713, #2904, #163 ) ;
#1763 = DIRECTION ( 'NONE',  ( 0.000000000000000000, 0.000000000000000000, 1.000000000000000000 ) ) ;
#1764 = CARTESIAN_POINT ( 'NONE',  ( -8.838834764831892343, 8.838834764831794644, 7.500000000000000000 ) ) ;
#1765 = DIRECTION ( 'NONE',  ( 1.000000000000000000, 0.000000000000000000, 0.000000000000000000 ) ) ;
#1766 = ORIENTED_EDGE ( 'NONE', *, *, #2034, .T. ) ;
#1767 = CARTESIAN_POINT ( 'NONE',  ( 3.199999999999826095, -25.00000000000000000, 0.5000000000000247580 ) ) ;
#1768 = CIRCLE ( 'NONE', #3298, 3.200000000000000622 ) ;
#1769 = DIRECTION ( 'NONE',  ( 0.000000000000000000, 0.000000000000000000, 1.000000000000000000 ) ) ;
#1770 = ORIENTED_EDGE ( 'NONE', *, *, #3597, .F. ) ;
#1771 = CYLINDRICAL_SURFACE ( 'NONE', #893, 2.299999999999999822 ) ;
#1772 = DIRECTION ( 'NONE',  ( 1.000000000000000000, 0.000000000000000000, 0.000000000000000000 ) ) ;
#1773 = CARTESIAN_POINT ( 'NONE',  ( 0.000000000000000000, 0.000000000000000000, 0.000000000000000000 ) ) ;
#1774 = AXIS2_PLACEMENT_3D ( 'NONE', #2917, #394, #2646 ) ;
#1775 = ADVANCED_FACE ( 'NONE', ( #3004 ), #425, .F. ) ;
#1776 = CONICAL_SURFACE ( 'NONE', #2373, 2.999999999999999112, 0.7853981633974471688 ) ;
#1777 = VECTOR ( 'NONE', #851, 1000.000000000000000 ) ;
#1778 = DIRECTION ( 'NONE',  ( -0.000000000000000000, -0.000000000000000000, -1.000000000000000000 ) ) ;
#1779 = ORIENTED_EDGE ( 'NONE', *, *, #1264, .F. ) ;
#1780 = EDGE_CURVE ( 'NONE', #3599, #2288, #1549, .T. ) ;
#1781 = ORIENTED_EDGE ( 'NONE', *, *, #338, .T. ) ;
#1782 = CARTESIAN_POINT ( 'NONE',  ( -26.82450455585743043, -16.22790696437772695, 1.351220217269292201 ) ) ;
#1783 = EDGE_CURVE ( 'NONE', #1234, #3264, #3627, .T. ) ;
#1784 = DIRECTION ( 'NONE',  ( 0.000000000000000000, 0.000000000000000000, 1.000000000000000000 ) ) ;
#1785 = DIRECTION ( 'NONE',  ( -0.000000000000000000, -0.000000000000000000, 1.000000000000000000 ) ) ;
#1786 = ORIENTED_EDGE ( 'NONE', *, *, #3129, .T. ) ;
#1787 = DIRECTION ( 'NONE',  ( -0.000000000000000000, -0.000000000000000000, 1.000000000000000000 ) ) ;
#1788 = LINE ( 'NONE', #1581, #949 ) ;
#1789 = VERTEX_POINT ( 'NONE', #2671 ) ;
#1790 = FACE_OUTER_BOUND ( 'NONE', #27, .T. ) ;
#1791 = DIRECTION ( 'NONE',  ( 0.000000000000000000, 0.000000000000000000, 1.000000000000000000 ) ) ;
#1792 = LINE ( 'NONE', #215, #2122 ) ;
#1793 = VERTEX_POINT ( 'NONE', #2964 ) ;
#1794 = ADVANCED_FACE ( 'NONE', ( #3514 ), #2165, .F. ) ;
#1795 = FACE_OUTER_BOUND ( 'NONE', #635, .T. ) ;
#1796 = DIRECTION ( 'NONE',  ( -1.000000000000000000, 0.000000000000000000, 0.000000000000000000 ) ) ;
#1797 = CYLINDRICAL_SURFACE ( 'NONE', #3112, 5.250000000000000888 ) ;
#1798 = EDGE_CURVE ( 'NONE', #2097, #3605, #741, .T. ) ;
#1799 = ADVANCED_FACE ( 'NONE', ( #2982, #761 ), #3555, .T. ) ;
#1800 = LINE ( 'NONE', #1560, #1601 ) ;
#1801 = DIRECTION ( 'NONE',  ( 0.7071067811865500152, 8.659560562354962440E-17, -0.7071067811865451302 ) ) ;
#1802 = AXIS2_PLACEMENT_3D ( 'NONE', #3205, #3498, #1610 ) ;
#1803 = ORIENTED_EDGE ( 'NONE', *, *, #1351, .F. ) ;
#1804 = VERTEX_POINT ( 'NONE', #1039 ) ;
#1805 = CYLINDRICAL_SURFACE ( 'NONE', #3633, 2.100000000000000089 ) ;
#1806 = CARTESIAN_POINT ( 'NONE',  ( -20.87766952966384437, -17.67766952966353600, 0.000000000000000000 ) ) ;
#1807 = CIRCLE ( 'NONE', #344, 5.250000000000000888 ) ;
#1808 = CARTESIAN_POINT ( 'NONE',  ( -28.92292943268256877, -10.50498824521304186, 7.500000000000000000 ) ) ;
#1809 = ORIENTED_EDGE ( 'NONE', *, *, #862, .F. ) ;
#1810 = VECTOR ( 'NONE', #2855, 1000.000000000000000 ) ;
#1811 = ORIENTED_EDGE ( 'NONE', *, *, #25, .F. ) ;
#1812 = AXIS2_PLACEMENT_3D ( 'NONE', #1851, #2214, #3267 ) ;
#1813 = CARTESIAN_POINT ( 'NONE',  ( -24.99999999999999645, 2.618611004132350143E-13, 0.000000000000000000 ) ) ;
#1814 = CARTESIAN_POINT ( 'NONE',  ( 28.75000000000000000, -13.50000000000000355, 0.000000000000000000 ) ) ;
#1815 = LINE ( 'NONE', #2118, #1296 ) ;
#1816 = B_SPLINE_CURVE_WITH_KNOTS ( 'NONE', 3,
 ( #3284, #2931, #1847, #1531 ),
 .UNSPECIFIED., .F., .F.,
 ( 4, 4 ),
 ( 0.000000000000000000, 0.001541284274382596475 ),
 .UNSPECIFIED. ) ;
#1817 = EDGE_CURVE ( 'NONE', #1449, #477, #389, .T. ) ;
#1818 = CIRCLE ( 'NONE', #1359, 31.50000000000000000 ) ;
#1819 = CARTESIAN_POINT ( 'NONE',  ( 28.75000000000000000, -13.50000000000000355, 1.000000000000016431 ) ) ;
#1820 = CARTESIAN_POINT ( 'NONE',  ( 8.838834764831792867, 8.838834764831894120, 1.499999999999999556 ) ) ;
#1821 = ADVANCED_FACE ( 'NONE', ( #1946 ), #1980, .T. ) ;
#1822 = AXIS2_PLACEMENT_3D ( 'NONE', #1227, #379, #2322 ) ;
#1823 = EDGE_CURVE ( 'NONE', #2867, #195, #1115, .T. ) ;
#1824 = ORIENTED_EDGE ( 'NONE', *, *, #1398, .T. ) ;
#1825 = CARTESIAN_POINT ( 'NONE',  ( -28.70000000000001350, 2.618611004132350143E-13, 0.000000000000000000 ) ) ;
#1826 = DIRECTION ( 'NONE',  ( -0.000000000000000000, -0.000000000000000000, 1.000000000000000000 ) ) ;
#1827 = EDGE_CURVE ( 'NONE', #1166, #2467, #686, .T. ) ;
#1828 = CIRCLE ( 'NONE', #1660, 3.549999999999997602 ) ;
#1829 = VECTOR ( 'NONE', #38, 1000.000000000000000 ) ;
#1830 = CARTESIAN_POINT ( 'NONE',  ( -15.94663452842525686, -27.16532435324186778, 1.499999999999994449 ) ) ;
#1831 = EDGE_LOOP ( 'NONE', ( #3208, #2811, #738, #2197 ) ) ;
#1832 = AXIS2_PLACEMENT_3D ( 'NONE', #1932, #219, #2486 ) ;
#1833 = VECTOR ( 'NONE', #1703, 1000.000000000000000 ) ;
#1834 = CARTESIAN_POINT ( 'NONE',  ( -24.99999999999999645, 2.618611004132350143E-13, 0.5000000000000177636 ) ) ;
#1835 = FACE_OUTER_BOUND ( 'NONE', #2625, .T. ) ;
#1836 = CARTESIAN_POINT ( 'NONE',  ( -1.745740669421566678E-13, -25.00000000000000000, 4.000000000000000000 ) ) ;
#1837 = DIRECTION ( 'NONE',  ( 0.7071067811865462405, 8.659560562354915602E-17, -0.7071067811865489050 ) ) ;
#1838 = ADVANCED_FACE ( 'NONE', ( #3630 ), #2531, .F. ) ;
#1839 = DIRECTION ( 'NONE',  ( -0.9238795325112837409, -0.3826834323650969427, 0.000000000000000000 ) ) ;
#1840 = ORIENTED_EDGE ( 'NONE', *, *, #526, .T. ) ;
#1841 = ORIENTED_EDGE ( 'NONE', *, *, #2006, .F. ) ;
#1842 = ORIENTED_EDGE ( 'NONE', *, *, #2990, .T. ) ;
#1843 = FACE_OUTER_BOUND ( 'NONE', #1184, .T. ) ;
#1844 = ADVANCED_FACE ( 'NONE', ( #3321 ), #801, .F. ) ;
#1845 = CARTESIAN_POINT ( 'NONE',  ( 25.00000000000000000, -8.728703347107833388E-14, 0.000000000000000000 ) ) ;
#1846 = EDGE_CURVE ( 'NONE', #3130, #2205, #971, .T. ) ;
#1847 = CARTESIAN_POINT ( 'NONE',  ( -25.88556721633475632, -15.80623571644206393, 0.3290585188703601394 ) ) ;
#1848 = ORIENTED_EDGE ( 'NONE', *, *, #2213, .T. ) ;
#1849 = VECTOR ( 'NONE', #1751, 1000.000000000000000 ) ;
#1850 = ORIENTED_EDGE ( 'NONE', *, *, #25, .T. ) ;
#1851 = CARTESIAN_POINT ( 'NONE',  ( 17.67766952966359639, -17.67766952966378113, 16.55096679918781177 ) ) ;
#1852 = DIRECTION ( 'NONE',  ( 0.000000000000000000, 0.000000000000000000, 1.000000000000000000 ) ) ;
#1853 = DIRECTION ( 'NONE',  ( -1.000000000000000000, 0.000000000000000000, 0.000000000000000000 ) ) ;
#1854 = DIRECTION ( 'NONE',  ( -0.000000000000000000, -0.000000000000000000, 1.000000000000000000 ) ) ;
#1855 = FACE_OUTER_BOUND ( 'NONE', #2024, .T. ) ;
#1856 = ORIENTED_EDGE ( 'NONE', *, *, #1236, .T. ) ;
#1857 = PRODUCT_DEFINITION_CONTEXT ( 'detailed design', #313, 'design' ) ;
#1858 = ORIENTED_EDGE ( 'NONE', *, *, #1129, .T. ) ;
#1859 = DIRECTION ( 'NONE',  ( 1.000000000000000000, 0.000000000000000000, 0.000000000000000000 ) ) ;
#1860 = DIRECTION ( 'NONE',  ( 0.7071067811865467956, 0.000000000000000000, 0.7071067811865483499 ) ) ;
#1861 = AXIS2_PLACEMENT_3D ( 'NONE', #2687, #1023, #2419 ) ;
#1862 = B_SPLINE_CURVE_WITH_KNOTS ( 'NONE', 3,
 ( #2535, #826, #3613, #2809 ),
 .UNSPECIFIED., .F., .F.,
 ( 4, 4 ),
 ( 0.000000000000000000, 0.0002167151586156175220 ),
 .UNSPECIFIED. ) ;
#1863 = EDGE_CURVE ( 'NONE', #2556, #475, #1629, .T. ) ;
#1864 = DIRECTION ( 'NONE',  ( 1.000000000000000000, 0.000000000000000000, 0.000000000000000000 ) ) ;
#1865 = ORIENTED_EDGE ( 'NONE', *, *, #250, .T. ) ;
#1866 = EDGE_CURVE ( 'NONE', #2250, #2466, #2806, .T. ) ;
#1867 = ADVANCED_FACE ( 'NONE', ( #248 ), #1058, .F. ) ;
#1868 = EDGE_LOOP ( 'NONE', ( #1913, #744, #1880, #2161 ) ) ;
#1869 = AXIS2_PLACEMENT_3D ( 'NONE', #2670, #2944, #1859 ) ;
#1870 = ORIENTED_EDGE ( 'NONE', *, *, #1180, .T. ) ;
#1871 = CARTESIAN_POINT ( 'NONE',  ( 29.93075528434976817, -9.818344468817963744, 7.500000000000000000 ) ) ;
#1872 = VECTOR ( 'NONE', #334, 1000.000000000000000 ) ;
#1873 = CYLINDRICAL_SURFACE ( 'NONE', #2424, 1.000000000000000888 ) ;
#1874 = CARTESIAN_POINT ( 'NONE',  ( -7.932811651156373323, -30.48475847546242079, 7.500000000000000000 ) ) ;
#1875 = ORIENTED_EDGE ( 'NONE', *, *, #1024, .T. ) ;
#1876 = ORIENTED_EDGE ( 'NONE', *, *, #2524, .T. ) ;
#1877 = CARTESIAN_POINT ( 'NONE',  ( 14.47766952966359710, -17.67766952966378113, 4.000000000000000000 ) ) ;
#1878 = DIRECTION ( 'NONE',  ( 1.000000000000000000, 0.000000000000000000, 0.000000000000000000 ) ) ;
#1879 = CARTESIAN_POINT ( 'NONE',  ( -1.745740669421566678E-13, -25.00000000000000000, 4.000000000000000000 ) ) ;
#1880 = ORIENTED_EDGE ( 'NONE', *, *, #3036, .T. ) ;
#1881 = VERTEX_POINT ( 'NONE', #1926 ) ;
#1882 = CIRCLE ( 'NONE', #1178, 3.200000000000001510 ) ;
#1883 = LINE ( 'NONE', #3437, #1872 ) ;
#1884 = AXIS2_PLACEMENT_3D ( 'NONE', #3444, #1463, #2898 ) ;
#1885 = CARTESIAN_POINT ( 'NONE',  ( -8.838834764831794644, -8.838834764831895896, 7.500000000000000000 ) ) ;
#1886 = DIRECTION ( 'NONE',  ( -0.3826834323650905589, -0.9238795325112864054, -0.000000000000000000 ) ) ;
#1887 = B_SPLINE_CURVE_WITH_KNOTS ( 'NONE', 3,
 ( #1559, #2647, #3471, #1540 ),
 .UNSPECIFIED., .F., .F.,
 ( 4, 4 ),
 ( 0.000000000000000000, 0.001541284274382604281 ),
 .UNSPECIFIED. ) ;
#1888 = CARTESIAN_POINT ( 'NONE',  ( -25.82450455585738780, -16.22790696437778379, 7.500000000000000000 ) ) ;
#1889 = AXIS2_PLACEMENT_3D ( 'NONE', #1561, #3528, #2683 ) ;
#1890 = EDGE_CURVE ( 'NONE', #1642, #979, #3593, .T. ) ;
#1891 = EDGE_LOOP ( 'NONE', ( #2307, #2314, #1326, #1035 ) ) ;
#1892 = ORIENTED_EDGE ( 'NONE', *, *, #973, .F. ) ;
#1893 = EDGE_LOOP ( 'NONE', ( #1870, #799 ) ) ;
#1894 = EDGE_CURVE ( 'NONE', #258, #3446, #1267, .T. ) ;
#1895 = LINE ( 'NONE', #466, #1945 ) ;
#1896 = CARTESIAN_POINT ( 'NONE',  ( 29.85027249546943651, -10.01027407892335042, 1.483888013951149665 ) ) ;
#1897 = LINE ( 'NONE', #1874, #1585 ) ;
#1898 = AXIS2_PLACEMENT_3D ( 'NONE', #2153, #792, #2465 ) ;
#1899 = ORIENTED_EDGE ( 'NONE', *, *, #213, .T. ) ;
#1900 = CIRCLE ( 'NONE', #2199, 2.100000000000000089 ) ;
#1901 = AXIS2_PLACEMENT_3D ( 'NONE', #3394, #1143, #2569 ) ;
#1902 = EDGE_CURVE ( 'NONE', #195, #1343, #433, .T. ) ;
#1903 = PLANE ( 'NONE',  #1536 ) ;
#1904 = CIRCLE ( 'NONE', #1256, 3.200000000000001510 ) ;
#1905 = PLANE ( 'NONE',  #2067 ) ;
#1906 = CARTESIAN_POINT ( 'NONE',  ( -8.112888766140057939, 19.58624608923921784, 4.099999999999999645 ) ) ;
#1907 = ORIENTED_EDGE ( 'NONE', *, *, #1013, .F. ) ;
#1908 = VERTEX_POINT ( 'NONE', #269 ) ;
#1909 = DIRECTION ( 'NONE',  ( 0.9238795325112865164, -0.3826834323650902259, 0.000000000000000000 ) ) ;
#1910 = CARTESIAN_POINT ( 'NONE',  ( 21.29999999999998650, -8.728703347107833388E-14, 0.000000000000000000 ) ) ;
#1911 = CARTESIAN_POINT ( 'NONE',  ( -17.67766952966347205, 17.67766952966390193, 16.55096679918781177 ) ) ;
#1912 = CARTESIAN_POINT ( 'NONE',  ( 12.42766952966359639, -17.67766952966378113, 4.000000000000000000 ) ) ;
#1913 = ORIENTED_EDGE ( 'NONE', *, *, #2502, .F. ) ;
#1914 = LINE ( 'NONE', #1871, #3402 ) ;
#1915 = CARTESIAN_POINT ( 'NONE',  ( 29.29049018276686667, -10.46999660539260191, 1.105434374222445726 ) ) ;
#1916 = VERTEX_POINT ( 'NONE', #285 ) ;
#1917 = CIRCLE ( 'NONE', #3200, 3.000000000000002665 ) ;
#1918 = ADVANCED_FACE ( 'NONE', ( #3373 ), #2516, .F. ) ;
#1919 = CARTESIAN_POINT ( 'NONE',  ( -8.838834764831794644, -8.838834764831895896, 1.499999999999999556 ) ) ;
#1920 = CARTESIAN_POINT ( 'NONE',  ( 0.000000000000000000, 25.00000000000000000, 4.000000000000000000 ) ) ;
#1921 = CARTESIAN_POINT ( 'NONE',  ( 31.50000000000000000, 0.000000000000000000, 1.499999999999994449 ) ) ;
#1922 = ORIENTED_EDGE ( 'NONE', *, *, #3482, .F. ) ;
#1923 = EDGE_CURVE ( 'NONE', #3503, #1793, #2508, .T. ) ;
#1924 = ORIENTED_EDGE ( 'NONE', *, *, #2162, .T. ) ;
#1925 = FACE_OUTER_BOUND ( 'NONE', #852, .T. ) ;
#1926 = CARTESIAN_POINT ( 'NONE',  ( 17.99999999999999645, 9.999999999999996447, 0.000000000000000000 ) ) ;
#1927 = EDGE_CURVE ( 'NONE', #3387, #221, #2099, .T. ) ;
#1928 = DIRECTION ( 'NONE',  ( -0.000000000000000000, -0.000000000000000000, -1.000000000000000000 ) ) ;
#1929 = DIRECTION ( 'NONE',  ( 0.000000000000000000, 0.000000000000000000, -1.000000000000000000 ) ) ;
#1930 = EDGE_LOOP ( 'NONE', ( #3048, #2103 ) ) ;
#1931 = DIRECTION ( 'NONE',  ( 0.000000000000000000, 0.000000000000000000, -1.000000000000000000 ) ) ;
#1932 = CARTESIAN_POINT ( 'NONE',  ( -8.838834764831892343, 8.838834764831794644, 1.499999999999999556 ) ) ;
#1933 = DIRECTION ( 'NONE',  ( 0.3826834323650906700, -0.9238795325112865164, 8.326672684688674053E-17 ) ) ;
#1934 = ORIENTED_EDGE ( 'NONE', *, *, #494, .T. ) ;
#1935 = ORIENTED_EDGE ( 'NONE', *, *, #1398, .F. ) ;
#1936 = ORIENTED_EDGE ( 'NONE', *, *, #1140, .F. ) ;
#1937 = CARTESIAN_POINT ( 'NONE',  ( 30.25000000000000355, -8.728703347107833388E-14, 7.500000000000000000 ) ) ;
#1938 = CARTESIAN_POINT ( 'NONE',  ( 12.42766952966371719, 17.67766952966366034, 4.000000000000000000 ) ) ;
#1939 = DIRECTION ( 'NONE',  ( 0.000000000000000000, 0.000000000000000000, 1.000000000000000000 ) ) ;
#1940 = EDGE_CURVE ( 'NONE', #2580, #442, #3337, .T. ) ;
#1941 = ORIENTED_EDGE ( 'NONE', *, *, #991, .F. ) ;
#1942 = ORIENTED_EDGE ( 'NONE', *, *, #1174, .F. ) ;
#1943 = CARTESIAN_POINT ( 'NONE',  ( 15.94663452842523554, -27.16532435324187844, 7.500000000000000000 ) ) ;
#1944 = EDGE_CURVE ( 'NONE', #3599, #2784, #2500, .T. ) ;
#1945 = VECTOR ( 'NONE', #2134, 1000.000000000000000 ) ;
#1946 = FACE_OUTER_BOUND ( 'NONE', #2048, .T. ) ;
#1947 = AXIS2_PLACEMENT_3D ( 'NONE', #3051, #2507, #1618 ) ;
#1948 = DIRECTION ( 'NONE',  ( 0.9238795325112865164, 0.3826834323650902259, 0.000000000000000000 ) ) ;
#1949 = CARTESIAN_POINT ( 'NONE',  ( -17.67766952966384508, -17.67766952966353600, 4.000000000000000000 ) ) ;
#1950 = EDGE_CURVE ( 'NONE', #2133, #732, #600, .T. ) ;
#1951 = VECTOR ( 'NONE', #1172, 1000.000000000000114 ) ;
#1952 = ORIENTED_EDGE ( 'NONE', *, *, #255, .F. ) ;
#1953 = CIRCLE ( 'NONE', #1589, 2.100000000000000089 ) ;
#1954 = FACE_BOUND ( 'NONE', #2980, .T. ) ;
#1955 = FACE_OUTER_BOUND ( 'NONE', #673, .T. ) ;
#1956 = EDGE_LOOP ( 'NONE', ( #3287, #3457, #345, #2398 ) ) ;
#1957 = AXIS2_PLACEMENT_3D ( 'NONE', #1439, #2311, #77 ) ;
#1958 = AXIS2_PLACEMENT_3D ( 'NONE', #1623, #265, #1389 ) ;
#1959 = DIRECTION ( 'NONE',  ( -0.000000000000000000, -0.000000000000000000, 1.000000000000000000 ) ) ;
#1960 = LINE ( 'NONE', #1369, #1474 ) ;
#1961 = DIRECTION ( 'NONE',  ( 0.000000000000000000, 0.000000000000000000, 1.000000000000000000 ) ) ;
#1962 = CONICAL_SURFACE ( 'NONE', #954, 3.700000000000015721, 0.7853981633974452814 ) ;
#1963 = ORIENTED_EDGE ( 'NONE', *, *, #1817, .T. ) ;
#1964 = EDGE_CURVE ( 'NONE', #3429, #2913, #3087, .T. ) ;
#1965 = VECTOR ( 'NONE', #2592, 1000.000000000000000 ) ;
#1966 = FACE_OUTER_BOUND ( 'NONE', #2318, .T. ) ;
#1967 = CARTESIAN_POINT ( 'NONE',  ( -15.94663452842542561, 27.16532435324176475, 1.499999999999996669 ) ) ;
#1968 = CARTESIAN_POINT ( 'NONE',  ( 0.000000000000000000, 0.000000000000000000, 7.500000000000000000 ) ) ;
#1969 = EDGE_CURVE ( 'NONE', #1789, #386, #1032, .T. ) ;
#1970 = CARTESIAN_POINT ( 'NONE',  ( -29.73303425485698881, -10.17285195097724326, 1.425007336223659049 ) ) ;
#1971 = ORIENTED_EDGE ( 'NONE', *, *, #1236, .F. ) ;
#1972 = DIRECTION ( 'NONE',  ( -0.000000000000000000, -0.000000000000000000, -1.000000000000000000 ) ) ;
#1973 = VERTEX_POINT ( 'NONE', #2842 ) ;
#1974 = ORIENTED_EDGE ( 'NONE', *, *, #255, .T. ) ;
#1975 = CARTESIAN_POINT ( 'NONE',  ( 25.00000000000000000, -8.728703347107833388E-14, 4.000000000000000000 ) ) ;
#1976 = CARTESIAN_POINT ( 'NONE',  ( -28.92292943268256877, -10.50498824521304186, 15.98528137423856776 ) ) ;
#1977 = DIRECTION ( 'NONE',  ( 1.000000000000000000, 0.000000000000000000, 0.000000000000000000 ) ) ;
#1978 = ORIENTED_EDGE ( 'NONE', *, *, #2166, .T. ) ;
#1979 = DIRECTION ( 'NONE',  ( 1.000000000000000000, 0.000000000000000000, 0.000000000000000000 ) ) ;
#1980 = PLANE ( 'NONE',  #2520 ) ;
#1981 = CARTESIAN_POINT ( 'NONE',  ( -22.92766952966384508, -17.67766952966353600, 4.000000000000000000 ) ) ;
#1982 = CARTESIAN_POINT ( 'NONE',  ( -29.66571948717462703, -10.24079308700627955, 1.383480643285237788 ) ) ;
#1983 = ADVANCED_FACE ( 'NONE', ( #80 ), #3614, .T. ) ;
#1984 = ORIENTED_EDGE ( 'NONE', *, *, #3242, .F. ) ;
#1985 = EDGE_CURVE ( 'NONE', #1392, #507, #1917, .T. ) ;
#1986 = EDGE_CURVE ( 'NONE', #3520, #3134, #2965, .T. ) ;
#1987 = DIRECTION ( 'NONE',  ( 1.000000000000000000, 0.000000000000000000, -0.000000000000000000 ) ) ;
#1988 = ORIENTED_EDGE ( 'NONE', *, *, #3359, .T. ) ;
#1989 = AXIS2_PLACEMENT_3D ( 'NONE', #458, #2708, #191 ) ;
#1990 = DIRECTION ( 'NONE',  ( -0.000000000000000000, -0.000000000000000000, 1.000000000000000000 ) ) ;
#1991 = CARTESIAN_POINT ( 'NONE',  ( 21.22766952966358645, 17.67766952966378824, 0.000000000000000000 ) ) ;
#1992 = CARTESIAN_POINT ( 'NONE',  ( -7.932811651156373323, -30.48475847546242079, 7.500000000000000000 ) ) ;
#1993 = AXIS2_PLACEMENT_3D ( 'NONE', #3029, #1337, #2775 ) ;
#1994 = ORIENTED_EDGE ( 'NONE', *, *, #3020, .F. ) ;
#1995 = FACE_OUTER_BOUND ( 'NONE', #2272, .T. ) ;
#1996 = CARTESIAN_POINT ( 'NONE',  ( 22.00000000000000000, 9.999999999999996447, 7.500000000000000000 ) ) ;
#1997 = AXIS2_PLACEMENT_3D ( 'NONE', #3326, #198, #1616 ) ;
#1998 = CARTESIAN_POINT ( 'NONE',  ( 26.82699661321488449, -16.28622142969836162, 1.383480643285243339 ) ) ;
#1999 = CARTESIAN_POINT ( 'NONE',  ( 3.199999999999826095, -25.00000000000000000, 16.55096679918781177 ) ) ;
#2000 = EDGE_LOOP ( 'NONE', ( #1952, #456, #2426, #3319 ) ) ;
#2001 = EDGE_CURVE ( 'NONE', #619, #1068, #2035, .T. ) ;
#2002 = CIRCLE ( 'NONE', #1471, 15.72499999999999964 ) ;
#2003 = CARTESIAN_POINT ( 'NONE',  ( -8.838834764831892343, 8.838834764831794644, 1.499999999999999556 ) ) ;
#2004 = ORIENTED_EDGE ( 'NONE', *, *, #338, .F. ) ;
#2005 = EDGE_LOOP ( 'NONE', ( #1042, #3378 ) ) ;
#2006 = EDGE_CURVE ( 'NONE', #3341, #2977, #1207, .T. ) ;
#2007 = DIRECTION ( 'NONE',  ( -1.000000000000000000, 0.000000000000000000, 0.000000000000000000 ) ) ;
#2008 = DIRECTION ( 'NONE',  ( 1.000000000000000000, 0.000000000000000000, 0.000000000000000000 ) ) ;
#2009 = DIRECTION ( 'NONE',  ( 0.000000000000000000, 0.000000000000000000, 1.000000000000000000 ) ) ;
#2010 = CIRCLE ( 'NONE', #3360, 3.000000000000002665 ) ;
#2011 = EDGE_CURVE ( 'NONE', #866, #1752, #591, .T. ) ;
#2012 = AXIS2_PLACEMENT_3D ( 'NONE', #2739, #3312, #1341 ) ;
#2013 = ORIENTED_EDGE ( 'NONE', *, *, #161, .F. ) ;
#2014 = DIRECTION ( 'NONE',  ( 1.000000000000000000, 0.000000000000000000, 0.000000000000000000 ) ) ;
#2015 = DIRECTION ( 'NONE',  ( -1.000000000000000000, 0.000000000000000000, 0.000000000000000000 ) ) ;
#2016 = EDGE_LOOP ( 'NONE', ( #2341, #1177, #176, #2640 ) ) ;
#2017 = CIRCLE ( 'NONE', #3308, 5.250000000000000888 ) ;
#2018 = VECTOR ( 'NONE', #2138, 1000.000000000000000 ) ;
#2019 = CARTESIAN_POINT ( 'NONE',  ( 17.67766952966358573, 17.67766952966378824, 0.3499999999999995337 ) ) ;
#2020 = CIRCLE ( 'NONE', #1252, 2.299999999999999822 ) ;
#2021 = DIRECTION ( 'NONE',  ( -0.9238795325112837409, -0.3826834323650970537, 0.000000000000000000 ) ) ;
#2022 = CARTESIAN_POINT ( 'NONE',  ( -17.67766952966384508, -17.67766952966353600, 4.000000000000000000 ) ) ;
#2023 = CIRCLE ( 'NONE', #421, 3.700000000000015721 ) ;
#2024 = EDGE_LOOP ( 'NONE', ( #2760, #97, #2899, #2302 ) ) ;
#2025 = ORIENTED_EDGE ( 'NONE', *, *, #1444, .T. ) ;
#2026 = EDGE_LOOP ( 'NONE', ( #359, #180, #3488, #748 ) ) ;
#2027 = CARTESIAN_POINT ( 'NONE',  ( 0.000000000000000000, 0.000000000000000000, 7.500000000000000000 ) ) ;
#2028 = CYLINDRICAL_SURFACE ( 'NONE', #2597, 2.100000000000000089 ) ;
#2029 = DIRECTION ( 'NONE',  ( -0.7071067811865453523, 0.000000000000000000, -0.7071067811865496822 ) ) ;
#2030 = EDGE_CURVE ( 'NONE', #3496, #3609, #2851, .T. ) ;
#2031 = ORIENTED_EDGE ( 'NONE', *, *, #1204, .T. ) ;
#2032 = DIRECTION ( 'NONE',  ( 0.3826834323650905589, 0.9238795325112864054, -0.000000000000000000 ) ) ;
#2033 = CARTESIAN_POINT ( 'NONE',  ( 0.000000000000000000, 0.000000000000000000, -0.9999999999999847899 ) ) ;
#2034 = EDGE_CURVE ( 'NONE', #2496, #1108, #873, .T. ) ;
#2035 = CIRCLE ( 'NONE', #3432, 2.999999999999999112 ) ;
#2036 = ORIENTED_EDGE ( 'NONE', *, *, #746, .T. ) ;
#2037 = CARTESIAN_POINT ( 'NONE',  ( 26.68452074652526207, -15.71764021865635819, 0.9694666004253440494 ) ) ;
#2038 = CARTESIAN_POINT ( 'NONE',  ( -24.99999999999999645, 2.618611004132350143E-13, 4.000000000000000000 ) ) ;
#2039 = LINE ( 'NONE', #2910, #2810 ) ;
#2040 = EDGE_LOOP ( 'NONE', ( #1584, #997, #2445, #2367 ) ) ;
#2041 = ORIENTED_EDGE ( 'NONE', *, *, #1402, .F. ) ;
#2042 = ORIENTED_EDGE ( 'NONE', *, *, #1986, .T. ) ;
#2043 = DIRECTION ( 'NONE',  ( 0.000000000000000000, 0.000000000000000000, 1.000000000000000000 ) ) ;
#2044 = VECTOR ( 'NONE', #2371, 1000.000000000000227 ) ;
#2045 = FACE_OUTER_BOUND ( 'NONE', #2378, .T. ) ;
#2046 = CARTESIAN_POINT ( 'NONE',  ( 17.67766952966372074, 17.67766952966366034, 7.500000000000000000 ) ) ;
#2047 = ORIENTED_EDGE ( 'NONE', *, *, #318, .F. ) ;
#2048 = EDGE_LOOP ( 'NONE', ( #582, #202 ) ) ;
#2049 = CARTESIAN_POINT ( 'NONE',  ( -8.838834764831794644, -8.838834764831895896, 1.499999999999999556 ) ) ;
#2050 = ADVANCED_FACE ( 'NONE', ( #1457 ), #1475, .T. ) ;
#2051 = SURFACE_STYLE_USAGE ( .BOTH. , #2316 ) ;
#2052 = ORIENTED_EDGE ( 'NONE', *, *, #931, .F. ) ;
#2053 = ADVANCED_FACE ( 'NONE', ( #3111 ), #891, .F. ) ;
#2054 = DIRECTION ( 'NONE',  ( 1.000000000000000000, 0.000000000000000000, 0.000000000000000000 ) ) ;
#2055 = AXIS2_PLACEMENT_3D ( 'NONE', #1318, #1548, #152 ) ;
#2056 = DIRECTION ( 'NONE',  ( 0.000000000000000000, 0.000000000000000000, 1.000000000000000000 ) ) ;
#2057 = FACE_OUTER_BOUND ( 'NONE', #3272, .T. ) ;
#2058 = ADVANCED_FACE ( 'NONE', ( #1443 ), #561, .F. ) ;
#2059 = DIRECTION ( 'NONE',  ( 1.000000000000000000, 0.000000000000000000, 0.000000000000000000 ) ) ;
#2060 = ORIENTED_EDGE ( 'NONE', *, *, #3170, .T. ) ;
#2061 = AXIS2_PLACEMENT_3D ( 'NONE', #2361, #2504, #447 ) ;
#2062 = DIRECTION ( 'NONE',  ( 1.000000000000000000, 0.000000000000000000, 0.000000000000000000 ) ) ;
#2063 = CARTESIAN_POINT ( 'NONE',  ( 8.838834764831894120, -8.838834764831794644, 1.499999999999999556 ) ) ;
#2064 = CARTESIAN_POINT ( 'NONE',  ( 11.93972308979082619, -28.82504141435213540, 1.099047619047611501 ) ) ;
#2065 = ORIENTED_EDGE ( 'NONE', *, *, #862, .T. ) ;
#2066 = CARTESIAN_POINT ( 'NONE',  ( 12.42766952966371719, 17.67766952966366034, 4.000000000000000000 ) ) ;
#2067 = AXIS2_PLACEMENT_3D ( 'NONE', #225, #3316, #3348 ) ;
#2068 = DIRECTION ( 'NONE',  ( 0.000000000000000000, 0.000000000000000000, -1.000000000000000000 ) ) ;
#2069 = MANIFOLD_SOLID_BREP ( '\X2\51865f62ff8aff9fff80ff70ff9d\X0\2', #407 ) ;
#2070 = VECTOR ( 'NONE', #2494, 1000.000000000000000 ) ;
#2071 = ORIENTED_EDGE ( 'NONE', *, *, #3174, .T. ) ;
#2072 = ORIENTED_EDGE ( 'NONE', *, *, #3174, .F. ) ;
#2073 = DIRECTION ( 'NONE',  ( 1.000000000000000000, 0.000000000000000000, 0.000000000000000000 ) ) ;
#2074 = DIRECTION ( 'NONE',  ( 0.000000000000000000, 0.000000000000000000, -1.000000000000000000 ) ) ;
#2075 = VECTOR ( 'NONE', #1052, 1000.000000000000000 ) ;
#2076 = VERTEX_POINT ( 'NONE', #2921 ) ;
#2077 = AXIS2_PLACEMENT_3D ( 'NONE', #2049, #1733, #79 ) ;
#2078 = VECTOR ( 'NONE', #3080, 1000.000000000000000 ) ;
#2079 = EDGE_LOOP ( 'NONE', ( #3277, #2736 ) ) ;
#2080 = ORIENTED_EDGE ( 'NONE', *, *, #2777, .F. ) ;
#2081 = VECTOR ( 'NONE', #279, 1000.000000000000000 ) ;
#2082 = EDGE_CURVE ( 'NONE', #3236, #745, #2591, .T. ) ;
#2083 = ORIENTED_EDGE ( 'NONE', *, *, #2006, .T. ) ;
#2084 = CARTESIAN_POINT ( 'NONE',  ( -25.49058363597388777, -15.81866447894448768, 0.000000000000000000 ) ) ;
#2085 = CARTESIAN_POINT ( 'NONE',  ( -6.172741747866361095, 20.38988129720592113, 4.099999999999999645 ) ) ;
#2086 = CARTESIAN_POINT ( 'NONE',  ( 21.80000000000000071, -8.728703347107833388E-14, 4.000000000000000000 ) ) ;
#2087 = ORIENTED_EDGE ( 'NONE', *, *, #2969, .T. ) ;
#2088 = DIRECTION ( 'NONE',  ( 1.000000000000000000, 0.000000000000000000, 0.000000000000000000 ) ) ;
#2089 = DIRECTION ( 'NONE',  ( 0.000000000000000000, 0.000000000000000000, 1.000000000000000000 ) ) ;
#2090 = ORIENTED_EDGE ( 'NONE', *, *, #1140, .T. ) ;
#2091 = ORIENTED_EDGE ( 'NONE', *, *, #3637, .F. ) ;
#2092 = DIRECTION ( 'NONE',  ( -0.000000000000000000, -0.000000000000000000, -1.000000000000000000 ) ) ;
#2093 = DIRECTION ( 'NONE',  ( 1.000000000000000000, 0.000000000000000000, 0.000000000000000000 ) ) ;
#2094 = CARTESIAN_POINT ( 'NONE',  ( 0.000000000000000000, 0.000000000000000000, 0.000000000000000000 ) ) ;
#2095 = ORIENTED_EDGE ( 'NONE', *, *, #2354, .F. ) ;
#2096 = EDGE_CURVE ( 'NONE', #866, #2663, #536, .T. ) ;
#2097 = VERTEX_POINT ( 'NONE', #419 ) ;
#2098 = EDGE_CURVE ( 'NONE', #1381, #2993, #3524, .T. ) ;
#2099 = B_SPLINE_CURVE_WITH_KNOTS ( 'NONE', 3,
 ( #1967, #3301, #558, #1648, #2772 ),
 .UNSPECIFIED., .F., .F.,
 ( 4, 1, 4 ),
 ( 1.452361807007484919E-06, 0.004338502050247267441, 0.008675551738687526174 ),
 .UNSPECIFIED. ) ;
#2100 = DIRECTION ( 'NONE',  ( 0.000000000000000000, 0.000000000000000000, 1.000000000000000000 ) ) ;
#2101 = DIRECTION ( 'NONE',  ( 1.000000000000000000, 0.000000000000000000, 0.000000000000000000 ) ) ;
#2102 = CARTESIAN_POINT ( 'NONE',  ( 20.87766952966372003, 17.67766952966366034, 4.000000000000000000 ) ) ;
#2103 = ORIENTED_EDGE ( 'NONE', *, *, #3253, .F. ) ;
#2104 = CARTESIAN_POINT ( 'NONE',  ( 28.20000000000000284, -8.689514649535117383E-14, 0.5000000000000177636 ) ) ;
#2105 = DIRECTION ( 'NONE',  ( 1.000000000000000000, 0.000000000000000000, 0.000000000000000000 ) ) ;
#2106 = ORIENTED_EDGE ( 'NONE', *, *, #3099, .T. ) ;
#2107 = ORIENTED_EDGE ( 'NONE', *, *, #2630, .F. ) ;
#2108 = CARTESIAN_POINT ( 'NONE',  ( -17.67766952966347205, 17.67766952966390193, 4.000000000000000000 ) ) ;
#2109 = CARTESIAN_POINT ( 'NONE',  ( -11.93972308979103225, 28.82504141435205725, 7.500000000000000000 ) ) ;
#2110 = CIRCLE ( 'NONE', #1512, 2.100000000000000089 ) ;
#2111 = CARTESIAN_POINT ( 'NONE',  ( -11.93972308979082264, -28.82504141435213540, 1.099047619047613056 ) ) ;
#2112 = CIRCLE ( 'NONE', #54, 2.100000000000000089 ) ;
#2113 = ORIENTED_EDGE ( 'NONE', *, *, #3235, .T. ) ;
#2114 = EDGE_CURVE ( 'NONE', #1260, #3002, #1953, .T. ) ;
#2115 = CIRCLE ( 'NONE', #1646, 3.550000000000018474 ) ;
#2116 = LINE ( 'NONE', #3447, #1141 ) ;
#2117 = CARTESIAN_POINT ( 'NONE',  ( 17.67766952966359639, -17.67766952966378113, 4.000000000000000000 ) ) ;
#2118 = CARTESIAN_POINT ( 'NONE',  ( 11.93972308979082264, -28.82504141435213540, 7.500000000000000000 ) ) ;
#2119 = CIRCLE ( 'NONE', #3173, 2.999999999999999112 ) ;
#2120 = ADVANCED_FACE ( 'NONE', ( #1034, #1855 ), #3233, .T. ) ;
#2121 = DIRECTION ( 'NONE',  ( 1.000000000000000000, 0.000000000000000000, 0.000000000000000000 ) ) ;
#2122 = VECTOR ( 'NONE', #1929, 1000.000000000000000 ) ;
#2123 = EDGE_LOOP ( 'NONE', ( #794, #757, #1590, #2560 ) ) ;
#2124 = EDGE_CURVE ( 'NONE', #589, #499, #1003, .T. ) ;
#2125 = CIRCLE ( 'NONE', #357, 5.250000000000000888 ) ;
#2126 = EDGE_LOOP ( 'NONE', ( #3206, #3011, #3121, #722 ) ) ;
#2127 = CARTESIAN_POINT ( 'NONE',  ( -17.67766952966384508, -17.67766952966353600, 7.500000000000000000 ) ) ;
#2128 = LINE ( 'NONE', #2109, #2044 ) ;
#2129 = CONICAL_SURFACE ( 'NONE', #653, 3.550000000000018474, 0.7853981633974517207 ) ;
#2130 = AXIS2_PLACEMENT_3D ( 'NONE', #2594, #20, #3144 ) ;
#2131 = CARTESIAN_POINT ( 'NONE',  ( 11.13883476483189483, -8.838834764831794644, 1.499999999999999556 ) ) ;
#2132 = EDGE_LOOP ( 'NONE', ( #2025, #2762 ) ) ;
#2133 = VERTEX_POINT ( 'NONE', #2959 ) ;
#2134 = DIRECTION ( 'NONE',  ( -0.7071067811865462405, 0.000000000000000000, -0.7071067811865489050 ) ) ;
#2135 = CARTESIAN_POINT ( 'NONE',  ( -11.93972308979082442, -28.82504141435213540, 4.099999999999999645 ) ) ;
#2136 = DIRECTION ( 'NONE',  ( 1.000000000000000000, 0.000000000000000000, 0.000000000000000000 ) ) ;
#2137 = ORIENTED_EDGE ( 'NONE', *, *, #1508, .T. ) ;
#2138 = DIRECTION ( 'NONE',  ( -0.000000000000000000, -0.000000000000000000, 1.000000000000000000 ) ) ;
#2139 = CARTESIAN_POINT ( 'NONE',  ( -6.172741747866217210, -20.38988129720596021, 4.099999999999999645 ) ) ;
#2140 = EDGE_CURVE ( 'NONE', #2467, #936, #698, .T. ) ;
#2141 = ORIENTED_EDGE ( 'NONE', *, *, #2082, .F. ) ;
#2142 = B_SPLINE_CURVE_WITH_KNOTS ( 'NONE', 3,
 ( #2037, #304, #3169, #1998, #2878, #2563, #1430, #44 ),
 .UNSPECIFIED., .F., .F.,
 ( 4, 2, 2, 4 ),
 ( 0.0002912731463717867491, 0.0009094606607863863932, 0.001218554417993686270, 0.001527648175200986037 ),
 .UNSPECIFIED. ) ;
#2143 = EDGE_LOOP ( 'NONE', ( #904, #1786, #391, #1770 ) ) ;
#2144 = CYLINDRICAL_SURFACE ( 'NONE', #1344, 5.250000000000000888 ) ;
#2145 = EDGE_CURVE ( 'NONE', #2467, #1166, #7, .T. ) ;
#2146 = CARTESIAN_POINT ( 'NONE',  ( -5.250000000000000000, 25.00000000000000000, 4.000000000000000000 ) ) ;
#2147 = DIRECTION ( 'NONE',  ( -0.000000000000000000, -0.000000000000000000, -1.000000000000000000 ) ) ;
#2148 = EDGE_LOOP ( 'NONE', ( #688, #1533, #2036, #2216 ) ) ;
#2149 = VERTEX_POINT ( 'NONE', #399 ) ;
#2150 = PRESENTATION_LAYER_ASSIGNMENT (  '', '', ( #2388 ) ) ;
#2151 = ORIENTED_EDGE ( 'NONE', *, *, #341, .T. ) ;
#2152 = DIRECTION ( 'NONE',  ( 1.000000000000000000, 0.000000000000000000, 0.000000000000000000 ) ) ;
#2153 = CARTESIAN_POINT ( 'NONE',  ( 0.000000000000000000, 0.000000000000000000, 4.299999999999999822 ) ) ;
#2154 = APPLICATION_PROTOCOL_DEFINITION ( 'draft international standard', 'automotive_design', 1998, #313 ) ;
#2155 = VERTEX_POINT ( 'NONE', #2158 ) ;
#2156 = EDGE_LOOP ( 'NONE', ( #1028, #3430 ) ) ;
#2157 = FACE_OUTER_BOUND ( 'NONE', #2446, .T. ) ;
#2158 = CARTESIAN_POINT ( 'NONE',  ( 14.47766952966371790, 17.67766952966366034, 4.000000000000000000 ) ) ;
#2159 = ORIENTED_EDGE ( 'NONE', *, *, #2673, .T. ) ;
#2160 = ORIENTED_EDGE ( 'NONE', *, *, #1018, .F. ) ;
#2161 = ORIENTED_EDGE ( 'NONE', *, *, #1783, .T. ) ;
#2162 = EDGE_CURVE ( 'NONE', #1408, #2654, #2537, .T. ) ;
#2163 = DIRECTION ( 'NONE',  ( -0.000000000000000000, -0.000000000000000000, 1.000000000000000000 ) ) ;
#2164 = DIRECTION ( 'NONE',  ( 1.000000000000000000, 0.000000000000000000, 0.000000000000000000 ) ) ;
#2165 = CONICAL_SURFACE ( 'NONE', #1043, 3.700000000000015721, 0.7853981633974452814 ) ;
#2166 = EDGE_CURVE ( 'NONE', #3484, #2155, #2365, .T. ) ;
#2167 = CARTESIAN_POINT ( 'NONE',  ( 0.000000000000000000, 0.000000000000000000, 7.500000000000000000 ) ) ;
#2168 = FACE_OUTER_BOUND ( 'NONE', #2079, .T. ) ;
#2169 = VERTEX_POINT ( 'NONE', #149 ) ;
#2170 = AXIS2_PLACEMENT_3D ( 'NONE', #1169, #1704, #2337 ) ;
#2171 = EDGE_CURVE ( 'NONE', #277, #1804, #2125, .T. ) ;
#2172 = ORIENTED_EDGE ( 'NONE', *, *, #2114, .T. ) ;
#2173 = CARTESIAN_POINT ( 'NONE',  ( 17.67766952966358573, 17.67766952966378824, 0.000000000000000000 ) ) ;
#2174 = AXIS2_PLACEMENT_3D ( 'NONE', #1079, #284, #519 ) ;
#2175 = CARTESIAN_POINT ( 'NONE',  ( 10.05303578441362156, 18.78261088127258205, 4.099999999999999645 ) ) ;
#2176 = AXIS2_PLACEMENT_3D ( 'NONE', #1488, #676, #1286 ) ;
#2177 = DIRECTION ( 'NONE',  ( -0.000000000000000000, -0.000000000000000000, -1.000000000000000000 ) ) ;
#2178 = CARTESIAN_POINT ( 'NONE',  ( 19.75000000000000000, -8.664409390152596804E-14, 7.500000000000000000 ) ) ;
#2179 = FACE_OUTER_BOUND ( 'NONE', #1868, .T. ) ;
#2180 = EDGE_LOOP ( 'NONE', ( #2218, #3164 ) ) ;
#2181 = ORIENTED_EDGE ( 'NONE', *, *, #3044, .T. ) ;
#2182 = CARTESIAN_POINT ( 'NONE',  ( 14.47766952966358645, 17.67766952966378824, 0.3499999999999995337 ) ) ;
#2183 = CIRCLE ( 'NONE', #1062, 3.200000000000001066 ) ;
#2184 = DIRECTION ( 'NONE',  ( 0.000000000000000000, 0.000000000000000000, 1.000000000000000000 ) ) ;
#2185 = LINE ( 'NONE', #1378, #3417 ) ;
#2186 = CARTESIAN_POINT ( 'NONE',  ( 9.099999999999997868, 0.000000000000000000, 7.500000000000000000 ) ) ;
#2187 = AXIS2_PLACEMENT_3D ( 'NONE', #435, #2940, #666 ) ;
#2188 = EDGE_CURVE ( 'NONE', #637, #258, #1788, .T. ) ;
#2189 = EDGE_LOOP ( 'NONE', ( #2107, #1064 ) ) ;
#2190 = AXIS2_PLACEMENT_3D ( 'NONE', #370, #607, #1203 ) ;
#2191 = ORIENTED_EDGE ( 'NONE', *, *, #154, .F. ) ;
#2192 = DIRECTION ( 'NONE',  ( 1.000000000000000000, 0.000000000000000000, 0.000000000000000000 ) ) ;
#2193 = ADVANCED_FACE ( 'NONE', ( #2906 ), #993, .T. ) ;
#2194 = CARTESIAN_POINT ( 'NONE',  ( 8.112888766139921159, -19.58624608923927113, 4.099999999999999645 ) ) ;
#2195 = CARTESIAN_POINT ( 'NONE',  ( 0.000000000000000000, 0.000000000000000000, 0.000000000000000000 ) ) ;
#2196 = AXIS2_PLACEMENT_3D ( 'NONE', #2888, #922, #2852 ) ;
#2197 = ORIENTED_EDGE ( 'NONE', *, *, #2676, .T. ) ;
#2198 = ORIENTED_EDGE ( 'NONE', *, *, #547, .F. ) ;
#2199 = AXIS2_PLACEMENT_3D ( 'NONE', #2238, #1622, #1093 ) ;
#2200 = CIRCLE ( 'NONE', #2714, 31.50000000000000000 ) ;
#2201 = FACE_BOUND ( 'NONE', #2907, .T. ) ;
#2202 = AXIS2_PLACEMENT_3D ( 'NONE', #293, #19, #3142 ) ;
#2203 = DIRECTION ( 'NONE',  ( 1.000000000000000000, 0.000000000000000000, 0.000000000000000000 ) ) ;
#2204 = DIRECTION ( 'NONE',  ( 1.000000000000000000, 0.000000000000000000, 0.000000000000000000 ) ) ;
#2205 = VERTEX_POINT ( 'NONE', #1507 ) ;
#2206 = ORIENTED_EDGE ( 'NONE', *, *, #2844, .F. ) ;
#2207 = LINE ( 'NONE', #1943, #1349 ) ;
#2208 = CARTESIAN_POINT ( 'NONE',  ( 8.112888766139919383, 19.58624608923927113, 8.001565072038407007E-33 ) ) ;
#2209 = VERTEX_POINT ( 'NONE', #165 ) ;
#2210 = CARTESIAN_POINT ( 'NONE',  ( 28.75000000000000000, -13.50000000000000355, 7.500000000000000000 ) ) ;
#2211 = CARTESIAN_POINT ( 'NONE',  ( -8.112888766140057939, 19.58624608923921784, 4.099999999999999645 ) ) ;
#2212 = ORIENTED_EDGE ( 'NONE', *, *, #2919, .T. ) ;
#2213 = EDGE_CURVE ( 'NONE', #1068, #3549, #1292, .T. ) ;
#2214 = DIRECTION ( 'NONE',  ( 0.000000000000000000, 0.000000000000000000, -1.000000000000000000 ) ) ;
#2215 = CARTESIAN_POINT ( 'NONE',  ( -14.47766952966384224, -17.67766952966353600, 0.000000000000000000 ) ) ;
#2216 = ORIENTED_EDGE ( 'NONE', *, *, #1351, .T. ) ;
#2217 = VERTEX_POINT ( 'NONE', #2139 ) ;
#2218 = ORIENTED_EDGE ( 'NONE', *, *, #1442, .F. ) ;
#2219 = ADVANCED_FACE ( 'NONE', ( #3254 ), #1905, .T. ) ;
#2220 = DIRECTION ( 'NONE',  ( 1.000000000000000000, 0.000000000000000000, 0.000000000000000000 ) ) ;
#2221 = CARTESIAN_POINT ( 'NONE',  ( -26.82450455585743043, -16.22790696437772695, 1.351220217269292201 ) ) ;
#2222 = CARTESIAN_POINT ( 'NONE',  ( 28.92292943268256877, -10.50498824521304186, 7.500000000000000000 ) ) ;
#2223 = EDGE_CURVE ( 'NONE', #679, #1097, #182, .T. ) ;
#2224 = ORIENTED_EDGE ( 'NONE', *, *, #3082, .F. ) ;
#2225 = DIRECTION ( 'NONE',  ( -0.000000000000000000, -0.000000000000000000, 1.000000000000000000 ) ) ;
#2226 = DIRECTION ( 'NONE',  ( 0.000000000000000000, 0.000000000000000000, 1.000000000000000000 ) ) ;
#2227 = CARTESIAN_POINT ( 'NONE',  ( -28.75000000000000000, -13.50000000000000355, 15.98528137423856776 ) ) ;
#2228 = FACE_OUTER_BOUND ( 'NONE', #2016, .T. ) ;
#2229 = CIRCLE ( 'NONE', #627, 30.00000000000000000 ) ;
#2230 = ORIENTED_EDGE ( 'NONE', *, *, #73, .T. ) ;
#2231 = FACE_BOUND ( 'NONE', #602, .T. ) ;
#2232 = DIRECTION ( 'NONE',  ( 0.3826834323650906144, -0.9238795325112865164, -0.000000000000000000 ) ) ;
#2233 = CARTESIAN_POINT ( 'NONE',  ( 14.12766952966359035, 17.67766952966378824, 0.000000000000000000 ) ) ;
#2234 = EDGE_LOOP ( 'NONE', ( #196, #2768 ) ) ;
#2235 = ORIENTED_EDGE ( 'NONE', *, *, #1863, .T. ) ;
#2236 = EDGE_CURVE ( 'NONE', #979, #1591, #469, .T. ) ;
#2237 = CIRCLE ( 'NONE', #753, 31.50000000000000000 ) ;
#2238 = CARTESIAN_POINT ( 'NONE',  ( -11.93972308979082442, -28.82504141435213540, 4.099999999999999645 ) ) ;
#2239 = DIRECTION ( 'NONE',  ( 0.9238795325112865164, 0.3826834323650902259, 0.000000000000000000 ) ) ;
#2240 = CARTESIAN_POINT ( 'NONE',  ( 6.538834764831894297, -8.838834764831794644, 1.499999999999999556 ) ) ;
#2241 = EDGE_CURVE ( 'NONE', #2993, #3024, #67, .T. ) ;
#2242 = VERTEX_POINT ( 'NONE', #1681 ) ;
#2243 = CARTESIAN_POINT ( 'NONE',  ( 8.112888766139919383, 19.58624608923927113, 4.099999999999999645 ) ) ;
#2244 = CIRCLE ( 'NONE', #401, 4.000000000000003553 ) ;
#2245 = DIRECTION ( 'NONE',  ( 0.000000000000000000, 0.000000000000000000, -1.000000000000000000 ) ) ;
#2246 = EDGE_CURVE ( 'NONE', #2097, #3297, #775, .T. ) ;
#2247 = AXIS2_PLACEMENT_3D ( 'NONE', #179, #3450, #449 ) ;
#2248 = DIRECTION ( 'NONE',  ( 0.000000000000000000, 0.000000000000000000, -1.000000000000000000 ) ) ;
#2249 = CARTESIAN_POINT ( 'NONE',  ( -29.13721677043806224, -10.49430609365685640, 0.9694666004253319480 ) ) ;
#2250 = VERTEX_POINT ( 'NONE', #1126 ) ;
#2251 = AXIS2_PLACEMENT_3D ( 'NONE', #2703, #112, #2668 ) ;
#2252 = CARTESIAN_POINT ( 'NONE',  ( -26.68452074652531181, -15.71764021865645944, 0.9694666004254390845 ) ) ;
#2253 = ORIENTED_EDGE ( 'NONE', *, *, #3015, .F. ) ;
#2254 = ORIENTED_EDGE ( 'NONE', *, *, #3235, .F. ) ;
#2255 = CIRCLE ( 'NONE', #1130, 3.200000000000001510 ) ;
#2256 = CIRCLE ( 'NONE', #2196, 3.000000000000002665 ) ;
#2257 = DIRECTION ( 'NONE',  ( 0.000000000000000000, 0.000000000000000000, -1.000000000000000000 ) ) ;
#2258 = CARTESIAN_POINT ( 'NONE',  ( 25.00000000000000000, -8.728703347107833388E-14, 4.000000000000000000 ) ) ;
#2259 = DIRECTION ( 'NONE',  ( 0.000000000000000000, 0.000000000000000000, 1.000000000000000000 ) ) ;
#2260 = CIRCLE ( 'NONE', #2077, 2.299999999999998046 ) ;
#2261 = VECTOR ( 'NONE', #3379, 1000.000000000000000 ) ;
#2262 = EDGE_LOOP ( 'NONE', ( #1562, #920 ) ) ;
#2263 = AXIS2_PLACEMENT_3D ( 'NONE', #2027, #2557, #37 ) ;
#2264 = DIRECTION ( 'NONE',  ( -0.000000000000000000, -0.000000000000000000, 1.000000000000000000 ) ) ;
#2265 = EDGE_CURVE ( 'NONE', #312, #1097, #1960, .T. ) ;
#2266 = DIRECTION ( 'NONE',  ( -1.000000000000000000, 0.000000000000000000, 0.000000000000000000 ) ) ;
#2267 = EDGE_CURVE ( 'NONE', #3, #2854, #280, .T. ) ;
#2268 = FACE_OUTER_BOUND ( 'NONE', #2641, .T. ) ;
#2269 = CARTESIAN_POINT ( 'NONE',  ( -3.700000000000023270, 25.00000000000000000, 0.000000000000000000 ) ) ;
#2270 = ORIENTED_EDGE ( 'NONE', *, *, #275, .F. ) ;
#2271 = LINE ( 'NONE', #565, #2261 ) ;
#2272 = EDGE_LOOP ( 'NONE', ( #1875, #3102 ) ) ;
#2273 = DIRECTION ( 'NONE',  ( 1.000000000000000000, 0.000000000000000000, 0.000000000000000000 ) ) ;
#2274 = DIRECTION ( 'NONE',  ( -0.000000000000000000, -0.000000000000000000, 1.000000000000000000 ) ) ;
#2275 = DIRECTION ( 'NONE',  ( 1.000000000000000000, 0.000000000000000000, 0.000000000000000000 ) ) ;
#2276 = VERTEX_POINT ( 'NONE', #206 ) ;
#2277 = DIRECTION ( 'NONE',  ( 0.000000000000000000, 0.000000000000000000, 1.000000000000000000 ) ) ;
#2278 = DIRECTION ( 'NONE',  ( -0.000000000000000000, -0.000000000000000000, 1.000000000000000000 ) ) ;
#2279 = EDGE_CURVE ( 'NONE', #3018, #1642, #2830, .T. ) ;
#2280 = EDGE_LOOP ( 'NONE', ( #2435, #380 ) ) ;
#2281 = CARTESIAN_POINT ( 'NONE',  ( -28.69510935080882419, -9.822951541173171819, 0.3290585188703373798 ) ) ;
#2282 = LINE ( 'NONE', #1999, #1638 ) ;
#2283 = EDGE_CURVE ( 'NONE', #1163, #3599, #2416, .T. ) ;
#2284 = VERTEX_POINT ( 'NONE', #2221 ) ;
#2285 = DIRECTION ( 'NONE',  ( -0.000000000000000000, -0.000000000000000000, 1.000000000000000000 ) ) ;
#2286 = EDGE_CURVE ( 'NONE', #709, #3098, #513, .T. ) ;
#2287 = VERTEX_POINT ( 'NONE', #1938 ) ;
#2288 = VERTEX_POINT ( 'NONE', #2725 ) ;
#2289 = VECTOR ( 'NONE', #1080, 1000.000000000000114 ) ;
#2290 = FACE_OUTER_BOUND ( 'NONE', #174, .T. ) ;
#2291 = CARTESIAN_POINT ( 'NONE',  ( -22.00000000000000000, 9.999999999999996447, 7.500000000000000000 ) ) ;
#2292 = DIRECTION ( 'NONE',  ( 1.000000000000000000, 0.000000000000000000, 0.000000000000000000 ) ) ;
#2293 = EDGE_LOOP ( 'NONE', ( #3541, #1467, #2357, #326 ) ) ;
#2294 = DIRECTION ( 'NONE',  ( -0.7071067811865500152, 0.000000000000000000, -0.7071067811865451302 ) ) ;
#2295 = CARTESIAN_POINT ( 'NONE',  ( 8.838834764831894120, -8.838834764831794644, 7.500000000000000000 ) ) ;
#2296 = VECTOR ( 'NONE', #3404, 1000.000000000000114 ) ;
#2297 = ORIENTED_EDGE ( 'NONE', *, *, #746, .F. ) ;
#2298 = CARTESIAN_POINT ( 'NONE',  ( -10.05303578441375478, 18.78261088127251455, 4.099999999999999645 ) ) ;
#2299 = CARTESIAN_POINT ( 'NONE',  ( -17.67766952966384508, -17.67766952966353600, 4.000000000000000000 ) ) ;
#2300 = CARTESIAN_POINT ( 'NONE',  ( 7.932811651156391974, 30.48475847546241013, 1.499999999999989564 ) ) ;
#2301 = FACE_BOUND ( 'NONE', #187, .T. ) ;
#2302 = ORIENTED_EDGE ( 'NONE', *, *, #1694, .F. ) ;
#2303 = CIRCLE ( 'NONE', #766, 5.250000000000000000 ) ;
#2304 = EDGE_CURVE ( 'NONE', #1793, #3503, #1768, .T. ) ;
#2305 = DIRECTION ( 'NONE',  ( 1.000000000000000000, 0.000000000000000000, 0.000000000000000000 ) ) ;
#2306 = ORIENTED_EDGE ( 'NONE', *, *, #3548, .T. ) ;
#2307 = ORIENTED_EDGE ( 'NONE', *, *, #1330, .F. ) ;
#2308 = EDGE_CURVE ( 'NONE', #3387, #3236, #2705, .T. ) ;
#2309 = DIRECTION ( 'NONE',  ( 1.000000000000000000, 0.000000000000000000, 0.000000000000000000 ) ) ;
#2310 = CARTESIAN_POINT ( 'NONE',  ( 0.000000000000000000, 0.000000000000000000, -2.500000000000000000 ) ) ;
#2311 = DIRECTION ( 'NONE',  ( 0.000000000000000000, 0.000000000000000000, 1.000000000000000000 ) ) ;
#2312 = CONICAL_SURFACE ( 'NONE', #710, 3.549999999999997602, 0.7853981633974447263 ) ;
#2313 = CIRCLE ( 'NONE', #1135, 2.100000000000000089 ) ;
#2314 = ORIENTED_EDGE ( 'NONE', *, *, #2457, .T. ) ;
#2315 = DIRECTION ( 'NONE',  ( -1.000000000000000000, 0.000000000000000000, 0.000000000000000000 ) ) ;
#2316 = SURFACE_SIDE_STYLE ('',( #1187 ) ) ;
#2317 = AXIS2_PLACEMENT_3D ( 'NONE', #1324, #2444, #2848 ) ;
#2318 = EDGE_LOOP ( 'NONE', ( #1414, #1314, #2095, #609, #1524 ) ) ;
#2319 = DIRECTION ( 'NONE',  ( 1.000000000000000000, 0.000000000000000000, 0.000000000000000000 ) ) ;
#2320 = FACE_OUTER_BOUND ( 'NONE', #2607, .T. ) ;
#2321 = CARTESIAN_POINT ( 'NONE',  ( 29.93075528434976817, -9.818344468817963744, 1.499999999999994449 ) ) ;
#2322 = DIRECTION ( 'NONE',  ( 1.000000000000000000, 0.000000000000000000, -0.000000000000000000 ) ) ;
#2323 = ORIENTED_EDGE ( 'NONE', *, *, #2430, .T. ) ;
#2324 = ORIENTED_EDGE ( 'NONE', *, *, #3329, .T. ) ;
#2325 = ADVANCED_FACE ( 'NONE', ( #3074, #1663 ), #3275, .T. ) ;
#2326 = DIRECTION ( 'NONE',  ( 0.000000000000000000, 0.000000000000000000, 1.000000000000000000 ) ) ;
#2327 = CARTESIAN_POINT ( 'NONE',  ( -8.112888766139919383, -19.58624608923927113, 4.099999999999999645 ) ) ;
#2328 = CARTESIAN_POINT ( 'NONE',  ( -17.67766952966358573, 17.67766952966378824, 0.000000000000000000 ) ) ;
#2329 = ADVANCED_FACE ( 'NONE', ( #2765 ), #714, .F. ) ;
#2330 = EDGE_CURVE ( 'NONE', #3518, #1339, #1076, .T. ) ;
#2331 = VERTEX_POINT ( 'NONE', #2526 ) ;
#2332 = LINE ( 'NONE', #926, #3128 ) ;
#2333 = CARTESIAN_POINT ( 'NONE',  ( -6.538834764831892521, 8.838834764831794644, 1.499999999999999556 ) ) ;
#2334 = EDGE_CURVE ( 'NONE', #3615, #1973, #2512, .T. ) ;
#2335 = AXIS2_PLACEMENT_3D ( 'NONE', #3386, #42, #1493 ) ;
#2336 = CARTESIAN_POINT ( 'NONE',  ( -28.45240316781769252, -9.511085846314172088, 0.000000000000000000 ) ) ;
#2337 = DIRECTION ( 'NONE',  ( 1.000000000000000000, 0.000000000000000000, 0.000000000000000000 ) ) ;
#2338 = CARTESIAN_POINT ( 'NONE',  ( 6.172741747866218986, -20.38988129720596021, 4.099999999999999645 ) ) ;
#2339 = CYLINDRICAL_SURFACE ( 'NONE', #2476, 31.50000000000000000 ) ;
#2340 = VERTEX_POINT ( 'NONE', #2178 ) ;
#2341 = ORIENTED_EDGE ( 'NONE', *, *, #2856, .F. ) ;
#2342 = CARTESIAN_POINT ( 'NONE',  ( 26.28306467690584469, -15.77597665784818659, 0.6531630688821653541 ) ) ;
#2343 = AXIS2_PLACEMENT_3D ( 'NONE', #724, #3536, #3260 ) ;
#2344 = FACE_OUTER_BOUND ( 'NONE', #72, .T. ) ;
#2345 = CARTESIAN_POINT ( 'NONE',  ( 15.94663452842525686, -27.16532435324186068, 1.499999999999989120 ) ) ;
#2346 = EDGE_CURVE ( 'NONE', #2284, #2784, #2978, .T. ) ;
#2347 = ORIENTED_EDGE ( 'NONE', *, *, #1985, .F. ) ;
#2348 = CARTESIAN_POINT ( 'NONE',  ( 8.838834764831894120, -8.838834764831794644, 1.499999999999999556 ) ) ;
#2349 = CARTESIAN_POINT ( 'NONE',  ( 26.60592851407551152, -15.59960556236132589, 1.000000000000024869 ) ) ;
#2350 = EDGE_CURVE ( 'NONE', #1593, #664, #3295, .T. ) ;
#2351 = EDGE_LOOP ( 'NONE', ( #1809, #2460, #1455, #1295 ) ) ;
#2352 = VECTOR ( 'NONE', #1667, 1000.000000000000000 ) ;
#2353 = CARTESIAN_POINT ( 'NONE',  ( -14.47766952966384224, -17.67766952966353600, 16.55096679918781177 ) ) ;
#2354 = EDGE_CURVE ( 'NONE', #210, #1163, #56, .T. ) ;
#2355 = DIRECTION ( 'NONE',  ( 1.000000000000000000, 0.000000000000000000, 0.000000000000000000 ) ) ;
#2356 = DIRECTION ( 'NONE',  ( 1.000000000000000000, 0.000000000000000000, 0.000000000000000000 ) ) ;
#2357 = ORIENTED_EDGE ( 'NONE', *, *, #73, .F. ) ;
#2358 = ORIENTED_EDGE ( 'NONE', *, *, #3333, .T. ) ;
#2359 =( GEOMETRIC_REPRESENTATION_CONTEXT ( 3 ) GLOBAL_UNCERTAINTY_ASSIGNED_CONTEXT ( ( #1020 ) ) GLOBAL_UNIT_ASSIGNED_CONTEXT ( ( #3290, #811, #510 ) ) REPRESENTATION_CONTEXT ( 'NONE', 'WORKASPACE' ) );
#2360 = AXIS2_PLACEMENT_3D ( 'NONE', #982, #1320, #427 ) ;
#2361 = CARTESIAN_POINT ( 'NONE',  ( -22.00000000000000000, 9.999999999999996447, 0.000000000000000000 ) ) ;
#2362 = FACE_OUTER_BOUND ( 'NONE', #463, .T. ) ;
#2363 = FACE_OUTER_BOUND ( 'NONE', #2729, .T. ) ;
#2364 = DIRECTION ( 'NONE',  ( 1.000000000000000000, 0.000000000000000000, 0.000000000000000000 ) ) ;
#2365 = CIRCLE ( 'NONE', #2187, 3.200000000000001510 ) ;
#2366 = CIRCLE ( 'NONE', #3302, 2.100000000000000089 ) ;
#2367 = ORIENTED_EDGE ( 'NONE', *, *, #1823, .F. ) ;
#2368 = ORIENTED_EDGE ( 'NONE', *, *, #114, .T. ) ;
#2369 = ADVANCED_FACE ( 'NONE', ( #2045 ), #1181, .T. ) ;
#2370 = CARTESIAN_POINT ( 'NONE',  ( -8.112888766140057939, 19.58624608923921784, 4.099999999999999645 ) ) ;
#2371 = DIRECTION ( 'NONE',  ( -0.9238795325112836299, -0.3826834323650971093, 0.000000000000000000 ) ) ;
#2372 = VECTOR ( 'NONE', #294, 1000.000000000000000 ) ;
#2373 = AXIS2_PLACEMENT_3D ( 'NONE', #1819, #2905, #111 ) ;
#2374 = EDGE_CURVE ( 'NONE', #1339, #3518, #249, .T. ) ;
#2375 = LINE ( 'NONE', #2131, #2934 ) ;
#2376 = VERTEX_POINT ( 'NONE', #76 ) ;
#2377 = AXIS2_PLACEMENT_3D ( 'NONE', #1975, #605, #3639 ) ;
#2378 = EDGE_LOOP ( 'NONE', ( #1055, #2090 ) ) ;
#2379 = FACE_OUTER_BOUND ( 'NONE', #2293, .T. ) ;
#2380 = DIRECTION ( 'NONE',  ( 0.000000000000000000, 0.000000000000000000, 1.000000000000000000 ) ) ;
#2381 = DIRECTION ( 'NONE',  ( 0.000000000000000000, 0.000000000000000000, 1.000000000000000000 ) ) ;
#2382 = CYLINDRICAL_SURFACE ( 'NONE', #1251, 2.300000000000001599 ) ;
#2383 = CARTESIAN_POINT ( 'NONE',  ( 0.000000000000000000, 0.000000000000000000, 7.500000000000000000 ) ) ;
#2384 = ORIENTED_EDGE ( 'NONE', *, *, #2308, .T. ) ;
#2385 = ORIENTED_EDGE ( 'NONE', *, *, #2456, .T. ) ;
#2386 = DIRECTION ( 'NONE',  ( -1.000000000000000000, 0.000000000000000000, 0.000000000000000000 ) ) ;
#2387 = DIRECTION ( 'NONE',  ( 1.000000000000000000, 0.000000000000000000, 0.000000000000000000 ) ) ;
#2388 = STYLED_ITEM ( 'NONE', ( #2617 ), #2069 ) ;
#2389 = DIRECTION ( 'NONE',  ( 0.000000000000000000, 0.000000000000000000, -1.000000000000000000 ) ) ;
#2390 = ORIENTED_EDGE ( 'NONE', *, *, #1940, .T. ) ;
#2391 = CARTESIAN_POINT ( 'NONE',  ( -1.745740669421566678E-13, -25.00000000000000000, 7.500000000000000000 ) ) ;
#2392 = ADVANCED_FACE ( 'NONE', ( #908 ), #1489, .T. ) ;
#2393 = FACE_OUTER_BOUND ( 'NONE', #1525, .T. ) ;
#2394 = CARTESIAN_POINT ( 'NONE',  ( 14.61099738221377642, -27.71856337361194633, 1.300952380952376641 ) ) ;
#2395 = CARTESIAN_POINT ( 'NONE',  ( -8.838834764831794644, -8.838834764831895896, 1.499999999999999556 ) ) ;
#2396 = DIRECTION ( 'NONE',  ( 0.7071067811865474617, 0.000000000000000000, 0.7071067811865474617 ) ) ;
#2397 = ORIENTED_EDGE ( 'NONE', *, *, #1087, .T. ) ;
#2398 = ORIENTED_EDGE ( 'NONE', *, *, #1304, .F. ) ;
#2399 = FACE_BOUND ( 'NONE', #2262, .T. ) ;
#2400 = CARTESIAN_POINT ( 'NONE',  ( 17.67766952966372074, 17.67766952966366034, 4.000000000000000000 ) ) ;
#2401 = CIRCLE ( 'NONE', #2055, 3.200000000000001510 ) ;
#2402 = DIRECTION ( 'NONE',  ( -1.000000000000000000, 0.000000000000000000, 0.000000000000000000 ) ) ;
#2403 = ORIENTED_EDGE ( 'NONE', *, *, #2140, .F. ) ;
#2404 = EDGE_LOOP ( 'NONE', ( #1571, #3120, #2737, #1077, #2598 ) ) ;
#2405 = AXIS2_PLACEMENT_3D ( 'NONE', #2173, #218, #1362 ) ;
#2406 = EDGE_CURVE ( 'NONE', #3436, #2410, #2256, .T. ) ;
#2407 = DIRECTION ( 'NONE',  ( 0.000000000000000000, 0.000000000000000000, -1.000000000000000000 ) ) ;
#2408 = DIRECTION ( 'NONE',  ( 1.000000000000000000, 0.000000000000000000, 0.000000000000000000 ) ) ;
#2409 = FACE_BOUND ( 'NONE', #726, .T. ) ;
#2410 = VERTEX_POINT ( 'NONE', #3382 ) ;
#2411 = EDGE_CURVE ( 'NONE', #492, #3545, #657, .T. ) ;
#2412 = LINE ( 'NONE', #2066, #2018 ) ;
#2413 = CARTESIAN_POINT ( 'NONE',  ( 25.75000000000000355, -13.50000000000000355, 15.98528137423856776 ) ) ;
#2414 = AXIS2_PLACEMENT_3D ( 'NONE', #687, #3223, #2674 ) ;
#2415 = VERTEX_POINT ( 'NONE', #1991 ) ;
#2416 = CIRCLE ( 'NONE', #1243, 2.999999999999999112 ) ;
#2417 = ORIENTED_EDGE ( 'NONE', *, *, #1621, .T. ) ;
#2418 = FACE_OUTER_BOUND ( 'NONE', #2568, .T. ) ;
#2419 = DIRECTION ( 'NONE',  ( -1.000000000000000000, 0.000000000000000000, 0.000000000000000000 ) ) ;
#2420 = CIRCLE ( 'NONE', #1476, 5.250000000000000000 ) ;
#2421 = AXIS2_PLACEMENT_3D ( 'NONE', #2613, #886, #2869 ) ;
#2422 = CARTESIAN_POINT ( 'NONE',  ( 24.74999999999998579, -13.50000000000000355, 0.000000000000000000 ) ) ;
#2423 = ORIENTED_EDGE ( 'NONE', *, *, #3554, .F. ) ;
#2424 = AXIS2_PLACEMENT_3D ( 'NONE', #199, #1617, #2991 ) ;
#2425 = VECTOR ( 'NONE', #2850, 1000.000000000000000 ) ;
#2426 = ORIENTED_EDGE ( 'NONE', *, *, #2188, .T. ) ;
#2427 = CYLINDRICAL_SURFACE ( 'NONE', #2581, 2.100000000000000089 ) ;
#2428 = FACE_OUTER_BOUND ( 'NONE', #928, .T. ) ;
#2429 = ORIENTED_EDGE ( 'NONE', *, *, #1222, .T. ) ;
#2430 = EDGE_CURVE ( 'NONE', #3436, #1578, #639, .T. ) ;
#2431 = DIRECTION ( 'NONE',  ( 0.000000000000000000, 0.000000000000000000, 1.000000000000000000 ) ) ;
#2432 = DIRECTION ( 'NONE',  ( -0.000000000000000000, -0.000000000000000000, 1.000000000000000000 ) ) ;
#2433 = ADVANCED_FACE ( 'NONE', ( #584 ), #2028, .F. ) ;
#2434 = ORIENTED_EDGE ( 'NONE', *, *, #1551, .F. ) ;
#2435 = ORIENTED_EDGE ( 'NONE', *, *, #2246, .T. ) ;
#2436 = DIRECTION ( 'NONE',  ( 0.000000000000000000, 0.000000000000000000, -1.000000000000000000 ) ) ;
#2437 = DIRECTION ( 'NONE',  ( -0.000000000000000000, -0.000000000000000000, -1.000000000000000000 ) ) ;
#2438 = EDGE_CURVE ( 'NONE', #2977, #737, #3361, .T. ) ;
#2439 = LINE ( 'NONE', #762, #2078 ) ;
#2440 = CARTESIAN_POINT ( 'NONE',  ( -7.932811651156637112, 30.48475847546234974, 1.499999999999994449 ) ) ;
#2441 = ORIENTED_EDGE ( 'NONE', *, *, #1173, .F. ) ;
#2442 = ORIENTED_EDGE ( 'NONE', *, *, #3458, .F. ) ;
#2443 = FACE_OUTER_BOUND ( 'NONE', #2143, .T. ) ;
#2444 = DIRECTION ( 'NONE',  ( -0.000000000000000000, -0.000000000000000000, 1.000000000000000000 ) ) ;
#2445 = ORIENTED_EDGE ( 'NONE', *, *, #1902, .F. ) ;
#2446 = EDGE_LOOP ( 'NONE', ( #2634, #3362, #1090, #812 ) ) ;
#2447 = DIRECTION ( 'NONE',  ( -0.000000000000000000, -0.000000000000000000, -1.000000000000000000 ) ) ;
#2448 = CARTESIAN_POINT ( 'NONE',  ( -24.99999999999999645, 2.618611004132350143E-13, 4.000000000000000000 ) ) ;
#2449 = DIRECTION ( 'NONE',  ( 0.9238795325112865164, -0.3826834323650902259, 0.000000000000000000 ) ) ;
#2450 = ORIENTED_EDGE ( 'NONE', *, *, #2213, .F. ) ;
#2451 = VERTEX_POINT ( 'NONE', #1747 ) ;
#2452 = DIRECTION ( 'NONE',  ( -0.9238795325112865164, 0.3826834323650902259, 0.000000000000000000 ) ) ;
#2453 = ADVANCED_FACE ( 'NONE', ( #316 ), #1010, .F. ) ;
#2454 = CARTESIAN_POINT ( 'NONE',  ( 25.00000000000000000, -8.728703347107833388E-14, 16.55096679918781177 ) ) ;
#2455 = AXIS2_PLACEMENT_3D ( 'NONE', #1447, #632, #3172 ) ;
#2456 = EDGE_CURVE ( 'NONE', #3, #1749, #1718, .T. ) ;
#2457 = EDGE_CURVE ( 'NONE', #828, #444, #1469, .T. ) ;
#2458 = DIRECTION ( 'NONE',  ( -0.000000000000000000, -0.000000000000000000, -1.000000000000000000 ) ) ;
#2459 = DIRECTION ( 'NONE',  ( 0.000000000000000000, 0.000000000000000000, 1.000000000000000000 ) ) ;
#2460 = ORIENTED_EDGE ( 'NONE', *, *, #1283, .T. ) ;
#2461 = CIRCLE ( 'NONE', #3047, 4.000000000000017764 ) ;
#2462 = EDGE_CURVE ( 'NONE', #3183, #2169, #129, .T. ) ;
#2463 = ORIENTED_EDGE ( 'NONE', *, *, #1485, .T. ) ;
#2464 = DIRECTION ( 'NONE',  ( 1.000000000000000000, 0.000000000000000000, 0.000000000000000000 ) ) ;
#2465 = DIRECTION ( 'NONE',  ( 1.000000000000000000, 0.000000000000000000, 0.000000000000000000 ) ) ;
#2466 = VERTEX_POINT ( 'NONE', #1696 ) ;
#2467 = VERTEX_POINT ( 'NONE', #1418 ) ;
#2468 = ORIENTED_EDGE ( 'NONE', *, *, #3439, .F. ) ;
#2469 = AXIS2_PLACEMENT_3D ( 'NONE', #3288, #2485, #2192 ) ;
#2470 = CARTESIAN_POINT ( 'NONE',  ( 17.67766952966359639, -17.67766952966378113, 4.000000000000000000 ) ) ;
#2471 = CARTESIAN_POINT ( 'NONE',  ( -25.00000000000000000, 9.999999999999996447, 15.98528137423857487 ) ) ;
#2472 = DIRECTION ( 'NONE',  ( 1.000000000000000000, 0.000000000000000000, 0.000000000000000000 ) ) ;
#2473 = ORIENTED_EDGE ( 'NONE', *, *, #2098, .F. ) ;
#2474 = ORIENTED_EDGE ( 'NONE', *, *, #2813, .F. ) ;
#2475 = CARTESIAN_POINT ( 'NONE',  ( 0.000000000000000000, 0.000000000000000000, 0.000000000000000000 ) ) ;
#2476 = AXIS2_PLACEMENT_3D ( 'NONE', #2863, #3412, #3193 ) ;
#2477 = DIRECTION ( 'NONE',  ( 1.000000000000000000, 0.000000000000000000, 0.000000000000000000 ) ) ;
#2478 = EDGE_CURVE ( 'NONE', #1261, #221, #1428, .T. ) ;
#2479 = DIRECTION ( 'NONE',  ( 1.000000000000000000, 0.000000000000000000, -0.000000000000000000 ) ) ;
#2480 = CARTESIAN_POINT ( 'NONE',  ( 15.94663452842525686, 27.16532435324186778, 1.499999999999994449 ) ) ;
#2481 = CIRCLE ( 'NONE', #3411, 30.00000000000000000 ) ;
#2482 = EDGE_CURVE ( 'NONE', #1199, #1067, #2313, .T. ) ;
#2483 = CIRCLE ( 'NONE', #898, 3.700000000000015721 ) ;
#2484 = ORIENTED_EDGE ( 'NONE', *, *, #261, .T. ) ;
#2485 = DIRECTION ( 'NONE',  ( 0.000000000000000000, 0.000000000000000000, 1.000000000000000000 ) ) ;
#2486 = DIRECTION ( 'NONE',  ( 1.000000000000000000, 0.000000000000000000, 0.000000000000000000 ) ) ;
#2487 = CARTESIAN_POINT ( 'NONE',  ( -26.55587841689304085, -15.54593022328333873, 1.000000000000013101 ) ) ;
#2488 = CIRCLE ( 'NONE', #3241, 3.200000000000001510 ) ;
#2489 = EDGE_CURVE ( 'NONE', #589, #1294, #3126, .T. ) ;
#2490 = ORIENTED_EDGE ( 'NONE', *, *, #156, .F. ) ;
#2491 = AXIS2_PLACEMENT_3D ( 'NONE', #2019, #648, #1137 ) ;
#2492 = CARTESIAN_POINT ( 'NONE',  ( -17.67766952966347205, 17.67766952966390193, 7.500000000000000000 ) ) ;
#2493 = CARTESIAN_POINT ( 'NONE',  ( -28.75000000000000000, -13.50000000000000355, 1.000000000000013101 ) ) ;
#2494 = DIRECTION ( 'NONE',  ( -0.000000000000000000, -0.000000000000000000, 1.000000000000000000 ) ) ;
#2495 = ORIENTED_EDGE ( 'NONE', *, *, #1420, .T. ) ;
#2496 = VERTEX_POINT ( 'NONE', #1287 ) ;
#2497 = CARTESIAN_POINT ( 'NONE',  ( 8.112888766139921159, -19.58624608923927113, 8.001565072038407007E-33 ) ) ;
#2498 = DIRECTION ( 'NONE',  ( 0.000000000000000000, 0.000000000000000000, -1.000000000000000000 ) ) ;
#2499 = CYLINDRICAL_SURFACE ( 'NONE', #903, 2.999999999999999112 ) ;
#2500 = B_SPLINE_CURVE_WITH_KNOTS ( 'NONE', 3,
 ( #2874, #611, #321, #1165 ),
 .UNSPECIFIED., .F., .F.,
 ( 4, 4 ),
 ( 0.000000000000000000, 0.0002167151586157184883 ),
 .UNSPECIFIED. ) ;
#2501 = LINE ( 'NONE', #2269, #2533 ) ;
#2502 = EDGE_CURVE ( 'NONE', #1067, #3264, #2665, .T. ) ;
#2503 = ORIENTED_EDGE ( 'NONE', *, *, #250, .F. ) ;
#2504 = DIRECTION ( 'NONE',  ( -0.000000000000000000, -0.000000000000000000, -1.000000000000000000 ) ) ;
#2505 = EDGE_CURVE ( 'NONE', #3341, #1103, #2778, .T. ) ;
#2506 = DIRECTION ( 'NONE',  ( 1.000000000000000000, 0.000000000000000000, 0.000000000000000000 ) ) ;
#2507 = DIRECTION ( 'NONE',  ( 0.000000000000000000, 0.000000000000000000, 1.000000000000000000 ) ) ;
#2508 = CIRCLE ( 'NONE', #2672, 3.200000000000000622 ) ;
#2509 = ORIENTED_EDGE ( 'NONE', *, *, #1969, .T. ) ;
#2510 = EDGE_CURVE ( 'NONE', #1689, #312, #1597, .T. ) ;
#2511 = CARTESIAN_POINT ( 'NONE',  ( 25.75000000000000355, -13.50000000000000355, 7.500000000000000000 ) ) ;
#2512 = LINE ( 'NONE', #755, #2075 ) ;
#2513 = DIRECTION ( 'NONE',  ( 1.000000000000000000, 0.000000000000000000, 0.000000000000000000 ) ) ;
#2514 = ORIENTED_EDGE ( 'NONE', *, *, #2241, .T. ) ;
#2515 = DIRECTION ( 'NONE',  ( -0.3826834323650905589, -0.9238795325112865164, 8.326672684688674053E-17 ) ) ;
#2516 = CYLINDRICAL_SURFACE ( 'NONE', #616, 2.300000000000001599 ) ;
#2517 = EDGE_LOOP ( 'NONE', ( #1984, #2031, #1289, #1779 ) ) ;
#2518 = DIRECTION ( 'NONE',  ( -0.9238795325112865164, 0.3826834323650902259, 0.000000000000000000 ) ) ;
#2519 = DIRECTION ( 'NONE',  ( -0.7071067811865460184, 0.000000000000000000, -0.7071067811865490160 ) ) ;
#2520 = AXIS2_PLACEMENT_3D ( 'NONE', #2208, #1134, #1686 ) ;
#2521 = ORIENTED_EDGE ( 'NONE', *, *, #3393, .F. ) ;
#2522 = DIRECTION ( 'NONE',  ( 1.000000000000000000, 0.000000000000000000, 0.000000000000000000 ) ) ;
#2523 = ORIENTED_EDGE ( 'NONE', *, *, #2030, .T. ) ;
#2524 = EDGE_CURVE ( 'NONE', #1343, #195, #2483, .T. ) ;
#2525 = CYLINDRICAL_SURFACE ( 'NONE', #905, 3.200000000000001510 ) ;
#2526 = CARTESIAN_POINT ( 'NONE',  ( -3.700000000000197353, -25.00000000000000000, 0.000000000000000000 ) ) ;
#2527 = DIRECTION ( 'NONE',  ( 0.000000000000000000, 0.000000000000000000, -1.000000000000000000 ) ) ;
#2528 = EDGE_CURVE ( 'NONE', #732, #3549, #2942, .T. ) ;
#2529 = EDGE_LOOP ( 'NONE', ( #3270, #618, #2172, #1276 ) ) ;
#2530 = LINE ( 'NONE', #540, #2352 ) ;
#2531 = CYLINDRICAL_SURFACE ( 'NONE', #147, 3.200000000000001510 ) ;
#2532 = CIRCLE ( 'NONE', #3351, 4.000000000000014211 ) ;
#2533 = VECTOR ( 'NONE', #2519, 1000.000000000000114 ) ;
#2534 = DIRECTION ( 'NONE',  ( -1.000000000000000000, 0.000000000000000000, 0.000000000000000000 ) ) ;
#2535 = CARTESIAN_POINT ( 'NONE',  ( -29.13721677043806224, -10.49430609365685640, 0.9694666004253319480 ) ) ;
#2536 = ORIENTED_EDGE ( 'NONE', *, *, #3253, .T. ) ;
#2537 = CIRCLE ( 'NONE', #1186, 4.000000000000014211 ) ;
#2538 = DIRECTION ( 'NONE',  ( 1.000000000000000000, 0.000000000000000000, 0.000000000000000000 ) ) ;
#2539 = ORIENTED_EDGE ( 'NONE', *, *, #3502, .F. ) ;
#2540 = AXIS2_PLACEMENT_3D ( 'NONE', #2046, #1697, #3401 ) ;
#2541 = AXIS2_PLACEMENT_3D ( 'NONE', #431, #1558, #2680 ) ;
#2542 = DIRECTION ( 'NONE',  ( -0.000000000000000000, -0.000000000000000000, 1.000000000000000000 ) ) ;
#2543 = CARTESIAN_POINT ( 'NONE',  ( 0.000000000000000000, 0.000000000000000000, 1.499999999999994449 ) ) ;
#2544 = DIRECTION ( 'NONE',  ( 0.000000000000000000, 0.000000000000000000, 1.000000000000000000 ) ) ;
#2545 = ADVANCED_FACE ( 'NONE', ( #938, #2344 ), #3522, .T. ) ;
#2546 = CIRCLE ( 'NONE', #953, 9.099999999999997868 ) ;
#2547 = ORIENTED_EDGE ( 'NONE', *, *, #1846, .T. ) ;
#2548 = DIRECTION ( 'NONE',  ( 0.000000000000000000, 0.000000000000000000, -1.000000000000000000 ) ) ;
#2549 = CARTESIAN_POINT ( 'NONE',  ( 26.64852314194280680, -15.65696896577586905, 0.9893293430938965294 ) ) ;
#2550 = ORIENTED_EDGE ( 'NONE', *, *, #2478, .F. ) ;
#2551 = CARTESIAN_POINT ( 'NONE',  ( -15.94663452842547180, 27.16532435324173989, 7.500000000000000000 ) ) ;
#2552 = DIRECTION ( 'NONE',  ( 0.000000000000000000, 0.000000000000000000, 1.000000000000000000 ) ) ;
#2553 = ADVANCED_FACE ( 'NONE', ( #661 ), #3212, .F. ) ;
#2554 = VERTEX_POINT ( 'NONE', #730 ) ;
#2555 = DIRECTION ( 'NONE',  ( -0.000000000000000000, -0.000000000000000000, 1.000000000000000000 ) ) ;
#2556 = VERTEX_POINT ( 'NONE', #1216 ) ;
#2557 = DIRECTION ( 'NONE',  ( -0.000000000000000000, -0.000000000000000000, -1.000000000000000000 ) ) ;
#2558 = CARTESIAN_POINT ( 'NONE',  ( -8.112888766140057939, 19.58624608923921784, 4.099999999999999645 ) ) ;
#2559 = DIRECTION ( 'NONE',  ( -0.000000000000000000, -0.000000000000000000, 1.000000000000000000 ) ) ;
#2560 = ORIENTED_EDGE ( 'NONE', *, *, #1798, .F. ) ;
#2561 = CARTESIAN_POINT ( 'NONE',  ( 25.49058363597388777, -15.81866447894448768, 0.000000000000000000 ) ) ;
#2562 = CARTESIAN_POINT ( 'NONE',  ( -22.00000000000000000, 9.999999999999996447, 0.000000000000000000 ) ) ;
#2563 = CARTESIAN_POINT ( 'NONE',  ( 26.76756999693136052, -16.57525386045979943, 1.483848039018627052 ) ) ;
#2564 = ADVANCED_FACE ( 'NONE', ( #1231, #2393 ), #2972, .T. ) ;
#2565 = DIRECTION ( 'NONE',  ( 1.000000000000000000, 0.000000000000000000, 0.000000000000000000 ) ) ;
#2566 = CARTESIAN_POINT ( 'NONE',  ( -15.72499999999999964, 1.925757091659212808E-15, 0.000000000000000000 ) ) ;
#2567 = ADVANCED_FACE ( 'NONE', ( #1518, #2628 ), #1269, .T. ) ;
#2568 = EDGE_LOOP ( 'NONE', ( #2727, #556, #70, #3291 ) ) ;
#2569 = DIRECTION ( 'NONE',  ( 1.000000000000000000, 0.000000000000000000, 0.000000000000000000 ) ) ;
#2570 = EDGE_LOOP ( 'NONE', ( #40, #2390, #3246, #1233 ) ) ;
#2571 = ORIENTED_EDGE ( 'NONE', *, *, #1465, .F. ) ;
#2572 = DIRECTION ( 'NONE',  ( 0.000000000000000000, 0.000000000000000000, 1.000000000000000000 ) ) ;
#2573 = CARTESIAN_POINT ( 'NONE',  ( 6.538834764831792157, 8.838834764831894120, 1.499999999999999556 ) ) ;
#2574 = CARTESIAN_POINT ( 'NONE',  ( -14.22499999999998721, 1.833908581723160658E-15, -2.500000000000000000 ) ) ;
#2575 = CIRCLE ( 'NONE', #1050, 3.200000000000001510 ) ;
#2576 = ORIENTED_EDGE ( 'NONE', *, *, #1690, .T. ) ;
#2577 = CARTESIAN_POINT ( 'NONE',  ( 18.99999999999999645, 9.999999999999996447, 15.98528137423857487 ) ) ;
#2578 = CARTESIAN_POINT ( 'NONE',  ( 0.000000000000000000, 0.000000000000000000, 1.499999999999994449 ) ) ;
#2579 = CIRCLE ( 'NONE', #1702, 3.200000000000001510 ) ;
#2580 = VERTEX_POINT ( 'NONE', #1539 ) ;
#2581 = AXIS2_PLACEMENT_3D ( 'NONE', #1046, #770, #3049 ) ;
#2582 = LINE ( 'NONE', #8, #545 ) ;
#2583 = FACE_OUTER_BOUND ( 'NONE', #2280, .T. ) ;
#2584 = FACE_BOUND ( 'NONE', #98, .T. ) ;
#2585 = EDGE_CURVE ( 'NONE', #143, #871, #2891, .T. ) ;
#2586 = CARTESIAN_POINT ( 'NONE',  ( 28.70000000000001705, -8.683391415539381888E-14, 0.000000000000000000 ) ) ;
#2587 = ORIENTED_EDGE ( 'NONE', *, *, #1690, .F. ) ;
#2588 = ADVANCED_FACE ( 'NONE', ( #2362 ), #3470, .F. ) ;
#2589 = CIRCLE ( 'NONE', #1000, 2.100000000000000089 ) ;
#2590 = EDGE_LOOP ( 'NONE', ( #2206, #527, #579, #814, #2779, #769, #104, #3512, #1644, #1275, #3313 ) ) ;
#2591 = CIRCLE ( 'NONE', #3590, 31.50000000000000000 ) ;
#2592 = DIRECTION ( 'NONE',  ( -0.7071067811865436870, 0.000000000000000000, -0.7071067811865513475 ) ) ;
#2593 = EDGE_CURVE ( 'NONE', #2661, #2076, #1530, .T. ) ;
#2594 = CARTESIAN_POINT ( 'NONE',  ( -8.838834764831794644, -8.838834764831895896, 1.499999999999999556 ) ) ;
#2595 = DIRECTION ( 'NONE',  ( 1.000000000000000000, 0.000000000000000000, 0.000000000000000000 ) ) ;
#2596 = VECTOR ( 'NONE', #1939, 1000.000000000000000 ) ;
#2597 = AXIS2_PLACEMENT_3D ( 'NONE', #2327, #1146, #621 ) ;
#2598 = ORIENTED_EDGE ( 'NONE', *, *, #2585, .F. ) ;
#2599 = DIRECTION ( 'NONE',  ( 0.000000000000000000, 0.000000000000000000, -1.000000000000000000 ) ) ;
#2600 = DIRECTION ( 'NONE',  ( 1.000000000000000000, 0.000000000000000000, 0.000000000000000000 ) ) ;
#2601 = CONICAL_SURFACE ( 'NONE', #309, 31.50000000000000000, 0.7853981633974506105 ) ;
#2602 = AXIS2_PLACEMENT_3D ( 'NONE', #2194, #2232, #1307 ) ;
#2603 = EDGE_LOOP ( 'NONE', ( #3058, #863, #1598, #3209 ) ) ;
#2604 = CARTESIAN_POINT ( 'NONE',  ( 21.22766952966358645, 17.67766952966378824, 0.000000000000000000 ) ) ;
#2605 = CARTESIAN_POINT ( 'NONE',  ( 11.13883476483179535, 8.838834764831894120, 1.499999999999999556 ) ) ;
#2606 = CARTESIAN_POINT ( 'NONE',  ( 9.268448797367868863, 29.93151945509231737, 1.300952380952377307 ) ) ;
#2607 = EDGE_LOOP ( 'NONE', ( #1440, #2047, #720, #3318 ) ) ;
#2608 = ORIENTED_EDGE ( 'NONE', *, *, #1315, .T. ) ;
#2609 = ADVANCED_FACE ( 'NONE', ( #126 ), #2936, .F. ) ;
#2610 = ORIENTED_EDGE ( 'NONE', *, *, #1505, .F. ) ;
#2611 = ADVANCED_FACE ( 'NONE', ( #1835 ), #2956, .T. ) ;
#2612 = DIRECTION ( 'NONE',  ( -1.000000000000000000, 0.000000000000000000, 0.000000000000000000 ) ) ;
#2613 = CARTESIAN_POINT ( 'NONE',  ( 0.000000000000000000, 25.00000000000000000, 0.000000000000000000 ) ) ;
#2614 = DIRECTION ( 'NONE',  ( -1.000000000000000000, 0.000000000000000000, 0.000000000000000000 ) ) ;
#2615 = ORIENTED_EDGE ( 'NONE', *, *, #629, .T. ) ;
#2616 = DIRECTION ( 'NONE',  ( -0.000000000000000000, -0.000000000000000000, 1.000000000000000000 ) ) ;
#2617 = PRESENTATION_STYLE_ASSIGNMENT (( #2051 ) ) ;
#2618 = AXIS2_PLACEMENT_3D ( 'NONE', #2562, #3438, #2015 ) ;
#2619 = ADVANCED_FACE ( 'NONE', ( #3070 ), #178, .F. ) ;
#2620 = ORIENTED_EDGE ( 'NONE', *, *, #1551, .T. ) ;
#2621 = ORIENTED_EDGE ( 'NONE', *, *, #3601, .T. ) ;
#2622 = CARTESIAN_POINT ( 'NONE',  ( -22.92766952966347560, 17.67766952966390193, 7.500000000000000000 ) ) ;
#2623 = CARTESIAN_POINT ( 'NONE',  ( 20.87766952966359923, -17.67766952966378113, 4.000000000000000000 ) ) ;
#2624 = ORIENTED_EDGE ( 'NONE', *, *, #672, .T. ) ;
#2625 = EDGE_LOOP ( 'NONE', ( #2932, #157, #3467, #2490, #2847 ) ) ;
#2626 = DIRECTION ( 'NONE',  ( 0.000000000000000000, 0.000000000000000000, 1.000000000000000000 ) ) ;
#2627 = CONICAL_SURFACE ( 'NONE', #1279, 3.000000000000002665, 0.7853981633974428389 ) ;
#2628 = FACE_OUTER_BOUND ( 'NONE', #1893, .T. ) ;
#2629 = DIRECTION ( 'NONE',  ( -0.000000000000000000, -0.000000000000000000, -1.000000000000000000 ) ) ;
#2630 = EDGE_CURVE ( 'NONE', #1591, #979, #307, .T. ) ;
#2631 = CYLINDRICAL_SURFACE ( 'NONE', #1136, 2.299999999999999822 ) ;
#2632 = CARTESIAN_POINT ( 'NONE',  ( -28.75000000000000000, -13.50000000000000355, 0.000000000000000000 ) ) ;
#2633 = EDGE_CURVE ( 'NONE', #3134, #386, #260, .T. ) ;
#2634 = ORIENTED_EDGE ( 'NONE', *, *, #946, .F. ) ;
#2635 = CIRCLE ( 'NONE', #397, 30.00000000000000000 ) ;
#2636 = DIRECTION ( 'NONE',  ( -0.000000000000000000, -0.000000000000000000, -1.000000000000000000 ) ) ;
#2637 = CARTESIAN_POINT ( 'NONE',  ( 11.93972308979082264, 28.82504141435213540, 1.099047619047613056 ) ) ;
#2638 = CIRCLE ( 'NONE', #459, 3.000000000000002665 ) ;
#2639 = DIRECTION ( 'NONE',  ( 0.000000000000000000, 0.000000000000000000, 1.000000000000000000 ) ) ;
#2640 = ORIENTED_EDGE ( 'NONE', *, *, #815, .T. ) ;
#2641 = EDGE_LOOP ( 'NONE', ( #376, #1534, #2083, #1545 ) ) ;
#2642 = ORIENTED_EDGE ( 'NONE', *, *, #2140, .T. ) ;
#2643 = AXIS2_PLACEMENT_3D ( 'NONE', #1836, #2957, #3199 ) ;
#2644 = AXIS2_PLACEMENT_3D ( 'NONE', #900, #1778, #2356 ) ;
#2645 = CARTESIAN_POINT ( 'NONE',  ( 26.68452074652526207, -15.71764021865635819, 0.9694666004253440494 ) ) ;
#2646 = DIRECTION ( 'NONE',  ( 1.000000000000000000, 0.000000000000000000, 0.000000000000000000 ) ) ;
#2647 = CARTESIAN_POINT ( 'NONE',  ( 28.92570124804518628, -10.14813951560711835, 0.6531630688822094299 ) ) ;
#2648 = CARTESIAN_POINT ( 'NONE',  ( 11.13883476483179535, 8.838834764831894120, 1.499999999999999556 ) ) ;
#2649 = AXIS2_PLACEMENT_3D ( 'NONE', #534, #777, #1878 ) ;
#2650 = ADVANCED_FACE ( 'NONE', ( #3561 ), #509, .F. ) ;
#2651 = VECTOR ( 'NONE', #818, 1000.000000000000000 ) ;
#2652 = VERTEX_POINT ( 'NONE', #1384 ) ;
#2653 = ORIENTED_EDGE ( 'NONE', *, *, #2633, .F. ) ;
#2654 = VERTEX_POINT ( 'NONE', #1635 ) ;
#2655 = CARTESIAN_POINT ( 'NONE',  ( -17.67766952966384508, -17.67766952966353600, 4.000000000000000000 ) ) ;
#2656 = FACE_OUTER_BOUND ( 'NONE', #3010, .T. ) ;
#2657 = VECTOR ( 'NONE', #3506, 1000.000000000000114 ) ;
#2658 = AXIS2_PLACEMENT_3D ( 'NONE', #2831, #2285, #2305 ) ;
#2659 = ADVANCED_FACE ( 'NONE', ( #2428 ), #1962, .F. ) ;
#2660 = CARTESIAN_POINT ( 'NONE',  ( -9.268448797367868863, -29.93151945509231737, 1.300952380952377307 ) ) ;
#2661 = VERTEX_POINT ( 'NONE', #3343 ) ;
#2662 = AXIS2_PLACEMENT_3D ( 'NONE', #937, #3210, #2612 ) ;
#2663 = VERTEX_POINT ( 'NONE', #1596 ) ;
#2664 = DIRECTION ( 'NONE',  ( 0.000000000000000000, 0.000000000000000000, 1.000000000000000000 ) ) ;
#2665 = LINE ( 'NONE', #2085, #2657 ) ;
#2666 = FACE_OUTER_BOUND ( 'NONE', #319, .T. ) ;
#2667 = CARTESIAN_POINT ( 'NONE',  ( -9.999576071517124021, -29.62867662231882449, 4.099999999999999645 ) ) ;
#2668 = DIRECTION ( 'NONE',  ( -1.000000000000000000, 0.000000000000000000, 0.000000000000000000 ) ) ;
#2669 = ORIENTED_EDGE ( 'NONE', *, *, #2001, .T. ) ;
#2670 = CARTESIAN_POINT ( 'NONE',  ( 17.67766952966359639, -17.67766952966378113, 7.500000000000000000 ) ) ;
#2671 = CARTESIAN_POINT ( 'NONE',  ( 11.13883476483189483, -8.838834764831794644, 7.500000000000000000 ) ) ;
#2672 = AXIS2_PLACEMENT_3D ( 'NONE', #1354, #2226, #212 ) ;
#2673 = EDGE_CURVE ( 'NONE', #1103, #3341, #192, .T. ) ;
#2674 = DIRECTION ( 'NONE',  ( 1.000000000000000000, 0.000000000000000000, 0.000000000000000000 ) ) ;
#2675 = ORIENTED_EDGE ( 'NONE', *, *, #3015, .T. ) ;
#2676 = EDGE_CURVE ( 'NONE', #2410, #3436, #1015, .T. ) ;
#2677 = ORIENTED_EDGE ( 'NONE', *, *, #2330, .F. ) ;
#2678 = ORIENTED_EDGE ( 'NONE', *, *, #3519, .F. ) ;
#2679 = DIRECTION ( 'NONE',  ( 1.000000000000000000, 0.000000000000000000, 0.000000000000000000 ) ) ;
#2680 = DIRECTION ( 'NONE',  ( -1.000000000000000000, 0.000000000000000000, 0.000000000000000000 ) ) ;
#2681 = LINE ( 'NONE', #3523, #1649 ) ;
#2682 = DIRECTION ( 'NONE',  ( -0.000000000000000000, -0.000000000000000000, 1.000000000000000000 ) ) ;
#2683 = DIRECTION ( 'NONE',  ( -1.000000000000000000, 0.000000000000000000, 0.000000000000000000 ) ) ;
#2684 = ORIENTED_EDGE ( 'NONE', *, *, #2124, .T. ) ;
#2685 = VERTEX_POINT ( 'NONE', #2175 ) ;
#2686 = CARTESIAN_POINT ( 'NONE',  ( 26.55587841689303730, -15.54593022328333518, 7.500000000000000000 ) ) ;
#2687 = CARTESIAN_POINT ( 'NONE',  ( 17.67766952966372074, 17.67766952966366034, 16.55096679918781177 ) ) ;
#2688 = VECTOR ( 'NONE', #1723, 1000.000000000000114 ) ;
#2689 = CARTESIAN_POINT ( 'NONE',  ( -7.932811651156391974, -30.48475847546241013, 1.499999999999989564 ) ) ;
#2690 = EDGE_CURVE ( 'NONE', #1654, #2376, #48, .T. ) ;
#2691 = ORIENTED_EDGE ( 'NONE', *, *, #2969, .F. ) ;
#2692 = ORIENTED_EDGE ( 'NONE', *, *, #2166, .F. ) ;
#2693 = VERTEX_POINT ( 'NONE', #2215 ) ;
#2694 = EDGE_CURVE ( 'NONE', #945, #1108, #899, .T. ) ;
#2695 = AXIS2_PLACEMENT_3D ( 'NONE', #3617, #3543, #2989 ) ;
#2696 = FACE_OUTER_BOUND ( 'NONE', #2570, .T. ) ;
#2697 = DIRECTION ( 'NONE',  ( -0.3826834323650906144, -0.9238795325112865164, 0.000000000000000000 ) ) ;
#2698 = CARTESIAN_POINT ( 'NONE',  ( 3.200000000000000622, 25.00000000000000000, 4.000000000000000000 ) ) ;
#2699 = ORIENTED_EDGE ( 'NONE', *, *, #426, .T. ) ;
#2700 = AXIS2_PLACEMENT_3D ( 'NONE', #3213, #1519, #975 ) ;
#2701 = ADVANCED_FACE ( 'NONE', ( #1955 ), #1105, .T. ) ;
#2702 = DIRECTION ( 'NONE',  ( 1.000000000000000000, 0.000000000000000000, 0.000000000000000000 ) ) ;
#2703 = CARTESIAN_POINT ( 'NONE',  ( -17.67766952966358573, 17.67766952966378824, 0.3500000000000150213 ) ) ;
#2704 = ORIENTED_EDGE ( 'NONE', *, *, #2034, .F. ) ;
#2705 = CIRCLE ( 'NONE', #3118, 31.50000000000000000 ) ;
#2706 = EDGE_LOOP ( 'NONE', ( #1705, #2212, #2608, #2160 ) ) ;
#2707 = FACE_BOUND ( 'NONE', #3225, .T. ) ;
#2708 = DIRECTION ( 'NONE',  ( 0.000000000000000000, 0.000000000000000000, 1.000000000000000000 ) ) ;
#2709 = CIRCLE ( 'NONE', #2540, 5.250000000000000888 ) ;
#2710 = DIRECTION ( 'NONE',  ( 0.000000000000000000, 0.000000000000000000, 1.000000000000000000 ) ) ;
#2711 = VECTOR ( 'NONE', #3509, 1000.000000000000000 ) ;
#2712 = ORIENTED_EDGE ( 'NONE', *, *, #1133, .T. ) ;
#2713 = EDGE_LOOP ( 'NONE', ( #689, #17 ) ) ;
#2714 = AXIS2_PLACEMENT_3D ( 'NONE', #2167, #270, #1631 ) ;
#2715 = CONICAL_SURFACE ( 'NONE', #2951, 3.550000000000018474, 0.7853981633974517207 ) ;
#2716 = ORIENTED_EDGE ( 'NONE', *, *, #1550, .F. ) ;
#2717 = FACE_OUTER_BOUND ( 'NONE', #2911, .T. ) ;
#2718 = DIRECTION ( 'NONE',  ( 0.000000000000000000, 0.000000000000000000, 1.000000000000000000 ) ) ;
#2719 = APPLICATION_PROTOCOL_DEFINITION ( 'draft international standard', 'automotive_design', 1998, #3501 ) ;
#2720 = ORIENTED_EDGE ( 'NONE', *, *, #1894, .F. ) ;
#2721 = ORIENTED_EDGE ( 'NONE', *, *, #656, .T. ) ;
#2722 = VERTEX_POINT ( 'NONE', #1030 ) ;
#2723 = EDGE_CURVE ( 'NONE', #2685, #1260, #1657, .T. ) ;
#2724 = CARTESIAN_POINT ( 'NONE',  ( -1.745740669421566678E-13, -25.00000000000000000, 0.5000000000000247580 ) ) ;
#2725 = CARTESIAN_POINT ( 'NONE',  ( -26.55587841689304085, -15.54593022328333873, 7.500000000000000000 ) ) ;
#2726 = FACE_OUTER_BOUND ( 'NONE', #1699, .T. ) ;
#2727 = ORIENTED_EDGE ( 'NONE', *, *, #700, .F. ) ;
#2728 = ADVANCED_FACE ( 'NONE', ( #3017 ), #1873, .T. ) ;
#2729 = EDGE_LOOP ( 'NONE', ( #2191, #3620, #203, #1464 ) ) ;
#2730 = CARTESIAN_POINT ( 'NONE',  ( 20.87766952966359923, -17.67766952966378113, 0.000000000000000000 ) ) ;
#2731 = CARTESIAN_POINT ( 'NONE',  ( -24.99999999999999645, 2.618611004132350143E-13, 0.5000000000000177636 ) ) ;
#2732 = DIRECTION ( 'NONE',  ( 0.000000000000000000, 0.000000000000000000, -1.000000000000000000 ) ) ;
#2733 = CARTESIAN_POINT ( 'NONE',  ( -1.745740669421566678E-13, -25.00000000000000000, 4.000000000000000000 ) ) ;
#2734 = MECHANICAL_DESIGN_GEOMETRIC_PRESENTATION_REPRESENTATION (  '', ( #2388 ), #1655 ) ;
#2735 = EDGE_LOOP ( 'NONE', ( #1123, #1387, #2675, #2151, #2141 ) ) ;
#2736 = ORIENTED_EDGE ( 'NONE', *, *, #647, .T. ) ;
#2737 = ORIENTED_EDGE ( 'NONE', *, *, #1950, .F. ) ;
#2738 = CYLINDRICAL_SURFACE ( 'NONE', #1057, 8.099999999999999645 ) ;
#2739 = CARTESIAN_POINT ( 'NONE',  ( 11.93972308979082619, -28.82504141435213540, 4.099999999999999645 ) ) ;
#2740 = CARTESIAN_POINT ( 'NONE',  ( -19.74999999999999645, 2.618611004132350143E-13, 4.000000000000000000 ) ) ;
#2741 = ORIENTED_EDGE ( 'NONE', *, *, #2082, .T. ) ;
#2742 = ORIENTED_EDGE ( 'NONE', *, *, #2334, .F. ) ;
#2743 = LINE ( 'NONE', #3294, #3598 ) ;
#2744 = CARTESIAN_POINT ( 'NONE',  ( -26.82450455585852822, -16.03167425363565002, 1.249646940337904022 ) ) ;
#2745 = CARTESIAN_POINT ( 'NONE',  ( -15.94663452842525686, -27.16532435324186778, 1.499999999999994449 ) ) ;
#2746 = EDGE_CURVE ( 'NONE', #386, #1789, #16, .T. ) ;
#2747 = ORIENTED_EDGE ( 'NONE', *, *, #3637, .T. ) ;
#2748 = ORIENTED_EDGE ( 'NONE', *, *, #3153, .T. ) ;
#2749 = DIRECTION ( 'NONE',  ( -0.000000000000000000, -0.000000000000000000, -1.000000000000000000 ) ) ;
#2750 = ADVANCED_FACE ( 'NONE', ( #1066 ), #1363, .F. ) ;
#2751 = CARTESIAN_POINT ( 'NONE',  ( 7.932811651156420396, -30.48475847546240658, 7.500000000000000000 ) ) ;
#2752 = AXIS2_PLACEMENT_3D ( 'NONE', #1375, #3060, #2266 ) ;
#2753 = DIRECTION ( 'NONE',  ( 0.3826834323650906144, 0.9238795325112865164, -0.000000000000000000 ) ) ;
#2754 = DIRECTION ( 'NONE',  ( 0.000000000000000000, 0.000000000000000000, 1.000000000000000000 ) ) ;
#2755 = AXIS2_PLACEMENT_3D ( 'NONE', #668, #190, #3553 ) ;
#2756 = ORIENTED_EDGE ( 'NONE', *, *, #154, .T. ) ;
#2757 = CARTESIAN_POINT ( 'NONE',  ( -17.67766952966347205, 17.67766952966390193, 7.500000000000000000 ) ) ;
#2758 = AXIS2_PLACEMENT_3D ( 'NONE', #2770, #2515, #1909 ) ;
#2759 = DIRECTION ( 'NONE',  ( 0.000000000000000000, 0.000000000000000000, -1.000000000000000000 ) ) ;
#2760 = ORIENTED_EDGE ( 'NONE', *, *, #3454, .T. ) ;
#2761 = ORIENTED_EDGE ( 'NONE', *, *, #204, .T. ) ;
#2762 = ORIENTED_EDGE ( 'NONE', *, *, #1985, .T. ) ;
#2763 = CIRCLE ( 'NONE', #2695, 2.100000000000000089 ) ;
#2764 = CARTESIAN_POINT ( 'NONE',  ( -6.172741747866361095, 20.38988129720592113, 4.099999999999999645 ) ) ;
#2765 = FACE_OUTER_BOUND ( 'NONE', #3559, .T. ) ;
#2766 = CARTESIAN_POINT ( 'NONE',  ( -21.79999999999999716, 2.622529873889621364E-13, 16.55096679918781177 ) ) ;
#2767 = CIRCLE ( 'NONE', #3224, 3.700000000000022826 ) ;
#2768 = ORIENTED_EDGE ( 'NONE', *, *, #2822, .T. ) ;
#2769 = EDGE_CURVE ( 'NONE', #3187, #328, #482, .T. ) ;
#2770 = CARTESIAN_POINT ( 'NONE',  ( -8.112888766139919383, -19.58624608923927113, 4.099999999999999645 ) ) ;
#2771 = CIRCLE ( 'NONE', #1183, 4.000000000000003553 ) ;
#2772 = CARTESIAN_POINT ( 'NONE',  ( -7.932811651156637112, 30.48475847546234974, 1.499999999999994449 ) ) ;
#2773 = CARTESIAN_POINT ( 'NONE',  ( 6.172741747866217210, 20.38988129720596021, 4.099999999999999645 ) ) ;
#2774 = EDGE_CURVE ( 'NONE', #3297, #2097, #252, .T. ) ;
#2775 = DIRECTION ( 'NONE',  ( 1.000000000000000000, 0.000000000000000000, 0.000000000000000000 ) ) ;
#2776 = CIRCLE ( 'NONE', #2833, 3.000000000000002665 ) ;
#2777 = EDGE_CURVE ( 'NONE', #2209, #1973, #2017, .T. ) ;
#2778 = CIRCLE ( 'NONE', #3532, 2.299999999999999822 ) ;
#2779 = ORIENTED_EDGE ( 'NONE', *, *, #3486, .F. ) ;
#2780 = LINE ( 'NONE', #259, #2930 ) ;
#2781 = DIRECTION ( 'NONE',  ( -1.000000000000000000, 0.000000000000000000, 0.000000000000000000 ) ) ;
#2782 = DIRECTION ( 'NONE',  ( 1.000000000000000000, 0.000000000000000000, 0.000000000000000000 ) ) ;
#2783 = EDGE_LOOP ( 'NONE', ( #1850, #1365 ) ) ;
#2784 = VERTEX_POINT ( 'NONE', #2252 ) ;
#2785 = CIRCLE ( 'NONE', #1198, 3.200000000000000622 ) ;
#2786 = DIRECTION ( 'NONE',  ( 0.000000000000000000, 0.000000000000000000, 1.000000000000000000 ) ) ;
#2787 = DIRECTION ( 'NONE',  ( -0.000000000000000000, -0.000000000000000000, -1.000000000000000000 ) ) ;
#2788 = FACE_OUTER_BOUND ( 'NONE', #2735, .T. ) ;
#2789 = VERTEX_POINT ( 'NONE', #1691 ) ;
#2790 = CARTESIAN_POINT ( 'NONE',  ( -22.92766952966384508, -17.67766952966353600, 4.000000000000000000 ) ) ;
#2791 = DIRECTION ( 'NONE',  ( -0.000000000000000000, -0.000000000000000000, 1.000000000000000000 ) ) ;
#2792 = CARTESIAN_POINT ( 'NONE',  ( 15.94663452842527640, 27.16532435324185002, 7.500000000000000000 ) ) ;
#2793 = DIRECTION ( 'NONE',  ( 1.000000000000000000, 0.000000000000000000, 0.000000000000000000 ) ) ;
#2794 = EDGE_CURVE ( 'NONE', #2149, #2209, #1435, .T. ) ;
#2795 = ORIENTED_EDGE ( 'NONE', *, *, #906, .F. ) ;
#2796 = FACE_BOUND ( 'NONE', #3445, .T. ) ;
#2797 = EDGE_CURVE ( 'NONE', #3549, #143, #290, .T. ) ;
#2798 = CARTESIAN_POINT ( 'NONE',  ( -30.25000000000000000, 2.625040399827873549E-13, 4.000000000000000000 ) ) ;
#2799 = DIRECTION ( 'NONE',  ( 1.000000000000000000, 0.000000000000000000, 0.000000000000000000 ) ) ;
#2800 = VERTEX_POINT ( 'NONE', #3084 ) ;
#2801 = CARTESIAN_POINT ( 'NONE',  ( 8.838834764831792867, 8.838834764831894120, 7.500000000000000000 ) ) ;
#2802 = CARTESIAN_POINT ( 'NONE',  ( 0.000000000000000000, 25.00000000000000000, 7.500000000000000000 ) ) ;
#2803 = CARTESIAN_POINT ( 'NONE',  ( -11.93972308979102870, 28.82504141435205725, 4.099999999999999645 ) ) ;
#2804 = VERTEX_POINT ( 'NONE', #1122 ) ;
#2805 = DIRECTION ( 'NONE',  ( 1.000000000000000000, 0.000000000000000000, -0.000000000000000000 ) ) ;
#2806 = LINE ( 'NONE', #2751, #1620 ) ;
#2807 = ORIENTED_EDGE ( 'NONE', *, *, #2882, .T. ) ;
#2808 = CYLINDRICAL_SURFACE ( 'NONE', #1311, 2.100000000000000089 ) ;
#2809 = CARTESIAN_POINT ( 'NONE',  ( -28.92292943268256877, -10.50498824521304186, 1.000000000000013101 ) ) ;
#2810 = VECTOR ( 'NONE', #3442, 1000.000000000000000 ) ;
#2811 = ORIENTED_EDGE ( 'NONE', *, *, #1444, .F. ) ;
#2812 = EDGE_LOOP ( 'NONE', ( #1011, #2536, #1372, #969 ) ) ;
#2813 = EDGE_CURVE ( 'NONE', #2661, #3466, #2271, .T. ) ;
#2814 = DIRECTION ( 'NONE',  ( 1.000000000000000000, 0.000000000000000000, 0.000000000000000000 ) ) ;
#2815 = CIRCLE ( 'NONE', #1168, 5.250000000000000888 ) ;
#2816 = EDGE_LOOP ( 'NONE', ( #1936, #1842, #1963, #451 ) ) ;
#2817 = EDGE_CURVE ( 'NONE', #737, #2977, #2020, .T. ) ;
#2818 = AXIS2_PLACEMENT_3D ( 'NONE', #3571, #2163, #557 ) ;
#2819 = FACE_OUTER_BOUND ( 'NONE', #2148, .T. ) ;
#2820 = CARTESIAN_POINT ( 'NONE',  ( -26.68452074652531181, -15.71764021865645944, 0.9694666004254390845 ) ) ;
#2821 = CARTESIAN_POINT ( 'NONE',  ( -9.999576071517333631, 29.62867662231876409, 4.099999999999999645 ) ) ;
#2822 = EDGE_CURVE ( 'NONE', #2415, #2276, #3476, .T. ) ;
#2823 = ORIENTED_EDGE ( 'NONE', *, *, #1694, .T. ) ;
#2824 = LINE ( 'NONE', #624, #2296 ) ;
#2825 = PRODUCT_DEFINITION_FORMATION_WITH_SPECIFIED_SOURCE ( 'ANY', '', #2987, .NOT_KNOWN. ) ;
#2826 = AXIS2_PLACEMENT_3D ( 'NONE', #2733, #2459, #235 ) ;
#2827 = CARTESIAN_POINT ( 'NONE',  ( 0.000000000000000000, 25.00000000000000000, 0.5000000000000247580 ) ) ;
#2828 = DIRECTION ( 'NONE',  ( 0.000000000000000000, 0.000000000000000000, 1.000000000000000000 ) ) ;
#2829 = ORIENTED_EDGE ( 'NONE', *, *, #3487, .F. ) ;
#2830 = CIRCLE ( 'NONE', #3177, 2.100000000000000089 ) ;
#2831 = CARTESIAN_POINT ( 'NONE',  ( 0.000000000000000000, 0.000000000000000000, 1.499999999999994449 ) ) ;
#2832 = ORIENTED_EDGE ( 'NONE', *, *, #2822, .F. ) ;
#2833 = AXIS2_PLACEMENT_3D ( 'NONE', #3091, #1419, #2275 ) ;
#2834 = AXIS2_PLACEMENT_3D ( 'NONE', #3566, #2787, #3624 ) ;
#2835 = CARTESIAN_POINT ( 'NONE',  ( 5.249999999999825917, -25.00000000000000000, 4.000000000000000000 ) ) ;
#2836 = DIRECTION ( 'NONE',  ( 0.000000000000000000, 0.000000000000000000, 1.000000000000000000 ) ) ;
#2837 = FACE_OUTER_BOUND ( 'NONE', #3257, .T. ) ;
#2838 = AXIS2_PLACEMENT_3D ( 'NONE', #495, #1345, #3021 ) ;
#2839 = ADVANCED_FACE ( 'NONE', ( #50 ), #1176, .T. ) ;
#2840 = ORIENTED_EDGE ( 'NONE', *, *, #824, .T. ) ;
#2841 = CARTESIAN_POINT ( 'NONE',  ( 14.47766952966371790, 17.67766952966366034, 16.55096679918781177 ) ) ;
#2842 = CARTESIAN_POINT ( 'NONE',  ( -19.74999999999999645, 2.618611004132350143E-13, 7.500000000000000000 ) ) ;
#2843 = ADVANCED_FACE ( 'NONE', ( #1157 ), #1722, .F. ) ;
#2844 = EDGE_CURVE ( 'NONE', #944, #1472, #1138, .T. ) ;
#2845 = CARTESIAN_POINT ( 'NONE',  ( 9.999576071517124021, 29.62867662231882449, 4.099999999999999645 ) ) ;
#2846 = DIRECTION ( 'NONE',  ( 0.000000000000000000, 0.000000000000000000, 1.000000000000000000 ) ) ;
#2847 = ORIENTED_EDGE ( 'NONE', *, *, #1420, .F. ) ;
#2848 = DIRECTION ( 'NONE',  ( 1.000000000000000000, 0.000000000000000000, 0.000000000000000000 ) ) ;
#2849 = ORIENTED_EDGE ( 'NONE', *, *, #1200, .T. ) ;
#2850 = DIRECTION ( 'NONE',  ( 0.000000000000000000, 0.000000000000000000, -1.000000000000000000 ) ) ;
#2851 = CIRCLE ( 'NONE', #272, 5.250000000000000000 ) ;
#2852 = DIRECTION ( 'NONE',  ( 1.000000000000000000, 0.000000000000000000, 0.000000000000000000 ) ) ;
#2853 = CARTESIAN_POINT ( 'NONE',  ( -9.099999999999997868, 1.114428587224091071E-15, 7.500000000000000000 ) ) ;
#2854 = VERTEX_POINT ( 'NONE', #276 ) ;
#2855 = DIRECTION ( 'NONE',  ( 0.000000000000000000, 0.000000000000000000, -1.000000000000000000 ) ) ;
#2856 = EDGE_CURVE ( 'NONE', #277, #3255, #3119, .T. ) ;
#2857 = DIRECTION ( 'NONE',  ( -0.000000000000000000, -0.000000000000000000, -1.000000000000000000 ) ) ;
#2858 = ADVANCED_FACE ( 'NONE', ( #3635 ), #3338, .F. ) ;
#2859 = DIRECTION ( 'NONE',  ( 0.000000000000000000, 0.000000000000000000, 1.000000000000000000 ) ) ;
#2860 = CARTESIAN_POINT ( 'NONE',  ( -8.112888766139919383, -19.58624608923927113, 4.099999999999999645 ) ) ;
#2861 = CARTESIAN_POINT ( 'NONE',  ( -5.250000000000174971, -25.00000000000000000, 4.000000000000000000 ) ) ;
#2862 = EDGE_CURVE ( 'NONE', #2217, #945, #1687, .T. ) ;
#2863 = CARTESIAN_POINT ( 'NONE',  ( 0.000000000000000000, 0.000000000000000000, 7.500000000000000000 ) ) ;
#2864 = EDGE_LOOP ( 'NONE', ( #3214, #3552 ) ) ;
#2865 = ORIENTED_EDGE ( 'NONE', *, *, #2462, .T. ) ;
#2866 = B_SPLINE_CURVE_WITH_KNOTS ( 'NONE', 3,
 ( #3196, #412, #2342, #2645 ),
 .UNSPECIFIED., .F., .F.,
 ( 4, 4 ),
 ( 0.000000000000000000, 0.001541284274382503016 ),
 .UNSPECIFIED. ) ;
#2867 = VERTEX_POINT ( 'NONE', #3631 ) ;
#2868 = CARTESIAN_POINT ( 'NONE',  ( -8.838834764831794644, -8.838834764831895896, 7.500000000000000000 ) ) ;
#2869 = DIRECTION ( 'NONE',  ( -1.000000000000000000, 0.000000000000000000, 0.000000000000000000 ) ) ;
#2870 = DIRECTION ( 'NONE',  ( 1.000000000000000000, 0.000000000000000000, 0.000000000000000000 ) ) ;
#2871 = AXIS2_PLACEMENT_3D ( 'NONE', #861, #3595, #1118 ) ;
#2872 = EDGE_LOOP ( 'NONE', ( #892, #1451, #2224, #2960 ) ) ;
#2873 = CARTESIAN_POINT ( 'NONE',  ( -22.00000000000000000, 9.999999999999996447, 15.98528137423857487 ) ) ;
#2874 = CARTESIAN_POINT ( 'NONE',  ( -26.55587841689304085, -15.54593022328333873, 1.000000000000013101 ) ) ;
#2875 = ORIENTED_EDGE ( 'NONE', *, *, #3626, .T. ) ;
#2876 = EDGE_CURVE ( 'NONE', #2925, #1563, #2200, .T. ) ;
#2877 = CIRCLE ( 'NONE', #2469, 5.250000000000000888 ) ;
#2878 = CARTESIAN_POINT ( 'NONE',  ( 26.81771088312112994, -16.38141098337769819, 1.425007336223660825 ) ) ;
#2879 = FACE_OUTER_BOUND ( 'NONE', #468, .T. ) ;
#2880 = DIRECTION ( 'NONE',  ( 1.000000000000000000, 0.000000000000000000, 0.000000000000000000 ) ) ;
#2881 = AXIS2_PLACEMENT_3D ( 'NONE', #432, #2629, #1853 ) ;
#2882 = EDGE_CURVE ( 'NONE', #3551, #3183, #2439, .T. ) ;
#2883 = CARTESIAN_POINT ( 'NONE',  ( -24.99999999999999645, 2.618611004132350143E-13, 7.500000000000000000 ) ) ;
#2884 = EDGE_LOOP ( 'NONE', ( #807, #1978, #188, #3040 ) ) ;
#2885 = CIRCLE ( 'NONE', #587, 2.999999999999999112 ) ;
#2886 = ORIENTED_EDGE ( 'NONE', *, *, #1283, .F. ) ;
#2887 = CARTESIAN_POINT ( 'NONE',  ( -26.67120962326255551, -16.75996948780000650, 1.499999999999994449 ) ) ;
#2888 = CARTESIAN_POINT ( 'NONE',  ( 22.00000000000000000, 9.999999999999996447, 1.000000000000013101 ) ) ;
#2889 = DIRECTION ( 'NONE',  ( -0.000000000000000000, -0.000000000000000000, -1.000000000000000000 ) ) ;
#2890 = VECTOR ( 'NONE', #3383, 1000.000000000000114 ) ;
#2891 = CIRCLE ( 'NONE', #1661, 4.000000000000014211 ) ;
#2892 = VERTEX_POINT ( 'NONE', #3006 ) ;
#2893 = PLANE ( 'NONE',  #3103 ) ;
#2894 = CARTESIAN_POINT ( 'NONE',  ( 28.75000000000000000, -13.50000000000000355, 15.98528137423856776 ) ) ;
#2895 = CARTESIAN_POINT ( 'NONE',  ( -12.42766952966384331, -17.67766952966353600, 7.500000000000000000 ) ) ;
#2896 = DIRECTION ( 'NONE',  ( -0.3826834323650970537, 0.9238795325112837409, 8.326672684688674053E-17 ) ) ;
#2897 = DIRECTION ( 'NONE',  ( 1.000000000000000000, 4.440892098500626162E-15, 0.000000000000000000 ) ) ;
#2898 = DIRECTION ( 'NONE',  ( 1.000000000000000000, 0.000000000000000000, 0.000000000000000000 ) ) ;
#2899 = ORIENTED_EDGE ( 'NONE', *, *, #3104, .T. ) ;
#2900 = ADVANCED_FACE ( 'NONE', ( #484 ), #3594, .F. ) ;
#2901 = ADVANCED_FACE ( 'NONE', ( #1117 ), #3028, .F. ) ;
#2902 = LINE ( 'NONE', #3521, #1432 ) ;
#2903 = CARTESIAN_POINT ( 'NONE',  ( 25.00000000000000000, -8.728703347107833388E-14, 4.000000000000000000 ) ) ;
#2904 = DIRECTION ( 'NONE',  ( 0.3826834323650906144, 0.9238795325112865164, 0.000000000000000000 ) ) ;
#2905 = DIRECTION ( 'NONE',  ( 0.000000000000000000, 0.000000000000000000, -1.000000000000000000 ) ) ;
#2906 = FACE_OUTER_BOUND ( 'NONE', #3117, .T. ) ;
#2907 = EDGE_LOOP ( 'NONE', ( #3218, #3473 ) ) ;
#2908 = VERTEX_POINT ( 'NONE', #234 ) ;
#2909 = DIRECTION ( 'NONE',  ( 0.000000000000000000, 0.000000000000000000, 1.000000000000000000 ) ) ;
#2910 = CARTESIAN_POINT ( 'NONE',  ( -20.87766952966347489, 17.67766952966390193, 16.55096679918781177 ) ) ;
#2911 = EDGE_LOOP ( 'NONE', ( #2450, #978, #934, #1715 ) ) ;
#2912 = ORIENTED_EDGE ( 'NONE', *, *, #3574, .F. ) ;
#2913 = VERTEX_POINT ( 'NONE', #1395 ) ;
#2914 = EDGE_CURVE ( 'NONE', #2169, #2943, #659, .T. ) ;
#2915 = CARTESIAN_POINT ( 'NONE',  ( -17.67766952966358573, 17.67766952966378824, 0.000000000000000000 ) ) ;
#2916 = AXIS2_PLACEMENT_3D ( 'NONE', #439, #153, #3221 ) ;
#2917 = CARTESIAN_POINT ( 'NONE',  ( -1.745740669421566678E-13, -25.00000000000000000, 4.000000000000000000 ) ) ;
#2918 = CARTESIAN_POINT ( 'NONE',  ( 0.000000000000000000, 0.000000000000000000, 7.500000000000000000 ) ) ;
#2919 = EDGE_CURVE ( 'NONE', #1593, #1131, #2488, .T. ) ;
#2920 = LINE ( 'NONE', #941, #658 ) ;
#2921 = CARTESIAN_POINT ( 'NONE',  ( 3.199999999999826095, -25.00000000000000000, 4.000000000000000000 ) ) ;
#2922 = AXIS2_PLACEMENT_3D ( 'NONE', #1225, #2056, #377 ) ;
#2923 = EDGE_CURVE ( 'NONE', #2943, #328, #825, .T. ) ;
#2924 = ORIENTED_EDGE ( 'NONE', *, *, #2489, .T. ) ;
#2925 = VERTEX_POINT ( 'NONE', #505 ) ;
#2926 = ORIENTED_EDGE ( 'NONE', *, *, #1092, .F. ) ;
#2927 = VECTOR ( 'NONE', #268, 1000.000000000000000 ) ;
#2928 = CARTESIAN_POINT ( 'NONE',  ( 6.538834764831792157, 8.838834764831894120, 1.499999999999999556 ) ) ;
#2929 = CARTESIAN_POINT ( 'NONE',  ( 0.000000000000000000, 25.00000000000000000, 4.000000000000000000 ) ) ;
#2930 = VECTOR ( 'NONE', #1931, 1000.000000000000000 ) ;
#2931 = CARTESIAN_POINT ( 'NONE',  ( -26.28306467690589798, -15.77597665784817949, 0.6531630688822065434 ) ) ;
#2932 = ORIENTED_EDGE ( 'NONE', *, *, #3079, .F. ) ;
#2933 = EDGE_LOOP ( 'NONE', ( #774, #123, #1266, #1892 ) ) ;
#2934 = VECTOR ( 'NONE', #441, 1000.000000000000000 ) ;
#2935 = DIRECTION ( 'NONE',  ( -0.000000000000000000, -0.000000000000000000, 1.000000000000000000 ) ) ;
#2936 = CYLINDRICAL_SURFACE ( 'NONE', #3007, 5.250000000000000888 ) ;
#2937 = FACE_OUTER_BOUND ( 'NONE', #3247, .T. ) ;
#2938 = CIRCLE ( 'NONE', #1069, 15.72499999999999964 ) ;
#2939 = LINE ( 'NONE', #3493, #3307 ) ;
#2940 = DIRECTION ( 'NONE',  ( 0.000000000000000000, 0.000000000000000000, 1.000000000000000000 ) ) ;
#2941 = ADVANCED_FACE ( 'NONE', ( #3064 ), #559, .F. ) ;
#2942 = CIRCLE ( 'NONE', #1193, 2.999999999999999112 ) ;
#2943 = VERTEX_POINT ( 'NONE', #2792 ) ;
#2944 = DIRECTION ( 'NONE',  ( 0.000000000000000000, 0.000000000000000000, 1.000000000000000000 ) ) ;
#2945 = EDGE_CURVE ( 'NONE', #2993, #3236, #2185, .T. ) ;
#2946 = DIRECTION ( 'NONE',  ( -0.000000000000000000, -0.000000000000000000, 1.000000000000000000 ) ) ;
#2947 = VECTOR ( 'NONE', #2555, 1000.000000000000000 ) ;
#2948 = AXIS2_PLACEMENT_3D ( 'NONE', #992, #2958, #1580 ) ;
#2949 = VECTOR ( 'NONE', #593, 1000.000000000000000 ) ;
#2950 = PLANE ( 'NONE',  #1522 ) ;
#2951 = AXIS2_PLACEMENT_3D ( 'NONE', #3399, #885, #2007 ) ;
#2952 = ORIENTED_EDGE ( 'NONE', *, *, #3354, .T. ) ;
#2953 = ORIENTED_EDGE ( 'NONE', *, *, #140, .F. ) ;
#2954 = EDGE_LOOP ( 'NONE', ( #122, #2198 ) ) ;
#2955 = DIRECTION ( 'NONE',  ( 1.000000000000000000, 0.000000000000000000, 0.000000000000000000 ) ) ;
#2956 = CYLINDRICAL_SURFACE ( 'NONE', #2541, 1.000000000000000888 ) ;
#2957 = DIRECTION ( 'NONE',  ( 0.000000000000000000, 0.000000000000000000, 1.000000000000000000 ) ) ;
#2958 = DIRECTION ( 'NONE',  ( 0.000000000000000000, 0.000000000000000000, 1.000000000000000000 ) ) ;
#2959 = CARTESIAN_POINT ( 'NONE',  ( 26.68452074652526207, -15.71764021865635819, 0.9694666004253440494 ) ) ;
#2960 = ORIENTED_EDGE ( 'NONE', *, *, #859, .F. ) ;
#2961 = ORIENTED_EDGE ( 'NONE', *, *, #2346, .F. ) ;
#2962 = ADVANCED_FACE ( 'NONE', ( #805 ), #2808, .F. ) ;
#2963 = FACE_OUTER_BOUND ( 'NONE', #3403, .T. ) ;
#2964 = CARTESIAN_POINT ( 'NONE',  ( -3.200000000000000622, 25.00000000000000000, 4.000000000000000000 ) ) ;
#2965 = CIRCLE ( 'NONE', #1391, 2.299999999999999822 ) ;
#2966 = ADVANCED_FACE ( 'NONE', ( #286 ), #1357, .T. ) ;
#2967 = DIRECTION ( 'NONE',  ( 1.000000000000000000, 0.000000000000000000, 0.000000000000000000 ) ) ;
#2968 = EDGE_LOOP ( 'NONE', ( #2691, #1848, #2621, #2807 ) ) ;
#2969 = EDGE_CURVE ( 'NONE', #1068, #3183, #1665, .T. ) ;
#2970 = ORIENTED_EDGE ( 'NONE', *, *, #690, .F. ) ;
#2971 = DIRECTION ( 'NONE',  ( 1.000000000000000000, 0.000000000000000000, 0.000000000000000000 ) ) ;
#2972 = PLANE ( 'NONE',  #1367 ) ;
#2973 = CARTESIAN_POINT ( 'NONE',  ( -24.99999999999999645, 2.618611004132350143E-13, 16.55096679918781177 ) ) ;
#2974 = AXIS2_PLACEMENT_3D ( 'NONE', #2929, #2946, #1528 ) ;
#2975 = CARTESIAN_POINT ( 'NONE',  ( 15.94663452842525686, -27.16532435324186068, 1.499999999999989120 ) ) ;
#2976 = DIRECTION ( 'NONE',  ( 1.000000000000000000, 0.000000000000000000, 0.000000000000000000 ) ) ;
#2977 = VERTEX_POINT ( 'NONE', #524 ) ;
#2978 = B_SPLINE_CURVE_WITH_KNOTS ( 'NONE', 3,
 ( #497, #2744, #1202, #2820 ),
 .UNSPECIFIED., .F., .F.,
 ( 4, 4 ),
 ( 0.0005821545405987205027, 0.001240236421624174839 ),
 .UNSPECIFIED. ) ;
#2979 = VERTEX_POINT ( 'NONE', #2773 ) ;
#2980 = EDGE_LOOP ( 'NONE', ( #274, #109 ) ) ;
#2981 = DIRECTION ( 'NONE',  ( -1.000000000000000000, 0.000000000000000000, 0.000000000000000000 ) ) ;
#2982 = FACE_BOUND ( 'NONE', #894, .T. ) ;
#2983 = ADVANCED_FACE ( 'NONE', ( #251 ), #2499, .F. ) ;
#2984 = DIRECTION ( 'NONE',  ( 0.000000000000000000, 0.000000000000000000, 1.000000000000000000 ) ) ;
#2985 = EDGE_CURVE ( 'NONE', #3018, #1591, #2582, .T. ) ;
#2986 = ORIENTED_EDGE ( 'NONE', *, *, #273, .T. ) ;
#2987 = PRODUCT ( 'FRANKA_FLANGE', 'FRANKA_FLANGE', '', ( #1342 ) ) ;
#2988 = ORIENTED_EDGE ( 'NONE', *, *, #2124, .F. ) ;
#2989 = DIRECTION ( 'NONE',  ( -0.9238795325112865164, 0.3826834323650902259, 0.000000000000000000 ) ) ;
#2990 = EDGE_CURVE ( 'NONE', #2800, #1449, #575, .T. ) ;
#2991 = DIRECTION ( 'NONE',  ( -1.000000000000000000, 0.000000000000000000, 0.000000000000000000 ) ) ;
#2992 = CARTESIAN_POINT ( 'NONE',  ( -1.745740669421566678E-13, -25.00000000000000000, 0.000000000000000000 ) ) ;
#2993 = VERTEX_POINT ( 'NONE', #3136 ) ;
#2994 = EDGE_LOOP ( 'NONE', ( #623, #139, #617, #3456 ) ) ;
#2995 = B_SPLINE_CURVE_WITH_KNOTS ( 'NONE', 3,
 ( #2300, #2606, #2637, #3410, #650 ),
 .UNSPECIFIED., .F., .F.,
 ( 4, 1, 4 ),
 ( 1.452361807027769453E-06, 0.004338502050247313412, 0.008675551738687599032 ),
 .UNSPECIFIED. ) ;
#2996 = CARTESIAN_POINT ( 'NONE',  ( 17.67766952966359639, -17.67766952966378113, 0.000000000000000000 ) ) ;
#2997 = EDGE_CURVE ( 'NONE', #3545, #2867, #3440, .T. ) ;
#2998 = CARTESIAN_POINT ( 'NONE',  ( 0.000000000000000000, 0.000000000000000000, -2.500000000000000000 ) ) ;
#2999 = DIRECTION ( 'NONE',  ( 1.000000000000000000, 0.000000000000000000, 0.000000000000000000 ) ) ;
#3000 = ORIENTED_EDGE ( 'NONE', *, *, #3377, .F. ) ;
#3001 = AXIS2_PLACEMENT_3D ( 'NONE', #3547, #131, #1259 ) ;
#3002 = VERTEX_POINT ( 'NONE', #2845 ) ;
#3003 = CARTESIAN_POINT ( 'NONE',  ( 25.00000000000000000, -8.728703347107833388E-14, 4.000000000000000000 ) ) ;
#3004 = FACE_OUTER_BOUND ( 'NONE', #781, .T. ) ;
#3005 = VECTOR ( 'NONE', #57, 1000.000000000000000 ) ;
#3006 = CARTESIAN_POINT ( 'NONE',  ( -30.00000000000000000, 3.765788907378111328E-15, 0.000000000000000000 ) ) ;
#3007 = AXIS2_PLACEMENT_3D ( 'NONE', #2117, #987, #712 ) ;
#3008 = CARTESIAN_POINT ( 'NONE',  ( 25.00000000000000000, -8.728703347107833388E-14, 7.500000000000000000 ) ) ;
#3009 = AXIS2_PLACEMENT_3D ( 'NONE', #1258, #164, #398 ) ;
#3010 = EDGE_LOOP ( 'NONE', ( #2441, #168, #1608, #1021 ) ) ;
#3011 = ORIENTED_EDGE ( 'NONE', *, *, #695, .T. ) ;
#3012 = AXIS2_PLACEMENT_3D ( 'NONE', #467, #2718, #3582 ) ;
#3013 = AXIS2_PLACEMENT_3D ( 'NONE', #1159, #2542, #2273 ) ;
#3014 = VERTEX_POINT ( 'NONE', #1981 ) ;
#3015 = EDGE_CURVE ( 'NONE', #2654, #1615, #478, .T. ) ;
#3016 = CARTESIAN_POINT ( 'NONE',  ( 11.93972308979082442, 28.82504141435213540, 7.500000000000000000 ) ) ;
#3017 = FACE_OUTER_BOUND ( 'NONE', #3407, .T. ) ;
#3018 = VERTEX_POINT ( 'NONE', #3095 ) ;
#3019 = VERTEX_POINT ( 'NONE', #3426 ) ;
#3020 = EDGE_CURVE ( 'NONE', #1563, #3162, #3388, .T. ) ;
#3021 = DIRECTION ( 'NONE',  ( -1.000000000000000000, 0.000000000000000000, 0.000000000000000000 ) ) ;
#3022 = DIRECTION ( 'NONE',  ( 0.000000000000000000, 0.000000000000000000, 1.000000000000000000 ) ) ;
#3023 = DIRECTION ( 'NONE',  ( 0.000000000000000000, 0.000000000000000000, 1.000000000000000000 ) ) ;
#3024 = VERTEX_POINT ( 'NONE', #64 ) ;
#3025 = ORIENTED_EDGE ( 'NONE', *, *, #2882, .F. ) ;
#3026 = FACE_OUTER_BOUND ( 'NONE', #3067, .T. ) ;
#3027 = CARTESIAN_POINT ( 'NONE',  ( 0.000000000000000000, 0.000000000000000000, 7.500000000000000000 ) ) ;
#3028 = CYLINDRICAL_SURFACE ( 'NONE', #74, 2.100000000000000089 ) ;
#3029 = CARTESIAN_POINT ( 'NONE',  ( -1.745740669421566678E-13, -25.00000000000000000, 4.000000000000000000 ) ) ;
#3030 = AXIS2_PLACEMENT_3D ( 'NONE', #1335, #2498, #574 ) ;
#3031 = ORIENTED_EDGE ( 'NONE', *, *, #1672, .T. ) ;
#3032 = DIRECTION ( 'NONE',  ( -0.000000000000000000, -0.000000000000000000, -1.000000000000000000 ) ) ;
#3033 = CARTESIAN_POINT ( 'NONE',  ( 29.13721677043818659, -10.49430609365684219, 0.9694666004254438585 ) ) ;
#3034 = DIRECTION ( 'NONE',  ( 0.000000000000000000, 0.000000000000000000, -1.000000000000000000 ) ) ;
#3035 = EDGE_LOOP ( 'NONE', ( #1321, #882, #1284, #209, #1308 ) ) ;
#3036 = EDGE_CURVE ( 'NONE', #1199, #1234, #81, .T. ) ;
#3037 = CARTESIAN_POINT ( 'NONE',  ( -22.00000000000000000, 9.999999999999996447, 15.98528137423857487 ) ) ;
#3038 = DIRECTION ( 'NONE',  ( -0.000000000000000000, -0.000000000000000000, 1.000000000000000000 ) ) ;
#3039 = CARTESIAN_POINT ( 'NONE',  ( 30.25000000000000355, -8.728703347107833388E-14, 4.000000000000000000 ) ) ;
#3040 = ORIENTED_EDGE ( 'NONE', *, *, #3622, .F. ) ;
#3041 = ORIENTED_EDGE ( 'NONE', *, *, #2844, .T. ) ;
#3042 = DIRECTION ( 'NONE',  ( 0.3826834323650906144, -0.9238795325112864054, 8.326672684688671588E-17 ) ) ;
#3043 = DIRECTION ( 'NONE',  ( 1.000000000000000000, 0.000000000000000000, 0.000000000000000000 ) ) ;
#3044 = EDGE_CURVE ( 'NONE', #2242, #2652, #2785, .T. ) ;
#3045 = DIRECTION ( 'NONE',  ( 1.000000000000000000, 0.000000000000000000, 0.000000000000000000 ) ) ;
#3046 = FACE_OUTER_BOUND ( 'NONE', #2517, .T. ) ;
#3047 = AXIS2_PLACEMENT_3D ( 'NONE', #1738, #2828, #1772 ) ;
#3048 = ORIENTED_EDGE ( 'NONE', *, *, #2593, .F. ) ;
#3049 = DIRECTION ( 'NONE',  ( -0.9238795325112865164, 0.3826834323650902259, 0.000000000000000000 ) ) ;
#3050 = CARTESIAN_POINT ( 'NONE',  ( 22.00000000000000000, 9.999999999999996447, 1.000000000000013101 ) ) ;
#3051 = CARTESIAN_POINT ( 'NONE',  ( 0.000000000000000000, 0.000000000000000000, 0.000000000000000000 ) ) ;
#3052 = ORIENTED_EDGE ( 'NONE', *, *, #3502, .T. ) ;
#3053 = EDGE_LOOP ( 'NONE', ( #3371, #1240, #3634, #1436 ) ) ;
#3054 = CIRCLE ( 'NONE', #3515, 5.250000000000000888 ) ;
#3055 = DIRECTION ( 'NONE',  ( -0.000000000000000000, -0.000000000000000000, 1.000000000000000000 ) ) ;
#3056 = CARTESIAN_POINT ( 'NONE',  ( 0.000000000000000000, 0.000000000000000000, 1.499999999999994449 ) ) ;
#3057 = CARTESIAN_POINT ( 'NONE',  ( 8.838834764831792867, 8.838834764831894120, 7.500000000000000000 ) ) ;
#3058 = ORIENTED_EDGE ( 'NONE', *, *, #2374, .T. ) ;
#3059 = DIRECTION ( 'NONE',  ( 1.000000000000000000, 0.000000000000000000, 0.000000000000000000 ) ) ;
#3060 = DIRECTION ( 'NONE',  ( 0.000000000000000000, 0.000000000000000000, 1.000000000000000000 ) ) ;
#3061 = AXIS2_PLACEMENT_3D ( 'NONE', #2802, #817, #2203 ) ;
#3062 = ORIENTED_EDGE ( 'NONE', *, *, #3123, .T. ) ;
#3063 = ADVANCED_FACE ( 'NONE', ( #1459 ), #929, .F. ) ;
#3064 = FACE_OUTER_BOUND ( 'NONE', #2812, .T. ) ;
#3065 = DIRECTION ( 'NONE',  ( -1.000000000000000000, 0.000000000000000000, 0.000000000000000000 ) ) ;
#3066 = VECTOR ( 'NONE', #1711, 1000.000000000000000 ) ;
#3067 = EDGE_LOOP ( 'NONE', ( #1228, #3583, #2270, #2253, #3109, #1085 ) ) ;
#3068 = AXIS2_PLACEMENT_3D ( 'NONE', #2873, #2599, #2315 ) ;
#3069 = CARTESIAN_POINT ( 'NONE',  ( 13.87987010806452837, -28.02140620638544277, 4.099999999999999645 ) ) ;
#3070 = FACE_OUTER_BOUND ( 'NONE', #329, .T. ) ;
#3071 = AXIS2_PLACEMENT_3D ( 'NONE', #3327, #810, #490 ) ;
#3072 = ORIENTED_EDGE ( 'NONE', *, *, #1244, .T. ) ;
#3073 = CARTESIAN_POINT ( 'NONE',  ( 0.000000000000000000, 0.000000000000000000, 7.500000000000000000 ) ) ;
#3074 = FACE_BOUND ( 'NONE', #1036, .T. ) ;
#3075 = CARTESIAN_POINT ( 'NONE',  ( 12.42766952966359639, -17.67766952966378113, 7.500000000000000000 ) ) ;
#3076 = ORIENTED_EDGE ( 'NONE', *, *, #1780, .F. ) ;
#3077 = CYLINDRICAL_SURFACE ( 'NONE', #2818, 1.000000000000000888 ) ;
#3078 = DIRECTION ( 'NONE',  ( 0.000000000000000000, 0.000000000000000000, -1.000000000000000000 ) ) ;
#3079 = EDGE_CURVE ( 'NONE', #2133, #1472, #2142, .T. ) ;
#3080 = DIRECTION ( 'NONE',  ( -0.000000000000000000, -0.000000000000000000, 1.000000000000000000 ) ) ;
#3081 = CARTESIAN_POINT ( 'NONE',  ( -29.85016616351379071, -10.01046572792314215, 1.483848039018627718 ) ) ;
#3082 = EDGE_CURVE ( 'NONE', #646, #361, #256, .T. ) ;
#3083 = EDGE_LOOP ( 'NONE', ( #3578, #962, #488, #2576 ) ) ;
#3084 = CARTESIAN_POINT ( 'NONE',  ( -11.13883476483179358, -8.838834764831895896, 1.499999999999999556 ) ) ;
#3085 = ADVANCED_FACE ( 'NONE', ( #2268 ), #1771, .F. ) ;
#3086 = ORIENTED_EDGE ( 'NONE', *, *, #2723, .F. ) ;
#3087 = CIRCLE ( 'NONE', #1555, 3.200000000000001510 ) ;
#3088 = VERTEX_POINT ( 'NONE', #1737 ) ;
#3089 = DIRECTION ( 'NONE',  ( 0.7071067811865464625, -0.7071067811865486830, 0.000000000000000000 ) ) ;
#3090 = DIRECTION ( 'NONE',  ( 0.000000000000000000, 0.000000000000000000, 1.000000000000000000 ) ) ;
#3091 = CARTESIAN_POINT ( 'NONE',  ( -22.00000000000000000, 9.999999999999996447, 7.500000000000000000 ) ) ;
#3092 = EDGE_LOOP ( 'NONE', ( #925, #597 ) ) ;
#3093 = CARTESIAN_POINT ( 'NONE',  ( -29.93075528434977173, -9.818344468817958415, 1.499999999999994449 ) ) ;
#3094 = DIRECTION ( 'NONE',  ( -0.000000000000000000, -0.000000000000000000, -1.000000000000000000 ) ) ;
#3095 = CARTESIAN_POINT ( 'NONE',  ( 10.05303578441362333, -18.78261088127258205, 4.099999999999999645 ) ) ;
#3096 = CARTESIAN_POINT ( 'NONE',  ( -17.67766952966384508, -17.67766952966353600, 7.500000000000000000 ) ) ;
#3097 = AXIS2_PLACEMENT_3D ( 'NONE', #3428, #830, #2355 ) ;
#3098 = VERTEX_POINT ( 'NONE', #2895 ) ;
#3099 = EDGE_CURVE ( 'NONE', #2722, #2287, #1246, .T. ) ;
#3100 = CARTESIAN_POINT ( 'NONE',  ( 0.000000000000000000, 0.000000000000000000, 6.500000000000002665 ) ) ;
#3101 = CIRCLE ( 'NONE', #1406, 5.250000000000000888 ) ;
#3102 = ORIENTED_EDGE ( 'NONE', *, *, #2171, .T. ) ;
#3103 = AXIS2_PLACEMENT_3D ( 'NONE', #3132, #890, #1149 ) ;
#3104 = EDGE_CURVE ( 'NONE', #3387, #1381, #915, .T. ) ;
#3105 = CARTESIAN_POINT ( 'NONE',  ( 19.75000000000000000, -8.664409390152596804E-14, 4.000000000000000000 ) ) ;
#3106 = CARTESIAN_POINT ( 'NONE',  ( 25.00000000000000000, 9.999999999999996447, 1.000000000000013101 ) ) ;
#3107 = FACE_OUTER_BOUND ( 'NONE', #1494, .T. ) ;
#3108 = AXIS2_PLACEMENT_3D ( 'NONE', #1029, #3248, #2152 ) ;
#3109 = ORIENTED_EDGE ( 'NONE', *, *, #2162, .F. ) ;
#3110 = CARTESIAN_POINT ( 'NONE',  ( -28.19999999999999929, 2.618611004132350143E-13, 16.55096679918781177 ) ) ;
#3111 = FACE_OUTER_BOUND ( 'NONE', #2968, .T. ) ;
#3112 = AXIS2_PLACEMENT_3D ( 'NONE', #108, #414, #2136 ) ;
#3113 = AXIS2_PLACEMENT_3D ( 'NONE', #2883, #69, #918 ) ;
#3114 = DIRECTION ( 'NONE',  ( -0.3826834323650969982, 0.9238795325112837409, -0.000000000000000000 ) ) ;
#3115 = DIRECTION ( 'NONE',  ( 0.9238795325112865164, -0.3826834323650902259, 0.000000000000000000 ) ) ;
#3116 = CIRCLE ( 'NONE', #306, 2.300000000000001599 ) ;
#3117 = EDGE_LOOP ( 'NONE', ( #3580, #1583, #2741, #1213 ) ) ;
#3118 = AXIS2_PLACEMENT_3D ( 'NONE', #3056, #3038, #1094 ) ;
#3119 = LINE ( 'NONE', #599, #417 ) ;
#3120 = ORIENTED_EDGE ( 'NONE', *, *, #2528, .F. ) ;
#3121 = ORIENTED_EDGE ( 'NONE', *, *, #43, .T. ) ;
#3122 = AXIS2_PLACEMENT_3D ( 'NONE', #1390, #3023, #2513 ) ;
#3123 = EDGE_CURVE ( 'NONE', #1248, #2340, #1152, .T. ) ;
#3124 = AXIS2_PLACEMENT_3D ( 'NONE', #2063, #382, #974 ) ;
#3125 = LINE ( 'NONE', #921, #1965 ) ;
#3126 = LINE ( 'NONE', #2573, #3304 ) ;
#3127 = CARTESIAN_POINT ( 'NONE',  ( -8.838834764831794644, -8.838834764831895896, 1.499999999999999556 ) ) ;
#3128 = VECTOR ( 'NONE', #2277, 1000.000000000000000 ) ;
#3129 = EDGE_CURVE ( 'NONE', #361, #2415, #1477, .T. ) ;
#3130 = VERTEX_POINT ( 'NONE', #207 ) ;
#3131 = AXIS2_PLACEMENT_3D ( 'NONE', #2868, #1145, #1179 ) ;
#3132 = CARTESIAN_POINT ( 'NONE',  ( 17.67766952966359639, -17.67766952966378113, 4.000000000000000000 ) ) ;
#3133 = FILL_AREA_STYLE_COLOUR ( '', #1736 ) ;
#3134 = VERTEX_POINT ( 'NONE', #2240 ) ;
#3135 = EDGE_CURVE ( 'NONE', #2789, #3429, #3608, .T. ) ;
#3136 = CARTESIAN_POINT ( 'NONE',  ( -31.50000000000000000, 0.000000000000000000, 7.500000000000000000 ) ) ;
#3137 = CARTESIAN_POINT ( 'NONE',  ( 0.000000000000000000, 0.000000000000000000, 7.500000000000000000 ) ) ;
#3138 = DIRECTION ( 'NONE',  ( 0.000000000000000000, 0.000000000000000000, 1.000000000000000000 ) ) ;
#3139 = LINE ( 'NONE', #654, #1951 ) ;
#3140 = ORIENTED_EDGE ( 'NONE', *, *, #2330, .T. ) ;
#3141 = ORIENTED_EDGE ( 'NONE', *, *, #3621, .F. ) ;
#3142 = DIRECTION ( 'NONE',  ( 1.000000000000000000, 0.000000000000000000, 0.000000000000000000 ) ) ;
#3143 = AXIS2_PLACEMENT_3D ( 'NONE', #1668, #3078, #504 ) ;
#3144 = DIRECTION ( 'NONE',  ( 1.000000000000000000, 0.000000000000000000, -0.000000000000000000 ) ) ;
#3145 = DIRECTION ( 'NONE',  ( -1.000000000000000000, 0.000000000000000000, 0.000000000000000000 ) ) ;
#3146 = EDGE_CURVE ( 'NONE', #2217, #2496, #471, .T. ) ;
#3147 = VERTEX_POINT ( 'NONE', #3039 ) ;
#3148 = CYLINDRICAL_SURFACE ( 'NONE', #3068, 3.000000000000002665 ) ;
#3149 = DIRECTION ( 'NONE',  ( 1.000000000000000000, 0.000000000000000000, 0.000000000000000000 ) ) ;
#3150 = EDGE_CURVE ( 'NONE', #745, #3024, #514, .T. ) ;
#3151 = DIRECTION ( 'NONE',  ( 0.000000000000000000, 0.000000000000000000, 1.000000000000000000 ) ) ;
#3152 = FACE_OUTER_BOUND ( 'NONE', #222, .T. ) ;
#3153 = EDGE_CURVE ( 'NONE', #1294, #1916, #3116, .T. ) ;
#3154 = FACE_BOUND ( 'NONE', #2180, .T. ) ;
#3155 = CIRCLE ( 'NONE', #1802, 5.250000000000000000 ) ;
#3156 = CARTESIAN_POINT ( 'NONE',  ( -24.99999999999999645, 2.618611004132350143E-13, 0.000000000000000000 ) ) ;
#3157 = EDGE_LOOP ( 'NONE', ( #1091, #1142 ) ) ;
#3158 = ORIENTED_EDGE ( 'NONE', *, *, #2283, .T. ) ;
#3159 = CARTESIAN_POINT ( 'NONE',  ( 6.538834764831792157, 8.838834764831894120, 7.500000000000000000 ) ) ;
#3160 = DIRECTION ( 'NONE',  ( 1.000000000000000000, 0.000000000000000000, 0.000000000000000000 ) ) ;
#3161 = CARTESIAN_POINT ( 'NONE',  ( -26.67120962326255551, -16.75996948780000650, 7.500000000000000000 ) ) ;
#3162 = VERTEX_POINT ( 'NONE', #2745 ) ;
#3163 = CIRCLE ( 'NONE', #1698, 5.250000000000000888 ) ;
#3164 = ORIENTED_EDGE ( 'NONE', *, *, #1061, .F. ) ;
#3165 = FACE_OUTER_BOUND ( 'NONE', #181, .T. ) ;
#3166 =( LENGTH_UNIT ( ) NAMED_UNIT ( * ) SI_UNIT ( .MILLI., .METRE. ) );
#3167 = ORIENTED_EDGE ( 'NONE', *, *, #2593, .T. ) ;
#3168 = AXIS2_PLACEMENT_3D ( 'NONE', #749, #238, #1086 ) ;
#3169 = CARTESIAN_POINT ( 'NONE',  ( 26.81786295679888710, -16.01156765911675706, 1.233707411249223451 ) ) ;
#3170 = EDGE_CURVE ( 'NONE', #3264, #1234, #2366, .T. ) ;
#3171 = CYLINDRICAL_SURFACE ( 'NONE', #2170, 5.250000000000000888 ) ;
#3172 = DIRECTION ( 'NONE',  ( 1.000000000000000000, 0.000000000000000000, -0.000000000000000000 ) ) ;
#3173 = AXIS2_PLACEMENT_3D ( 'NONE', #3562, #3034, #2799 ) ;
#3174 = EDGE_CURVE ( 'NONE', #3485, #1614, #2938, .T. ) ;
#3175 = ORIENTED_EDGE ( 'NONE', *, *, #2304, .T. ) ;
#3176 = EDGE_LOOP ( 'NONE', ( #2521, #3563, #1572, #2610 ) ) ;
#3177 = AXIS2_PLACEMENT_3D ( 'NONE', #1346, #3587, #2239 ) ;
#3178 = CARTESIAN_POINT ( 'NONE',  ( -20.87766952966347489, 17.67766952966390193, 4.000000000000000000 ) ) ;
#3179 = DIRECTION ( 'NONE',  ( 0.000000000000000000, 0.000000000000000000, 1.000000000000000000 ) ) ;
#3180 = CARTESIAN_POINT ( 'NONE',  ( 0.000000000000000000, 0.000000000000000000, 1.499999999999994449 ) ) ;
#3181 = VECTOR ( 'NONE', #3151, 1000.000000000000000 ) ;
#3182 = AXIS2_PLACEMENT_3D ( 'NONE', #2310, #606, #347 ) ;
#3183 = VERTEX_POINT ( 'NONE', #2222 ) ;
#3184 = CARTESIAN_POINT ( 'NONE',  ( 0.000000000000000000, 0.000000000000000000, 7.500000000000000000 ) ) ;
#3185 = CIRCLE ( 'NONE', #2948, 3.200000000000001954 ) ;
#3186 = AXIS2_PLACEMENT_3D ( 'NONE', #1968, #3556, #3575 ) ;
#3187 = VERTEX_POINT ( 'NONE', #1921 ) ;
#3188 = CIRCLE ( 'NONE', #193, 5.250000000000000888 ) ;
#3189 = ORIENTED_EDGE ( 'NONE', *, *, #1487, .T. ) ;
#3190 = CARTESIAN_POINT ( 'NONE',  ( 0.000000000000000000, 0.000000000000000000, 7.500000000000000000 ) ) ;
#3191 = CARTESIAN_POINT ( 'NONE',  ( -15.94663452842527640, -27.16532435324185002, 7.500000000000000000 ) ) ;
#3192 = EDGE_CURVE ( 'NONE', #871, #1408, #2481, .T. ) ;
#3193 = DIRECTION ( 'NONE',  ( -1.000000000000000000, 0.000000000000000000, 0.000000000000000000 ) ) ;
#3194 = ORIENTED_EDGE ( 'NONE', *, *, #2279, .T. ) ;
#3195 = ORIENTED_EDGE ( 'NONE', *, *, #1458, .T. ) ;
#3196 = CARTESIAN_POINT ( 'NONE',  ( 25.49058363597388777, -15.81866447894448768, 0.000000000000000000 ) ) ;
#3197 = EDGE_CURVE ( 'NONE', #1103, #737, #3567, .T. ) ;
#3198 = DIRECTION ( 'NONE',  ( 0.000000000000000000, 0.000000000000000000, -1.000000000000000000 ) ) ;
#3199 = DIRECTION ( 'NONE',  ( 1.000000000000000000, 0.000000000000000000, 0.000000000000000000 ) ) ;
#3200 = AXIS2_PLACEMENT_3D ( 'NONE', #1996, #3424, #626 ) ;
#3201 = DIRECTION ( 'NONE',  ( 1.000000000000000000, 0.000000000000000000, 0.000000000000000000 ) ) ;
#3202 = DIRECTION ( 'NONE',  ( 1.000000000000000000, 0.000000000000000000, 0.000000000000000000 ) ) ;
#3203 = ORIENTED_EDGE ( 'NONE', *, *, #580, .F. ) ;
#3204 = DIRECTION ( 'NONE',  ( -0.000000000000000000, -0.000000000000000000, -1.000000000000000000 ) ) ;
#3205 = CARTESIAN_POINT ( 'NONE',  ( 0.000000000000000000, 25.00000000000000000, 7.500000000000000000 ) ) ;
#3206 = ORIENTED_EDGE ( 'NONE', *, *, #771, .T. ) ;
#3207 = FACE_OUTER_BOUND ( 'NONE', #1361, .T. ) ;
#3208 = ORIENTED_EDGE ( 'NONE', *, *, #1458, .F. ) ;
#3209 = ORIENTED_EDGE ( 'NONE', *, *, #1647, .F. ) ;
#3210 = DIRECTION ( 'NONE',  ( 0.000000000000000000, 0.000000000000000000, -1.000000000000000000 ) ) ;
#3211 = AXIS2_PLACEMENT_3D ( 'NONE', #138, #1566, #2093 ) ;
#3212 = CYLINDRICAL_SURFACE ( 'NONE', #3124, 2.299999999999999822 ) ;
#3213 = CARTESIAN_POINT ( 'NONE',  ( -22.00000000000000000, 9.999999999999996447, 0.000000000000000000 ) ) ;
#3214 = ORIENTED_EDGE ( 'NONE', *, *, #1783, .F. ) ;
#3215 = ADVANCED_FACE ( 'NONE', ( #2726 ), #3332, .F. ) ;
#3216 = LINE ( 'NONE', #1273, #2711 ) ;
#3217 = DIRECTION ( 'NONE',  ( 1.000000000000000000, 0.000000000000000000, 0.000000000000000000 ) ) ;
#3218 = ORIENTED_EDGE ( 'NONE', *, *, #2304, .F. ) ;
#3219 = CIRCLE ( 'NONE', #2758, 2.100000000000000089 ) ;
#3220 = DIRECTION ( 'NONE',  ( -0.3826834323650969982, 0.9238795325112838519, -0.000000000000000000 ) ) ;
#3221 = DIRECTION ( 'NONE',  ( 1.000000000000000000, 0.000000000000000000, 0.000000000000000000 ) ) ;
#3222 = ORIENTED_EDGE ( 'NONE', *, *, #2145, .F. ) ;
#3223 = DIRECTION ( 'NONE',  ( 0.000000000000000000, 0.000000000000000000, 1.000000000000000000 ) ) ;
#3224 = AXIS2_PLACEMENT_3D ( 'NONE', #2992, #530, #2782 ) ;
#3225 = EDGE_LOOP ( 'NONE', ( #2230, #1856 ) ) ;
#3226 = VECTOR ( 'NONE', #1001, 1000.000000000000114 ) ;
#3227 = DIRECTION ( 'NONE',  ( 1.000000000000000000, 0.000000000000000000, 0.000000000000000000 ) ) ;
#3228 = DIRECTION ( 'NONE',  ( 0.000000000000000000, 0.000000000000000000, 1.000000000000000000 ) ) ;
#3229 = CARTESIAN_POINT ( 'NONE',  ( 7.932811651156397303, -30.48475847546241724, 1.499999999999994449 ) ) ;
#3230 = VECTOR ( 'NONE', #1801, 1000.000000000000114 ) ;
#3231 = EDGE_CURVE ( 'NONE', #3484, #361, #1664, .T. ) ;
#3232 = CARTESIAN_POINT ( 'NONE',  ( 25.00000000000000000, -8.728703347107833388E-14, 4.000000000000000000 ) ) ;
#3233 = PLANE ( 'NONE',  #1070 ) ;
#3234 = ADVANCED_FACE ( 'NONE', ( #2788 ), #411, .T. ) ;
#3235 = EDGE_CURVE ( 'NONE', #1563, #3396, #1053, .T. ) ;
#3236 = VERTEX_POINT ( 'NONE', #555 ) ;
#3237 = AXIS2_PLACEMENT_3D ( 'NONE', #1764, #3090, #369 ) ;
#3238 = ORIENTED_EDGE ( 'NONE', *, *, #1200, .F. ) ;
#3239 = DIRECTION ( 'NONE',  ( -1.000000000000000000, 0.000000000000000000, 0.000000000000000000 ) ) ;
#3240 = CYLINDRICAL_SURFACE ( 'NONE', #1861, 3.200000000000001510 ) ;
#3241 = AXIS2_PLACEMENT_3D ( 'NONE', #1059, #1040, #3283 ) ;
#3242 = EDGE_CURVE ( 'NONE', #1564, #1257, #2420, .T. ) ;
#3243 = AXIS2_PLACEMENT_3D ( 'NONE', #874, #3408, #2534 ) ;
#3244 = ADVANCED_BREP_SHAPE_REPRESENTATION ( 'FRANKA_FLANGE', ( #2069, #1947 ), #2359 ) ;
#3245 = CARTESIAN_POINT ( 'NONE',  ( -8.112888766139919383, -19.58624608923927113, 8.001565072038407007E-33 ) ) ;
#3246 = ORIENTED_EDGE ( 'NONE', *, *, #1713, .T. ) ;
#3247 = EDGE_LOOP ( 'NONE', ( #1678, #1031, #2756, #808 ) ) ;
#3248 = DIRECTION ( 'NONE',  ( 0.000000000000000000, 0.000000000000000000, 1.000000000000000000 ) ) ;
#3249 = DIRECTION ( 'NONE',  ( 0.9238795325112864054, -0.3826834323650905589, 0.000000000000000000 ) ) ;
#3250 = CYLINDRICAL_SURFACE ( 'NONE', #1121, 3.200000000000001510 ) ;
#3251 = ORIENTED_EDGE ( 'NONE', *, *, #2524, .F. ) ;
#3252 = FACE_OUTER_BOUND ( 'NONE', #53, .T. ) ;
#3253 = EDGE_CURVE ( 'NONE', #2076, #2661, #1592, .T. ) ;
#3254 = FACE_OUTER_BOUND ( 'NONE', #1500, .T. ) ;
#3255 = VERTEX_POINT ( 'NONE', #3075 ) ;
#3256 = UNCERTAINTY_MEASURE_WITH_UNIT (LENGTH_MEASURE( 1.000000000000000082E-05 ), #3166, 'distance_accuracy_value', 'NONE');
#3257 = EDGE_LOOP ( 'NONE', ( #336, #3414, #967, #2832 ) ) ;
#3258 = CYLINDRICAL_SURFACE ( 'NONE', #875, 3.200000000000001510 ) ;
#3259 = ADVANCED_FACE ( 'NONE', ( #1682 ), #3641, .T. ) ;
#3260 = DIRECTION ( 'NONE',  ( -0.9238795325112839629, -0.3826834323650967762, 0.000000000000000000 ) ) ;
#3261 = AXIS2_PLACEMENT_3D ( 'NONE', #2295, #95, #645 ) ;
#3262 = ADVANCED_FACE ( 'NONE', ( #2179 ), #778, .F. ) ;
#3263 = DIRECTION ( 'NONE',  ( 1.000000000000000000, 0.000000000000000000, 0.000000000000000000 ) ) ;
#3264 = VERTEX_POINT ( 'NONE', #2821 ) ;
#3265 = ORIENTED_EDGE ( 'NONE', *, *, #767, .F. ) ;
#3266 = EDGE_LOOP ( 'NONE', ( #446, #1719, #2060, #1331 ) ) ;
#3267 = DIRECTION ( 'NONE',  ( -1.000000000000000000, 0.000000000000000000, 0.000000000000000000 ) ) ;
#3268 = CARTESIAN_POINT ( 'NONE',  ( 6.538834764831894297, -8.838834764831794644, 1.499999999999999556 ) ) ;
#3269 = DIRECTION ( 'NONE',  ( -0.000000000000000000, -0.000000000000000000, -1.000000000000000000 ) ) ;
#3270 = ORIENTED_EDGE ( 'NONE', *, *, #706, .F. ) ;
#3271 = ORIENTED_EDGE ( 'NONE', *, *, #2856, .T. ) ;
#3272 = EDGE_LOOP ( 'NONE', ( #3292, #3052, #2699, #518, #2669, #2087, #2865, #1619, #2463, #2547, #2823, #1305, #2514, #2417, #422, #2137, #1858, #1401, #2113 ) ) ;
#3273 = CIRCLE ( 'NONE', #3211, 8.099999999999999645 ) ;
#3274 = DIRECTION ( 'NONE',  ( -1.000000000000000000, 0.000000000000000000, 0.000000000000000000 ) ) ;
#3275 = PLANE ( 'NONE',  #1128 ) ;
#3276 = ORIENTED_EDGE ( 'NONE', *, *, #3601, .F. ) ;
#3277 = ORIENTED_EDGE ( 'NONE', *, *, #3146, .T. ) ;
#3278 = EDGE_LOOP ( 'NONE', ( #3194, #1250 ) ) ;
#3279 = DIRECTION ( 'NONE',  ( 0.000000000000000000, 0.000000000000000000, 1.000000000000000000 ) ) ;
#3280 = CARTESIAN_POINT ( 'NONE',  ( 15.72499999999999964, 0.000000000000000000, -0.9999999999999847899 ) ) ;
#3281 = AXIS2_PLACEMENT_3D ( 'NONE', #1379, #3376, #2793 ) ;
#3282 = AXIS2_PLACEMENT_3D ( 'NONE', #4, #2264, #1979 ) ;
#3283 = DIRECTION ( 'NONE',  ( 1.000000000000000000, 0.000000000000000000, 0.000000000000000000 ) ) ;
#3284 = CARTESIAN_POINT ( 'NONE',  ( -26.68452074652531181, -15.71764021865645944, 0.9694666004254390845 ) ) ;
#3285 = ADVANCED_FACE ( 'NONE', ( #2837 ), #2312, .F. ) ;
#3286 = ORIENTED_EDGE ( 'NONE', *, *, #1647, .T. ) ;
#3287 = ORIENTED_EDGE ( 'NONE', *, *, #1758, .F. ) ;
#3288 = CARTESIAN_POINT ( 'NONE',  ( 25.00000000000000000, -8.728703347107833388E-14, 7.500000000000000000 ) ) ;
#3289 = DIRECTION ( 'NONE',  ( -0.000000000000000000, -0.000000000000000000, -1.000000000000000000 ) ) ;
#3290 =( LENGTH_UNIT ( ) NAMED_UNIT ( * ) SI_UNIT ( .MILLI., .METRE. ) );
#3291 = ORIENTED_EDGE ( 'NONE', *, *, #443, .T. ) ;
#3292 = ORIENTED_EDGE ( 'NONE', *, *, #3574, .T. ) ;
#3293 = VECTOR ( 'NONE', #460, 1000.000000000000000 ) ;
#3294 = CARTESIAN_POINT ( 'NONE',  ( -15.72499999999999964, 1.925757091659212808E-15, -0.9999999999999847899 ) ) ;
#3295 = LINE ( 'NONE', #3369, #1829 ) ;
#3296 = DIRECTION ( 'NONE',  ( 0.9238795325112865164, -0.3826834323650905589, 0.000000000000000000 ) ) ;
#3297 = VERTEX_POINT ( 'NONE', #2574 ) ;
#3298 = AXIS2_PLACEMENT_3D ( 'NONE', #1920, #1328, #3331 ) ;
#3299 = ORIENTED_EDGE ( 'NONE', *, *, #771, .F. ) ;
#3300 = CARTESIAN_POINT ( 'NONE',  ( -12.42766952966384331, -17.67766952966353600, 4.000000000000000000 ) ) ;
#3301 = CARTESIAN_POINT ( 'NONE',  ( -14.61099738221395938, 27.71856337361186462, 1.300952380952379972 ) ) ;
#3302 = AXIS2_PLACEMENT_3D ( 'NONE', #2803, #3588, #1074 ) ;
#3303 = CARTESIAN_POINT ( 'NONE',  ( 8.112888766139919383, 19.58624608923927113, 4.099999999999999645 ) ) ;
#3304 = VECTOR ( 'NONE', #1503, 1000.000000000000000 ) ;
#3305 = CARTESIAN_POINT ( 'NONE',  ( 17.67766952966359639, -17.67766952966378113, 4.000000000000000000 ) ) ;
#3306 = EDGE_CURVE ( 'NONE', #93, #850, #2709, .T. ) ;
#3307 = VECTOR ( 'NONE', #1837, 1000.000000000000000 ) ;
#3308 = AXIS2_PLACEMENT_3D ( 'NONE', #881, #1415, #310 ) ;
#3309 = AXIS2_PLACEMENT_3D ( 'NONE', #1919, #2431, #1388 ) ;
#3310 = ORIENTED_EDGE ( 'NONE', *, *, #3020, .T. ) ;
#3311 = FACE_OUTER_BOUND ( 'NONE', #3335, .T. ) ;
#3312 = DIRECTION ( 'NONE',  ( 0.3826834323650906700, -0.9238795325112865164, 8.326672684688674053E-17 ) ) ;
#3313 = ORIENTED_EDGE ( 'NONE', *, *, #3079, .T. ) ;
#3314 = EDGE_CURVE ( 'NONE', #1749, #3, #2776, .T. ) ;
#3315 = CARTESIAN_POINT ( 'NONE',  ( -25.82450455585738780, -16.22790696437778379, 7.500000000000000000 ) ) ;
#3316 = DIRECTION ( 'NONE',  ( 0.000000000000000000, 0.000000000000000000, 1.000000000000000000 ) ) ;
#3317 = DIRECTION ( 'NONE',  ( -1.000000000000000000, 0.000000000000000000, 0.000000000000000000 ) ) ;
#3318 = ORIENTED_EDGE ( 'NONE', *, *, #71, .T. ) ;
#3319 = ORIENTED_EDGE ( 'NONE', *, *, #884, .F. ) ;
#3320 = DIRECTION ( 'NONE',  ( 1.000000000000000000, 0.000000000000000000, 0.000000000000000000 ) ) ;
#3321 = FACE_OUTER_BOUND ( 'NONE', #1106, .T. ) ;
#3322 = DIRECTION ( 'NONE',  ( -0.000000000000000000, -0.000000000000000000, -1.000000000000000000 ) ) ;
#3323 = PLANE ( 'NONE',  #2826 ) ;
#3324 = VECTOR ( 'NONE', #2278, 1000.000000000000000 ) ;
#3325 = EDGE_LOOP ( 'NONE', ( #1636, #1974, #2720, #201 ) ) ;
#3326 = CARTESIAN_POINT ( 'NONE',  ( 28.75000000000000000, -13.50000000000000355, 15.98528137423856776 ) ) ;
#3327 = CARTESIAN_POINT ( 'NONE',  ( -11.93972308979082442, -28.82504141435213540, 4.099999999999999645 ) ) ;
#3328 = ORIENTED_EDGE ( 'NONE', *, *, #443, .F. ) ;
#3329 = EDGE_CURVE ( 'NONE', #2580, #793, #1421, .T. ) ;
#3330 = DIRECTION ( 'NONE',  ( -1.000000000000000000, 0.000000000000000000, 0.000000000000000000 ) ) ;
#3331 = DIRECTION ( 'NONE',  ( 1.000000000000000000, 0.000000000000000000, 0.000000000000000000 ) ) ;
#3332 = CYLINDRICAL_SURFACE ( 'NONE', #1071, 3.200000000000001066 ) ;
#3333 = EDGE_CURVE ( 'NONE', #2925, #375, #1454, .T. ) ;
#3334 = CIRCLE ( 'NONE', #2916, 3.200000000000001510 ) ;
#3335 = EDGE_LOOP ( 'NONE', ( #3086, #2571, #2840, #1781 ) ) ;
#3336 = CARTESIAN_POINT ( 'NONE',  ( 0.000000000000000000, 25.00000000000000000, 0.000000000000000000 ) ) ;
#3337 = LINE ( 'NONE', #1410, #674 ) ;
#3338 = CYLINDRICAL_SURFACE ( 'NONE', #132, 2.299999999999999822 ) ;
#3339 = FACE_BOUND ( 'NONE', #1930, .T. ) ;
#3340 = CONICAL_SURFACE ( 'NONE', #1755, 3.700000000000015721, 0.7853981633974452814 ) ;
#3341 = VERTEX_POINT ( 'NONE', #585 ) ;
#3342 = FACE_BOUND ( 'NONE', #2954, .T. ) ;
#3343 = CARTESIAN_POINT ( 'NONE',  ( -3.200000000000175593, -25.00000000000000000, 4.000000000000000000 ) ) ;
#3344 = CARTESIAN_POINT ( 'NONE',  ( 8.112888766139921159, -19.58624608923927113, 4.099999999999999645 ) ) ;
#3345 = ORIENTED_EDGE ( 'NONE', *, *, #1197, .T. ) ;
#3346 = AXIS2_PLACEMENT_3D ( 'NONE', #2391, #2100, #2955 ) ;
#3347 = CYLINDRICAL_SURFACE ( 'NONE', #134, 3.000000000000002665 ) ;
#3348 = DIRECTION ( 'NONE',  ( 1.000000000000000000, 0.000000000000000000, -0.000000000000000000 ) ) ;
#3349 = CARTESIAN_POINT ( 'NONE',  ( 0.000000000000000000, 0.000000000000000000, 0.000000000000000000 ) ) ;
#3350 = ADVANCED_FACE ( 'NONE', ( #909 ), #1712, .F. ) ;
#3351 = AXIS2_PLACEMENT_3D ( 'NONE', #146, #662, #1270 ) ;
#3352 = ORIENTED_EDGE ( 'NONE', *, *, #2676, .F. ) ;
#3353 = DIRECTION ( 'NONE',  ( 0.3826834323650905589, 0.9238795325112865164, 8.326672684688674053E-17 ) ) ;
#3354 = EDGE_CURVE ( 'NONE', #3466, #2331, #1182, .T. ) ;
#3355 = DIRECTION ( 'NONE',  ( -1.000000000000000000, 0.000000000000000000, 0.000000000000000000 ) ) ;
#3356 = AXIS2_PLACEMENT_3D ( 'NONE', #2998, #835, #554 ) ;
#3357 = CARTESIAN_POINT ( 'NONE',  ( 15.94663452842527640, 27.16532435324185002, 7.500000000000000000 ) ) ;
#3358 = CARTESIAN_POINT ( 'NONE',  ( -29.44854838906325156, -10.40918201633154538, 1.233707411249215902 ) ) ;
#3359 = EDGE_CURVE ( 'NONE', #936, #1514, #68, .T. ) ;
#3360 = AXIS2_PLACEMENT_3D ( 'NONE', #21, #869, #295 ) ;
#3361 = CIRCLE ( 'NONE', #3237, 2.299999999999999822 ) ;
#3362 = ORIENTED_EDGE ( 'NONE', *, *, #3314, .T. ) ;
#3363 = VECTOR ( 'NONE', #3055, 1000.000000000000000 ) ;
#3364 = DIRECTION ( 'NONE',  ( -0.000000000000000000, -0.000000000000000000, 1.000000000000000000 ) ) ;
#3365 = AXIS2_PLACEMENT_3D ( 'NONE', #2003, #14, #1987 ) ;
#3366 = ORIENTED_EDGE ( 'NONE', *, *, #1380, .T. ) ;
#3367 = AXIS2_PLACEMENT_3D ( 'NONE', #3073, #834, #3330 ) ;
#3368 = CARTESIAN_POINT ( 'NONE',  ( 13.87987010806452659, 28.02140620638544277, 4.099999999999999645 ) ) ;
#3369 = CARTESIAN_POINT ( 'NONE',  ( 20.87766952966359923, -17.67766952966378113, 16.55096679918781177 ) ) ;
#3370 = DIRECTION ( 'NONE',  ( -0.000000000000000000, -0.000000000000000000, 1.000000000000000000 ) ) ;
#3371 = ORIENTED_EDGE ( 'NONE', *, *, #580, .T. ) ;
#3372 = CARTESIAN_POINT ( 'NONE',  ( 8.099999999999999645, 0.000000000000000000, 4.299999999999999822 ) ) ;
#3373 = FACE_OUTER_BOUND ( 'NONE', #2026, .T. ) ;
#3374 = CARTESIAN_POINT ( 'NONE',  ( 17.67766952966372074, 17.67766952966366034, 4.000000000000000000 ) ) ;
#3375 = EDGE_CURVE ( 'NONE', #2276, #2415, #1828, .T. ) ;
#3376 = DIRECTION ( 'NONE',  ( -0.000000000000000000, -0.000000000000000000, 1.000000000000000000 ) ) ;
#3377 = EDGE_CURVE ( 'NONE', #1908, #3187, #348, .T. ) ;
#3378 = ORIENTED_EDGE ( 'NONE', *, *, #3153, .F. ) ;
#3379 = DIRECTION ( 'NONE',  ( 0.000000000000000000, 0.000000000000000000, -1.000000000000000000 ) ) ;
#3380 = EDGE_LOOP ( 'NONE', ( #3072, #2875 ) ) ;
#3381 = CARTESIAN_POINT ( 'NONE',  ( -13.87987010806472377, 28.02140620638535395, 4.099999999999999645 ) ) ;
#3382 = CARTESIAN_POINT ( 'NONE',  ( 18.99999999999999645, 9.999999999999996447, 1.000000000000013101 ) ) ;
#3383 = DIRECTION ( 'NONE',  ( 0.7071067811865491270, 0.000000000000000000, 0.7071067811865459074 ) ) ;
#3384 = ORIENTED_EDGE ( 'NONE', *, *, #2223, .F. ) ;
#3385 = CARTESIAN_POINT ( 'NONE',  ( 0.000000000000000000, 25.00000000000000000, 16.55096679918781177 ) ) ;
#3386 = CARTESIAN_POINT ( 'NONE',  ( 8.838834764831792867, 8.838834764831894120, 1.499999999999999556 ) ) ;
#3387 = VERTEX_POINT ( 'NONE', #1147 ) ;
#3388 = LINE ( 'NONE', #1209, #1833 ) ;
#3389 = CARTESIAN_POINT ( 'NONE',  ( 22.92766952966359995, -17.67766952966378113, 7.500000000000000000 ) ) ;
#3390 = CIRCLE ( 'NONE', #223, 15.72499999999999964 ) ;
#3391 = EDGE_CURVE ( 'NONE', #2149, #3615, #1303, .T. ) ;
#3392 = PLANE ( 'NONE',  #1822 ) ;
#3393 = EDGE_CURVE ( 'NONE', #2908, #2854, #2010, .T. ) ;
#3394 = CARTESIAN_POINT ( 'NONE',  ( 17.67766952966358573, 17.67766952966378824, 0.000000000000000000 ) ) ;
#3395 = AXIS2_PLACEMENT_3D ( 'NONE', #3190, #2092, #2981 ) ;
#3396 = VERTEX_POINT ( 'NONE', #1992 ) ;
#3397 = EDGE_LOOP ( 'NONE', ( #667, #78, #3481, #552 ) ) ;
#3398 = AXIS2_PLACEMENT_3D ( 'NONE', #610, #643, #2014 ) ;
#3399 = CARTESIAN_POINT ( 'NONE',  ( -17.67766952966358573, 17.67766952966378824, 0.000000000000000000 ) ) ;
#3400 = DIRECTION ( 'NONE',  ( -0.9238795325112839629, -0.3826834323650967762, 0.000000000000000000 ) ) ;
#3401 = DIRECTION ( 'NONE',  ( 1.000000000000000000, 0.000000000000000000, 0.000000000000000000 ) ) ;
#3402 = VECTOR ( 'NONE', #3032, 1000.000000000000000 ) ;
#3403 = EDGE_LOOP ( 'NONE', ( #3540, #3140, #3286, #3222 ) ) ;
#3404 = DIRECTION ( 'NONE',  ( -0.7071067811865454633, 0.000000000000000000, -0.7071067811865496822 ) ) ;
#3405 = AXIS2_PLACEMENT_3D ( 'NONE', #855, #2889, #2870 ) ;
#3406 = DIRECTION ( 'NONE',  ( -0.3826834323650905589, -0.9238795325112864054, -0.000000000000000000 ) ) ;
#3407 = EDGE_LOOP ( 'NONE', ( #1416, #3604, #3076, #572, #2961 ) ) ;
#3408 = DIRECTION ( 'NONE',  ( 0.000000000000000000, 0.000000000000000000, -1.000000000000000000 ) ) ;
#3409 = CARTESIAN_POINT ( 'NONE',  ( 28.75000000000000000, -13.50000000000000355, 1.000000000000016431 ) ) ;
#3410 = CARTESIAN_POINT ( 'NONE',  ( 14.61099738221377997, 27.71856337361196054, 1.300952380952376863 ) ) ;
#3411 = AXIS2_PLACEMENT_3D ( 'NONE', #1329, #3625, #1111 ) ;
#3412 = DIRECTION ( 'NONE',  ( -0.000000000000000000, -0.000000000000000000, -1.000000000000000000 ) ) ;
#3413 = ORIENTED_EDGE ( 'NONE', *, *, #1173, .T. ) ;
#3414 = ORIENTED_EDGE ( 'NONE', *, *, #3622, .T. ) ;
#3415 = VECTOR ( 'NONE', #831, 1000.000000000000000 ) ;
#3416 = ADVANCED_FACE ( 'NONE', ( #3107 ), #2129, .F. ) ;
#3417 = VECTOR ( 'NONE', #2458, 1000.000000000000000 ) ;
#3418 = LINE ( 'NONE', #1201, #2425 ) ;
#3419 = DIRECTION ( 'NONE',  ( 0.000000000000000000, 0.000000000000000000, -1.000000000000000000 ) ) ;
#3420 = CARTESIAN_POINT ( 'NONE',  ( 17.67766952966358573, 17.67766952966378824, 0.000000000000000000 ) ) ;
#3421 = VECTOR ( 'NONE', #322, 1000.000000000000000 ) ;
#3422 = ORIENTED_EDGE ( 'NONE', *, *, #819, .T. ) ;
#3423 = LINE ( 'NONE', #2841, #189 ) ;
#3424 = DIRECTION ( 'NONE',  ( -0.000000000000000000, -0.000000000000000000, -1.000000000000000000 ) ) ;
#3425 = ORIENTED_EDGE ( 'NONE', *, *, #629, .F. ) ;
#3426 = CARTESIAN_POINT ( 'NONE',  ( -3.700000000000023270, 25.00000000000000000, 0.000000000000000000 ) ) ;
#3427 = CARTESIAN_POINT ( 'NONE',  ( 28.20000000000000284, -8.689514649535117383E-14, 4.000000000000000000 ) ) ;
#3428 = CARTESIAN_POINT ( 'NONE',  ( -24.99999999999999645, 2.618611004132350143E-13, 4.000000000000000000 ) ) ;
#3429 = VERTEX_POINT ( 'NONE', #640 ) ;
#3430 = ORIENTED_EDGE ( 'NONE', *, *, #3391, .T. ) ;
#3431 = CARTESIAN_POINT ( 'NONE',  ( -1.745740669421566678E-13, -25.00000000000000000, 0.000000000000000000 ) ) ;
#3432 = AXIS2_PLACEMENT_3D ( 'NONE', #3455, #2857, #2600 ) ;
#3433 = DIRECTION ( 'NONE',  ( 0.000000000000000000, 0.000000000000000000, 1.000000000000000000 ) ) ;
#3434 = DIRECTION ( 'NONE',  ( -0.000000000000000000, -0.000000000000000000, -1.000000000000000000 ) ) ;
#3435 = EDGE_CURVE ( 'NONE', #2554, #2466, #1188, .T. ) ;
#3436 = VERTEX_POINT ( 'NONE', #1470 ) ;
#3437 = CARTESIAN_POINT ( 'NONE',  ( 3.699999999999847855, -25.00000000000000000, 0.000000000000000000 ) ) ;
#3438 = DIRECTION ( 'NONE',  ( -0.000000000000000000, -0.000000000000000000, -1.000000000000000000 ) ) ;
#3439 = EDGE_CURVE ( 'NONE', #2663, #866, #2255, .T. ) ;
#3440 = LINE ( 'NONE', #1445, #2949 ) ;
#3441 = LINE ( 'NONE', #1210, #2688 ) ;
#3442 = DIRECTION ( 'NONE',  ( 0.000000000000000000, 0.000000000000000000, -1.000000000000000000 ) ) ;
#3443 = CIRCLE ( 'NONE', #3097, 3.200000000000001510 ) ;
#3444 = CARTESIAN_POINT ( 'NONE',  ( -17.67766952966347205, 17.67766952966390193, 4.000000000000000000 ) ) ;
#3445 = EDGE_LOOP ( 'NONE', ( #3328, #409 ) ) ;
#3446 = VERTEX_POINT ( 'NONE', #2853 ) ;
#3447 = CARTESIAN_POINT ( 'NONE',  ( 14.47766952966359710, -17.67766952966378113, 16.55096679918781177 ) ) ;
#3448 = AXIS2_PLACEMENT_3D ( 'NONE', #355, #2896, #2021 ) ;
#3449 = CARTESIAN_POINT ( 'NONE',  ( 28.75000000000000000, -13.50000000000000355, 1.000000000000016431 ) ) ;
#3450 = DIRECTION ( 'NONE',  ( -0.000000000000000000, -0.000000000000000000, 1.000000000000000000 ) ) ;
#3451 = AXIS2_PLACEMENT_3D ( 'NONE', #2497, #3042, #1609 ) ;
#3452 = EDGE_LOOP ( 'NONE', ( #1942, #1532, #940, #2886 ) ) ;
#3453 = CARTESIAN_POINT ( 'NONE',  ( -14.12766952966356904, 17.67766952966378824, 0.000000000000000000 ) ) ;
#3454 = EDGE_CURVE ( 'NONE', #2205, #221, #1490, .T. ) ;
#3455 = CARTESIAN_POINT ( 'NONE',  ( 28.75000000000000000, -13.50000000000000355, 7.500000000000000000 ) ) ;
#3456 = ORIENTED_EDGE ( 'NONE', *, *, #2630, .T. ) ;
#3457 = ORIENTED_EDGE ( 'NONE', *, *, #927, .T. ) ;
#3458 = EDGE_CURVE ( 'NONE', #2854, #2908, #124, .T. ) ;
#3459 = ORIENTED_EDGE ( 'NONE', *, *, #183, .F. ) ;
#3460 = CYLINDRICAL_SURFACE ( 'NONE', #576, 5.250000000000000888 ) ;
#3461 = CARTESIAN_POINT ( 'NONE',  ( -29.13721677043806224, -10.49430609365685640, 0.9694666004253319480 ) ) ;
#3462 = AXIS2_PLACEMENT_3D ( 'NONE', #923, #395, #988 ) ;
#3463 = CIRCLE ( 'NONE', #1884, 5.250000000000000888 ) ;
#3464 = EDGE_CURVE ( 'NONE', #3019, #983, #586, .T. ) ;
#3465 = DIRECTION ( 'NONE',  ( 0.7071067811865454633, 8.659560562354906974E-17, -0.7071067811865496822 ) ) ;
#3466 = VERTEX_POINT ( 'NONE', #1232 ) ;
#3467 = ORIENTED_EDGE ( 'NONE', *, *, #1272, .F. ) ;
#3468 = AXIS2_PLACEMENT_3D ( 'NONE', #2383, #2089, #3202 ) ;
#3469 = DIRECTION ( 'NONE',  ( -0.000000000000000000, -0.000000000000000000, -1.000000000000000000 ) ) ;
#3470 = CYLINDRICAL_SURFACE ( 'NONE', #476, 3.200000000000000622 ) ;
#3471 = CARTESIAN_POINT ( 'NONE',  ( 28.69510935080884195, -9.822951541173196688, 0.3290585188703627484 ) ) ;
#3472 = VECTOR ( 'NONE', #798, 1000.000000000000000 ) ;
#3473 = ORIENTED_EDGE ( 'NONE', *, *, #1923, .F. ) ;
#3474 = DIRECTION ( 'NONE',  ( 0.000000000000000000, 0.000000000000000000, 1.000000000000000000 ) ) ;
#3475 = CIRCLE ( 'NONE', #1078, 3.200000000000001510 ) ;
#3476 = CIRCLE ( 'NONE', #1901, 3.549999999999997602 ) ;
#3477 = CIRCLE ( 'NONE', #3538, 2.300000000000001599 ) ;
#3478 = ORIENTED_EDGE ( 'NONE', *, *, #2769, .F. ) ;
#3479 = DIRECTION ( 'NONE',  ( -0.9238795325112839629, -0.3826834323650967762, 0.000000000000000000 ) ) ;
#3480 = DIRECTION ( 'NONE',  ( 0.000000000000000000, 0.000000000000000000, 1.000000000000000000 ) ) ;
#3481 = ORIENTED_EDGE ( 'NONE', *, *, #539, .T. ) ;
#3482 = EDGE_CURVE ( 'NONE', #29, #2804, #1, .T. ) ;
#3483 = CARTESIAN_POINT ( 'NONE',  ( -15.72499999999999964, 1.925757091659212808E-15, -0.9999999999999847899 ) ) ;
#3484 = VERTEX_POINT ( 'NONE', #2102 ) ;
#3485 = VERTEX_POINT ( 'NONE', #694 ) ;
#3486 = EDGE_CURVE ( 'NONE', #375, #3162, #462, .T. ) ;
#3487 = EDGE_CURVE ( 'NONE', #36, #143, #2532, .T. ) ;
#3488 = ORIENTED_EDGE ( 'NONE', *, *, #984, .T. ) ;
#3489 = LINE ( 'NONE', #125, #171 ) ;
#3490 = DIRECTION ( 'NONE',  ( 0.000000000000000000, 0.000000000000000000, -1.000000000000000000 ) ) ;
#3491 = DIRECTION ( 'NONE',  ( 1.000000000000000000, 0.000000000000000000, 0.000000000000000000 ) ) ;
#3492 = AXIS2_PLACEMENT_3D ( 'NONE', #2033, #1221, #3149 ) ;
#3493 = CARTESIAN_POINT ( 'NONE',  ( -17.99999999999998224, 9.999999999999996447, 0.000000000000000000 ) ) ;
#3494 = DIRECTION ( 'NONE',  ( 0.3826834323650905589, 0.9238795325112865164, 8.326672684688674053E-17 ) ) ;
#3495 = ORIENTED_EDGE ( 'NONE', *, *, #2354, .T. ) ;
#3496 = VERTEX_POINT ( 'NONE', #1288 ) ;
#3497 = CYLINDRICAL_SURFACE ( 'NONE', #2755, 3.000000000000002665 ) ;
#3498 = DIRECTION ( 'NONE',  ( 0.000000000000000000, 0.000000000000000000, 1.000000000000000000 ) ) ;
#3499 = EDGE_LOOP ( 'NONE', ( #3276, #952, #2829, #502, #3425 ) ) ;
#3500 = CYLINDRICAL_SURFACE ( 'NONE', #63, 1.000000000000000888 ) ;
#3501 = APPLICATION_CONTEXT ( 'automotive_design' ) ;
#3502 = EDGE_CURVE ( 'NONE', #2250, #3088, #1815, .T. ) ;
#3503 = VERTEX_POINT ( 'NONE', #2698 ) ;
#3504 = EDGE_CURVE ( 'NONE', #944, #2466, #3550, .T. ) ;
#3505 = CARTESIAN_POINT ( 'NONE',  ( 0.000000000000000000, 0.000000000000000000, 6.500000000000002665 ) ) ;
#3506 = DIRECTION ( 'NONE',  ( -0.3826834323650969982, 0.9238795325112837409, -0.000000000000000000 ) ) ;
#3507 = CARTESIAN_POINT ( 'NONE',  ( 9.268448797367872416, -29.93151945509233158, 1.300952380952378196 ) ) ;
#3508 = ADVANCED_FACE ( 'NONE', ( #2409, #2937 ), #957, .T. ) ;
#3509 = DIRECTION ( 'NONE',  ( 0.000000000000000000, 0.000000000000000000, 1.000000000000000000 ) ) ;
#3510 = ORIENTED_EDGE ( 'NONE', *, *, #2985, .F. ) ;
#3511 = CIRCLE ( 'NONE', #2871, 5.250000000000000888 ) ;
#3512 = ORIENTED_EDGE ( 'NONE', *, *, #118, .T. ) ;
#3513 = FACE_BOUND ( 'NONE', #1516, .T. ) ;
#3514 = FACE_OUTER_BOUND ( 'NONE', #2040, .T. ) ;
#3515 = AXIS2_PLACEMENT_3D ( 'NONE', #2757, #729, #2971 ) ;
#3516 = DIRECTION ( 'NONE',  ( 0.000000000000000000, 0.000000000000000000, 1.000000000000000000 ) ) ;
#3517 = VECTOR ( 'NONE', #1658, 1000.000000000000000 ) ;
#3518 = VERTEX_POINT ( 'NONE', #383 ) ;
#3519 = EDGE_CURVE ( 'NONE', #1654, #3187, #1818, .T. ) ;
#3520 = VERTEX_POINT ( 'NONE', #1504 ) ;
#3521 = CARTESIAN_POINT ( 'NONE',  ( 22.92766952966372074, 17.67766952966366034, 4.000000000000000000 ) ) ;
#3522 = PLANE ( 'NONE',  #364 ) ;
#3523 = CARTESIAN_POINT ( 'NONE',  ( 22.92766952966359995, -17.67766952966378113, 4.000000000000000000 ) ) ;
#3524 = CIRCLE ( 'NONE', #3468, 31.50000000000000000 ) ;
#3525 = EDGE_CURVE ( 'NONE', #1257, #1564, #237, .T. ) ;
#3526 = AXIS2_PLACEMENT_3D ( 'NONE', #1906, #226, #1347 ) ;
#3527 = CARTESIAN_POINT ( 'NONE',  ( 17.67766952966372074, 17.67766952966366034, 4.000000000000000000 ) ) ;
#3528 = DIRECTION ( 'NONE',  ( -0.000000000000000000, -0.000000000000000000, -1.000000000000000000 ) ) ;
#3529 = B_SPLINE_CURVE_WITH_KNOTS ( 'NONE', 3,
 ( #2689, #2660, #2111, #141, #1830 ),
 .UNSPECIFIED., .F., .F.,
 ( 4, 1, 4 ),
 ( 1.452361807027769453E-06, 0.004338502050247313412, 0.008675551738687599032 ),
 .UNSPECIFIED. ) ;
#3530 = ORIENTED_EDGE ( 'NONE', *, *, #914, .T. ) ;
#3531 = ADVANCED_FACE ( 'NONE', ( #2363 ), #127, .T. ) ;
#3532 = AXIS2_PLACEMENT_3D ( 'NONE', #693, #1852, #2101 ) ;
#3533 = ORIENTED_EDGE ( 'NONE', *, *, #3104, .F. ) ;
#3534 = EDGE_LOOP ( 'NONE', ( #752, #3530, #511, #1271 ) ) ;
#3535 = CARTESIAN_POINT ( 'NONE',  ( -1.745740669421566678E-13, -25.00000000000000000, 0.000000000000000000 ) ) ;
#3536 = DIRECTION ( 'NONE',  ( -0.3826834323650970537, 0.9238795325112838519, 8.326672684688674053E-17 ) ) ;
#3537 = AXIS2_PLACEMENT_3D ( 'NONE', #35, #3364, #2522 ) ;
#3538 = AXIS2_PLACEMENT_3D ( 'NONE', #2801, #330, #1729 ) ;
#3539 = DIRECTION ( 'NONE',  ( 0.000000000000000000, 0.000000000000000000, -1.000000000000000000 ) ) ;
#3540 = ORIENTED_EDGE ( 'NONE', *, *, #1594, .F. ) ;
#3541 = ORIENTED_EDGE ( 'NONE', *, *, #1964, .F. ) ;
#3542 = ORIENTED_EDGE ( 'NONE', *, *, #2633, .T. ) ;
#3543 = DIRECTION ( 'NONE',  ( 0.3826834323650905589, 0.9238795325112865164, 8.326672684688674053E-17 ) ) ;
#3544 = DIRECTION ( 'NONE',  ( -0.000000000000000000, -0.000000000000000000, -1.000000000000000000 ) ) ;
#3545 = VERTEX_POINT ( 'NONE', #2086 ) ;
#3546 = CARTESIAN_POINT ( 'NONE',  ( -28.92292943268256877, -10.50498824521304186, 1.000000000000013101 ) ) ;
#3547 = CARTESIAN_POINT ( 'NONE',  ( -17.67766952966384508, -17.67766952966353600, 4.000000000000000000 ) ) ;
#3548 = EDGE_CURVE ( 'NONE', #2376, #36, #1887, .T. ) ;
#3549 = VERTEX_POINT ( 'NONE', #678 ) ;
#3550 = B_SPLINE_CURVE_WITH_KNOTS ( 'NONE', 3,
 ( #2345, #2394, #2064, #3507, #3229 ),
 .UNSPECIFIED., .F., .F.,
 ( 4, 1, 4 ),
 ( 1.452361807037110320E-06, 0.004338502050247322085, 0.008675551738687605971 ),
 .UNSPECIFIED. ) ;
#3551 = VERTEX_POINT ( 'NONE', #1576 ) ;
#3552 = ORIENTED_EDGE ( 'NONE', *, *, #3170, .F. ) ;
#3553 = DIRECTION ( 'NONE',  ( -1.000000000000000000, 0.000000000000000000, 0.000000000000000000 ) ) ;
#3554 = EDGE_CURVE ( 'NONE', #1804, #392, #2681, .T. ) ;
#3555 = PLANE ( 'NONE',  #1989 ) ;
#3556 = DIRECTION ( 'NONE',  ( 0.000000000000000000, 0.000000000000000000, 1.000000000000000000 ) ) ;
#3557 = CARTESIAN_POINT ( 'NONE',  ( 0.000000000000000000, 25.00000000000000000, 4.000000000000000000 ) ) ;
#3558 = ORIENTED_EDGE ( 'NONE', *, *, #1866, .T. ) ;
#3559 = EDGE_LOOP ( 'NONE', ( #240, #517, #197, #282 ) ) ;
#3560 = DIRECTION ( 'NONE',  ( 1.000000000000000000, 0.000000000000000000, 0.000000000000000000 ) ) ;
#3561 = FACE_OUTER_BOUND ( 'NONE', #2994, .T. ) ;
#3562 = CARTESIAN_POINT ( 'NONE',  ( 28.75000000000000000, -13.50000000000000355, 1.000000000000016431 ) ) ;
#3563 = ORIENTED_EDGE ( 'NONE', *, *, #991, .T. ) ;
#3564 = VECTOR ( 'NONE', #1860, 1000.000000000000000 ) ;
#3565 = DIRECTION ( 'NONE',  ( 1.000000000000000000, 0.000000000000000000, 0.000000000000000000 ) ) ;
#3566 = CARTESIAN_POINT ( 'NONE',  ( 0.000000000000000000, 25.00000000000000000, 0.000000000000000000 ) ) ;
#3567 = LINE ( 'NONE', #1370, #2070 ) ;
#3568 = ORIENTED_EDGE ( 'NONE', *, *, #2482, .T. ) ;
#3569 = ORIENTED_EDGE ( 'NONE', *, *, #426, .F. ) ;
#3570 = ADVANCED_FACE ( 'NONE', ( #1009 ), #1797, .F. ) ;
#3571 = CARTESIAN_POINT ( 'NONE',  ( -28.98057257691009525, -9.506650993617387968, 7.500000000000000000 ) ) ;
#3572 = DIRECTION ( 'NONE',  ( -0.000000000000000000, -0.000000000000000000, 1.000000000000000000 ) ) ;
#3573 = AXIS2_PLACEMENT_3D ( 'NONE', #3305, #806, #788 ) ;
#3574 = EDGE_CURVE ( 'NONE', #3396, #2250, #888, .T. ) ;
#3575 = DIRECTION ( 'NONE',  ( 1.000000000000000000, 0.000000000000000000, 0.000000000000000000 ) ) ;
#3576 = CARTESIAN_POINT ( 'NONE',  ( -8.099999999999999645, 9.919639073093559228E-16, 6.500000000000002665 ) ) ;
#3577 = AXIS2_PLACEMENT_3D ( 'NONE', #809, #1340, #2464 ) ;
#3578 = ORIENTED_EDGE ( 'NONE', *, *, #695, .F. ) ;
#3579 = ADVANCED_FACE ( 'NONE', ( #2666 ), #3250, .F. ) ;
#3580 = ORIENTED_EDGE ( 'NONE', *, *, #2241, .F. ) ;
#3581 = CARTESIAN_POINT ( 'NONE',  ( 8.838834764831792867, 8.838834764831894120, 1.499999999999999556 ) ) ;
#3582 = DIRECTION ( 'NONE',  ( 1.000000000000000000, 0.000000000000000000, 0.000000000000000000 ) ) ;
#3583 = ORIENTED_EDGE ( 'NONE', *, *, #2283, .F. ) ;
#3584 = ORIENTED_EDGE ( 'NONE', *, *, #1940, .F. ) ;
#3585 = CIRCLE ( 'NONE', #1299, 3.700000000000015721 ) ;
#3586 = DIRECTION ( 'NONE',  ( 1.000000000000000000, 0.000000000000000000, 0.000000000000000000 ) ) ;
#3587 = DIRECTION ( 'NONE',  ( 0.3826834323650906700, -0.9238795325112865164, 8.326672684688674053E-17 ) ) ;
#3588 = DIRECTION ( 'NONE',  ( -0.3826834323650970537, 0.9238795325112838519, 8.326672684688674053E-17 ) ) ;
#3589 = ORIENTED_EDGE ( 'NONE', *, *, #1758, .T. ) ;
#3590 = AXIS2_PLACEMENT_3D ( 'NONE', #2578, #2432, #1237 ) ;
#3591 = EDGE_LOOP ( 'NONE', ( #343, #1045, #2397, #302 ) ) ;
#3592 = PLANE ( 'NONE',  #3451 ) ;
#3593 = LINE ( 'NONE', #3611, #1212 ) ;
#3594 = CYLINDRICAL_SURFACE ( 'NONE', #420, 3.200000000000001510 ) ;
#3595 = DIRECTION ( 'NONE',  ( 0.000000000000000000, 0.000000000000000000, 1.000000000000000000 ) ) ;
#3596 = AXIS2_PLACEMENT_3D ( 'NONE', #2996, #1639, #1033 ) ;
#3597 = EDGE_CURVE ( 'NONE', #646, #2276, #751, .T. ) ;
#3598 = VECTOR ( 'NONE', #816, 1000.000000000000000 ) ;
#3599 = VERTEX_POINT ( 'NONE', #2487 ) ;
#3600 = CARTESIAN_POINT ( 'NONE',  ( 22.00000000000000000, 9.999999999999996447, 7.500000000000000000 ) ) ;
#3601 = EDGE_CURVE ( 'NONE', #3549, #3551, #2119, .T. ) ;
#3602 = CARTESIAN_POINT ( 'NONE',  ( 29.89798230312507599, -9.918251340499837809, 1.499999999999994449 ) ) ;
#3603 = DIRECTION ( 'NONE',  ( -1.000000000000000000, 0.000000000000000000, 0.000000000000000000 ) ) ;
#3604 = ORIENTED_EDGE ( 'NONE', *, *, #1508, .F. ) ;
#3605 = VERTEX_POINT ( 'NONE', #773 ) ;
#3606 = LINE ( 'NONE', #185, #3363 ) ;
#3607 = DIRECTION ( 'NONE',  ( -0.000000000000000000, -0.000000000000000000, -1.000000000000000000 ) ) ;
#3608 = LINE ( 'NONE', #2766, #3472 ) ;
#3609 = VERTEX_POINT ( 'NONE', #1364 ) ;
#3610 = PLANE ( 'NONE',  #166 ) ;
#3611 = CARTESIAN_POINT ( 'NONE',  ( 6.172741747866218986, -20.38988129720596021, 4.099999999999999645 ) ) ;
#3612 = CARTESIAN_POINT ( 'NONE',  ( 8.838834764831894120, -8.838834764831794644, 1.499999999999999556 ) ) ;
#3613 = CARTESIAN_POINT ( 'NONE',  ( -28.99619714615773702, -10.50921866070471999, 1.000000000000013989 ) ) ;
#3614 = CONICAL_SURFACE ( 'NONE', #3492, 15.72499999999999964, 0.7853981633974471688 ) ;
#3615 = VERTEX_POINT ( 'NONE', #2740 ) ;
#3616 = EDGE_CURVE ( 'NONE', #1642, #3018, #1356, .T. ) ;
#3617 = CARTESIAN_POINT ( 'NONE',  ( 8.112888766139919383, 19.58624608923927113, 4.099999999999999645 ) ) ;
#3618 = CARTESIAN_POINT ( 'NONE',  ( 29.93075528434976817, -9.818344468817963744, 1.499999999999994449 ) ) ;
#3619 = ORIENTED_EDGE ( 'NONE', *, *, #3621, .T. ) ;
#3620 = ORIENTED_EDGE ( 'NONE', *, *, #2478, .T. ) ;
#3621 = EDGE_CURVE ( 'NONE', #2554, #3396, #1897, .T. ) ;
#3622 = EDGE_CURVE ( 'NONE', #361, #646, #1882, .T. ) ;
#3623 = DIRECTION ( 'NONE',  ( 0.000000000000000000, 0.000000000000000000, -1.000000000000000000 ) ) ;
#3624 = DIRECTION ( 'NONE',  ( -1.000000000000000000, 0.000000000000000000, 0.000000000000000000 ) ) ;
#3625 = DIRECTION ( 'NONE',  ( -0.000000000000000000, -0.000000000000000000, -1.000000000000000000 ) ) ;
#3626 = EDGE_CURVE ( 'NONE', #464, #2331, #2767, .T. ) ;
#3627 = CIRCLE ( 'NONE', #2343, 2.100000000000000089 ) ;
#3628 = ORIENTED_EDGE ( 'NONE', *, *, #1780, .T. ) ;
#3629 = CARTESIAN_POINT ( 'NONE',  ( 29.06754102132618911, -10.50535681523736109, 0.9893293430940195421 ) ) ;
#3630 = FACE_OUTER_BOUND ( 'NONE', #3083, .T. ) ;
#3631 = CARTESIAN_POINT ( 'NONE',  ( 21.80000000000000071, -8.728703347107833388E-14, 0.5000000000000177636 ) ) ;
#3632 = DIRECTION ( 'NONE',  ( -0.9238795325112865164, 0.3826834323650902259, 0.000000000000000000 ) ) ;
#3633 = AXIS2_PLACEMENT_3D ( 'NONE', #2370, #3220, #3479 ) ;
#3634 = ORIENTED_EDGE ( 'NONE', *, *, #1112, .F. ) ;
#3635 = FACE_OUTER_BOUND ( 'NONE', #961, .T. ) ;
#3636 = EDGE_LOOP ( 'NONE', ( #267, #1466 ) ) ;
#3637 = EDGE_CURVE ( 'NONE', #1908, #36, #296, .T. ) ;
#3638 = AXIS2_PLACEMENT_3D ( 'NONE', #1813, #3469, #367 ) ;
#3639 = DIRECTION ( 'NONE',  ( 1.000000000000000000, 0.000000000000000000, 0.000000000000000000 ) ) ;
#3640 = CARTESIAN_POINT ( 'NONE',  ( 11.93972308979082619, -28.82504141435213540, 4.099999999999999645 ) ) ;
#3641 = CYLINDRICAL_SURFACE ( 'NONE', #838, 1.000000000000000888 ) ;
ENDSEC;
END-ISO-10303-21;
