ISO-10303-21;
HEADER;
FILE_DESCRIPTION (( 'STEP AP214' ),
    '1' );
FILE_NAME ('FINGER PAD_t20_R_v2.STEP',
    '2026-09-14T05:14:43',
    ( '' ),
    ( '' ),
    'SwSTEP 2.0',
    'SolidWorks 2025',
    '' );
FILE_SCHEMA (( 'AUTOMOTIVE_DESIGN' ));
ENDSEC;

DATA;
#1 = ORIENTED_EDGE ( 'NONE', *, *, #3520, .F. ) ;
#2 = EDGE_CURVE ( 'NONE', #447, #712, #1053, .T. ) ;
#3 = CARTESIAN_POINT ( 'NONE',  ( -25.33152890070141439, -7.806838032087300761, 2.512019176683702337 ) ) ;
#4 = ORIENTED_EDGE ( 'NONE', *, *, #1023, .F. ) ;
#5 = AXIS2_PLACEMENT_3D ( 'NONE', #1554, #2389, #2368 ) ;
#6 = CARTESIAN_POINT ( 'NONE',  ( -66.36358403214866541, -0.5000000000000004441, 4.833333333333341919 ) ) ;
#7 = DIRECTION ( 'NONE',  ( -0.000000000000000000, -0.000000000000000000, -1.000000000000000000 ) ) ;
#8 = ORIENTED_EDGE ( 'NONE', *, *, #2627, .T. ) ;
#9 = CARTESIAN_POINT ( 'NONE',  ( -24.62742129470521135, -8.001548117789750947, 3.226388406656025776 ) ) ;
#10 = CYLINDRICAL_SURFACE ( 'NONE', #2848, 1.499999999999997335 ) ;
#11 = DIRECTION ( 'NONE',  ( -1.000000000000000000, 0.000000000000000000, 0.000000000000000000 ) ) ;
#12 = VECTOR ( 'NONE', #3659, 1000.000000000000000 ) ;
#13 = LINE ( 'NONE', #3536, #2198 ) ;
#14 = DIRECTION ( 'NONE',  ( 1.000000000000000000, 0.000000000000000000, -8.163404592832032733E-17 ) ) ;
#15 = CARTESIAN_POINT ( 'NONE',  ( -84.57185933158491764, -20.00000000000000000, -7.020316904632742272 ) ) ;
#16 = ORIENTED_EDGE ( 'NONE', *, *, #705, .T. ) ;
#17 = VECTOR ( 'NONE', #1054, 1000.000000000000000 ) ;
#18 = ORIENTED_EDGE ( 'NONE', *, *, #2702, .F. ) ;
#19 = CARTESIAN_POINT ( 'NONE',  ( -25.28452580580533393, -7.839451771236521260, 2.946333169938793350 ) ) ;
#20 = VERTEX_POINT ( 'NONE', #2498 ) ;
#21 = CARTESIAN_POINT ( 'NONE',  ( -26.87939642908065707, -12.75213464489980808, 1.794207743623566609 ) ) ;
#22 = DIRECTION ( 'NONE',  ( 0.9952952831612036366, 0.000000000000000000, 0.09688807623778838973 ) ) ;
#23 = ORIENTED_EDGE ( 'NONE', *, *, #3216, .F. ) ;
#24 = AXIS2_PLACEMENT_3D ( 'NONE', #216, #2225, #1657 ) ;
#25 = CARTESIAN_POINT ( 'NONE',  ( -21.50000000000000000, -13.34999999999999964, -8.499999999999994671 ) ) ;
#26 = CARTESIAN_POINT ( 'NONE',  ( -60.43938478183324747, -12.81467354811508486, 3.204833594191897284 ) ) ;
#27 = CARTESIAN_POINT ( 'NONE',  ( -102.6112468886207836, -0.8813729760655319989, -4.603992062342229907 ) ) ;
#28 = VECTOR ( 'NONE', #169, 1000.000000000000000 ) ;
#29 = CARTESIAN_POINT ( 'NONE',  ( -84.96891722566843441, -2.000000000000000000, -1.066874950121234455 ) ) ;
#30 = AXIS2_PLACEMENT_3D ( 'NONE', #3368, #2222, #1312 ) ;
#31 = CARTESIAN_POINT ( 'NONE',  ( -56.98579247069363163, -11.88113790561207317, 1.227034817743327011 ) ) ;
#32 = CARTESIAN_POINT ( 'NONE',  ( -60.38469351285674946, -7.153853506943126384, 3.181183541444682294 ) ) ;
#33 = CARTESIAN_POINT ( 'NONE',  ( -23.97668520858198704, -9.576798114542803830, 3.515406280524348670 ) ) ;
#34 = ORIENTED_EDGE ( 'NONE', *, *, #796, .T. ) ;
#35 = VERTEX_POINT ( 'NONE', #2180 ) ;
#36 = CARTESIAN_POINT ( 'NONE',  ( -25.77337052977771137, -7.513456002891678587, 2.296545639166003738 ) ) ;
#37 = ORIENTED_EDGE ( 'NONE', *, *, #2663, .F. ) ;
#38 = CARTESIAN_POINT ( 'NONE',  ( -61.32632068971020800, -7.954944883534635913, 3.600514077450859052 ) ) ;
#39 = FACE_OUTER_BOUND ( 'NONE', #1847, .T. ) ;
#40 = DIRECTION ( 'NONE',  ( 0.000000000000000000, -1.000000000000000000, -0.000000000000000000 ) ) ;
#41 = EDGE_LOOP ( 'NONE', ( #1724, #2988, #1391, #831, #754, #1145, #1163, #972, #795, #139 ) ) ;
#42 = AXIS2_PLACEMENT_3D ( 'NONE', #2744, #951, #1291 ) ;
#43 = VECTOR ( 'NONE', #2031, 1000.000000000000000 ) ;
#44 = CARTESIAN_POINT ( 'NONE',  ( -57.27351828944768641, -12.14717580309379841, 1.338984984824759694 ) ) ;
#45 = CARTESIAN_POINT ( 'NONE',  ( -88.15796241604168415, -18.23713744936234704, 4.471272407801304638 ) ) ;
#46 = CARTESIAN_POINT ( 'NONE',  ( -103.7790632433107305, -0.9395203926010706752, -3.399850328301275759 ) ) ;
#47 = CARTESIAN_POINT ( 'NONE',  ( -56.24999999999999289, -10.00000000000000000, 17.00000000000000000 ) ) ;
#48 = CARTESIAN_POINT ( 'NONE',  ( -88.07407537207053849, -18.25151245213059426, 4.464806820626026074 ) ) ;
#49 = CARTESIAN_POINT ( 'NONE',  ( -57.69989395724623904, -12.42984254533960886, 1.510330901028587469 ) ) ;
#50 = CARTESIAN_POINT ( 'NONE',  ( -99.99371866316980118, 1.000000000000000000, -1.999999999999991784 ) ) ;
#51 = CARTESIAN_POINT ( 'NONE',  ( -26.28815402572050886, -12.68338232754398831, 2.542373103301950099 ) ) ;
#52 = VERTEX_POINT ( 'NONE', #462 ) ;
#53 = ORIENTED_EDGE ( 'NONE', *, *, #1182, .T. ) ;
#54 = AXIS2_PLACEMENT_3D ( 'NONE', #293, #3750, #2089 ) ;
#55 = DIRECTION ( 'NONE',  ( 0.000000000000000000, 0.000000000000000000, 1.000000000000000000 ) ) ;
#56 = ORIENTED_EDGE ( 'NONE', *, *, #3326, .T. ) ;
#57 = EDGE_CURVE ( 'NONE', #898, #2057, #591, .T. ) ;
#58 = CARTESIAN_POINT ( 'NONE',  ( -56.42399866883769022, -7.822311029794772885, 1.689260723146641219 ) ) ;
#59 = VECTOR ( 'NONE', #698, 1000.000000000000000 ) ;
#60 = CARTESIAN_POINT ( 'NONE',  ( -25.49999999999999645, -10.00000000000000000, 8.000000000000005329 ) ) ;
#61 = AXIS2_PLACEMENT_3D ( 'NONE', #657, #411, #1816 ) ;
#62 = VERTEX_POINT ( 'NONE', #3379 ) ;
#63 = ADVANCED_FACE ( 'NONE', ( #768 ), #2578, .T. ) ;
#64 = CARTESIAN_POINT ( 'NONE',  ( -22.00000000000000000, -20.00000000000000000, -8.999999999999996447 ) ) ;
#65 = DIRECTION ( 'NONE',  ( 0.000000000000000000, 4.064687785037713780E-18, -1.000000000000000000 ) ) ;
#66 = VECTOR ( 'NONE', #765, 1000.000000000000000 ) ;
#67 = CARTESIAN_POINT ( 'NONE',  ( -59.00000000000000000, -10.00000000000000000, 17.00000000000000000 ) ) ;
#68 = CARTESIAN_POINT ( 'NONE',  ( -56.38771325067055074, -9.122762163196362906, 1.003938024131743489 ) ) ;
#69 = CARTESIAN_POINT ( 'NONE',  ( -58.36328362253679813, -12.68097567073808740, 1.790091898265858017 ) ) ;
#70 = CARTESIAN_POINT ( 'NONE',  ( -42.55799999999999272, -19.50000000000000000, 44.50000000000000711 ) ) ;
#71 = CARTESIAN_POINT ( 'NONE',  ( -100.4516381753037990, -14.07922823153434422, -6.343788501741056685 ) ) ;
#72 = ORIENTED_EDGE ( 'NONE', *, *, #2702, .T. ) ;
#73 = EDGE_LOOP ( 'NONE', ( #3416, #1725, #2114, #1714, #1207, #3106 ) ) ;
#74 = VECTOR ( 'NONE', #2067, 1000.000000000000000 ) ;
#75 = PRODUCT ( 'FINGER PAD_t20_R_v2', 'FINGER PAD_t20_R_v2', '', ( #1663 ) ) ;
#76 = CARTESIAN_POINT ( 'NONE',  ( -99.99371866316980118, 0.000000000000000000, -1.999999999999991784 ) ) ;
#77 = DIRECTION ( 'NONE',  ( 0.000000000000000000, 0.000000000000000000, 1.000000000000000000 ) ) ;
#78 = ORIENTED_EDGE ( 'NONE', *, *, #3062, .T. ) ;
#79 = CARTESIAN_POINT ( 'NONE',  ( -24.52095296364824151, -8.797248601857535988, 2.925259288868712115 ) ) ;
#80 = CARTESIAN_POINT ( 'NONE',  ( -58.63549607233198913, -7.246297316242271691, 2.468608218150037725 ) ) ;
#81 = CARTESIAN_POINT ( 'NONE',  ( -88.28459187040624556, -18.21543466719374749, 4.466567690969302618 ) ) ;
#82 = CARTESIAN_POINT ( 'NONE',  ( -88.09343134964399269, -18.79291088406001720, 3.900527826669821785 ) ) ;
#83 = ORIENTED_EDGE ( 'NONE', *, *, #1362, .F. ) ;
#84 = B_SPLINE_CURVE_WITH_KNOTS ( 'NONE', 3,
 ( #1658, #3638, #3374, #1926 ),
 .UNSPECIFIED., .F., .F.,
 ( 4, 4 ),
 ( 0.000000000000000000, 0.0007543956163044044727 ),
 .UNSPECIFIED. ) ;
#85 = CARTESIAN_POINT ( 'NONE',  ( -60.06861950570917230, -12.55458253591269013, 2.584070960674635042 ) ) ;
#86 = CARTESIAN_POINT ( 'NONE',  ( -21.49999999999999645, -20.00000000000000000, 0.5000000000000038858 ) ) ;
#87 = CARTESIAN_POINT ( 'NONE',  ( -100.4642781186446996, -14.24669705485898064, -6.179941805307672453 ) ) ;
#88 = CARTESIAN_POINT ( 'NONE',  ( -61.48103483974200145, -8.801032803472637056, 3.330831524943917543 ) ) ;
#89 = CARTESIAN_POINT ( 'NONE',  ( -21.49999999999999289, -20.00000000000000000, 4.166259335390165575 ) ) ;
#90 = CARTESIAN_POINT ( 'NONE',  ( -23.99999999999999645, -4.649999999999999467, -8.999999999999996447 ) ) ;
#91 = EDGE_CURVE ( 'NONE', #947, #269, #310, .T. ) ;
#92 = ORIENTED_EDGE ( 'NONE', *, *, #1812, .F. ) ;
#93 = ORIENTED_EDGE ( 'NONE', *, *, #3620, .F. ) ;
#94 = DIRECTION ( 'NONE',  ( 1.000000000000000000, 0.000000000000000000, 0.000000000000000000 ) ) ;
#95 = B_SPLINE_CURVE_WITH_KNOTS ( 'NONE', 1,
 ( #3030, #3288 ),
 .UNSPECIFIED., .F., .F.,
 ( 2, 2 ),
 ( 0.000000000000000000, 1.000000000000000000 ),
 .UNSPECIFIED. ) ;
#96 = EDGE_CURVE ( 'NONE', #134, #1970, #902, .T. ) ;
#97 = CARTESIAN_POINT ( 'NONE',  ( -104.9420122957549069, -12.65877752758981600, -1.751516248340047044 ) ) ;
#98 = VERTEX_POINT ( 'NONE', #204 ) ;
#99 = AXIS2_PLACEMENT_3D ( 'NONE', #2969, #1540, #1272 ) ;
#100 = CARTESIAN_POINT ( 'NONE',  ( -104.9937186631698296, -1.475723789840755140, -1.128179059044138288 ) ) ;
#101 = CARTESIAN_POINT ( 'NONE',  ( -56.95067065550863106, -8.157340101548557598, 1.213585841964621936 ) ) ;
#102 = PLANE ( 'NONE',  #558 ) ;
#103 = DIRECTION ( 'NONE',  ( 0.000000000000000000, 0.000000000000000000, -1.000000000000000000 ) ) ;
#104 = ORIENTED_EDGE ( 'NONE', *, *, #318, .F. ) ;
#105 = CARTESIAN_POINT ( 'NONE',  ( -64.13261047954391358, 0.000000000000000000, 4.440217391304354777 ) ) ;
#106 = LINE ( 'NONE', #354, #3433 ) ;
#107 = EDGE_CURVE ( 'NONE', #3089, #777, #1091, .T. ) ;
#108 = CYLINDRICAL_SURFACE ( 'NONE', #1960, 2.749999999999999112 ) ;
#109 = PRODUCT_DEFINITION_SHAPE ( 'NONE', 'NONE',  #1898 ) ;
#110 = CARTESIAN_POINT ( 'NONE',  ( -61.73207091173394900, -9.639933337220117693, 3.471824081959429265 ) ) ;
#111 = CARTESIAN_POINT ( 'NONE',  ( -58.70006120554894125, -12.74545930815115646, 2.494405521717704133 ) ) ;
#112 = CARTESIAN_POINT ( 'NONE',  ( -84.84987244318350008, -0.000000000000000000, 2.387711429324746337 ) ) ;
#113 = EDGE_CURVE ( 'NONE', #1551, #633, #3444, .T. ) ;
#114 = CARTESIAN_POINT ( 'NONE',  ( -29.16567260565495090, -11.70470479049632573, 0.8960607974549139598 ) ) ;
#115 = ORIENTED_EDGE ( 'NONE', *, *, #2947, .F. ) ;
#116 = VERTEX_POINT ( 'NONE', #3425 ) ;
#117 = ADVANCED_FACE ( 'NONE', ( #1467 ), #2855, .T. ) ;
#118 = EDGE_CURVE ( 'NONE', #1727, #2600, #2019, .T. ) ;
#119 = DIRECTION ( 'NONE',  ( 5.772398745160941194E-17, -0.7071067811865473507, 0.7071067811865477948 ) ) ;
#120 = CARTESIAN_POINT ( 'NONE',  ( -104.4841438414565999, -12.80002738320891531, -3.130423576501152994 ) ) ;
#121 = ORIENTED_EDGE ( 'NONE', *, *, #2685, .T. ) ;
#122 = DIRECTION ( 'NONE',  ( -0.9940753429798865337, -0.04949657778282137710, -0.09676931986539044628 ) ) ;
#123 = CARTESIAN_POINT ( 'NONE',  ( -57.50283404472654070, -7.680553950367180249, 2.052996529214636823 ) ) ;
#124 = DIRECTION ( 'NONE',  ( -0.9974276809381432685, -0.000000000000000000, 0.07167999231555081951 ) ) ;
#125 = FACE_OUTER_BOUND ( 'NONE', #1031, .T. ) ;
#126 = EDGE_LOOP ( 'NONE', ( #1248, #363, #616, #1408 ) ) ;
#127 = ADVANCED_FACE ( 'NONE', ( #1415 ), #1981, .T. ) ;
#128 = CARTESIAN_POINT ( 'NONE',  ( -59.12305822940049183, -12.76662076905180854, 2.129290344916421773 ) ) ;
#129 = DIRECTION ( 'NONE',  ( -1.000000000000000000, 0.000000000000000000, -8.672384569055758038E-16 ) ) ;
#130 = CARTESIAN_POINT ( 'NONE',  ( -62.03134786846315762, -9.748861621125962884, 3.931678266794288223 ) ) ;
#131 = LINE ( 'NONE', #2456, #1210 ) ;
#132 = CARTESIAN_POINT ( 'NONE',  ( -26.74696648761786477, -13.22816982645716521, 2.368576006889200780 ) ) ;
#133 = CARTESIAN_POINT ( 'NONE',  ( -29.56552149072818381, -12.17861713747833363, 1.416120362765617591 ) ) ;
#134 = VERTEX_POINT ( 'NONE', #2573 ) ;
#135 = ORIENTED_EDGE ( 'NONE', *, *, #2814, .T. ) ;
#136 = LINE ( 'NONE', #1569, #2345 ) ;
#137 = CARTESIAN_POINT ( 'NONE',  ( -102.6994347728238921, -13.35059813620543778, -5.125817565307640322 ) ) ;
#138 = AXIS2_PLACEMENT_3D ( 'NONE', #555, #1070, #3393 ) ;
#139 = ORIENTED_EDGE ( 'NONE', *, *, #751, .T. ) ;
#140 = AXIS2_PLACEMENT_3D ( 'NONE', #2477, #1662, #1363 ) ;
#141 = CONICAL_SURFACE ( 'NONE', #2944, 45.50000000000001421, 0.7853981633974552734 ) ;
#142 = CARTESIAN_POINT ( 'NONE',  ( -104.1771982804931156, -1.439130019771532432, -3.667401735070521696 ) ) ;
#143 = CARTESIAN_POINT ( 'NONE',  ( -104.5625244785579611, -13.14780041539188638, -1.851892253051437010 ) ) ;
#144 = CARTESIAN_POINT ( 'NONE',  ( -64.15000000000000568, -4.150000000000000355, -1.999999999999992228 ) ) ;
#145 = DIRECTION ( 'NONE',  ( 0.000000000000000000, -1.000000000000000000, 0.000000000000000000 ) ) ;
#146 = EDGE_CURVE ( 'NONE', #3759, #579, #779, .T. ) ;
#147 = ORIENTED_EDGE ( 'NONE', *, *, #3343, .T. ) ;
#148 = EDGE_CURVE ( 'NONE', #325, #1150, #535, .T. ) ;
#149 = CARTESIAN_POINT ( 'NONE',  ( -85.79501708603936549, -19.58073825981462335, 2.672431654987937666 ) ) ;
#150 = CARTESIAN_POINT ( 'NONE',  ( -84.96891722566843441, -2.000000000000000000, -5.566874950121220245 ) ) ;
#151 = CARTESIAN_POINT ( 'NONE',  ( -102.4537281461874016, -0.8735298696630159343, -4.705352342798603260 ) ) ;
#152 = CARTESIAN_POINT ( 'NONE',  ( -25.24390118921902015, -12.60940363111354046, 2.963792246107422645 ) ) ;
#153 = CARTESIAN_POINT ( 'NONE',  ( -103.2222031787094920, -13.60722229988350129, -4.299177793017592286 ) ) ;
#154 = VERTEX_POINT ( 'NONE', #2338 ) ;
#155 = AXIS2_PLACEMENT_3D ( 'NONE', #1886, #1542, #2971 ) ;
#156 = CARTESIAN_POINT ( 'NONE',  ( -65.81081323375609315, 0.000000000000000000, 4.500000000000008882 ) ) ;
#157 = CARTESIAN_POINT ( 'NONE',  ( -104.8125010927888923, -12.69873374632885188, -2.256072578441867815 ) ) ;
#158 = EDGE_LOOP ( 'NONE', ( #1539, #2391, #1473, #1036 ) ) ;
#159 = B_SPLINE_CURVE_WITH_KNOTS ( 'NONE', 3,
 ( #2227, #3392, #784, #1766 ),
 .UNSPECIFIED., .F., .F.,
 ( 4, 4 ),
 ( 0.000000000000000000, 1.000000000000000000 ),
 .UNSPECIFIED. ) ;
#160 = DIRECTION ( 'NONE',  ( 0.9437928583514338943, -0.3235038446397581757, -0.06782553374744169916 ) ) ;
#161 = DIRECTION ( 'NONE',  ( -0.000000000000000000, -0.000000000000000000, 1.000000000000000000 ) ) ;
#162 = CARTESIAN_POINT ( 'NONE',  ( -86.67937288629131842, -0.6002464947106531667, 3.735078575503639531 ) ) ;
#163 = PLANE ( 'NONE',  #2850 ) ;
#164 = ORIENTED_EDGE ( 'NONE', *, *, #2365, .T. ) ;
#165 = CARTESIAN_POINT ( 'NONE',  ( -56.33600924344781191, -10.70546326755359168, 0.9852811536594026087 ) ) ;
#166 = CARTESIAN_POINT ( 'NONE',  ( -22.00000000000000000, -13.34999999999999964, -8.999999999999996447 ) ) ;
#167 = DIRECTION ( 'NONE',  ( -4.625929269271483942E-16, 0.000000000000000000, -1.000000000000000000 ) ) ;
#168 = FILL_AREA_STYLE_COLOUR ( '', #1573 ) ;
#169 = DIRECTION ( 'NONE',  ( -0.000000000000000000, 1.000000000000000000, -0.000000000000000000 ) ) ;
#170 = CARTESIAN_POINT ( 'NONE',  ( -21.49999999999999645, -20.00000000000000000, 0.5000000000000038858 ) ) ;
#171 = CARTESIAN_POINT ( 'NONE',  ( -104.4825183428964408, -1.452815506139565560, -3.133402569714146768 ) ) ;
#172 = CARTESIAN_POINT ( 'NONE',  ( -61.75000000000000000, -10.00000000000000000, 3.482014481449722254 ) ) ;
#173 = AXIS2_PLACEMENT_3D ( 'NONE', #303, #1729, #550 ) ;
#174 = CARTESIAN_POINT ( 'NONE',  ( -56.24999999999999289, -10.00000000000075850, 0.9543786816630747127 ) ) ;
#175 = AXIS2_PLACEMENT_3D ( 'NONE', #1617, #1552, #431 ) ;
#176 = ORIENTED_EDGE ( 'NONE', *, *, #2685, .F. ) ;
#177 = ORIENTED_EDGE ( 'NONE', *, *, #1900, .F. ) ;
#178 = CARTESIAN_POINT ( 'NONE',  ( -104.9178127860514564, -1.472320403349885121, -1.800007959739979846 ) ) ;
#179 = CARTESIAN_POINT ( 'NONE',  ( -104.4699313710656980, -13.17953855156852327, -2.214894676097431514 ) ) ;
#180 = CARTESIAN_POINT ( 'NONE',  ( -64.15000000000000568, -19.49461015400457242, -8.994624018408160282 ) ) ;
#181 = CARTESIAN_POINT ( 'NONE',  ( -89.99371866316981539, 1.000000000000000000, -2.499999999999991118 ) ) ;
#182 = ORIENTED_EDGE ( 'NONE', *, *, #682, .F. ) ;
#183 = DIRECTION ( 'NONE',  ( 0.9161749010939779225, -0.3140372384085033386, 0.2490063523249969324 ) ) ;
#184 = DIRECTION ( 'NONE',  ( -0.000000000000000000, -1.000000000000000000, -0.000000000000000000 ) ) ;
#185 = CARTESIAN_POINT ( 'NONE',  ( -100.8758054995646347, -0.7949626146099778579, -5.630332056675814378 ) ) ;
#186 = CARTESIAN_POINT ( 'NONE',  ( -61.97366676070343061, -10.62470045515076045, 3.904041035623803779 ) ) ;
#187 = CARTESIAN_POINT ( 'NONE',  ( -29.70558466493056571, -12.01034629064360537, 1.374239306181070930 ) ) ;
#188 = CARTESIAN_POINT ( 'NONE',  ( -84.71525825781310459, -0.4935153182975133834, 2.871418600236036678 ) ) ;
#189 = VECTOR ( 'NONE', #3550, 1000.000000000000114 ) ;
#190 = CARTESIAN_POINT ( 'NONE',  ( -84.96891722566843441, -2.000000000000000000, -1.066874950121234455 ) ) ;
#191 = CARTESIAN_POINT ( 'NONE',  ( -102.5909884267188943, -13.82358375807356765, -4.705352342798637899 ) ) ;
#192 = EDGE_LOOP ( 'NONE', ( #594, #1008, #496, #520, #2879 ) ) ;
#193 = VECTOR ( 'NONE', #2591, 1000.000000000000000 ) ;
#194 = CARTESIAN_POINT ( 'NONE',  ( -29.75098851159918922, -10.16983477683657888, 0.6959831331831249912 ) ) ;
#195 = CARTESIAN_POINT ( 'NONE',  ( -103.9163235238428342, -13.36929869375922664, -3.399850328300541680 ) ) ;
#196 = CARTESIAN_POINT ( 'NONE',  ( -104.9937186631698154, -2.000000000000000000, 1.835967299967542932 ) ) ;
#197 = VERTEX_POINT ( 'NONE', #2287 ) ;
#198 = CARTESIAN_POINT ( 'NONE',  ( -88.18770379416845628, -30.00000000000000000, 3.471272407808098315 ) ) ;
#199 = CARTESIAN_POINT ( 'NONE',  ( -88.13767251643822931, -18.77774634088443761, 3.926970459957845438 ) ) ;
#200 = EDGE_LOOP ( 'NONE', ( #1081, #1703, #2567, #2716 ) ) ;
#201 = CARTESIAN_POINT ( 'NONE',  ( -30.38392494924302412, -9.760695417520688366, 1.178043691369726531 ) ) ;
#202 = CARTESIAN_POINT ( 'NONE',  ( -64.15000000000000568, -15.36077972774649680, -8.989220272253495736 ) ) ;
#203 = CARTESIAN_POINT ( 'NONE',  ( -84.72495990609020566, -0.2082957866515391943, 2.569167362211845607 ) ) ;
#204 = CARTESIAN_POINT ( 'NONE',  ( -88.26101281661627240, -0.1668522086381086511, 3.968920049388706683 ) ) ;
#205 = DIRECTION ( 'NONE',  ( 0.000000000000000000, 0.000000000000000000, 1.000000000000000000 ) ) ;
#206 = DIRECTION ( 'NONE',  ( -1.000000000000000000, 0.000000000000000000, 0.000000000000000000 ) ) ;
#207 = EDGE_CURVE ( 'NONE', #712, #1296, #1124, .T. ) ;
#208 = ORIENTED_EDGE ( 'NONE', *, *, #1339, .T. ) ;
#209 = ADVANCED_FACE ( 'NONE', ( #3502 ), #2873, .T. ) ;
#210 = CARTESIAN_POINT ( 'NONE',  ( -29.44787730829065708, -8.733229789092574080, 0.7981160587576157095 ) ) ;
#211 = CARTESIAN_POINT ( 'NONE',  ( -104.0163229712876785, -13.33502188669928046, -3.241033357420497474 ) ) ;
#212 = CARTESIAN_POINT ( 'NONE',  ( -99.99371866316980118, 0.000000000000000000, -1.999999999999991784 ) ) ;
#213 = VERTEX_POINT ( 'NONE', #2037 ) ;
#214 = AXIS2_PLACEMENT_3D ( 'NONE', #2714, #3018, #94 ) ;
#215 = DIRECTION ( 'NONE',  ( 0.9419856854266430712, -0.3228844000403151004, 0.09169859683715569920 ) ) ;
#216 = CARTESIAN_POINT ( 'NONE',  ( -89.99371866316981539, 1.000000000000000000, -1.999999999999993561 ) ) ;
#217 = ORIENTED_EDGE ( 'NONE', *, *, #3035, .T. ) ;
#218 = B_SPLINE_CURVE_WITH_KNOTS ( 'NONE', 3,
 ( #1660, #3112, #2555, #1676 ),
 .UNSPECIFIED., .F., .F.,
 ( 4, 4 ),
 ( 0.000000000000000000, 1.000000000000000000 ),
 .UNSPECIFIED. ) ;
#219 = CARTESIAN_POINT ( 'NONE',  ( -27.32594083697942366, -6.747228251491779183, 2.155796576614160909 ) ) ;
#220 = LINE ( 'NONE', #1927, #1007 ) ;
#221 = CARTESIAN_POINT ( 'NONE',  ( -85.67699679462906204, -19.62119207092250406, 2.616725854946026608 ) ) ;
#222 = CARTESIAN_POINT ( 'NONE',  ( -104.9937222787737312, -1.475723790706081839, -1.129290601234066438 ) ) ;
#223 = DIRECTION ( 'NONE',  ( 0.000000000000000000, 0.000000000000000000, -1.000000000000000000 ) ) ;
#224 = EDGE_CURVE ( 'NONE', #1565, #562, #3483, .T. ) ;
#225 = CARTESIAN_POINT ( 'NONE',  ( -26.99999999999999645, -10.00000000000000000, -8.999999999999996447 ) ) ;
#226 = ORIENTED_EDGE ( 'NONE', *, *, #3208, .T. ) ;
#227 = EDGE_CURVE ( 'NONE', #3232, #1342, #2888, .T. ) ;
#228 = EDGE_LOOP ( 'NONE', ( #3206, #2325, #3153, #3250 ) ) ;
#229 = EDGE_CURVE ( 'NONE', #2248, #1184, #1962, .T. ) ;
#230 = ADVANCED_FACE ( 'NONE', ( #2903, #2605, #278 ), #2557, .F. ) ;
#231 = B_SPLINE_CURVE_WITH_KNOTS ( 'NONE', 3,
 ( #1414, #3679, #3161, #1661, #2854, #1929, #1997, #477, #556, #513, #203, #1123, #1360, #494, #1379, #1646, #3377, #2537, #1051, #3695, #2806, #188, #804, #2572, #786, #2247, #2286 ),
 .UNSPECIFIED., .F., .F.,
 ( 4, 1, 1, 2, 2, 2, 2, 2, 2, 2, 2, 2, 1, 2, 4 ),
 ( 0.000000000000000000, 0.06250000000000216493, 0.09375000000000389966, 0.1093750000000037054, 0.1250000000000035250, 0.2500000000000033862, 0.5000000000000018874, 0.7500000000000004441, 0.8749999999999990008, 0.9374999999999990008, 0.9687499999999991118, 0.9843749999999991118, 0.9921874999999997780, 0.9960937499999998890, 1.000000000000000000 ),
 .UNSPECIFIED. ) ;
#232 = CARTESIAN_POINT ( 'NONE',  ( -29.48668445386259407, -8.810021963061561934, 1.436469401795341438 ) ) ;
#233 = LINE ( 'NONE', #2563, #3184 ) ;
#234 = ORIENTED_EDGE ( 'NONE', *, *, #146, .T. ) ;
#235 = EDGE_CURVE ( 'NONE', #2248, #3691, #1435, .T. ) ;
#236 = CARTESIAN_POINT ( 'NONE',  ( -28.72836899121318410, -12.14566500937838889, 1.053323332213621288 ) ) ;
#237 = DIRECTION ( 'NONE',  ( -8.163404592832033966E-17, -0.000000000000000000, -1.000000000000000000 ) ) ;
#238 = ORIENTED_EDGE ( 'NONE', *, *, #548, .T. ) ;
#239 = EDGE_CURVE ( 'NONE', #3170, #3225, #3300, .T. ) ;
#240 = TOROIDAL_SURFACE ( 'NONE', #1405, 0.4999999999999971689, 1.000000000000000000 ) ;
#241 = CARTESIAN_POINT ( 'NONE',  ( -24.39003235493941446, -9.116623508398015829, 2.994408750304706768 ) ) ;
#242 = PLANE ( 'NONE',  #2693 ) ;
#243 = CARTESIAN_POINT ( 'NONE',  ( -42.55799999999999272, -20.00000000000000000, 44.50000000000000711 ) ) ;
#244 = CARTESIAN_POINT ( 'NONE',  ( -103.3616870322149452, -1.402588344699433165, -4.622530654448905096 ) ) ;
#245 = CARTESIAN_POINT ( 'NONE',  ( -23.99999999999999645, -15.84999999999999964, -8.499999999999994671 ) ) ;
#246 =( NAMED_UNIT ( * ) PLANE_ANGLE_UNIT ( ) SI_UNIT ( $, .RADIAN. ) );
#247 = CYLINDRICAL_SURFACE ( 'NONE', #2323, 20.00000000000000000 ) ;
#248 = CIRCLE ( 'NONE', #741, 1.000000000000000000 ) ;
#249 = CARTESIAN_POINT ( 'NONE',  ( -84.51599715953966552, -0.4898356610841637648, 2.801503366156067543 ) ) ;
#250 = ORIENTED_EDGE ( 'NONE', *, *, #207, .T. ) ;
#251 = EDGE_LOOP ( 'NONE', ( #2810, #1097 ) ) ;
#252 = CARTESIAN_POINT ( 'NONE',  ( -29.70392699976387973, -10.50258800325143937, 1.370117208511310691 ) ) ;
#253 = CARTESIAN_POINT ( 'NONE',  ( -64.11416000384222968, -20.00000000000000000, -8.490506431784421437 ) ) ;
#254 = ORIENTED_EDGE ( 'NONE', *, *, #1477, .F. ) ;
#255 = CARTESIAN_POINT ( 'NONE',  ( -21.49999999999999289, -19.83319152338087932, 4.354433939607567972 ) ) ;
#256 = DIRECTION ( 'NONE',  ( -1.000000000000000000, 0.000000000000000000, 0.000000000000000000 ) ) ;
#257 = VERTEX_POINT ( 'NONE', #1158 ) ;
#258 = CIRCLE ( 'NONE', #1112, 0.5000000000000004441 ) ;
#259 = ADVANCED_FACE ( 'NONE', ( #3713 ), #2918, .T. ) ;
#260 = CARTESIAN_POINT ( 'NONE',  ( -26.11685459921496388, -6.922855039226876173, 2.610508373998795761 ) ) ;
#261 = LINE ( 'NONE', #1996, #1393 ) ;
#262 = DIRECTION ( 'NONE',  ( -0.000000000000000000, -1.000000000000000000, -0.000000000000000000 ) ) ;
#263 = DIRECTION ( 'NONE',  ( 0.9987626996525695855, 0.04972996865785285492, 0.000000000000000000 ) ) ;
#264 = CARTESIAN_POINT ( 'NONE',  ( -58.19380272090658224, -12.63519042391509473, 1.717086756757596255 ) ) ;
#265 = CARTESIAN_POINT ( 'NONE',  ( -84.54647042889922659, -0.4964883756300504936, 2.818574847337531164 ) ) ;
#266 = ORIENTED_EDGE ( 'NONE', *, *, #3058, .F. ) ;
#267 = ORIENTED_EDGE ( 'NONE', *, *, #3196, .T. ) ;
#268 = CARTESIAN_POINT ( 'NONE',  ( -29.61624634606678086, -9.132822165529898228, 1.396748935313120166 ) ) ;
#269 = VERTEX_POINT ( 'NONE', #3271 ) ;
#270 = CARTESIAN_POINT ( 'NONE',  ( -84.40323697546158144, -20.00000000000000000, 2.226431729682357030 ) ) ;
#271 = DIRECTION ( 'NONE',  ( 0.000000000000000000, 1.000000000000000000, 0.000000000000000000 ) ) ;
#272 = ORIENTED_EDGE ( 'NONE', *, *, #2021, .F. ) ;
#273 = CARTESIAN_POINT ( 'NONE',  ( -64.36969411118725759, -0.5000000000000004441, 5.000000000000011546 ) ) ;
#274 = CARTESIAN_POINT ( 'NONE',  ( -64.36969411118725759, 0.000000000000000000, 4.000000000000012434 ) ) ;
#275 = CARTESIAN_POINT ( 'NONE',  ( -61.86906946493988357, -11.04873572851990637, 3.854081008832520805 ) ) ;
#276 = CARTESIAN_POINT ( 'NONE',  ( -64.15000000000000568, -0.5000000000000004441, -8.989220272253495736 ) ) ;
#277 = EDGE_CURVE ( 'NONE', #1566, #1150, #1115, .T. ) ;
#278 = FACE_OUTER_BOUND ( 'NONE', #2560, .T. ) ;
#279 = VECTOR ( 'NONE', #3050, 1000.000000000000000 ) ;
#280 = B_SPLINE_CURVE_WITH_KNOTS ( 'NONE', 3,
 ( #2880, #1762, #255, #3726 ),
 .UNSPECIFIED., .F., .F.,
 ( 4, 4 ),
 ( 0.000000000000000000, 0.0007543956163044042559 ),
 .UNSPECIFIED. ) ;
#281 = CARTESIAN_POINT ( 'NONE',  ( -56.35274360452614673, -10.76808212609779147, 0.9913207039208578042 ) ) ;
#282 = CARTESIAN_POINT ( 'NONE',  ( -24.25116091745640645, -10.20216427361662959, 3.068601941684123702 ) ) ;
#283 = ORIENTED_EDGE ( 'NONE', *, *, #2143, .T. ) ;
#284 = EDGE_LOOP ( 'NONE', ( #1401, #2658 ) ) ;
#285 = CARTESIAN_POINT ( 'NONE',  ( -27.30803930705697624, -7.261622106424764134, 1.611295097830677481 ) ) ;
#286 = ORIENTED_EDGE ( 'NONE', *, *, #2253, .T. ) ;
#287 = FACE_OUTER_BOUND ( 'NONE', #2158, .T. ) ;
#288 = CARTESIAN_POINT ( 'NONE',  ( -77.41899999999999693, 0.000000000000000000, 21.50000000000000711 ) ) ;
#289 = EDGE_LOOP ( 'NONE', ( #581, #834 ) ) ;
#290 = LINE ( 'NONE', #1463, #1814 ) ;
#291 = CARTESIAN_POINT ( 'NONE',  ( -3.902573056075148852E-15, -20.00000000000000000, 4.500000000000066613 ) ) ;
#292 = CARTESIAN_POINT ( 'NONE',  ( -57.47848468603669403, -12.96127494427860150, 2.045057753448015436 ) ) ;
#293 = CARTESIAN_POINT ( 'NONE',  ( -79.99371866316981539, 0.000000000000000000, -1.999999999999993561 ) ) ;
#294 = DIRECTION ( 'NONE',  ( -0.000000000000000000, -1.000000000000000000, -0.000000000000000000 ) ) ;
#295 = DIRECTION ( 'NONE',  ( 0.000000000000000000, 0.000000000000000000, 1.000000000000000000 ) ) ;
#296 = CARTESIAN_POINT ( 'NONE',  ( -24.07105309749086075, -10.88698288688050475, 3.472750142125599737 ) ) ;
#297 = ADVANCED_FACE ( 'NONE', ( #1801 ), #865, .F. ) ;
#298 = ORIENTED_EDGE ( 'NONE', *, *, #1564, .F. ) ;
#299 = ORIENTED_EDGE ( 'NONE', *, *, #3553, .T. ) ;
#300 = CARTESIAN_POINT ( 'NONE',  ( -24.82713117639596589, -8.304742095037850547, 2.766108859726338132 ) ) ;
#301 = ORIENTED_EDGE ( 'NONE', *, *, #2426, .T. ) ;
#302 = CARTESIAN_POINT ( 'NONE',  ( -88.07214035470124713, -0.6609444105912297696, 4.470203594537210279 ) ) ;
#303 = CARTESIAN_POINT ( 'NONE',  ( -0.9364538434817732959, 0.000000000000000000, -13.03076291216338412 ) ) ;
#304 = ORIENTED_EDGE ( 'NONE', *, *, #751, .F. ) ;
#305 = LINE ( 'NONE', #572, #330 ) ;
#306 = CARTESIAN_POINT ( 'NONE',  ( -55.66516904541840915, -9.374276008891587963, 1.451165873919126659 ) ) ;
#307 = AXIS2_PLACEMENT_3D ( 'NONE', #1543, #3236, #1769 ) ;
#308 = CARTESIAN_POINT ( 'NONE',  ( -87.15008016370771315, -18.50431898542579745, 4.024229816579429020 ) ) ;
#309 = LINE ( 'NONE', #3537, #74 ) ;
#310 = CIRCLE ( 'NONE', #2329, 2.749999999999999112 ) ;
#311 = VECTOR ( 'NONE', #3088, 1000.000000000000000 ) ;
#312 = CARTESIAN_POINT ( 'NONE',  ( -56.22856248829643278, -9.842033728634712375, 0.9466184207746548562 ) ) ;
#313 = CARTESIAN_POINT ( 'NONE',  ( -56.72088846023822128, -7.528918371646607710, 1.786562183091547462 ) ) ;
#314 = CARTESIAN_POINT ( 'NONE',  ( -26.15558665655084170, -13.11068501737510772, 2.593653191551421155 ) ) ;
#315 = EDGE_LOOP ( 'NONE', ( #2858, #3513, #2735, #1510, #3036 ) ) ;
#316 = AXIS2_PLACEMENT_3D ( 'NONE', #788, #205, #3100 ) ;
#317 = ORIENTED_EDGE ( 'NONE', *, *, #1137, .T. ) ;
#318 = EDGE_CURVE ( 'NONE', #2004, #613, #753, .T. ) ;
#319 = B_SPLINE_CURVE_WITH_KNOTS ( 'NONE', 3,
 ( #2210, #3372, #1924, #2512 ),
 .UNSPECIFIED., .F., .F.,
 ( 4, 4 ),
 ( 0.000000000000000000, 1.000000000000000000 ),
 .UNSPECIFIED. ) ;
#320 = CARTESIAN_POINT ( 'NONE',  ( -24.29244198179857506, -8.537872468953422000, 3.373638421211857974 ) ) ;
#321 = ORIENTED_EDGE ( 'NONE', *, *, #1839, .T. ) ;
#322 = CARTESIAN_POINT ( 'NONE',  ( -57.96512830138507155, -7.440009187207444086, 2.219115456434241018 ) ) ;
#323 = LINE ( 'NONE', #978, #59 ) ;
#324 = FACE_OUTER_BOUND ( 'NONE', #2983, .T. ) ;
#325 = VERTEX_POINT ( 'NONE', #2682 ) ;
#326 = VECTOR ( 'NONE', #664, 1000.000000000000000 ) ;
#327 = CARTESIAN_POINT ( 'NONE',  ( -60.50000000000000000, -10.00000000000000000, 8.000000000000008882 ) ) ;
#328 = CARTESIAN_POINT ( 'NONE',  ( -88.18770376156419388, -18.23204003170063459, 4.471269662007335555 ) ) ;
#329 = FACE_OUTER_BOUND ( 'NONE', #1758, .T. ) ;
#330 = VECTOR ( 'NONE', #2602, 1000.000000000000000 ) ;
#331 = CARTESIAN_POINT ( 'NONE',  ( -64.36969411118725759, -0.5000000000000004441, 4.000000000000012434 ) ) ;
#332 = CARTESIAN_POINT ( 'NONE',  ( -59.59588332383862763, -7.310517928825300160, 2.353872209473416799 ) ) ;
#333 = CARTESIAN_POINT ( 'NONE',  ( -56.41060965271314132, -10.94427917370893510, 1.012235305100485316 ) ) ;
#334 = ADVANCED_FACE ( 'NONE', ( #2354, #3519 ), #950, .F. ) ;
#335 = CARTESIAN_POINT ( 'NONE',  ( -58.00547421655277702, -6.848906220574908055, 2.233905131488131524 ) ) ;
#336 = CARTESIAN_POINT ( 'NONE',  ( -24.26903896272185079, -9.622422798648930353, 3.382864947476221129 ) ) ;
#337 = VERTEX_POINT ( 'NONE', #910 ) ;
#338 = EDGE_LOOP ( 'NONE', ( #254, #3296, #1985, #1759, #1490, #298 ) ) ;
#339 = EDGE_CURVE ( 'NONE', #2837, #2312, #1786, .T. ) ;
#340 = B_SPLINE_CURVE_WITH_KNOTS ( 'NONE', 3,
 ( #406, #3340, #2442, #940 ),
 .UNSPECIFIED., .F., .F.,
 ( 4, 4 ),
 ( 0.000000000000000000, 1.000000000000000000 ),
 .UNSPECIFIED. ) ;
#341 = CARTESIAN_POINT ( 'NONE',  ( -24.53726190181302513, -8.762815166479466455, 2.916678848374369082 ) ) ;
#342 = EDGE_CURVE ( 'NONE', #1445, #3170, #2151, .T. ) ;
#343 = EDGE_CURVE ( 'NONE', #3715, #2272, #309, .T. ) ;
#344 = ORIENTED_EDGE ( 'NONE', *, *, #1585, .T. ) ;
#345 = CARTESIAN_POINT ( 'NONE',  ( -58.61827974045768741, -6.729545533898285470, 2.461269261585834922 ) ) ;
#346 = DIRECTION ( 'NONE',  ( -8.163404592832032733E-17, 0.000000000000000000, -1.000000000000000000 ) ) ;
#347 = B_SPLINE_SURFACE_WITH_KNOTS ( 'NONE', 1, 3, ( 
 ( #1366, #1946, #2001, #2232 ),
 ( #3698, #2249, #2499, #191 ) ),
 .UNSPECIFIED., .F., .F., .F.,
 ( 2, 2 ),
 ( 4, 4 ),
 ( 0.000000000000000000, 1.000000000000000000 ),
 ( 5.111121290779807147, 5.284184968708327546 ),
 .UNSPECIFIED. ) ;
#348 = CARTESIAN_POINT ( 'NONE',  ( -104.9937186631698154, -2.000000000000000000, 1.835967299967542932 ) ) ;
#349 = EDGE_LOOP ( 'NONE', ( #2297, #2758, #1858, #895 ) ) ;
#350 = ADVANCED_FACE ( 'NONE', ( #646 ), #2973, .F. ) ;
#351 = AXIS2_PLACEMENT_3D ( 'NONE', #3212, #271, #2950 ) ;
#352 = EDGE_CURVE ( 'NONE', #325, #3429, #1486, .T. ) ;
#353 = CARTESIAN_POINT ( 'NONE',  ( -63.89552684790057668, -19.50000000000000000, 4.880434782608703337 ) ) ;
#354 = CARTESIAN_POINT ( 'NONE',  ( -104.9937186631698154, -1.475723628682122035, -0.9211653402171546823 ) ) ;
#355 = DIRECTION ( 'NONE',  ( 1.000000000000000000, 0.000000000000000000, -5.204170427930424241E-16 ) ) ;
#356 = CARTESIAN_POINT ( 'NONE',  ( -58.14954799919554063, -7.379659108988406047, 1.698230508185787579 ) ) ;
#357 = DIRECTION ( 'NONE',  ( -0.3908679799852969317, -0.7071067811865482389, 0.5892556509887812988 ) ) ;
#358 = CARTESIAN_POINT ( 'NONE',  ( -26.98801303704797760, -12.76075296577995744, 2.279030886007220591 ) ) ;
#359 = ORIENTED_EDGE ( 'NONE', *, *, #1426, .T. ) ;
#360 = ORIENTED_EDGE ( 'NONE', *, *, #1866, .F. ) ;
#361 = FACE_OUTER_BOUND ( 'NONE', #2145, .T. ) ;
#362 = CARTESIAN_POINT ( 'NONE',  ( -26.77817408054513137, -7.247934971534539805, 2.356942635177281975 ) ) ;
#363 = ORIENTED_EDGE ( 'NONE', *, *, #229, .T. ) ;
#364 = CARTESIAN_POINT ( 'NONE',  ( -29.21090876402414693, -8.355504299812213986, 0.8801913352962850157 ) ) ;
#365 = CARTESIAN_POINT ( 'NONE',  ( -61.44235252039285911, -8.722680756038649008, 3.309324153428686355 ) ) ;
#366 = DIRECTION ( 'NONE',  ( -0.000000000000000000, 1.000000000000000000, 0.000000000000000000 ) ) ;
#367 = CIRCLE ( 'NONE', #2684, 1.499999999999997113 ) ;
#368 = CARTESIAN_POINT ( 'NONE',  ( -24.01924625598385532, -9.361886506485214809, 3.496163476831489092 ) ) ;
#369 = AXIS2_PLACEMENT_3D ( 'NONE', #639, #1795, #3284 ) ;
#370 = ORIENTED_EDGE ( 'NONE', *, *, #1971, .T. ) ;
#371 = EDGE_CURVE ( 'NONE', #2024, #2292, #1203, .T. ) ;
#372 = CARTESIAN_POINT ( 'NONE',  ( -30.32310368922825106, -10.63600990913604605, 1.195181419792731958 ) ) ;
#373 = CARTESIAN_POINT ( 'NONE',  ( -21.49999999999999645, -6.649999999999999467, -1.999999999999995337 ) ) ;
#374 = TOROIDAL_SURFACE ( 'NONE', #2821, 0.4999999999999971689, 1.000000000000000000 ) ;
#375 = DIRECTION ( 'NONE',  ( -1.000000000000000000, 0.000000000000000000, 0.000000000000000000 ) ) ;
#376 = ADVANCED_FACE ( 'NONE', ( #3557 ), #2638, .T. ) ;
#377 = CARTESIAN_POINT ( 'NONE',  ( -59.90547339843543284, -7.398364231579506622, 2.504579700146992494 ) ) ;
#378 = CARTESIAN_POINT ( 'NONE',  ( -57.87701017273229098, -13.11431595713789733, 2.187228660405042380 ) ) ;
#379 = DIRECTION ( 'NONE',  ( 0.9813527358085878394, 0.1922155246617718583, 0.000000000000000000 ) ) ;
#380 = CARTESIAN_POINT ( 'NONE',  ( -104.6558439280302792, -13.11581331100047443, -0.9211653402171684490 ) ) ;
#381 = ORIENTED_EDGE ( 'NONE', *, *, #3434, .T. ) ;
#382 = VERTEX_POINT ( 'NONE', #1240 ) ;
#383 = CIRCLE ( 'NONE', #2515, 0.4999999999999971689 ) ;
#384 = CYLINDRICAL_SURFACE ( 'NONE', #1683, 1.000000000000000000 ) ;
#385 = CARTESIAN_POINT ( 'NONE',  ( -104.3328547517996299, -12.84670015137297661, -3.406033607028459365 ) ) ;
#386 = ORIENTED_EDGE ( 'NONE', *, *, #2240, .T. ) ;
#387 =( BOUNDED_SURFACE ( )  B_SPLINE_SURFACE ( 3, 2, ( 
 ( #2623, #3186, #2977 ),
 ( #593, #336, #33 ),
 ( #2959, #1144, #2921 ),
 ( #282, #1805, #935 ),
 ( #3540, #1206, #2307 ),
 ( #3238, #2324, #296 ),
 ( #609, #1526, #1183 ),
 ( #2340, #3523, #858 ),
 ( #2055, #2359, #3258 ),
 ( #1489, #577, #1508 ),
 ( #2022, #2642, #916 ),
 ( #2072, #3463, #3505 ),
 ( #1757, #1772, #632 ),
 ( #2670, #893, #3223 ),
 ( #2939, #51, #314 ),
 ( #3486, #1226, #2095 ),
 ( #2382, #358, #2690 ),
 ( #1738, #2905, #2039 ),
 ( #2609, #3775, #1160 ),
 ( #3204, #2747, #2177 ),
 ( #1846, #3622, #3312 ),
 ( #1609, #2197, #3560 ),
 ( #1243, #1006, #749 ),
 ( #461, #3641, #2767 ),
 ( #3034, #953, #423 ),
 ( #3015, #3059, #133 ),
 ( #114, #669, #689 ),
 ( #2459, #1630, #442 ),
 ( #2439, #3357, #2157 ),
 ( #3597, #1276, #1259 ),
 ( #1030, #401, #988 ),
 ( #3275, #709, #1825 ) ),
 .UNSPECIFIED., .F., .F., .F. ) 
 B_SPLINE_SURFACE_WITH_KNOTS ( ( 4, 2, 2, 2, 2, 2, 2, 2, 2, 2, 2, 2, 2, 2, 2, 4 ),
 ( 3, 3 ),
 ( 0.01049502654750630523, 0.01115096570672544952, 0.01180690486594459382, 0.01246284402516373985, 0.01311878318438288414, 0.01377472234360202843, 0.01443066150282117446, 0.01574253982125946305, 0.01639847898047860908, 0.01705441813969775164, 0.01771035729891689420, 0.01836629645813604023, 0.01902223561735518625, 0.01967817477657432881, 0.02033411393579347137, 0.02099005309501261740 ),
 ( 0.000000000000000000, 1.000000000000000000 ),
 .UNSPECIFIED. ) 
 GEOMETRIC_REPRESENTATION_ITEM ( )  RATIONAL_B_SPLINE_SURFACE ( (
 ( 1.000000000000000000, 0.8378405008883007543, 1.000000000000000000),
 ( 1.000000000000000000, 0.8397549912998308885, 1.000000000000000000),
 ( 1.000000000000000000, 0.8406990920821899582, 1.000000000000000000),
 ( 1.000000000000000000, 0.8405825330887073399, 1.000000000000000000),
 ( 1.000000000000000000, 0.8395474193965386522, 1.000000000000000000),
 ( 1.000000000000000000, 0.8355229443313136883, 1.000000000000000000),
 ( 1.000000000000000000, 0.8325597418430794594, 1.000000000000000000),
 ( 1.000000000000000000, 0.8250220058193522554, 1.000000000000000000),
 ( 1.000000000000000000, 0.8203678757356580586, 1.000000000000000000),
 ( 1.000000000000000000, 0.8097971499223273195, 1.000000000000000000),
 ( 1.000000000000000000, 0.8038988255353766155, 1.000000000000000000),
 ( 1.000000000000000000, 0.7909949478702167358, 1.000000000000000000),
 ( 1.000000000000000000, 0.7840146170960323735, 1.000000000000000000),
 ( 1.000000000000000000, 0.7623563512136926068, 1.000000000000000000),
 ( 1.000000000000000000, 0.7465048057728732589, 1.000000000000000000),
 ( 1.000000000000000000, 0.7230550333687703057, 1.000000000000000000),
 ( 1.000000000000000000, 0.7151694650039203127, 1.000000000000000000),
 ( 1.000000000000000000, 0.6997465896356617199, 1.000000000000000000),
 ( 1.000000000000000000, 0.6922898808395236969, 1.000000000000000000),
 ( 1.000000000000000000, 0.6779022189929841957, 1.000000000000000000),
 ( 1.000000000000000000, 0.6709008378460878941, 1.000000000000000000),
 ( 1.000000000000000000, 0.6578525449382676138, 1.000000000000000000),
 ( 1.000000000000000000, 0.6518136290074375561, 1.000000000000000000),
 ( 1.000000000000000000, 0.6406488641721727051, 1.000000000000000000),
 ( 1.000000000000000000, 0.6354798146943289039, 1.000000000000000000),
 ( 1.000000000000000000, 0.6264152286601994968, 1.000000000000000000),
 ( 1.000000000000000000, 0.6224715468620105607, 1.000000000000000000),
 ( 1.000000000000000000, 0.6156527869601253755, 1.000000000000000000),
 ( 1.000000000000000000, 0.6127963565425241788, 1.000000000000000000),
 ( 1.000000000000000000, 0.6083220965119727763, 1.000000000000000000),
 ( 1.000000000000000000, 0.6066606005022606718, 1.000000000000000000),
 ( 1.000000000000000000, 0.6055453797199374932, 1.000000000000000000) ) ) 
 REPRESENTATION_ITEM ( '' )  SURFACE ( )  );
#388 = DIRECTION ( 'NONE',  ( -0.000000000000000000, -0.000000000000000000, -1.000000000000000000 ) ) ;
#389 = CARTESIAN_POINT ( 'NONE',  ( -56.89049268883444910, -7.391456488644875478, 1.843059542506569448 ) ) ;
#390 = CARTESIAN_POINT ( 'NONE',  ( -66.36358403214866541, -19.50000000000000000, 4.833333333333341919 ) ) ;
#391 = EDGE_CURVE ( 'NONE', #3759, #2063, #1093, .T. ) ;
#392 = CARTESIAN_POINT ( 'NONE',  ( -26.99999999999999645, -10.00000000000000000, -2.000000000000000000 ) ) ;
#393 = EDGE_LOOP ( 'NONE', ( #2713, #610, #2523, #2731, #2838, #1085, #3413, #760, #16, #2234, #990, #2040 ) ) ;
#394 = DIRECTION ( 'NONE',  ( -1.000000000000000000, 0.000000000000000000, 0.000000000000000000 ) ) ;
#395 = CARTESIAN_POINT ( 'NONE',  ( -104.9937186631698154, -1.999999999999998224, -0.9211653402171546823 ) ) ;
#396 = DIRECTION ( 'NONE',  ( 1.082418567114035355E-33, -2.798169903239139457E-17, -1.000000000000000000 ) ) ;
#397 = EDGE_CURVE ( 'NONE', #881, #2808, #3593, .T. ) ;
#398 = CARTESIAN_POINT ( 'NONE',  ( -59.43533375783688655, -7.279892927237972877, 2.277148348709799208 ) ) ;
#399 = ADVANCED_FACE ( 'NONE', ( #1220 ), #624, .T. ) ;
#400 = DIRECTION ( 'NONE',  ( -0.9961998925413111383, -0.04960236245333266014, 0.07159175748456311772 ) ) ;
#401 = CARTESIAN_POINT ( 'NONE',  ( -29.67213415106650132, -10.67452648661636339, 1.379760750432271310 ) ) ;
#402 = VECTOR ( 'NONE', #3218, 1000.000000000000114 ) ;
#403 = ORIENTED_EDGE ( 'NONE', *, *, #2802, .F. ) ;
#404 = EDGE_LOOP ( 'NONE', ( #641, #2294, #3449, #681 ) ) ;
#405 = CIRCLE ( 'NONE', #3320, 1.500000000000001332 ) ;
#406 = CARTESIAN_POINT ( 'NONE',  ( -87.95617106911241478, -0.1516736576627406019, 3.900527826669806242 ) ) ;
#407 = CARTESIAN_POINT ( 'NONE',  ( -104.3575003929121294, -12.83909669049473123, -3.362518505971964888 ) ) ;
#408 = ORIENTED_EDGE ( 'NONE', *, *, #2253, .F. ) ;
#409 = CARTESIAN_POINT ( 'NONE',  ( -103.7798038790469661, -1.421324314748550144, -4.187741294658541946 ) ) ;
#410 = CARTESIAN_POINT ( 'NONE',  ( -59.02487322246977897, -6.730510102342803336, 2.618871128424358208 ) ) ;
#411 = DIRECTION ( 'NONE',  ( 1.000000000000000000, -0.000000000000000000, 1.224646799147353207E-16 ) ) ;
#412 = LINE ( 'NONE', #348, #449 ) ;
#413 = B_SPLINE_CURVE_WITH_KNOTS ( 'NONE', 3,
 ( #2458, #3334, #1258, #3311, #2130, #2746, #460, #2419, #3559, #2111, #1562, #2196, #152, #422, #2728, #132, #3577, #2787, #3033, #1319, #952, #1294, #1890, #2475, #3640, #1029, #187, #2829, #1122, #785, #1718, #837 ),
 .UNSPECIFIED., .F., .F.,
 ( 4, 2, 2, 2, 2, 2, 2, 2, 2, 2, 2, 2, 2, 2, 2, 4 ),
 ( 0.009914537230808651014, 0.01057476466504457362, 0.01123499209928049448, 0.01189521953351641709, 0.01255544696775233796, 0.01321567440198826056, 0.01387590183622418316, 0.01519635670469602663, 0.01585658413893194923, 0.01651681157316787010, 0.01717703900740379097, 0.01783726644163971531, 0.01849749387587563618, 0.01915772131011155704, 0.01981794874434748138, 0.02047817617858340225 ),
 .UNSPECIFIED. ) ;
#414 = ORIENTED_EDGE ( 'NONE', *, *, #679, .F. ) ;
#415 = CARTESIAN_POINT ( 'NONE',  ( -57.54963533482950311, -12.34255103771253737, 1.449243215216597269 ) ) ;
#416 = FACE_OUTER_BOUND ( 'NONE', #2461, .T. ) ;
#417 = MECHANICAL_DESIGN_GEOMETRIC_PRESENTATION_REPRESENTATION (  '', ( #3338 ), #2169 ) ;
#418 = CARTESIAN_POINT ( 'NONE',  ( -61.97366676070343061, -10.62470045515076045, 3.904041035623803779 ) ) ;
#419 = B_SPLINE_CURVE_WITH_KNOTS ( 'NONE', 3,
 ( #1882, #3651, #1905, #3046 ),
 .UNSPECIFIED., .F., .F.,
 ( 4, 4 ),
 ( 0.000000000000000000, 1.000000000000000000 ),
 .UNSPECIFIED. ) ;
#420 = CARTESIAN_POINT ( 'NONE',  ( -56.30144975595198531, -9.470541238292881303, 0.9728454947404479025 ) ) ;
#421 = CARTESIAN_POINT ( 'NONE',  ( -59.75660820635182802, -12.65498912207331728, 2.915626227705946594 ) ) ;
#422 = CARTESIAN_POINT ( 'NONE',  ( -25.75965099282834103, -12.94930314488389733, 2.751302302355498774 ) ) ;
#423 = CARTESIAN_POINT ( 'NONE',  ( -29.26198323471563967, -12.47756725607205475, 1.508825084828553598 ) ) ;
#424 = EDGE_LOOP ( 'NONE', ( #3653, #1797, #2132, #3281, #2117, #234, #1388, #3397, #721, #1281 ) ) ;
#425 = ORIENTED_EDGE ( 'NONE', *, *, #628, .F. ) ;
#426 = CARTESIAN_POINT ( 'NONE',  ( -21.49999999999999289, -19.50000000000000000, 4.731159986743394441 ) ) ;
#427 = CARTESIAN_POINT ( 'NONE',  ( -18.35247065561925695, -15.84999999999999964, -1.999999999999995781 ) ) ;
#428 = ORIENTED_EDGE ( 'NONE', *, *, #607, .F. ) ;
#429 = CIRCLE ( 'NONE', #2559, 0.4999999999999987232 ) ;
#430 = ADVANCED_FACE ( 'NONE', ( #3012 ), #108, .F. ) ;
#431 = DIRECTION ( 'NONE',  ( 0.000000000000000000, 0.000000000000000000, 1.000000000000000000 ) ) ;
#432 = CARTESIAN_POINT ( 'NONE',  ( -104.2752036426014541, -13.24628536815937530, -2.742143539603617342 ) ) ;
#433 = LINE ( 'NONE', #2506, #2013 ) ;
#434 = DIRECTION ( 'NONE',  ( 8.163404592832033966E-17, 0.000000000000000000, 1.000000000000000000 ) ) ;
#435 = ORIENTED_EDGE ( 'NONE', *, *, #1077, .T. ) ;
#436 = CARTESIAN_POINT ( 'NONE',  ( -58.47328006329272654, -12.70405094139929858, 1.838156891442580987 ) ) ;
#437 = LINE ( 'NONE', #150, #642 ) ;
#438 = CARTESIAN_POINT ( 'NONE',  ( -61.91467422501599316, -9.097078393112514760, 3.875847615452295614 ) ) ;
#439 = CARTESIAN_POINT ( 'NONE',  ( -27.94055561067960625, -6.837594967207909491, 1.939726349176727593 ) ) ;
#440 = CARTESIAN_POINT ( 'NONE',  ( -60.25758450245170650, -12.45673409847718283, 3.126201837727673460 ) ) ;
#441 = CARTESIAN_POINT ( 'NONE',  ( -84.88055438070993830, 0.000000000000000000, 2.397989807388380079 ) ) ;
#442 = CARTESIAN_POINT ( 'NONE',  ( -29.94451054083352659, -11.65682491249481423, 1.303752124161710935 ) ) ;
#443 = ORIENTED_EDGE ( 'NONE', *, *, #224, .F. ) ;
#444 = CARTESIAN_POINT ( 'NONE',  ( -21.49999999999999289, -30.00000000000000000, 4.731159986743394441 ) ) ;
#445 = CARTESIAN_POINT ( 'NONE',  ( -104.7215833836301897, -12.72679454277454880, -2.551486882722899807 ) ) ;
#446 = AXIS2_PLACEMENT_3D ( 'NONE', #967, #2416, #2992 ) ;
#447 = VERTEX_POINT ( 'NONE', #29 ) ;
#448 = VECTOR ( 'NONE', #14, 1000.000000000000000 ) ;
#449 = VECTOR ( 'NONE', #1215, 1000.000000000000000 ) ;
#450 = CARTESIAN_POINT ( 'NONE',  ( -1.103675098334374545E-16, 0.000000000000000000, -1.999999999999997335 ) ) ;
#451 = CARTESIAN_POINT ( 'NONE',  ( -21.49999999999999289, -20.00000000000000000, 6.000000000000010658 ) ) ;
#452 = DIRECTION ( 'NONE',  ( -8.163404592832032733E-17, 0.000000000000000000, -1.000000000000000000 ) ) ;
#453 = PLANE ( 'NONE',  #3503 ) ;
#454 = ORIENTED_EDGE ( 'NONE', *, *, #705, .F. ) ;
#455 = FACE_OUTER_BOUND ( 'NONE', #2255, .T. ) ;
#456 = PLANE ( 'NONE',  #1512 ) ;
#457 = DIRECTION ( 'NONE',  ( 0.000000000000000000, 0.000000000000000000, 1.000000000000000000 ) ) ;
#458 = B_SPLINE_CURVE_WITH_KNOTS ( 'NONE', 3,
 ( #420, #1524, #68, #2994, #2396, #2378, #1888, #3255, #687, #647, #2153, #3291, #356, #3013, #2726, #3272, #3309, #398, #332, #377, #3618, #3594, #984, #1823, #1561, #1241, #1545, #2709, #88, #2129, #706, #110, #1274, #2437 ),
 .UNSPECIFIED., .F., .F.,
 ( 4, 2, 2, 2, 2, 2, 2, 2, 2, 2, 2, 2, 2, 2, 2, 2, 4 ),
 ( 0.009664195362871571757, 0.01020140688171339814, 0.01073861840055522626, 0.01127582991939705265, 0.01181304143823887903, 0.01235025295708070542, 0.01288746447592253354, 0.01342467599476435992, 0.01396188751360618457, 0.01449909903244801096, 0.01503631055128983908, 0.01557352207013166547, 0.01611073358897349012, 0.01664794510781531997, 0.01718515662665714636, 0.01772236814549897274, 0.01825957966434079913 ),
 .UNSPECIFIED. ) ;
#459 = CARTESIAN_POINT ( 'NONE',  ( -61.17795550029519802, -11.68872208322846440, 3.164045274478755498 ) ) ;
#460 = CARTESIAN_POINT ( 'NONE',  ( -24.13434681616989508, -11.08700430496126543, 3.444215195123290663 ) ) ;
#461 = CARTESIAN_POINT ( 'NONE',  ( -28.64507903106018105, -12.21093181325293031, 1.084004108351548146 ) ) ;
#462 = CARTESIAN_POINT ( 'NONE',  ( -100.2549961916864021, -0.7640515409044527084, -5.895037519289727967 ) ) ;
#463 = DIRECTION ( 'NONE',  ( 0.000000000000000000, 0.000000000000000000, 1.000000000000000000 ) ) ;
#464 = EDGE_CURVE ( 'NONE', #613, #465, #3031, .T. ) ;
#465 = VERTEX_POINT ( 'NONE', #2193 ) ;
#466 = PLANE ( 'NONE',  #2606 ) ;
#467 = CARTESIAN_POINT ( 'NONE',  ( -104.9288626986270572, -12.66283529813534692, -1.750423727921719408 ) ) ;
#468 = LINE ( 'NONE', #144, #3469 ) ;
#469 = CARTESIAN_POINT ( 'NONE',  ( -23.99999999999999645, -4.150000000000000355, -8.499999999999994671 ) ) ;
#470 = EDGE_LOOP ( 'NONE', ( #938, #18, #811, #1349, #83 ) ) ;
#471 = LINE ( 'NONE', #2224, #2105 ) ;
#472 = DIRECTION ( 'NONE',  ( 0.000000000000000000, 0.000000000000000000, 1.000000000000000000 ) ) ;
#473 = CARTESIAN_POINT ( 'NONE',  ( -61.69872002347361928, -10.52859269281987409, 3.452974824908512819 ) ) ;
#474 =( LENGTH_UNIT ( ) NAMED_UNIT ( * ) SI_UNIT ( .MILLI., .METRE. ) );
#475 = DIRECTION ( 'NONE',  ( 0.000000000000000000, 0.000000000000000000, -1.000000000000000000 ) ) ;
#476 = CARTESIAN_POINT ( 'NONE',  ( -69.99371866316981539, 1.000000000000000000, -1.999999999999993561 ) ) ;
#477 = CARTESIAN_POINT ( 'NONE',  ( -84.72914383042072473, -0.08339443254687743667, 2.436956364008391329 ) ) ;
#478 = DIRECTION ( 'NONE',  ( 0.000000000000000000, 0.000000000000000000, -1.000000000000000000 ) ) ;
#479 = CARTESIAN_POINT ( 'NONE',  ( -64.00000000000000000, -4.150000000000000355, -8.499999999999991118 ) ) ;
#480 = FACE_OUTER_BOUND ( 'NONE', #3672, .T. ) ;
#481 = AXIS2_PLACEMENT_3D ( 'NONE', #427, #2200, #752 ) ;
#482 = EDGE_LOOP ( 'NONE', ( #3760, #283, #3704, #598, #3766 ) ) ;
#483 = UNCERTAINTY_MEASURE_WITH_UNIT (LENGTH_MEASURE( 1.000000000000000082E-05 ), #474, 'distance_accuracy_value', 'NONE');
#484 = CARTESIAN_POINT ( 'NONE',  ( -103.0424301552167634, -13.24478647263511100, -4.889625288679146919 ) ) ;
#485 = DIRECTION ( 'NONE',  ( -0.000000000000000000, -0.000000000000000000, -1.000000000000000000 ) ) ;
#486 = CARTESIAN_POINT ( 'NONE',  ( -88.23127632501632434, -0.6649061685214662232, 4.471272407793182246 ) ) ;
#487 = EDGE_LOOP ( 'NONE', ( #1650, #1669, #2645, #3404, #1216 ) ) ;
#488 = CARTESIAN_POINT ( 'NONE',  ( -84.57185933158491764, -20.00000000000000000, 2.228777411383751073 ) ) ;
#489 = LINE ( 'NONE', #166, #1675 ) ;
#490 = ADVANCED_FACE ( 'NONE', ( #1887 ), #2665, .T. ) ;
#491 = DIRECTION ( 'NONE',  ( -0.9812909978356393337, -0.1925304588025886776, 0.000000000000000000 ) ) ;
#492 = CARTESIAN_POINT ( 'NONE',  ( -64.15000000000000568, -2.271408524055904543, -10.76519717555117772 ) ) ;
#493 = FACE_OUTER_BOUND ( 'NONE', #2749, .T. ) ;
#494 = CARTESIAN_POINT ( 'NONE',  ( -84.71859990539603302, -0.3959343418568486150, 2.767959232086521837 ) ) ;
#495 = EDGE_CURVE ( 'NONE', #2480, #2963, #928, .T. ) ;
#496 = ORIENTED_EDGE ( 'NONE', *, *, #914, .T. ) ;
#497 = CARTESIAN_POINT ( 'NONE',  ( 0.000000000000000000, 0.000000000000000000, 0.000000000000000000 ) ) ;
#498 = VERTEX_POINT ( 'NONE', #763 ) ;
#499 = CARTESIAN_POINT ( 'NONE',  ( -104.8900303859782213, -12.67481479352386664, -1.955306354478042019 ) ) ;
#500 = CYLINDRICAL_SURFACE ( 'NONE', #30, 1.500000000000001332 ) ;
#501 = ORIENTED_EDGE ( 'NONE', *, *, #495, .F. ) ;
#502 = VECTOR ( 'NONE', #2519, 1000.000000000000000 ) ;
#503 = AXIS2_PLACEMENT_3D ( 'NONE', #392, #1538, #1518 ) ;
#504 = ADVANCED_FACE ( 'NONE', ( #1925 ), #1642, .F. ) ;
#505 = PLANE ( 'NONE',  #3753 ) ;
#506 = DIRECTION ( 'NONE',  ( 0.000000000000000000, 0.000000000000000000, 1.000000000000000000 ) ) ;
#507 = EDGE_LOOP ( 'NONE', ( #3187, #1705 ) ) ;
#508 = ADVANCED_FACE ( 'NONE', ( #1356 ), #1025, .T. ) ;
#509 = CARTESIAN_POINT ( 'NONE',  ( -30.20576488520753244, -8.907220297633223538, 1.228413007252759925 ) ) ;
#510 = CARTESIAN_POINT ( 'NONE',  ( -88.26357023466779594, -18.21903736038191113, 4.468614064423017673 ) ) ;
#511 = EDGE_CURVE ( 'NONE', #3232, #2326, #1292, .T. ) ;
#512 = CARTESIAN_POINT ( 'NONE',  ( -104.9937186631698154, -2.000000000000000000, 1.835967299967542932 ) ) ;
#513 = CARTESIAN_POINT ( 'NONE',  ( -84.72635262541383838, -0.1668562985367026408, 2.525292029374632818 ) ) ;
#514 = EDGE_CURVE ( 'NONE', #3003, #2722, #1495, .T. ) ;
#515 = ADVANCED_FACE ( 'NONE', ( #1067 ), #875, .T. ) ;
#516 = ORIENTED_EDGE ( 'NONE', *, *, #2663, .T. ) ;
#517 = FACE_OUTER_BOUND ( 'NONE', #850, .T. ) ;
#518 = CARTESIAN_POINT ( 'NONE',  ( -21.49999999999999645, -14.81446609406726012, -0.9644660940672581395 ) ) ;
#519 = ORIENTED_EDGE ( 'NONE', *, *, #1019, .F. ) ;
#520 = ORIENTED_EDGE ( 'NONE', *, *, #118, .F. ) ;
#521 = CIRCLE ( 'NONE', #1859, 0.5000000000000019984 ) ;
#522 = CARTESIAN_POINT ( 'NONE',  ( -29.68043446070192104, -7.957722707736154533, 1.381736837566584386 ) ) ;
#523 = CARTESIAN_POINT ( 'NONE',  ( -62.03566049178974851, -10.18825602545148712, 3.933748659255188684 ) ) ;
#524 = EDGE_CURVE ( 'NONE', #197, #1342, #1267, .T. ) ;
#525 = VECTOR ( 'NONE', #618, 1000.000000000000000 ) ;
#526 = ORIENTED_EDGE ( 'NONE', *, *, #1202, .F. ) ;
#527 = AXIS2_PLACEMENT_3D ( 'NONE', #1010, #2402, #3041 ) ;
#528 = CARTESIAN_POINT ( 'NONE',  ( -27.36794664354657769, -12.73010855285218312, 1.586347986599140558 ) ) ;
#529 = CARTESIAN_POINT ( 'NONE',  ( -99.99371866316980118, -0.7510421210406037495, -3.499999999999989342 ) ) ;
#530 = EDGE_LOOP ( 'NONE', ( #2441, #1915, #3683, #1321 ) ) ;
#531 = CARTESIAN_POINT ( 'NONE',  ( -29.61403504014623422, -9.128168761701259015, 0.7417041800100404592 ) ) ;
#532 = CARTESIAN_POINT ( 'NONE',  ( -61.36498095626978255, -11.99576246318865458, 3.618286534911925756 ) ) ;
#533 = DIRECTION ( 'NONE',  ( 0.000000000000000000, 0.000000000000000000, 1.000000000000000000 ) ) ;
#534 = CARTESIAN_POINT ( 'NONE',  ( 0.000000000000000000, -20.00000000000000000, 0.000000000000000000 ) ) ;
#535 = LINE ( 'NONE', #839, #625 ) ;
#536 = DIRECTION ( 'NONE',  ( -0.9940753429798865337, -0.04949657778282138404, -0.09676931986539044628 ) ) ;
#537 = LINE ( 'NONE', #1702, #193 ) ;
#538 = VERTEX_POINT ( 'NONE', #2220 ) ;
#539 = AXIS2_PLACEMENT_3D ( 'NONE', #1200, #872, #11 ) ;
#540 = ORIENTED_EDGE ( 'NONE', *, *, #791, .T. ) ;
#541 = VECTOR ( 'NONE', #2678, 1000.000000000000000 ) ;
#542 = ADVANCED_FACE ( 'NONE', ( #3650 ), #2390, .T. ) ;
#543 = CIRCLE ( 'NONE', #1334, 5.000000000000000000 ) ;
#544 = CARTESIAN_POINT ( 'NONE',  ( -29.06506503762887306, -7.365694703509968910, 1.570112558193832220 ) ) ;
#545 = CARTESIAN_POINT ( 'NONE',  ( -61.33008981817754801, -7.959729285584601577, 3.602245958631052680 ) ) ;
#546 = VERTEX_POINT ( 'NONE', #3069 ) ;
#547 = EDGE_CURVE ( 'NONE', #770, #2963, #1039, .T. ) ;
#548 = EDGE_CURVE ( 'NONE', #2422, #213, #2942, .T. ) ;
#549 = CARTESIAN_POINT ( 'NONE',  ( -24.25000000000006040, -10.17674011537227408, 3.069224771916190697 ) ) ;
#550 = DIRECTION ( 'NONE',  ( -0.9974276809381432685, -0.000000000000000000, 0.07167999231555081951 ) ) ;
#551 = ORIENTED_EDGE ( 'NONE', *, *, #3620, .T. ) ;
#552 = AXIS2_PLACEMENT_3D ( 'NONE', #1255, #2742, #949 ) ;
#553 = CARTESIAN_POINT ( 'NONE',  ( -26.09304473006717728, -7.398827494746380573, 2.147470179985171868 ) ) ;
#554 = CARTESIAN_POINT ( 'NONE',  ( -93.49999999999998579, -12.00000000000000000, 9.170000000000007034 ) ) ;
#555 = CARTESIAN_POINT ( 'NONE',  ( -104.9937186631698154, -1.475723628682122035, 2.840000000000014513 ) ) ;
#556 = CARTESIAN_POINT ( 'NONE',  ( -84.72845086173828122, -0.1041497813874020656, 2.458921057763350237 ) ) ;
#557 = CARTESIAN_POINT ( 'NONE',  ( -79.99371866316981539, 0.000000000000000000, -1.499999999999996447 ) ) ;
#558 = AXIS2_PLACEMENT_3D ( 'NONE', #2430, #2949, #3587 ) ;
#559 = CARTESIAN_POINT ( 'NONE',  ( -84.52683192439512538, -0.4903886281000383596, 2.805636685160152854 ) ) ;
#560 = VECTOR ( 'NONE', #2241, 1000.000000000000114 ) ;
#561 = VERTEX_POINT ( 'NONE', #1326 ) ;
#562 = VERTEX_POINT ( 'NONE', #648 ) ;
#563 = CARTESIAN_POINT ( 'NONE',  ( -57.42499932994961398, -7.064271714207038144, 2.026318721155578650 ) ) ;
#564 = AXIS2_PLACEMENT_3D ( 'NONE', #3130, #2271, #1416 ) ;
#565 = EDGE_LOOP ( 'NONE', ( #3623, #2074, #1425, #1528 ) ) ;
#566 = EDGE_CURVE ( 'NONE', #1967, #1162, #3298, .T. ) ;
#567 = CARTESIAN_POINT ( 'NONE',  ( -27.04403652449551032, -12.75443973021088340, 1.723176629521307568 ) ) ;
#568 = FACE_OUTER_BOUND ( 'NONE', #842, .T. ) ;
#569 = ORIENTED_EDGE ( 'NONE', *, *, #1202, .T. ) ;
#570 = AXIS2_PLACEMENT_3D ( 'NONE', #3257, #3522, #810 ) ;
#571 = CARTESIAN_POINT ( 'NONE',  ( -28.46590194671591689, -7.649271364760859448, 1.149725514782527824 ) ) ;
#572 = CARTESIAN_POINT ( 'NONE',  ( -104.9937186631698154, -13.00000000000000178, -0.9211653402171546823 ) ) ;
#573 = CARTESIAN_POINT ( 'NONE',  ( -58.68000783164708167, -13.25351303326020691, 2.486562526725705879 ) ) ;
#574 = CARTESIAN_POINT ( 'NONE',  ( -87.41623422748519090, -18.41080377126997192, 4.175275099360753472 ) ) ;
#575 = DIRECTION ( 'NONE',  ( -0.000000000000000000, -0.000000000000000000, 1.000000000000000000 ) ) ;
#576 = CARTESIAN_POINT ( 'NONE',  ( -92.99371866316980118, -0.4025010904974486992, -3.499999999999992006 ) ) ;
#577 = CARTESIAN_POINT ( 'NONE',  ( -24.90592382338979149, -11.79515800786364998, 3.105622808452756622 ) ) ;
#578 = ORIENTED_EDGE ( 'NONE', *, *, #2525, .F. ) ;
#579 = VERTEX_POINT ( 'NONE', #2293 ) ;
#580 = CARTESIAN_POINT ( 'NONE',  ( -27.98842282805565773, -7.422390910858626789, 1.923267020413734096 ) ) ;
#581 = ORIENTED_EDGE ( 'NONE', *, *, #3725, .T. ) ;
#582 = CARTESIAN_POINT ( 'NONE',  ( -24.59414415915225760, -11.34301378888867440, 2.886816658244529155 ) ) ;
#583 = LINE ( 'NONE', #615, #1332 ) ;
#584 = EDGE_LOOP ( 'NONE', ( #2585, #2138, #3509, #3268 ) ) ;
#585 = CARTESIAN_POINT ( 'NONE',  ( -24.06167462725211692, -9.147644842560506362, 3.476980658993001683 ) ) ;
#586 = DIRECTION ( 'NONE',  ( 0.000000000000000000, -1.000000000000000000, 0.000000000000000000 ) ) ;
#587 = CARTESIAN_POINT ( 'NONE',  ( -60.78060409789865304, -12.58322547591585128, 3.354266441214016847 ) ) ;
#588 = CARTESIAN_POINT ( 'NONE',  ( -86.06893356698307684, -18.88416891104910889, 3.467278421925227505 ) ) ;
#589 = DIRECTION ( 'NONE',  ( 0.04972996865785286186, -0.9987626996525696965, -4.059658545429090805E-18 ) ) ;
#590 = AXIS2_PLACEMENT_3D ( 'NONE', #2064, #2283, #1995 ) ;
#591 = B_SPLINE_CURVE_WITH_KNOTS ( 'NONE', 3,
 ( #172, #3337, #805, #750, #2217 ),
 .UNSPECIFIED., .F., .F.,
 ( 4, 1, 4 ),
 ( 0.000000000000000000, 0.0002659338134513658265, 0.0005318676269027316529 ),
 .UNSPECIFIED. ) ;
#592 = CARTESIAN_POINT ( 'NONE',  ( -56.65312907488245742, -11.44512082345473480, 1.101364452957175111 ) ) ;
#593 = CARTESIAN_POINT ( 'NONE',  ( -24.26711363903358532, -9.641910094977724555, 3.060022333933613226 ) ) ;
#594 = ORIENTED_EDGE ( 'NONE', *, *, #107, .F. ) ;
#595 = ORIENTED_EDGE ( 'NONE', *, *, #342, .F. ) ;
#596 = CARTESIAN_POINT ( 'NONE',  ( -26.71662632756070721, -6.775953095849199137, 2.379968187582620409 ) ) ;
#597 = AXIS2_PLACEMENT_3D ( 'NONE', #819, #2517, #1978 ) ;
#598 = ORIENTED_EDGE ( 'NONE', *, *, #91, .T. ) ;
#599 = CARTESIAN_POINT ( 'NONE',  ( -24.24999999999999645, -10.00000000000094857, 3.069224771916217342 ) ) ;
#600 = DIRECTION ( 'NONE',  ( 0.000000000000000000, -1.000000000000000000, -0.000000000000000000 ) ) ;
#601 = ORIENTED_EDGE ( 'NONE', *, *, #1711, .F. ) ;
#602 = CARTESIAN_POINT ( 'NONE',  ( -24.78537425874711886, -8.360832537341472914, 2.787612281797944291 ) ) ;
#603 = CARTESIAN_POINT ( 'NONE',  ( -63.89552684790057668, -19.50000000000000000, 4.880434782608706001 ) ) ;
#604 = CARTESIAN_POINT ( 'NONE',  ( -59.68828046274603594, -13.13574014828355985, 2.887506285873094214 ) ) ;
#605 = CARTESIAN_POINT ( 'NONE',  ( -23.99999999999999289, -15.84999999999999964, -1.999999999999994005 ) ) ;
#606 = CARTESIAN_POINT ( 'NONE',  ( -104.9937186631698154, -1.999999999999998224, 2.840000000000014513 ) ) ;
#607 = EDGE_CURVE ( 'NONE', #2600, #1873, #1056, .T. ) ;
#608 = CARTESIAN_POINT ( 'NONE',  ( -55.79275853498021576, -11.11596629623369914, 1.490122829501249191 ) ) ;
#609 = CARTESIAN_POINT ( 'NONE',  ( -24.40460821183266660, -10.92722561517024005, 2.986655904488982216 ) ) ;
#610 = ORIENTED_EDGE ( 'NONE', *, *, #318, .T. ) ;
#611 = ORIENTED_EDGE ( 'NONE', *, *, #628, .T. ) ;
#612 = CARTESIAN_POINT ( 'NONE',  ( -25.19502722879984802, -7.917741646389158561, 2.579845471899086640 ) ) ;
#613 = VERTEX_POINT ( 'NONE', #1966 ) ;
#614 = CARTESIAN_POINT ( 'NONE',  ( -64.15000000000000568, -4.639220272253502309, -8.989220272253495736 ) ) ;
#615 = CARTESIAN_POINT ( 'NONE',  ( -63.89552684790057668, -30.00000000000000000, 4.880434782608703337 ) ) ;
#616 = ORIENTED_EDGE ( 'NONE', *, *, #1843, .T. ) ;
#617 = EDGE_CURVE ( 'NONE', #1551, #1594, #1989, .T. ) ;
#618 = DIRECTION ( 'NONE',  ( -0.000000000000000000, -1.000000000000000000, -0.000000000000000000 ) ) ;
#619 = EDGE_CURVE ( 'NONE', #2007, #3432, #2938, .T. ) ;
#620 = CARTESIAN_POINT ( 'NONE',  ( -60.94279277853789978, -12.44873228152042977, 3.426587742528184766 ) ) ;
#621 = AXIS2_PLACEMENT_3D ( 'NONE', #2128, #686, #1842 ) ;
#622 = CARTESIAN_POINT ( 'NONE',  ( -84.92036097092959324, -19.28770227796317016, 2.948882099894165609 ) ) ;
#623 = EDGE_CURVE ( 'NONE', #1572, #917, #2976, .T. ) ;
#624 = CYLINDRICAL_SURFACE ( 'NONE', #621, 2.500000000000000000 ) ;
#625 = VECTOR ( 'NONE', #1699, 1000.000000000000000 ) ;
#626 = VECTOR ( 'NONE', #2842, 1000.000000000000000 ) ;
#627 = EDGE_CURVE ( 'NONE', #2898, #1566, #3074, .T. ) ;
#628 = EDGE_CURVE ( 'NONE', #2223, #2250, #233, .T. ) ;
#629 = CARTESIAN_POINT ( 'NONE',  ( -56.94506223663960043, -12.64872332985018843, 1.861431028161330437 ) ) ;
#630 = EDGE_CURVE ( 'NONE', #154, #561, #1205, .T. ) ;
#631 = CARTESIAN_POINT ( 'NONE',  ( -61.91496424472493487, -9.098407901883353688, 3.875986186465899319 ) ) ;
#632 = CARTESIAN_POINT ( 'NONE',  ( -25.25305133270796176, -12.61624556890320825, 2.959979582651646179 ) ) ;
#633 = VERTEX_POINT ( 'NONE', #2071 ) ;
#634 = ORIENTED_EDGE ( 'NONE', *, *, #1977, .F. ) ;
#635 = CARTESIAN_POINT ( 'NONE',  ( -27.82398271194820083, -7.364739879207157891, 1.979934363546840714 ) ) ;
#636 = ORIENTED_EDGE ( 'NONE', *, *, #941, .F. ) ;
#637 = ADVANCED_FACE ( 'NONE', ( #1525 ), #2689, .T. ) ;
#638 = CARTESIAN_POINT ( 'NONE',  ( -60.52337900233229107, -7.699594110659550239, 3.240793206374716906 ) ) ;
#639 = CARTESIAN_POINT ( 'NONE',  ( -18.35247065561925695, -15.84999999999999964, -8.499999999999994671 ) ) ;
#640 = LINE ( 'NONE', #1577, #1299 ) ;
#641 = ORIENTED_EDGE ( 'NONE', *, *, #1704, .F. ) ;
#642 = VECTOR ( 'NONE', #1315, 1000.000000000000000 ) ;
#643 = CARTESIAN_POINT ( 'NONE',  ( -102.6994347728238921, -20.00000000000000000, -5.125817565307640322 ) ) ;
#644 = CARTESIAN_POINT ( 'NONE',  ( -58.47241182740752663, -13.23767459786151512, 2.407505729941656902 ) ) ;
#645 = CARTESIAN_POINT ( 'NONE',  ( -64.00000000000000000, -0.5000000000000004441, -8.999999999999992895 ) ) ;
#646 = FACE_OUTER_BOUND ( 'NONE', #1986, .T. ) ;
#647 = CARTESIAN_POINT ( 'NONE',  ( -57.54613113464592544, -7.659607882767174303, 1.447826645628612185 ) ) ;
#648 = CARTESIAN_POINT ( 'NONE',  ( -79.99371866316981539, 1.000000000000000000, -1.499999999999996447 ) ) ;
#649 = DIRECTION ( 'NONE',  ( 0.000000000000000000, 0.7071067811865469066, 0.7071067811865482389 ) ) ;
#650 = EDGE_LOOP ( 'NONE', ( #3336, #1017, #2334, #177 ) ) ;
#651 = ORIENTED_EDGE ( 'NONE', *, *, #914, .F. ) ;
#652 = FACE_OUTER_BOUND ( 'NONE', #1110, .T. ) ;
#653 = CARTESIAN_POINT ( 'NONE',  ( -25.43201328229873326, -7.730085154847476048, 2.885335478665667974 ) ) ;
#654 = EDGE_LOOP ( 'NONE', ( #2524, #1684, #3742, #937 ) ) ;
#655 = EDGE_CURVE ( 'NONE', #959, #1119, #2832, .T. ) ;
#656 = CARTESIAN_POINT ( 'NONE',  ( -60.17802459493921674, -7.509067321862125333, 2.640312057297633963 ) ) ;
#657 = CARTESIAN_POINT ( 'NONE',  ( -99.99371866316980118, 0.000000000000000000, -2.499999999999989342 ) ) ;
#658 = EDGE_CURVE ( 'NONE', #2057, #959, #3480, .T. ) ;
#659 = CARTESIAN_POINT ( 'NONE',  ( -29.74999999999999645, -10.00000000000000000, 17.00000000000000000 ) ) ;
#660 = VERTEX_POINT ( 'NONE', #688 ) ;
#661 = AXIS2_PLACEMENT_3D ( 'NONE', #2584, #2296, #22 ) ;
#662 = VECTOR ( 'NONE', #160, 1000.000000000000114 ) ;
#663 = CARTESIAN_POINT ( 'NONE',  ( -61.11238666972767675, -11.76858509646699247, 3.128430472906525317 ) ) ;
#664 = DIRECTION ( 'NONE',  ( 0.000000000000000000, -0.7071067811865426878, -0.7071067811865524577 ) ) ;
#665 = DIRECTION ( 'NONE',  ( 0.000000000000000000, 0.000000000000000000, 1.000000000000000000 ) ) ;
#666 = CARTESIAN_POINT ( 'NONE',  ( -87.67490837539854454, -18.31992526219221418, 4.329783245531522162 ) ) ;
#667 = CARTESIAN_POINT ( 'NONE',  ( -60.57063809966786039, -12.26825797227273185, 3.261387864954643945 ) ) ;
#668 = CARTESIAN_POINT ( 'NONE',  ( -56.03943186496793061, -8.354093348071433667, 1.566715248961034757 ) ) ;
#669 = CARTESIAN_POINT ( 'NONE',  ( -29.23646753412211297, -11.61352576528968683, 1.514164192544458887 ) ) ;
#670 = ORIENTED_EDGE ( 'NONE', *, *, #3208, .F. ) ;
#671 = ORIENTED_EDGE ( 'NONE', *, *, #1168, .T. ) ;
#672 = EDGE_CURVE ( 'NONE', #154, #52, #1871, .T. ) ;
#673 = DIRECTION ( 'NONE',  ( -1.000000000000000000, 0.000000000000000000, 8.163404592832032733E-17 ) ) ;
#674 = CARTESIAN_POINT ( 'NONE',  ( -103.9269200863536327, -12.97192896765228021, -4.008654322586584051 ) ) ;
#675 = VERTEX_POINT ( 'NONE', #1913 ) ;
#676 = DIRECTION ( 'NONE',  ( -6.132301937836899536E-16, 0.7071067811865476838, 0.7071067811865473507 ) ) ;
#677 = CARTESIAN_POINT ( 'NONE',  ( -60.03873571656639996, -7.443050613009775773, 3.033324808300702724 ) ) ;
#678 = CARTESIAN_POINT ( 'NONE',  ( -84.57185933158491764, -19.50000000000000000, -7.521606381108592032 ) ) ;
#679 = EDGE_CURVE ( 'NONE', #3524, #3172, #2026, .T. ) ;
#680 = CARTESIAN_POINT ( 'NONE',  ( -64.36969411118725759, -20.00000000000000000, 4.500000000000009770 ) ) ;
#681 = ORIENTED_EDGE ( 'NONE', *, *, #2967, .F. ) ;
#682 = EDGE_CURVE ( 'NONE', #993, #2104, #2156, .T. ) ;
#683 = DIRECTION ( 'NONE',  ( 1.000000000000000000, 0.000000000000000000, 8.672384569055758038E-16 ) ) ;
#684 = LINE ( 'NONE', #645, #2284 ) ;
#685 = AXIS2_PLACEMENT_3D ( 'NONE', #3754, #1143, #295 ) ;
#686 = DIRECTION ( 'NONE',  ( 0.000000000000000000, 1.000000000000000000, 0.000000000000000000 ) ) ;
#687 = CARTESIAN_POINT ( 'NONE',  ( -57.26999785459758385, -7.855644032126544829, 1.337596943556407458 ) ) ;
#688 = CARTESIAN_POINT ( 'NONE',  ( -84.90999999999998238, 0.000000000000000000, 2.407932414891171380 ) ) ;
#689 = CARTESIAN_POINT ( 'NONE',  ( -29.70227267714161101, -12.01465111693570442, 1.375224964207871547 ) ) ;
#690 = ORIENTED_EDGE ( 'NONE', *, *, #548, .F. ) ;
#691 = ORIENTED_EDGE ( 'NONE', *, *, #1698, .F. ) ;
#692 = DIRECTION ( 'NONE',  ( -0.000000000000000000, -0.000000000000000000, 1.000000000000000000 ) ) ;
#693 = FACE_OUTER_BOUND ( 'NONE', #2056, .T. ) ;
#694 = ORIENTED_EDGE ( 'NONE', *, *, #3555, .F. ) ;
#695 = B_SPLINE_CURVE_WITH_KNOTS ( 'NONE', 3,
 ( #3139, #199, #1969, #2242, #1909, #799 ),
 .UNSPECIFIED., .F., .F.,
 ( 4, 2, 4 ),
 ( 0.000000000000000000, 0.5000000000000000000, 1.000000000000000000 ),
 .UNSPECIFIED. ) ;
#696 = CARTESIAN_POINT ( 'NONE',  ( -104.2861408411049666, -1.444015434705261169, -3.493296610438421546 ) ) ;
#697 = CARTESIAN_POINT ( 'NONE',  ( -56.83113313436434311, -8.299311246272175424, 1.168192092415090588 ) ) ;
#698 = DIRECTION ( 'NONE',  ( 0.000000000000000000, 0.000000000000000000, -1.000000000000000000 ) ) ;
#699 = DIRECTION ( 'NONE',  ( -0.000000000000000000, 1.000000000000000000, -0.000000000000000000 ) ) ;
#700 = ORIENTED_EDGE ( 'NONE', *, *, #3555, .T. ) ;
#701 = CARTESIAN_POINT ( 'NONE',  ( -57.99833646652118802, -12.56654118551959698, 1.634244366966002726 ) ) ;
#702 = CARTESIAN_POINT ( 'NONE',  ( -99.99371866316980118, -12.00000000000000000, -0.9211653402171546823 ) ) ;
#703 = CIRCLE ( 'NONE', #2466, 0.4999999999999971689 ) ;
#704 = CARTESIAN_POINT ( 'NONE',  ( -62.03555895193765224, -10.18813722582570414, 3.933699913242486357 ) ) ;
#705 = EDGE_CURVE ( 'NONE', #660, #1128, #2630, .T. ) ;
#706 = CARTESIAN_POINT ( 'NONE',  ( -61.66332485609361669, -9.292497223113578286, 3.432970137041172709 ) ) ;
#707 = CARTESIAN_POINT ( 'NONE',  ( -59.68743035191116775, -13.13591695781661528, 2.887161592963781054 ) ) ;
#708 = CARTESIAN_POINT ( 'NONE',  ( -62.18939639137791175, -10.62470045515076045, 3.452974824908512819 ) ) ;
#709 = CARTESIAN_POINT ( 'NONE',  ( -29.70392699976387973, -10.50258800325143937, 1.370117208511310691 ) ) ;
#710 = CIRCLE ( 'NONE', #2412, 1.500000000000001332 ) ;
#711 = ORIENTED_EDGE ( 'NONE', *, *, #352, .T. ) ;
#712 = VERTEX_POINT ( 'NONE', #1824 ) ;
#713 = DIRECTION ( 'NONE',  ( -0.000000000000000000, 1.000000000000000000, -0.000000000000000000 ) ) ;
#714 = DIRECTION ( 'NONE',  ( -0.000000000000000000, -1.000000000000000000, -0.000000000000000000 ) ) ;
#715 = ORIENTED_EDGE ( 'NONE', *, *, #1564, .T. ) ;
#716 = B_SPLINE_CURVE_WITH_KNOTS ( 'NONE', 3,
 ( #3633, #486, #2207, #1654 ),
 .UNSPECIFIED., .F., .F.,
 ( 4, 4 ),
 ( 0.8472900394624142129, 1.000000000000000000 ),
 .UNSPECIFIED. ) ;
#717 = DIRECTION ( 'NONE',  ( 0.000000000000000000, 1.000000000000000000, 0.000000000000000000 ) ) ;
#718 = CARTESIAN_POINT ( 'NONE',  ( -60.20621550920435539, -7.517505014319429080, 3.104279754538097791 ) ) ;
#719 = DIRECTION ( 'NONE',  ( 0.000000000000000000, 0.000000000000000000, 1.000000000000000000 ) ) ;
#720 = FACE_OUTER_BOUND ( 'NONE', #3061, .T. ) ;
#721 = ORIENTED_EDGE ( 'NONE', *, *, #2009, .T. ) ;
#722 = CARTESIAN_POINT ( 'NONE',  ( -60.88424277150222963, -12.00990046119950350, 3.006065313790407867 ) ) ;
#723 = CARTESIAN_POINT ( 'NONE',  ( -79.99371866316981539, 0.000000000000000000, -1.999999999999993561 ) ) ;
#724 = AXIS2_PLACEMENT_3D ( 'NONE', #2661, #3517, #2050 ) ;
#725 = CIRCLE ( 'NONE', #2188, 1.499999999999997113 ) ;
#726 = CARTESIAN_POINT ( 'NONE',  ( -88.09833566557719564, -18.24735273026648485, 4.467334238943154290 ) ) ;
#727 = CARTESIAN_POINT ( 'NONE',  ( -59.29127744670977052, -13.22129022042593149, 2.726286610327320226 ) ) ;
#728 = CARTESIAN_POINT ( 'NONE',  ( -65.81081323375609315, -20.00000000000000000, 4.500000000000010658 ) ) ;
#729 = CARTESIAN_POINT ( 'NONE',  ( -104.4646381999588272, -13.18135289164141177, -2.419238198778497217 ) ) ;
#730 = ORIENTED_EDGE ( 'NONE', *, *, #2492, .F. ) ;
#731 = VERTEX_POINT ( 'NONE', #728 ) ;
#732 = CARTESIAN_POINT ( 'NONE',  ( -88.23649935908376563, -0.1656316449594573137, 3.971306337942912545 ) ) ;
#733 = CARTESIAN_POINT ( 'NONE',  ( -103.3621167212523915, -13.14616724424567806, -4.617748023392207024 ) ) ;
#734 = ORIENTED_EDGE ( 'NONE', *, *, #619, .T. ) ;
#735 = CIRCLE ( 'NONE', #1523, 2.500000000000000000 ) ;
#736 = DIRECTION ( 'NONE',  ( -8.163404592832032733E-17, -0.000000000000000000, -1.000000000000000000 ) ) ;
#737 = CARTESIAN_POINT ( 'NONE',  ( -104.9937222787737170, -12.64282657374399577, -1.129290601234063551 ) ) ;
#738 = CARTESIAN_POINT ( 'NONE',  ( -87.67209574846141606, -0.6560488209872872289, 4.334075799720138455 ) ) ;
#739 = CARTESIAN_POINT ( 'NONE',  ( -102.5909884267188943, -13.82358375807356765, -4.705352342798645005 ) ) ;
#740 = VERTEX_POINT ( 'NONE', #969 ) ;
#741 = AXIS2_PLACEMENT_3D ( 'NONE', #2420, #2476, #3578 ) ;
#742 = CARTESIAN_POINT ( 'NONE',  ( -29.47836868087452444, -11.20444739663720135, 0.7877075095879528810 ) ) ;
#743 = CARTESIAN_POINT ( 'NONE',  ( -84.57185933158491764, -20.00000000000000000, 2.228777411383751073 ) ) ;
#744 = CARTESIAN_POINT ( 'NONE',  ( -23.99999999999999289, -20.00000000000000000, 0.5000000000000047740 ) ) ;
#745 = CARTESIAN_POINT ( 'NONE',  ( -104.5185836474987298, -0.9763422788558377974, 2.386309553033464148 ) ) ;
#746 = EDGE_CURVE ( 'NONE', #1438, #1509, #3080, .T. ) ;
#747 = CARTESIAN_POINT ( 'NONE',  ( -61.70436274773319951, -11.44897771107199169, 3.776235130157922004 ) ) ;
#748 = CARTESIAN_POINT ( 'NONE',  ( -100.3174346151541556, -0.7671604483988728740, -5.890550391250375384 ) ) ;
#749 = CARTESIAN_POINT ( 'NONE',  ( -28.74277245362299738, -12.84278413068026481, 1.672749249902733659 ) ) ;
#750 = CARTESIAN_POINT ( 'NONE',  ( -61.71576273552481240, -10.44158144788297093, 3.462607765414803307 ) ) ;
#751 = EDGE_CURVE ( 'NONE', #2963, #925, #1608, .T. ) ;
#752 = DIRECTION ( 'NONE',  ( 0.000000000000000000, 0.000000000000000000, 1.000000000000000000 ) ) ;
#753 = CIRCLE ( 'NONE', #2267, 45.50000000000002132 ) ;
#754 = ORIENTED_EDGE ( 'NONE', *, *, #464, .F. ) ;
#755 = FACE_OUTER_BOUND ( 'NONE', #3387, .T. ) ;
#756 = CARTESIAN_POINT ( 'NONE',  ( -102.6994347728238779, -13.35059813620548219, -5.125817565307647428 ) ) ;
#757 = CARTESIAN_POINT ( 'NONE',  ( -102.5909884267188943, -13.82358375807356765, -4.705352342798645005 ) ) ;
#758 = EDGE_CURVE ( 'NONE', #562, #2579, #3543, .T. ) ;
#759 = CARTESIAN_POINT ( 'NONE',  ( -26.99999999999999645, -10.00000000000000000, -2.000000000000000000 ) ) ;
#760 = ORIENTED_EDGE ( 'NONE', *, *, #3756, .F. ) ;
#761 = CARTESIAN_POINT ( 'NONE',  ( -64.15000000000000568, 0.000000000000000000, -8.487930795777646864 ) ) ;
#762 = CYLINDRICAL_SURFACE ( 'NONE', #2865, 1.500000000000001332 ) ;
#763 = CARTESIAN_POINT ( 'NONE',  ( -66.36358403214866541, -19.50000000000000000, 4.833333333333341919 ) ) ;
#764 = B_SPLINE_CURVE_WITH_KNOTS ( 'NONE', 3,
 ( #2750, #2733, #2115, #2462, #3600, #2769 ),
 .UNSPECIFIED., .F., .F.,
 ( 4, 2, 4 ),
 ( 0.009130417585596808938, 0.009397306474234191215, 0.009664195362871571757 ),
 .UNSPECIFIED. ) ;
#765 = DIRECTION ( 'NONE',  ( -4.625929269271483942E-16, 0.000000000000000000, -1.000000000000000000 ) ) ;
#766 = CYLINDRICAL_SURFACE ( 'NONE', #2548, 1.000000000000000000 ) ;
#767 = DIRECTION ( 'NONE',  ( 0.000000000000000000, -1.000000000000000000, 0.000000000000000000 ) ) ;
#768 = FACE_OUTER_BOUND ( 'NONE', #200, .T. ) ;
#769 = DIRECTION ( 'NONE',  ( 0.000000000000000000, 0.000000000000000000, 1.000000000000000000 ) ) ;
#770 = VERTEX_POINT ( 'NONE', #89 ) ;
#771 = ORIENTED_EDGE ( 'NONE', *, *, #229, .F. ) ;
#772 = CARTESIAN_POINT ( 'NONE',  ( -29.74907102903391376, -9.813058170245861689, 1.356445374457500463 ) ) ;
#773 = CARTESIAN_POINT ( 'NONE',  ( -86.99371866316981539, -0.1037516357461737981, -3.499999999999991118 ) ) ;
#774 = DIRECTION ( 'NONE',  ( 0.000000000000000000, 1.000000000000000000, 0.000000000000000000 ) ) ;
#775 = DIRECTION ( 'NONE',  ( -0.9974276809381432685, 0.000000000000000000, 0.07167999231555081951 ) ) ;
#776 = EDGE_CURVE ( 'NONE', #3448, #1934, #413, .T. ) ;
#777 = VERTEX_POINT ( 'NONE', #202 ) ;
#778 = VECTOR ( 'NONE', #2635, 1000.000000000000000 ) ;
#779 = B_SPLINE_CURVE_WITH_KNOTS ( 'NONE', 3,
 ( #1180, #3146, #3736, #3482 ),
 .UNSPECIFIED., .F., .F.,
 ( 4, 4 ),
 ( 0.000000000000000000, 1.000000000000000000 ),
 .UNSPECIFIED. ) ;
#780 = EDGE_CURVE ( 'NONE', #2027, #2278, #1413, .T. ) ;
#781 = CARTESIAN_POINT ( 'NONE',  ( -56.26704805254069441, -10.35425813433322695, 0.9604666115920625913 ) ) ;
#782 = CARTESIAN_POINT ( 'NONE',  ( -104.3275098437755872, -0.9668284130759134953, -2.419371041921128285 ) ) ;
#783 =( NAMED_UNIT ( * ) PLANE_ANGLE_UNIT ( ) SI_UNIT ( $, .RADIAN. ) );
#784 = CARTESIAN_POINT ( 'NONE',  ( -101.7520663645700267, -0.8385930238833495531, -5.156915977999874556 ) ) ;
#785 = CARTESIAN_POINT ( 'NONE',  ( -30.21705573961243729, -11.05990446332928734, 1.225197261717225761 ) ) ;
#786 = CARTESIAN_POINT ( 'NONE',  ( -84.71507936355158108, -0.4987203836116431144, 2.876938697759279240 ) ) ;
#787 = ORIENTED_EDGE ( 'NONE', *, *, #2124, .F. ) ;
#788 = CARTESIAN_POINT ( 'NONE',  ( 0.000000000000000000, 0.000000000000000000, 0.000000000000000000 ) ) ;
#789 = DIRECTION ( 'NONE',  ( -8.163404592832032733E-17, 0.000000000000000000, -1.000000000000000000 ) ) ;
#790 = EDGE_LOOP ( 'NONE', ( #3488, #3313, #2032, #454, #3542 ) ) ;
#791 = EDGE_CURVE ( 'NONE', #2843, #1146, #1440, .T. ) ;
#792 = CARTESIAN_POINT ( 'NONE',  ( -29.59564539637631952, -9.072942795747117373, 0.7478836340311540987 ) ) ;
#793 = CARTESIAN_POINT ( 'NONE',  ( -56.32454161014270255, -9.339033666350355034, 1.652595393569275206 ) ) ;
#794 = CARTESIAN_POINT ( 'NONE',  ( -104.9937186631698154, -12.64282768913240673, 2.840000000000014513 ) ) ;
#795 = ORIENTED_EDGE ( 'NONE', *, *, #547, .T. ) ;
#796 = EDGE_CURVE ( 'NONE', #954, #1685, #383, .T. ) ;
#797 = ADVANCED_FACE ( 'NONE', ( #2246 ), #3678, .T. ) ;
#798 = DIRECTION ( 'NONE',  ( 0.000000000000000000, 0.000000000000000000, 1.000000000000000000 ) ) ;
#799 = CARTESIAN_POINT ( 'NONE',  ( -88.39827309714782189, -18.68842028906181696, 3.968920049388707572 ) ) ;
#800 = ORIENTED_EDGE ( 'NONE', *, *, #776, .F. ) ;
#801 = CARTESIAN_POINT ( 'NONE',  ( -29.54495454362175977, -7.798372242195751980, 1.422318788510042342 ) ) ;
#802 = CARTESIAN_POINT ( 'NONE',  ( -61.65297298763170630, -10.75176939329895376, 3.751023556438644047 ) ) ;
#803 = CARTESIAN_POINT ( 'NONE',  ( -65.81081323375609315, -20.00000000000000000, 4.000000000000010658 ) ) ;
#804 = CARTESIAN_POINT ( 'NONE',  ( -84.71519119016544153, -0.4954670017415153116, 2.873488384348386493 ) ) ;
#805 = CARTESIAN_POINT ( 'NONE',  ( -61.74134256253672248, -10.26647157093918317, 3.477100241476207110 ) ) ;
#806 = EDGE_CURVE ( 'NONE', #3583, #134, #218, .T. ) ;
#807 = FACE_BOUND ( 'NONE', #2926, .T. ) ;
#808 = VERTEX_POINT ( 'NONE', #1942 ) ;
#809 = CARTESIAN_POINT ( 'NONE',  ( -29.35656882191347705, -8.570871772023481938, 0.8294370943436717436 ) ) ;
#810 = DIRECTION ( 'NONE',  ( -1.000000000000000000, 0.000000000000000000, 0.000000000000000000 ) ) ;
#811 = ORIENTED_EDGE ( 'NONE', *, *, #514, .F. ) ;
#812 = AXIS2_PLACEMENT_3D ( 'NONE', #3201, #575, #1736 ) ;
#813 = VECTOR ( 'NONE', #145, 1000.000000000000000 ) ;
#814 = CARTESIAN_POINT ( 'NONE',  ( -100.3922658109925550, -14.57724064268083808, -5.895036078556847414 ) ) ;
#815 = FACE_OUTER_BOUND ( 'NONE', #2611, .T. ) ;
#816 = ORIENTED_EDGE ( 'NONE', *, *, #746, .F. ) ;
#817 = CARTESIAN_POINT ( 'NONE',  ( -100.3605488204003251, -1.265384742494553239, -6.384193545974191863 ) ) ;
#818 = LINE ( 'NONE', #492, #1052 ) ;
#819 = CARTESIAN_POINT ( 'NONE',  ( -65.81081323375609315, -19.50000000000000000, 4.000000000000010658 ) ) ;
#820 = CARTESIAN_POINT ( 'NONE',  ( -103.9286932333451290, -1.427997263713668863, -4.012975692803499861 ) ) ;
#821 = CARTESIAN_POINT ( 'NONE',  ( -104.6558439280302792, -13.11581331100047443, 11.00000000000001066 ) ) ;
#822 = ADVANCED_FACE ( 'NONE', ( #493 ), #3122, .F. ) ;
#823 = DIRECTION ( 'NONE',  ( -1.000000000000000000, 0.000000000000000000, 0.000000000000000000 ) ) ;
#824 = LINE ( 'NONE', #3664, #1537 ) ;
#825 = EDGE_CURVE ( 'NONE', #731, #3474, #258, .T. ) ;
#826 = ORIENTED_EDGE ( 'NONE', *, *, #3520, .T. ) ;
#827 = VECTOR ( 'NONE', #2991, 1000.000000000000000 ) ;
#828 = ORIENTED_EDGE ( 'NONE', *, *, #1422, .F. ) ;
#829 = CARTESIAN_POINT ( 'NONE',  ( -29.23114902756719857, -7.496056715290787764, 1.518362853636385346 ) ) ;
#830 = CARTESIAN_POINT ( 'NONE',  ( -58.61677633172524082, -6.729418831670685108, 2.460677418064250332 ) ) ;
#831 = ORIENTED_EDGE ( 'NONE', *, *, #1078, .T. ) ;
#832 = CARTESIAN_POINT ( 'NONE',  ( -26.08819873787428278, -12.59945772277247045, 2.149721679139191988 ) ) ;
#833 = CARTESIAN_POINT ( 'NONE',  ( -24.27243150448839515, -9.637876702401038997, 3.057198843885772899 ) ) ;
#834 = ORIENTED_EDGE ( 'NONE', *, *, #2919, .T. ) ;
#835 = LINE ( 'NONE', #1994, #2798 ) ;
#836 = PLANE ( 'NONE',  #3501 ) ;
#837 = CARTESIAN_POINT ( 'NONE',  ( -30.32310368922825106, -10.63600990913604605, 1.195181419792731958 ) ) ;
#838 = DIRECTION ( 'NONE',  ( 0.000000000000000000, 0.000000000000000000, -1.000000000000000000 ) ) ;
#839 = CARTESIAN_POINT ( 'NONE',  ( -64.36969411118725759, -30.00000000000000000, 5.000000000000011546 ) ) ;
#840 = DIRECTION ( 'NONE',  ( 0.000000000000000000, 1.000000000000000000, 0.000000000000000000 ) ) ;
#841 = DIRECTION ( 'NONE',  ( -0.000000000000000000, 1.000000000000000000, -0.000000000000000000 ) ) ;
#842 = EDGE_LOOP ( 'NONE', ( #1231, #3240, #3318, #2773, #1367 ) ) ;
#843 = ORIENTED_EDGE ( 'NONE', *, *, #1305, .F. ) ;
#844 = VECTOR ( 'NONE', #1196, 1000.000000000000000 ) ;
#845 = AXIS2_PLACEMENT_3D ( 'NONE', #3646, #714, #3083 ) ;
#846 = CARTESIAN_POINT ( 'NONE',  ( -62.03121696425307618, -9.745750759403415842, 3.931615423620408833 ) ) ;
#847 = ORIENTED_EDGE ( 'NONE', *, *, #1623, .F. ) ;
#848 = CARTESIAN_POINT ( 'NONE',  ( -42.55799999999999272, -20.00000000000000000, 44.50000000000000711 ) ) ;
#849 = DIRECTION ( 'NONE',  ( 0.000000000000000000, -1.000000000000000000, -0.000000000000000000 ) ) ;
#850 = EDGE_LOOP ( 'NONE', ( #1622, #4, #1655, #1990 ) ) ;
#851 = CARTESIAN_POINT ( 'NONE',  ( -26.31163712604833194, -6.861378275642274538, 2.534510768185224361 ) ) ;
#852 = FACE_OUTER_BOUND ( 'NONE', #3487, .T. ) ;
#853 = CARTESIAN_POINT ( 'NONE',  ( -55.60722775496211057, -10.24948059246227317, 1.433566904271394549 ) ) ;
#854 = DIRECTION ( 'NONE',  ( 0.000000000000000000, 0.000000000000000000, -1.000000000000000000 ) ) ;
#855 = DIRECTION ( 'NONE',  ( -0.9896557080369863257, -0.000000000000000000, 0.1434628159134319625 ) ) ;
#856 = CARTESIAN_POINT ( 'NONE',  ( -56.23280972776471742, -10.21638923374041674, 0.9481172239720473405 ) ) ;
#857 = VECTOR ( 'NONE', #649, 999.9999999999998863 ) ;
#858 = CARTESIAN_POINT ( 'NONE',  ( -24.30720960825586374, -11.49152681646713070, 3.367077726108114621 ) ) ;
#859 = CIRCLE ( 'NONE', #2813, 0.5000000000000012212 ) ;
#860 = ORIENTED_EDGE ( 'NONE', *, *, #207, .F. ) ;
#861 = ORIENTED_EDGE ( 'NONE', *, *, #2946, .F. ) ;
#862 = CARTESIAN_POINT ( 'NONE',  ( -27.32492657460027985, -6.747236449182164364, 2.156166330644025297 ) ) ;
#863 = CIRCLE ( 'NONE', #1722, 1.500000000000001332 ) ;
#864 = EDGE_LOOP ( 'NONE', ( #1589, #104, #1418, #2400 ) ) ;
#865 = CONICAL_SURFACE ( 'NONE', #3241, 20.00000000000000000, 0.7853981633974447263 ) ;
#866 = CARTESIAN_POINT ( 'NONE',  ( -28.45224899711802991, -12.34139073044797819, 1.156183263533020478 ) ) ;
#867 = CARTESIAN_POINT ( 'NONE',  ( -24.28582602556595660, -9.548460404081540176, 3.050023809474825764 ) ) ;
#868 = ORIENTED_EDGE ( 'NONE', *, *, #3418, .T. ) ;
#869 = VECTOR ( 'NONE', #396, 1000.000000000000000 ) ;
#870 = CARTESIAN_POINT ( 'NONE',  ( -27.53726999606256953, -7.298003683625786664, 1.516374181161043611 ) ) ;
#871 = DIRECTION ( 'NONE',  ( 0.000000000000000000, 0.000000000000000000, 1.000000000000000000 ) ) ;
#872 = DIRECTION ( 'NONE',  ( 0.000000000000000000, 0.000000000000000000, 1.000000000000000000 ) ) ;
#873 = CARTESIAN_POINT ( 'NONE',  ( -104.4252641980257295, -0.9716957564145460857, -1.851892253054165050 ) ) ;
#874 = DIRECTION ( 'NONE',  ( 0.000000000000000000, -0.000000000000000000, 1.000000000000000000 ) ) ;
#875 =( BOUNDED_SURFACE ( )  B_SPLINE_SURFACE ( 3, 2, ( 
 ( #473, #2474, #418 ),
 ( #1910, #3656, #1047 ),
 ( #3093, #3390, #704 ),
 ( #1581, #2743, #130 ),
 ( #3052, #1290, #2455 ),
 ( #3617, #1003, #438 ),
 ( #1604, #2367, #1213 ),
 ( #365, #922, #961 ),
 ( #2737, #3586, #3265 ),
 ( #1815, #1232, #38 ),
 ( #2079, #3283, #3529 ),
 ( #1575, #1535, #3247 ),
 ( #3025, #638, #2165 ),
 ( #3322, #718, #2429 ),
 ( #656, #677, #3302 ),
 ( #1553, #2985, #2700 ),
 ( #3006, #3569, #1833 ),
 ( #1794, #2655, #410 ),
 ( #2964, #80, #345 ),
 ( #1250, #1516, #2948 ),
 ( #977, #322, #1268 ),
 ( #1854, #1498, #2446 ),
 ( #2407, #123, #2388 ),
 ( #1284, #2121, #389 ),
 ( #2719, #2675, #944 ),
 ( #101, #2140, #58 ),
 ( #697, #3549, #3609 ),
 ( #995, #2101, #2546 ),
 ( #2482, #2794, #3366 ),
 ( #2840, #1079, #1387 ),
 ( #1014, #793, #1061 ),
 ( #1935, #2505, #3384 ) ),
 .UNSPECIFIED., .F., .F., .F. ) 
 B_SPLINE_SURFACE_WITH_KNOTS ( ( 4, 2, 2, 2, 2, 2, 2, 2, 2, 2, 2, 2, 2, 2, 2, 4 ),
 ( 3, 3 ),
 ( 0.000000000000000000, 0.0006582135300905857331, 0.001316427060181171466, 0.001974640590271757416, 0.002632854120362342933, 0.003291067650452928883, 0.003949281180543514833, 0.004607494710634100349, 0.005265708240724685865, 0.006582135300905857765, 0.007240348830996444149, 0.007898562361087029665, 0.008556775891177615181, 0.009214989421268200698, 0.009873202951358786214, 0.01053141648144937173 ),
 ( 0.000000000000000000, 1.000000000000000000 ),
 .UNSPECIFIED. ) 
 GEOMETRIC_REPRESENTATION_ITEM ( )  RATIONAL_B_SPLINE_SURFACE ( (
 ( 1.000000000000000000, 0.8436272063283519751, 1.000000000000000000),
 ( 1.000000000000000000, 0.8455747416469198141, 1.000000000000000000),
 ( 1.000000000000000000, 0.8464921239051510504, 1.000000000000000000),
 ( 1.000000000000000000, 0.8462970089248520456, 1.000000000000000000),
 ( 1.000000000000000000, 0.8451484355140073124, 1.000000000000000000),
 ( 1.000000000000000000, 0.8409004213787316662, 1.000000000000000000),
 ( 1.000000000000000000, 0.8378252947237873061, 1.000000000000000000),
 ( 1.000000000000000000, 0.8298363503345355108, 1.000000000000000000),
 ( 1.000000000000000000, 0.8250142930252019058, 1.000000000000000000),
 ( 1.000000000000000000, 0.8140203559499118446, 1.000000000000000000),
 ( 1.000000000000000000, 0.8077575306198824245, 1.000000000000000000),
 ( 1.000000000000000000, 0.7943457253998166268, 1.000000000000000000),
 ( 1.000000000000000000, 0.7871886969538064438, 1.000000000000000000),
 ( 1.000000000000000000, 0.7720688715783647904, 1.000000000000000000),
 ( 1.000000000000000000, 0.7641299337302023265, 1.000000000000000000),
 ( 1.000000000000000000, 0.7481054282045507264, 1.000000000000000000),
 ( 1.000000000000000000, 0.7399497411151265691, 1.000000000000000000),
 ( 1.000000000000000000, 0.7151357461086796929, 1.000000000000000000),
 ( 1.000000000000000000, 0.6989333988820728427, 1.000000000000000000),
 ( 1.000000000000000000, 0.6757638239524464963, 1.000000000000000000),
 ( 1.000000000000000000, 0.6684502484162900826, 1.000000000000000000),
 ( 1.000000000000000000, 0.6546124804278404818, 1.000000000000000000),
 ( 1.000000000000000000, 0.6480484372803054782, 1.000000000000000000),
 ( 1.000000000000000000, 0.6358979446937502722, 1.000000000000000000),
 ( 1.000000000000000000, 0.6304280128421814178, 1.000000000000000000),
 ( 1.000000000000000000, 0.6205908931367346559, 1.000000000000000000),
 ( 1.000000000000000000, 0.6161806486683584216, 1.000000000000000000),
 ( 1.000000000000000000, 0.6086989331218973787, 1.000000000000000000),
 ( 1.000000000000000000, 0.6056166589297851122, 1.000000000000000000),
 ( 1.000000000000000000, 0.6006549948736747968, 1.000000000000000000),
 ( 1.000000000000000000, 0.5987735596754013567, 1.000000000000000000),
 ( 1.000000000000000000, 0.5975696426974592690, 1.000000000000000000) ) ) 
 REPRESENTATION_ITEM ( '' )  SURFACE ( )  );
#876 = CARTESIAN_POINT ( 'NONE',  ( -104.9937186631698154, -1.475723628682122035, -0.9211653402171546823 ) ) ;
#877 = FACE_OUTER_BOUND ( 'NONE', #3158, .T. ) ;
#878 = ORIENTED_EDGE ( 'NONE', *, *, #672, .T. ) ;
#879 = ORIENTED_EDGE ( 'NONE', *, *, #2538, .T. ) ;
#880 = CARTESIAN_POINT ( 'NONE',  ( -28.13503361978438733, -6.892567111431081806, 1.873488255984250062 ) ) ;
#881 = VERTEX_POINT ( 'NONE', #512 ) ;
#882 = VECTOR ( 'NONE', #2804, 1000.000000000000114 ) ;
#883 = CARTESIAN_POINT ( 'NONE',  ( -24.77935772440007156, -11.63112729359319175, 2.790711057876465340 ) ) ;
#884 = ADVANCED_FACE ( 'NONE', ( #1395 ), #766, .T. ) ;
#885 = CARTESIAN_POINT ( 'NONE',  ( -104.5185836474987298, -0.9763422788558379084, -0.9211653402171667837 ) ) ;
#886 = ORIENTED_EDGE ( 'NONE', *, *, #2552, .F. ) ;
#887 = AXIS2_PLACEMENT_3D ( 'NONE', #76, #3626, #1246 ) ;
#888 = DIRECTION ( 'NONE',  ( 0.000000000000000000, 0.000000000000000000, 1.000000000000000000 ) ) ;
#889 = DIRECTION ( 'NONE',  ( 6.132301937836899536E-16, 0.7071067811865476838, -0.7071067811865473507 ) ) ;
#890 = CARTESIAN_POINT ( 'NONE',  ( -104.1379433620707715, -0.9573895992345092809, -2.742143539601476387 ) ) ;
#891 = DIRECTION ( 'NONE',  ( -0.9948751107730946508, -0.07149655223933036596, 0.07149655223933047699 ) ) ;
#892 = CARTESIAN_POINT ( 'NONE',  ( -55.66516904541840915, -9.374276008891584411, 1.451165873919110894 ) ) ;
#893 = CARTESIAN_POINT ( 'NONE',  ( -25.93761101810704517, -12.56755998013028375, 2.680009021879626641 ) ) ;
#894 = VERTEX_POINT ( 'NONE', #1359 ) ;
#895 = ORIENTED_EDGE ( 'NONE', *, *, #2403, .F. ) ;
#896 = FACE_OUTER_BOUND ( 'NONE', #424, .T. ) ;
#897 = VECTOR ( 'NONE', #1156, 1000.000000000000000 ) ;
#898 = VERTEX_POINT ( 'NONE', #2853 ) ;
#899 = ADVANCED_FACE ( 'NONE', ( #1695 ), #931, .T. ) ;
#900 = CARTESIAN_POINT ( 'NONE',  ( -24.33433711812556766, -10.69852347614055077, 3.024099225989445472 ) ) ;
#901 = CARTESIAN_POINT ( 'NONE',  ( -24.24999999999996092, -9.909831012201061995, 3.069224771916239991 ) ) ;
#902 = B_SPLINE_CURVE_WITH_KNOTS ( 'NONE', 3,
 ( #2833, #2199, #1959, #1931, #3680, #1073, #2230, #3696, #1380, #3395, #2768, #1944, #3114 ),
 .UNSPECIFIED., .F., .F.,
 ( 4, 2, 2, 2, 1, 2, 4 ),
 ( 0.000000000000000000, 0.4236450197308830323, 0.4766006471972582537, 0.5030784609304463917, 0.5295562746636345297, 0.6354675295965611648, 0.8472900394624142129 ),
 .UNSPECIFIED. ) ;
#903 = EDGE_LOOP ( 'NONE', ( #3177, #1114 ) ) ;
#904 = EDGE_CURVE ( 'NONE', #498, #3401, #1693, .T. ) ;
#905 = EDGE_CURVE ( 'NONE', #770, #3099, #2864, .T. ) ;
#906 = EDGE_CURVE ( 'NONE', #3495, #1774, #261, .T. ) ;
#907 = DIRECTION ( 'NONE',  ( -1.000000000000000000, 0.000000000000000000, 0.000000000000000000 ) ) ;
#908 = CARTESIAN_POINT ( 'NONE',  ( -104.9937186631698154, -12.00000000000000000, -0.9211653402171546823 ) ) ;
#909 = CARTESIAN_POINT ( 'NONE',  ( -28.49999999999999645, -10.00000000000000000, 8.000000000000005329 ) ) ;
#910 = CARTESIAN_POINT ( 'NONE',  ( -56.30144975595198531, -9.470541238292881303, 0.9728454947404479025 ) ) ;
#911 = VECTOR ( 'NONE', #2902, 1000.000000000000000 ) ;
#912 = DIRECTION ( 'NONE',  ( 0.000000000000000000, 1.000000000000000000, 0.000000000000000000 ) ) ;
#913 = B_SPLINE_CURVE_WITH_KNOTS ( 'NONE', 3,
 ( #3675, #3389, #1066, #782, #1940, #885 ),
 .UNSPECIFIED., .F., .F.,
 ( 4, 2, 4 ),
 ( 0.000000000000000000, 0.5000000000000000000, 1.000000000000000000 ),
 .UNSPECIFIED. ) ;
#914 = EDGE_CURVE ( 'NONE', #1892, #2600, #1050, .T. ) ;
#915 = CARTESIAN_POINT ( 'NONE',  ( -84.84487740578380510, -4.057920508391262615, -11.06908219569863583 ) ) ;
#916 = CARTESIAN_POINT ( 'NONE',  ( -24.78928433449091528, -12.19265215608965569, 3.156326925152880492 ) ) ;
#917 = VERTEX_POINT ( 'NONE', #3460 ) ;
#918 = EDGE_LOOP ( 'NONE', ( #2281, #2178, #1761, #1818 ) ) ;
#919 = EDGE_CURVE ( 'NONE', #2577, #1813, #927, .T. ) ;
#920 = CARTESIAN_POINT ( 'NONE',  ( -26.11416904309442089, -6.902777316657976669, 2.609843372263080497 ) ) ;
#921 = ORIENTED_EDGE ( 'NONE', *, *, #1339, .F. ) ;
#922 = CARTESIAN_POINT ( 'NONE',  ( -61.40930754909285127, -8.657993726064118434, 3.637771983411145271 ) ) ;
#923 = CARTESIAN_POINT ( 'NONE',  ( -65.81081323375609315, -0.5000000000000004441, 5.000000000000009770 ) ) ;
#924 = DIRECTION ( 'NONE',  ( 1.000000000000000000, -0.000000000000000000, 0.000000000000000000 ) ) ;
#925 = VERTEX_POINT ( 'NONE', #2916 ) ;
#926 = CARTESIAN_POINT ( 'NONE',  ( -56.38738335675120084, -10.87614417870689465, 1.003819044028209095 ) ) ;
#927 = LINE ( 'NONE', #2374, #897 ) ;
#928 = CIRCLE ( 'NONE', #1777, 2.500000000000000000 ) ;
#929 = CARTESIAN_POINT ( 'NONE',  ( -103.1859055556331555, -0.9099861366385354478, -4.123220616274048567 ) ) ;
#930 = DIRECTION ( 'NONE',  ( 1.387778780781445676E-14, 0.000000000000000000, 1.000000000000000000 ) ) ;
#931 = B_SPLINE_SURFACE_WITH_KNOTS ( 'NONE', 1, 3, ( 
 ( #2571, #221, #2886, #1104 ),
 ( #2263, #3423, #2285, #3442 ) ),
 .UNSPECIFIED., .F., .F., .F.,
 ( 2, 2 ),
 ( 4, 4 ),
 ( 0.000000000000000000, 1.000000000000000000 ),
 ( 5.050859318799078679, 5.250826741293911581 ),
 .UNSPECIFIED. ) ;
#932 = CARTESIAN_POINT ( 'NONE',  ( -88.00547510161342757, -18.26326972472891441, 4.454784501554312826 ) ) ;
#933 = CARTESIAN_POINT ( 'NONE',  ( -57.29971421552558297, -12.87163209958154297, 1.982744846886510315 ) ) ;
#934 = CARTESIAN_POINT ( 'NONE',  ( -61.57118884590644825, -8.307211089957407424, 3.713773260082837702 ) ) ;
#935 = CARTESIAN_POINT ( 'NONE',  ( -23.95803823428492407, -10.23892141427974067, 3.523892030231797978 ) ) ;
#936 = EDGE_CURVE ( 'NONE', #1119, #959, #2078, .T. ) ;
#937 = ORIENTED_EDGE ( 'NONE', *, *, #2257, .T. ) ;
#938 = ORIENTED_EDGE ( 'NONE', *, *, #1710, .T. ) ;
#939 = EDGE_CURVE ( 'NONE', #382, #3525, #3514, .T. ) ;
#940 = CARTESIAN_POINT ( 'NONE',  ( -84.90999999999998238, 0.000000000000000000, 2.407932414891171380 ) ) ;
#941 = EDGE_CURVE ( 'NONE', #98, #3580, #2268, .T. ) ;
#942 = FACE_OUTER_BOUND ( 'NONE', #1549, .T. ) ;
#943 = EDGE_LOOP ( 'NONE', ( #1790, #1494 ) ) ;
#944 = CARTESIAN_POINT ( 'NONE',  ( -56.72638983061797546, -7.524143833362432865, 1.788385114555027799 ) ) ;
#945 = CARTESIAN_POINT ( 'NONE',  ( -88.17917603167187224, -18.23350135884897227, 4.476859693007890328 ) ) ;
#946 = DIRECTION ( 'NONE',  ( 0.000000000000000000, -0.7071067811865474617, 0.7071067811865475727 ) ) ;
#947 = VERTEX_POINT ( 'NONE', #1784 ) ;
#948 = CARTESIAN_POINT ( 'NONE',  ( -60.75920293483829226, -12.12012548925729583, 2.939803255704030782 ) ) ;
#949 = DIRECTION ( 'NONE',  ( -1.000000000000000000, 0.000000000000000000, 0.000000000000000000 ) ) ;
#950 = PLANE ( 'NONE',  #446 ) ;
#951 = DIRECTION ( 'NONE',  ( 0.000000000000000000, -1.000000000000000000, 0.000000000000000000 ) ) ;
#952 = CARTESIAN_POINT ( 'NONE',  ( -28.17452390670662155, -13.09473128088424865, 1.860144964320353145 ) ) ;
#953 = CARTESIAN_POINT ( 'NONE',  ( -28.89576974299649947, -12.00438846493043954, 1.622205887137835312 ) ) ;
#954 = VERTEX_POINT ( 'NONE', #2603 ) ;
#955 = ORIENTED_EDGE ( 'NONE', *, *, #3717, .F. ) ;
#956 = DIRECTION ( 'NONE',  ( 0.000000000000000000, 1.000000000000000000, 0.000000000000000000 ) ) ;
#957 = CARTESIAN_POINT ( 'NONE',  ( -103.1630792735409017, -13.20756733191067589, -4.788438529433685531 ) ) ;
#958 = EDGE_CURVE ( 'NONE', #1899, #1837, #2053, .T. ) ;
#959 = VERTEX_POINT ( 'NONE', #2953 ) ;
#960 = CARTESIAN_POINT ( 'NONE',  ( -103.3853284584892975, -1.403647903794720930, -4.616219306758138963 ) ) ;
#961 = CARTESIAN_POINT ( 'NONE',  ( -61.67401643184249593, -8.490440893822539081, 3.761968942655025128 ) ) ;
#962 = CARTESIAN_POINT ( 'NONE',  ( -88.28459187040624556, 0.000000000000000000, 4.466567690969308835 ) ) ;
#963 = PLANE ( 'NONE',  #1613 ) ;
#964 = ORIENTED_EDGE ( 'NONE', *, *, #3215, .T. ) ;
#965 = CARTESIAN_POINT ( 'NONE',  ( -42.55799999999999272, -19.50000000000000000, 44.50000000000000711 ) ) ;
#966 = DIRECTION ( 'NONE',  ( -0.000000000000000000, -0.000000000000000000, 1.000000000000000000 ) ) ;
#967 = CARTESIAN_POINT ( 'NONE',  ( -59.00000000000000000, -10.00000000000000000, -2.000000000000000000 ) ) ;
#968 = CARTESIAN_POINT ( 'NONE',  ( -87.74371438509697896, -18.30813494336059222, 4.370881627761347588 ) ) ;
#969 = CARTESIAN_POINT ( 'NONE',  ( -79.99371866316981539, 0.000000000000000000, -3.499999999999991118 ) ) ;
#970 = CARTESIAN_POINT ( 'NONE',  ( -100.3530589883005888, -14.07440633349084536, -6.387492809025253848 ) ) ;
#971 = ORIENTED_EDGE ( 'NONE', *, *, #1623, .T. ) ;
#972 = ORIENTED_EDGE ( 'NONE', *, *, #2155, .T. ) ;
#973 = CARTESIAN_POINT ( 'NONE',  ( -84.88535063868241082, -0.4976075561507294909, -7.499077374832562093 ) ) ;
#974 = FACE_OUTER_BOUND ( 'NONE', #1691, .T. ) ;
#975 = ORIENTED_EDGE ( 'NONE', *, *, #3103, .F. ) ;
#976 = CARTESIAN_POINT ( 'NONE',  ( -104.4687319083023738, -1.452197028679278912, -3.152558445048589064 ) ) ;
#977 = CARTESIAN_POINT ( 'NONE',  ( -58.13852592681017484, -7.382488007726546009, 1.693511203747292138 ) ) ;
#978 = CARTESIAN_POINT ( 'NONE',  ( -104.9937186631698154, -12.00000000000000000, 2.840000000000014513 ) ) ;
#979 = DIRECTION ( 'NONE',  ( 0.000000000000000000, 1.000000000000000000, 0.000000000000000000 ) ) ;
#980 = ORIENTED_EDGE ( 'NONE', *, *, #2834, .T. ) ;
#981 = CARTESIAN_POINT ( 'NONE',  ( -61.21645714645432435, -11.63684262021221549, 3.185040511967828891 ) ) ;
#982 = CARTESIAN_POINT ( 'NONE',  ( -104.9937186631698154, -12.48804786806689293, 2.840000000000014513 ) ) ;
#983 = DIRECTION ( 'NONE',  ( 0.000000000000000000, 0.000000000000000000, -1.000000000000000000 ) ) ;
#984 = CARTESIAN_POINT ( 'NONE',  ( -60.48930099987833131, -7.682392521367628291, 2.799120362090997460 ) ) ;
#985 = AXIS2_PLACEMENT_3D ( 'NONE', #1507, #2641, #2581 ) ;
#986 = CARTESIAN_POINT ( 'NONE',  ( -58.68423531263538706, -13.25362595610874727, 2.488191036194248085 ) ) ;
#987 = CARTESIAN_POINT ( 'NONE',  ( -89.99371866316981539, 1.000000000000000000, -1.999999999999993561 ) ) ;
#988 = CARTESIAN_POINT ( 'NONE',  ( -30.28020390396450878, -10.85337710248304610, 1.207301882172321372 ) ) ;
#989 = VERTEX_POINT ( 'NONE', #1178 ) ;
#990 = ORIENTED_EDGE ( 'NONE', *, *, #2770, .T. ) ;
#991 = CARTESIAN_POINT ( 'NONE',  ( -88.18770379416845628, -30.00000000000000000, 3.471272407808098315 ) ) ;
#992 = CARTESIAN_POINT ( 'NONE',  ( -104.6867836987862148, -12.73753333781944619, -2.649161168545115075 ) ) ;
#993 = VERTEX_POINT ( 'NONE', #3199 ) ;
#994 = CARTESIAN_POINT ( 'NONE',  ( -66.11634544454267370, -0.5000000000000004441, 5.000000000000009770 ) ) ;
#995 = CARTESIAN_POINT ( 'NONE',  ( -56.62398032915162815, -8.603269445580101760, 1.090540555839964787 ) ) ;
#996 = DIRECTION ( 'NONE',  ( -0.000000000000000000, 1.000000000000000000, -0.000000000000000000 ) ) ;
#997 = FACE_OUTER_BOUND ( 'NONE', #338, .T. ) ;
#998 = EDGE_LOOP ( 'NONE', ( #2594, #2073, #691, #2059 ) ) ;
#999 = ADVANCED_FACE ( 'NONE', ( #3499 ), #2732, .T. ) ;
#1000 = CARTESIAN_POINT ( 'NONE',  ( -57.14156375441642410, -12.03427374162624197, 1.287350959001524631 ) ) ;
#1001 = CARTESIAN_POINT ( 'NONE',  ( -88.18770379416845628, -30.00000000000000000, 4.471272407808098315 ) ) ;
#1002 = CIRCLE ( 'NONE', #3136, 1.499999999999997113 ) ;
#1003 = CARTESIAN_POINT ( 'NONE',  ( -61.63707309390152034, -9.194701814959934438, 3.743580043965809789 ) ) ;
#1004 = CARTESIAN_POINT ( 'NONE',  ( -88.06128175971507233, -18.25370613619912064, 4.463250981327368194 ) ) ;
#1005 = CARTESIAN_POINT ( 'NONE',  ( -55.93752330579178533, -8.544119327353525861, 1.534945214192447560 ) ) ;
#1006 = CARTESIAN_POINT ( 'NONE',  ( -28.48400318773621365, -12.32695751111118732, 1.756375848682114604 ) ) ;
#1007 = VECTOR ( 'NONE', #1628, 1000.000000000000000 ) ;
#1008 = ORIENTED_EDGE ( 'NONE', *, *, #1701, .F. ) ;
#1009 = ORIENTED_EDGE ( 'NONE', *, *, #1303, .F. ) ;
#1010 = CARTESIAN_POINT ( 'NONE',  ( -42.55799999999999272, -30.00000000000000000, 44.50000000000000711 ) ) ;
#1011 = CARTESIAN_POINT ( 'NONE',  ( -104.1705051669900826, -12.89678451664734027, -3.671671386883641919 ) ) ;
#1012 = VERTEX_POINT ( 'NONE', #908 ) ;
#1013 = CARTESIAN_POINT ( 'NONE',  ( -104.9937186631698154, -1.475723628682122035, -0.9211653402171546823 ) ) ;
#1014 = CARTESIAN_POINT ( 'NONE',  ( -56.33738811169329352, -9.287370299079732661, 0.9857772171693891528 ) ) ;
#1015 = CARTESIAN_POINT ( 'NONE',  ( -87.95617106911241478, -0.1516736576627374933, 3.900527826669803133 ) ) ;
#1016 = CARTESIAN_POINT ( 'NONE',  ( -84.71515590868317247, -0.5000001141310973507, 2.878343012605252049 ) ) ;
#1017 = ORIENTED_EDGE ( 'NONE', *, *, #1175, .F. ) ;
#1018 = EDGE_CURVE ( 'NONE', #546, #1747, #1409, .T. ) ;
#1019 = EDGE_CURVE ( 'NONE', #337, #898, #458, .T. ) ;
#1020 = DIRECTION ( 'NONE',  ( -0.000000000000000000, 1.000000000000000000, -0.000000000000000000 ) ) ;
#1021 = CARTESIAN_POINT ( 'NONE',  ( -104.6558439280302792, -13.11581331100047443, 2.386309553033465036 ) ) ;
#1022 = ADVANCED_FACE ( 'NONE', ( #1869 ), #3032, .F. ) ;
#1023 = EDGE_CURVE ( 'NONE', #1873, #382, #131, .T. ) ;
#1025 = CYLINDRICAL_SURFACE ( 'NONE', #1606, 2.500000000000000000 ) ;
#1024 = AXIS2_PLACEMENT_3D ( 'NONE', #2369, #979, #1836 ) ;
#1026 = CONICAL_SURFACE ( 'NONE', #3156, 2.000000000000001776, 0.7853981633974466137 ) ;
#1027 = DIRECTION ( 'NONE',  ( 0.000000000000000000, 1.000000000000000000, 0.000000000000000000 ) ) ;
#1028 = CARTESIAN_POINT ( 'NONE',  ( -61.23205011561360323, -12.15750249503878599, 3.557287331313755185 ) ) ;
#1029 = CARTESIAN_POINT ( 'NONE',  ( -29.56924890574392606, -12.17442250410666915, 1.414997460898204995 ) ) ;
#1030 = CARTESIAN_POINT ( 'NONE',  ( -29.66012470970073878, -10.72208918110542264, 0.7262719602960507892 ) ) ;
#1031 = EDGE_LOOP ( 'NONE', ( #115, #2792, #1672, #2363 ) ) ;
#1032 = EDGE_CURVE ( 'NONE', #1369, #2410, #1819, .T. ) ;
#1033 = ADVANCED_FACE ( 'NONE', ( #2666 ), #3038, .T. ) ;
#1034 = CARTESIAN_POINT ( 'NONE',  ( -104.9937186631698154, -2.000000000000000000, 1.835967299967542932 ) ) ;
#1035 = MANIFOLD_SOLID_BREP ( '\X2\ff8cff68ff9aff6fff84\X0\8', #2452 ) ;
#1036 = ORIENTED_EDGE ( 'NONE', *, *, #2155, .F. ) ;
#1037 = VECTOR ( 'NONE', #1219, 1000.000000000000000 ) ;
#1038 = CARTESIAN_POINT ( 'NONE',  ( -104.5185836474987298, -0.9763422788558379084, -0.9211653402171667837 ) ) ;
#1039 = LINE ( 'NONE', #451, #3602 ) ;
#1040 = DIRECTION ( 'NONE',  ( 0.000000000000000000, 0.000000000000000000, 1.000000000000000000 ) ) ;
#1041 = DIRECTION ( 'NONE',  ( 0.000000000000000000, 1.000000000000000000, 0.000000000000000000 ) ) ;
#1042 = ORIENTED_EDGE ( 'NONE', *, *, #2489, .F. ) ;
#1043 = AXIS2_PLACEMENT_3D ( 'NONE', #1062, #774, #1040 ) ;
#1044 = DIRECTION ( 'NONE',  ( 0.000000000000000000, 0.000000000000000000, -1.000000000000000000 ) ) ;
#1045 = AXIS2_PLACEMENT_3D ( 'NONE', #1285, #3266, #1499 ) ;
#1046 = FACE_OUTER_BOUND ( 'NONE', #41, .T. ) ;
#1047 = CARTESIAN_POINT ( 'NONE',  ( -62.01585893902050373, -10.40689560896417198, 3.924220119823575548 ) ) ;
#1048 = PRESENTATION_STYLE_ASSIGNMENT (( #2764 ) ) ;
#1049 = CARTESIAN_POINT ( 'NONE',  ( -106.7218929209556109, -10.22358324436018684, 4.261002935143586967 ) ) ;
#1050 = LINE ( 'NONE', #2215, #2184 ) ;
#1051 = CARTESIAN_POINT ( 'NONE',  ( -84.71574994984786144, -0.4791996611904033587, 2.856237241793620818 ) ) ;
#1052 = VECTOR ( 'NONE', #1659, 1000.000000000000114 ) ;
#1053 = LINE ( 'NONE', #190, #502 ) ;
#1054 = DIRECTION ( 'NONE',  ( -8.163404592832032733E-17, -0.000000000000000000, -1.000000000000000000 ) ) ;
#1055 = DIRECTION ( 'NONE',  ( 0.000000000000000000, -0.000000000000000000, 1.000000000000000000 ) ) ;
#1056 = CIRCLE ( 'NONE', #570, 2.499999999999998668 ) ;
#1057 = ORIENTED_EDGE ( 'NONE', *, *, #1190, .F. ) ;
#1058 = PRODUCT_DEFINITION_CONTEXT ( 'detailed design', #3039, 'design' ) ;
#1059 = ADVANCED_FACE ( 'NONE', ( #2212 ), #1381, .T. ) ;
#1060 = CARTESIAN_POINT ( 'NONE',  ( -29.92539812321042092, -8.311030276314014031, 1.309333390345636561 ) ) ;
#1061 = CARTESIAN_POINT ( 'NONE',  ( -55.70717535606212323, -9.157798997173419053, 1.463955623647736015 ) ) ;
#1062 = CARTESIAN_POINT ( 'NONE',  ( -77.41899999999999693, -0.5000000000000004441, 21.50000000000000711 ) ) ;
#1063 = FACE_OUTER_BOUND ( 'NONE', #530, .T. ) ;
#1064 = ORIENTED_EDGE ( 'NONE', *, *, #224, .T. ) ;
#1065 = CARTESIAN_POINT ( 'NONE',  ( -29.69682802813460043, -10.53816223080742454, 0.7140167689015415320 ) ) ;
#1066 = CARTESIAN_POINT ( 'NONE',  ( -103.6100562062340913, -0.9311052659051067826, -3.733841162262387048 ) ) ;
#1067 = FACE_OUTER_BOUND ( 'NONE', #1400, .T. ) ;
#1068 = SURFACE_SIDE_STYLE ('',( #2803 ) ) ;
#1069 = CARTESIAN_POINT ( 'NONE',  ( -60.93890635447529291, -12.45216782245748988, 3.424847535534822907 ) ) ;
#1070 = DIRECTION ( 'NONE',  ( -0.7244756616539453908, 0.6893003813077996922, 2.801790840123651276E-18 ) ) ;
#1071 = FACE_OUTER_BOUND ( 'NONE', #2531, .T. ) ;
#1072 = EDGE_CURVE ( 'NONE', #613, #2898, #84, .T. ) ;
#1073 = CARTESIAN_POINT ( 'NONE',  ( -87.95857389291288086, -0.6581171130232139621, 4.444688587497175547 ) ) ;
#1074 = CARTESIAN_POINT ( 'NONE',  ( -23.99999999999999289, -15.84999999999999964, -1.999999999999995337 ) ) ;
#1075 = AXIS2_PLACEMENT_3D ( 'NONE', #3563, #956, #3279 ) ;
#1076 = EDGE_LOOP ( 'NONE', ( #501, #2012, #1094, #304 ) ) ;
#1077 = EDGE_CURVE ( 'NONE', #337, #1119, #521, .T. ) ;
#1078 = EDGE_CURVE ( 'NONE', #1764, #465, #1335, .T. ) ;
#1079 = CARTESIAN_POINT ( 'NONE',  ( -56.37184697559538193, -9.169572438850986273, 1.668053370738901142 ) ) ;
#1080 = LINE ( 'NONE', #2189, #311 ) ;
#1081 = ORIENTED_EDGE ( 'NONE', *, *, #511, .F. ) ;
#1082 = AXIS2_PLACEMENT_3D ( 'NONE', #3327, #3251, #394 ) ;
#1083 = CARTESIAN_POINT ( 'NONE',  ( -22.00000000000000000, -6.649999999999999467, -8.999999999999996447 ) ) ;
#1084 = CARTESIAN_POINT ( 'NONE',  ( -88.28459187040624556, -18.21543466719374749, 4.466567690969308835 ) ) ;
#1085 = ORIENTED_EDGE ( 'NONE', *, *, #2371, .F. ) ;
#1086 = CARTESIAN_POINT ( 'NONE',  ( -21.49999999999999645, -20.00000000000000000, 0.5000000000000038858 ) ) ;
#1087 = AXIS2_PLACEMENT_3D ( 'NONE', #243, #2496, #3733 ) ;
#1088 = CARTESIAN_POINT ( 'NONE',  ( -61.59299221987524930, -10.93692810118728431, 3.722935266269418175 ) ) ;
#1089 = CARTESIAN_POINT ( 'NONE',  ( -96.99371866316982960, -0.6016673936649662435, -3.499999999999989342 ) ) ;
#1090 = CARTESIAN_POINT ( 'NONE',  ( -29.69682802813460043, -10.53816223080742454, 0.7140167689015415320 ) ) ;
#1091 = LINE ( 'NONE', #3409, #3605 ) ;
#1092 = DIRECTION ( 'NONE',  ( 8.163404592832033966E-17, 0.000000000000000000, 1.000000000000000000 ) ) ;
#1093 = B_SPLINE_CURVE_WITH_KNOTS ( 'NONE', 3,
 ( #1822, #87, #3575, #2725 ),
 .UNSPECIFIED., .F., .F.,
 ( 4, 4 ),
 ( 0.000000000000000000, 1.000000000000000000 ),
 .UNSPECIFIED. ) ;
#1094 = ORIENTED_EDGE ( 'NONE', *, *, #1420, .F. ) ;
#1095 = CARTESIAN_POINT ( 'NONE',  ( -30.38640815083867608, -10.20071382716813702, 1.177345955900307217 ) ) ;
#1096 = CARTESIAN_POINT ( 'NONE',  ( -102.5909884267189511, -13.82358375807354989, -4.705352342798603260 ) ) ;
#1097 = ORIENTED_EDGE ( 'NONE', *, *, #1742, .T. ) ;
#1098 = DIRECTION ( 'NONE',  ( 0.000000000000000000, 0.000000000000000000, -1.000000000000000000 ) ) ;
#1099 = EDGE_CURVE ( 'NONE', #1813, #2480, #2194, .T. ) ;
#1100 = PLANE ( 'NONE',  #2844 ) ;
#1101 = ORIENTED_EDGE ( 'NONE', *, *, #1451, .T. ) ;
#1102 = CARTESIAN_POINT ( 'NONE',  ( -30.27094898605995965, -9.113787917022447616, 1.209925746526006929 ) ) ;
#1103 = LINE ( 'NONE', #1694, #1383 ) ;
#1104 = CARTESIAN_POINT ( 'NONE',  ( -88.09343134964403532, -18.79291088405999943, 3.900527826669837772 ) ) ;
#1105 = CARTESIAN_POINT ( 'NONE',  ( -104.8900303859775960, -1.471077106240832100, -1.955306354480511377 ) ) ;
#1106 = CARTESIAN_POINT ( 'NONE',  ( -23.99999999999999289, -6.649999999999999467, -1.999999999999993117 ) ) ;
#1107 = LINE ( 'NONE', #479, #1177 ) ;
#1108 = DIRECTION ( 'NONE',  ( -0.000000000000000000, 1.000000000000000000, -0.000000000000000000 ) ) ;
#1109 = ORIENTED_EDGE ( 'NONE', *, *, #3330, .T. ) ;
#1110 = EDGE_LOOP ( 'NONE', ( #226, #1600, #370, #1167, #3603 ) ) ;
#1111 = CARTESIAN_POINT ( 'NONE',  ( -28.76260014996226388, -7.881278760197520050, 1.040789107863432372 ) ) ;
#1112 = AXIS2_PLACEMENT_3D ( 'NONE', #803, #1957, #3127 ) ;
#1113 = CARTESIAN_POINT ( 'NONE',  ( -59.82366340949640460, -6.905909535025820389, 2.943547946644442970 ) ) ;
#1114 = ORIENTED_EDGE ( 'NONE', *, *, #776, .T. ) ;
#1115 = CIRCLE ( 'NONE', #1612, 1.000000000000000000 ) ;
#1116 = VECTOR ( 'NONE', #1817, 1000.000000000000000 ) ;
#1117 = CARTESIAN_POINT ( 'NONE',  ( -25.23820268798648669, -12.11792231512427165, 2.558317156517184277 ) ) ;
#1118 = FACE_OUTER_BOUND ( 'NONE', #1789, .T. ) ;
#1119 = VERTEX_POINT ( 'NONE', #2553 ) ;
#1120 = CARTESIAN_POINT ( 'NONE',  ( -25.21560895306279804, -7.412064946983717206, 2.975595618759591332 ) ) ;
#1121 = LINE ( 'NONE', #603, #778 ) ;
#1122 = CARTESIAN_POINT ( 'NONE',  ( -30.05105755771426246, -11.45914861321632650, 1.272880641654701606 ) ) ;
#1123 = CARTESIAN_POINT ( 'NONE',  ( -84.72213825430029033, -0.2918767094742585888, 2.657690343511926123 ) ) ;
#1124 = LINE ( 'NONE', #1999, #1481 ) ;
#1125 = DIRECTION ( 'NONE',  ( -5.772398745160930101E-17, 0.7071067811865483499, -0.7071067811865466846 ) ) ;
#1126 = DIRECTION ( 'NONE',  ( -3.834036123100547977E-35, -4.064687785037713010E-18, 1.000000000000000000 ) ) ;
#1127 = ORIENTED_EDGE ( 'NONE', *, *, #904, .F. ) ;
#1128 = VERTEX_POINT ( 'NONE', #1643 ) ;
#1129 = CARTESIAN_POINT ( 'NONE',  ( -29.21974469776078820, -8.363517653985047318, 1.519406857926622223 ) ) ;
#1130 = CARTESIAN_POINT ( 'NONE',  ( -60.73052677829294765, -7.378671096463324197, 3.332113660896595331 ) ) ;
#1131 = VERTEX_POINT ( 'NONE', #745 ) ;
#1132 = EDGE_CURVE ( 'NONE', #1934, #3448, #3510, .T. ) ;
#1133 = CARTESIAN_POINT ( 'NONE',  ( -88.20830489724907864, -0.1642277982761033983, 3.974066050407990325 ) ) ;
#1134 = VECTOR ( 'NONE', #1579, 1000.000000000000000 ) ;
#1135 = DIRECTION ( 'NONE',  ( 0.000000000000000000, -0.000000000000000000, 1.000000000000000000 ) ) ;
#1136 = ORIENTED_EDGE ( 'NONE', *, *, #3107, .F. ) ;
#1137 = EDGE_CURVE ( 'NONE', #2789, #1313, #3020, .T. ) ;
#1138 = CARTESIAN_POINT ( 'NONE',  ( -24.01924625598385532, -9.361886506485214809, 3.496163476831489092 ) ) ;
#1139 = DIRECTION ( 'NONE',  ( -8.163404592832033966E-17, -0.000000000000000000, -1.000000000000000000 ) ) ;
#1140 = CARTESIAN_POINT ( 'NONE',  ( -56.31722921572909257, -12.05159963375313481, 1.654925360595107975 ) ) ;
#1141 = DIRECTION ( 'NONE',  ( -1.000000000000000000, 0.000000000000000000, 8.163404592832033966E-17 ) ) ;
#1142 = CARTESIAN_POINT ( 'NONE',  ( -57.49999999999999289, -10.00000000000000000, 8.000000000000008882 ) ) ;
#1143 = DIRECTION ( 'NONE',  ( -0.000000000000000000, 1.000000000000000000, 0.000000000000000000 ) ) ;
#1144 = CARTESIAN_POINT ( 'NONE',  ( -24.24882472577353099, -9.821773497443427203, 3.391875271973609163 ) ) ;
#1145 = ORIENTED_EDGE ( 'NONE', *, *, #1072, .T. ) ;
#1146 = VERTEX_POINT ( 'NONE', #2899 ) ;
#1147 = VECTOR ( 'NONE', #388, 1000.000000000000000 ) ;
#1148 = CARTESIAN_POINT ( 'NONE',  ( -26.61128628559971432, -7.271960312921024183, 1.911967834131884203 ) ) ;
#1149 = B_SPLINE_CURVE_WITH_KNOTS ( 'NONE', 3,
 ( #1712, #2866, #2045, #270 ),
 .UNSPECIFIED., .F., .F.,
 ( 4, 4 ),
 ( 0.000000000000000000, 1.000000000000000000 ),
 .UNSPECIFIED. ) ;
#1150 = VERTEX_POINT ( 'NONE', #273 ) ;
#1151 = CARTESIAN_POINT ( 'NONE',  ( -24.51432246108046797, -11.18903713258412047, 2.928746794026970246 ) ) ;
#1152 = DIRECTION ( 'NONE',  ( 2.030895776753335164E-15, 0.000000000000000000, 1.000000000000000000 ) ) ;
#1153 = EDGE_LOOP ( 'NONE', ( #2487, #771 ) ) ;
#1154 = CARTESIAN_POINT ( 'NONE',  ( -24.39090061378422547, -8.354846780055144251, 3.329948183705823794 ) ) ;
#1155 = LINE ( 'NONE', #327, #2532 ) ;
#1156 = DIRECTION ( 'NONE',  ( 1.000000000000000000, -0.000000000000000000, -7.575620348129778241E-17 ) ) ;
#1157 = CARTESIAN_POINT ( 'NONE',  ( -84.31611765948902359, -19.50000000000000000, 2.726887099067335729 ) ) ;
#1158 = CARTESIAN_POINT ( 'NONE',  ( -102.4537281461874016, -0.8735298696630158233, -4.705352342798610366 ) ) ;
#1159 = CARTESIAN_POINT ( 'NONE',  ( -57.13234803415215168, -12.03165908631217995, 1.923653892960216716 ) ) ;
#1160 = CARTESIAN_POINT ( 'NONE',  ( -27.56946069998425486, -13.23155325887965716, 2.069009311258630301 ) ) ;
#1161 = AXIS2_PLACEMENT_3D ( 'NONE', #3414, #1389, #215 ) ;
#1162 = VERTEX_POINT ( 'NONE', #2298 ) ;
#1163 = ORIENTED_EDGE ( 'NONE', *, *, #3684, .F. ) ;
#1164 = EDGE_CURVE ( 'NONE', #2326, #3172, #3138, .T. ) ;
#1165 = CARTESIAN_POINT ( 'NONE',  ( -25.22080600746072321, -7.408081309895111488, 2.973425559703558818 ) ) ;
#1166 = VECTOR ( 'NONE', #2541, 1000.000000000000000 ) ;
#1167 = ORIENTED_EDGE ( 'NONE', *, *, #3684, .T. ) ;
#1168 = EDGE_CURVE ( 'NONE', #2326, #3232, #1982, .T. ) ;
#1169 = VECTOR ( 'NONE', #167, 1000.000000000000000 ) ;
#1170 = DIRECTION ( 'NONE',  ( -0.000000000000000000, 1.000000000000000000, 0.000000000000000000 ) ) ;
#1171 = LINE ( 'NONE', #2897, #3154 ) ;
#1172 = EDGE_LOOP ( 'NONE', ( #1185, #3349, #1610, #601 ) ) ;
#1173 = VECTOR ( 'NONE', #294, 1000.000000000000000 ) ;
#1174 = CARTESIAN_POINT ( 'NONE',  ( -26.71497249701607757, -6.776133073395734563, 2.380585561556383123 ) ) ;
#1175 = EDGE_CURVE ( 'NONE', #1150, #2272, #3730, .T. ) ;
#1176 = DIRECTION ( 'NONE',  ( 0.000000000000000000, 0.000000000000000000, -1.000000000000000000 ) ) ;
#1177 = VECTOR ( 'NONE', #2478, 1000.000000000000000 ) ;
#1178 = CARTESIAN_POINT ( 'NONE',  ( -99.99371866316980118, 0.000000000000000000, -3.499999999999989342 ) ) ;
#1179 = CARTESIAN_POINT ( 'NONE',  ( -104.9516883778653806, -13.01440671940561167, 2.357510260908710187 ) ) ;
#1180 = CARTESIAN_POINT ( 'NONE',  ( -100.5007723624109275, -14.08207126490860439, -6.321588243425213527 ) ) ;
#1181 = CARTESIAN_POINT ( 'NONE',  ( -89.99371866316981539, -0.2531263631218112486, -0.4999999999999963363 ) ) ;
#1182 = EDGE_CURVE ( 'NONE', #3401, #731, #290, .T. ) ;
#1183 = CARTESIAN_POINT ( 'NONE',  ( -24.13739221614351749, -11.09581209048346295, 3.442846499218465972 ) ) ;
#1184 = VERTEX_POINT ( 'NONE', #2617 ) ;
#1185 = ORIENTED_EDGE ( 'NONE', *, *, #2485, .T. ) ;
#1186 = EDGE_CURVE ( 'NONE', #2326, #197, #835, .T. ) ;
#1187 = CARTESIAN_POINT ( 'NONE',  ( -93.49999999999998579, -20.00000000000000000, 9.170000000000007034 ) ) ;
#1188 = AXIS2_PLACEMENT_3D ( 'NONE', #1952, #184, #506 ) ;
#1189 = ADVANCED_FACE ( 'NONE', ( #2774 ), #2736, .T. ) ;
#1190 = EDGE_CURVE ( 'NONE', #2063, #1509, #1306, .T. ) ;
#1191 = ORIENTED_EDGE ( 'NONE', *, *, #343, .F. ) ;
#1192 = EDGE_CURVE ( 'NONE', #894, #947, #3005, .T. ) ;
#1193 = VECTOR ( 'NONE', #1027, 1000.000000000000000 ) ;
#1194 = CIRCLE ( 'NONE', #3629, 17.00000000000000711 ) ;
#1195 = LINE ( 'NONE', #390, #189 ) ;
#1196 = DIRECTION ( 'NONE',  ( 1.000000000000000000, 0.000000000000000000, -8.163404592832032733E-17 ) ) ;
#1197 = EDGE_LOOP ( 'NONE', ( #1826, #1455, #2582, #443 ) ) ;
#1198 = AXIS2_PLACEMENT_3D ( 'NONE', #2424, #2181, #673 ) ;
#1199 = CARTESIAN_POINT ( 'NONE',  ( -28.49999999999999645, -10.00000000000000000, -8.999999999999996447 ) ) ;
#1200 = CARTESIAN_POINT ( 'NONE',  ( -23.99999999999999645, -6.649999999999999467, -8.499999999999994671 ) ) ;
#1201 = LINE ( 'NONE', #1179, #911 ) ;
#1202 = EDGE_CURVE ( 'NONE', #1774, #2159, #2488, .T. ) ;
#1203 = LINE ( 'NONE', #2955, #2077 ) ;
#1204 = CARTESIAN_POINT ( 'NONE',  ( -63.89552684790057668, -0.5000000000000004441, 4.880434782608703337 ) ) ;
#1205 = LINE ( 'NONE', #915, #1423 ) ;
#1206 = CARTESIAN_POINT ( 'NONE',  ( -24.27321757834695148, -10.40709706914031152, 3.381005975093706706 ) ) ;
#1207 = ORIENTED_EDGE ( 'NONE', *, *, #2366, .T. ) ;
#1208 = ORIENTED_EDGE ( 'NONE', *, *, #2967, .T. ) ;
#1209 = CARTESIAN_POINT ( 'NONE',  ( -24.01924625598384111, -9.361886506485216586, 3.496163476831465111 ) ) ;
#1210 = VECTOR ( 'NONE', #2175, 1000.000000000000000 ) ;
#1211 = CIRCLE ( 'NONE', #3645, 20.00000000000000000 ) ;
#1212 = EDGE_LOOP ( 'NONE', ( #1634, #2291 ) ) ;
#1213 = CARTESIAN_POINT ( 'NONE',  ( -61.84805817705755260, -8.890079348011330040, 3.844091275960745513 ) ) ;
#1214 = PLANE ( 'NONE',  #1045 ) ;
#1215 = DIRECTION ( 'NONE',  ( -0.000000000000000000, -1.000000000000000000, -0.000000000000000000 ) ) ;
#1216 = ORIENTED_EDGE ( 'NONE', *, *, #936, .F. ) ;
#1217 = CARTESIAN_POINT ( 'NONE',  ( -56.90267909404864355, -11.78698068042947966, 1.195300990986182255 ) ) ;
#1218 = CARTESIAN_POINT ( 'NONE',  ( -56.45657799948183708, -12.21395712570547509, 1.699812053602084649 ) ) ;
#1219 = DIRECTION ( 'NONE',  ( -8.163404592832033966E-17, -0.000000000000000000, -1.000000000000000000 ) ) ;
#1220 = FACE_OUTER_BOUND ( 'NONE', #1076, .T. ) ;
#1221 = CIRCLE ( 'NONE', #2677, 5.000000000000000000 ) ;
#1222 = EDGE_CURVE ( 'NONE', #1262, #2047, #1568, .T. ) ;
#1223 = CARTESIAN_POINT ( 'NONE',  ( -88.05730441828258392, -18.25438799346218843, 4.462735984489173191 ) ) ;
#1224 = CARTESIAN_POINT ( 'NONE',  ( -89.99371866316981539, -0.2531263631218112486, -3.499999999999991118 ) ) ;
#1225 = CARTESIAN_POINT ( 'NONE',  ( -57.23843975706375176, -7.162203034069438701, 1.961551630175114580 ) ) ;
#1226 = CARTESIAN_POINT ( 'NONE',  ( -26.80926188684092537, -12.75427155897361864, 2.345332122374335082 ) ) ;
#1227 = ORIENTED_EDGE ( 'NONE', *, *, #3492, .T. ) ;
#1228 = EDGE_LOOP ( 'NONE', ( #2752, #2044, #2501, #135 ) ) ;
#1229 = VECTOR ( 'NONE', #1637, 1000.000000000000114 ) ;
#1230 = CARTESIAN_POINT ( 'NONE',  ( -29.74999999999999645, -10.00000000000000000, 0.6963113881947181616 ) ) ;
#1231 = ORIENTED_EDGE ( 'NONE', *, *, #1682, .F. ) ;
#1232 = CARTESIAN_POINT ( 'NONE',  ( -61.08232797230378708, -8.191030807000231562, 3.488580077166653304 ) ) ;
#1233 = CARTESIAN_POINT ( 'NONE',  ( -64.15000000000000568, 0.000000000000000000, 5.236824046301750484E-15 ) ) ;
#1234 = CIRCLE ( 'NONE', #3362, 0.4999999999999971689 ) ;
#1235 = DIRECTION ( 'NONE',  ( -1.000000000000000000, 0.000000000000000000, 8.163404592832033966E-17 ) ) ;
#1236 = EDGE_LOOP ( 'NONE', ( #2980, #2634, #3666, #3507 ) ) ;
#1237 = DIRECTION ( 'NONE',  ( -0.9437928583514338943, 0.3235038446397582867, 0.06782553374744167141 ) ) ;
#1238 = AXIS2_PLACEMENT_3D ( 'NONE', #3014, #3596, #1337 ) ;
#1239 = DIRECTION ( 'NONE',  ( 0.000000000000000000, -1.000000000000000000, -0.000000000000000000 ) ) ;
#1240 = CARTESIAN_POINT ( 'NONE',  ( -21.50000000000000000, -6.649999999999999467, -8.499999999999994671 ) ) ;
#1241 = CARTESIAN_POINT ( 'NONE',  ( -61.10935930794814652, -8.227629612046914787, 3.126785526371928636 ) ) ;
#1242 = DIRECTION ( 'NONE',  ( 3.546545773108138379E-15, 0.000000000000000000, 1.000000000000000000 ) ) ;
#1243 = CARTESIAN_POINT ( 'NONE',  ( -28.34476685942290430, -12.40543272512154260, 1.196890908502143303 ) ) ;
#1244 = ORIENTED_EDGE ( 'NONE', *, *, #1749, .T. ) ;
#1245 = ORIENTED_EDGE ( 'NONE', *, *, #1222, .F. ) ;
#1246 = DIRECTION ( 'NONE',  ( 0.000000000000000000, 0.000000000000000000, 1.000000000000000000 ) ) ;
#1247 = CARTESIAN_POINT ( 'NONE',  ( -102.7894020418907957, -13.32284355606744874, -5.067923148308457471 ) ) ;
#1248 = ORIENTED_EDGE ( 'NONE', *, *, #235, .F. ) ;
#1249 = CARTESIAN_POINT ( 'NONE',  ( -25.55991398157284422, -7.179932602235617800, 2.833469569067586846 ) ) ;
#1250 = CARTESIAN_POINT ( 'NONE',  ( -58.30705398401613593, -7.332867702401117960, 1.765730476797158666 ) ) ;
#1251 = FACE_OUTER_BOUND ( 'NONE', #3561, .T. ) ;
#1252 = CARTESIAN_POINT ( 'NONE',  ( -65.81081323375609315, -19.50000000000000000, 5.000000000000009770 ) ) ;
#1253 = VERTEX_POINT ( 'NONE', #1038 ) ;
#1254 = CARTESIAN_POINT ( 'NONE',  ( -102.6994347728238921, -1.372911219489302725, -5.125817565307640322 ) ) ;
#1255 = CARTESIAN_POINT ( 'NONE',  ( -26.99999999999999645, -10.00000000000000000, 8.000000000000005329 ) ) ;
#1256 = DIRECTION ( 'NONE',  ( 0.000000000000000000, -0.7071067811865469066, -0.7071067811865482389 ) ) ;
#1257 = CARTESIAN_POINT ( 'NONE',  ( -88.05658543753619938, -18.25451127396572204, 4.462644021575335351 ) ) ;
#1258 = CARTESIAN_POINT ( 'NONE',  ( -23.95567227325823723, -9.797508263734682643, 3.524966083374379888 ) ) ;
#1259 = CARTESIAN_POINT ( 'NONE',  ( -30.21639643529055874, -11.06201282477643488, 1.225384219769083183 ) ) ;
#1260 = ORIENTED_EDGE ( 'NONE', *, *, #2710, .T. ) ;
#1261 = AXIS2_PLACEMENT_3D ( 'NONE', #965, #2413, #3029 ) ;
#1262 = VERTEX_POINT ( 'NONE', #1013 ) ;
#1263 = CYLINDRICAL_SURFACE ( 'NONE', #527, 45.00000000000000711 ) ;
#1264 = CARTESIAN_POINT ( 'NONE',  ( -104.9937186631698438, -12.64282547009657875, -1.335225059110522583 ) ) ;
#1265 = EDGE_LOOP ( 'NONE', ( #2906, #2882, #1527, #414 ) ) ;
#1266 = CARTESIAN_POINT ( 'NONE',  ( -104.8512381933159645, -1.469338712088302801, -2.107387436029921179 ) ) ;
#1267 =( BOUNDED_CURVE ( )  B_SPLINE_CURVE ( 3, ( #2186, #2526, #773, #3104 ),
 .UNSPECIFIED., .F., .F. ) 
 B_SPLINE_CURVE_WITH_KNOTS ( ( 4, 4 ),
 ( 1.570796326794896558, 4.712388980384689674 ),
 .UNSPECIFIED. ) 
 CURVE ( )  GEOMETRIC_REPRESENTATION_ITEM ( )  RATIONAL_B_SPLINE_CURVE ( ( 1.000000000000000000, 0.3333333333333333703, 0.3333333333333333703, 1.000000000000000000 ) ) 
 REPRESENTATION_ITEM ( '' )  );
#1268 = CARTESIAN_POINT ( 'NONE',  ( -57.81240093327166818, -6.906576735811571943, 2.163912179327070362 ) ) ;
#1269 = FACE_OUTER_BOUND ( 'NONE', #2384, .T. ) ;
#1270 = CARTESIAN_POINT ( 'NONE',  ( -64.15000000000000568, -15.84999999999999964, -1.999999999999992228 ) ) ;
#1271 = ORIENTED_EDGE ( 'NONE', *, *, #791, .F. ) ;
#1272 = DIRECTION ( 'NONE',  ( 0.000000000000000000, 0.000000000000000000, 1.000000000000000000 ) ) ;
#1273 = CARTESIAN_POINT ( 'NONE',  ( -26.99999999999999645, -10.00000000000000000, 17.00000000000000000 ) ) ;
#1274 = CARTESIAN_POINT ( 'NONE',  ( -61.74999999999997868, -9.819820049506068571, 3.482014481449721810 ) ) ;
#1275 = DIRECTION ( 'NONE',  ( 0.000000000000000000, 1.000000000000000000, 0.000000000000000000 ) ) ;
#1276 = CARTESIAN_POINT ( 'NONE',  ( -29.62485035384288423, -10.84036765941852387, 1.394126985969254662 ) ) ;
#1277 = ORIENTED_EDGE ( 'NONE', *, *, #3110, .F. ) ;
#1278 = ORIENTED_EDGE ( 'NONE', *, *, #2935, .F. ) ;
#1279 = LINE ( 'NONE', #1300, #2717 ) ;
#1280 = CARTESIAN_POINT ( 'NONE',  ( -104.5728427269379210, -12.77268307967580263, -2.939813118705596473 ) ) ;
#1281 = ORIENTED_EDGE ( 'NONE', *, *, #3491, .T. ) ;
#1282 = ADVANCED_FACE ( 'NONE', ( #1918 ), #466, .T. ) ;
#1283 = CARTESIAN_POINT ( 'NONE',  ( -104.7247799753916837, -1.463669244389698365, -2.552230913691940106 ) ) ;
#1284 = CARTESIAN_POINT ( 'NONE',  ( -57.34978220692829609, -7.792770875605911307, 1.369093537045234177 ) ) ;
#1285 = CARTESIAN_POINT ( 'NONE',  ( -104.3184376298997620, -2.000000000000000000, 12.81717372436233227 ) ) ;
#1286 = FACE_OUTER_BOUND ( 'NONE', #565, .T. ) ;
#1287 = EDGE_LOOP ( 'NONE', ( #1922, #3286, #1616, #2460 ) ) ;
#1288 = CARTESIAN_POINT ( 'NONE',  ( -57.69473258018481232, -12.42626059071127109, 1.508213562464603363 ) ) ;
#1289 = DIRECTION ( 'NONE',  ( -1.000000000000000000, 0.000000000000000000, 0.000000000000000000 ) ) ;
#1290 = CARTESIAN_POINT ( 'NONE',  ( -61.72421923257471832, -9.576199739733885608, 3.784446492323700895 ) ) ;
#1291 = DIRECTION ( 'NONE',  ( 0.000000000000000000, -0.000000000000000000, -1.000000000000000000 ) ) ;
#1292 = CIRCLE ( 'NONE', #3729, 1.499999999999997113 ) ;
#1293 = CARTESIAN_POINT ( 'NONE',  ( -59.09066065227938225, -13.24491378096613481, 2.646461445579404881 ) ) ;
#1294 = CARTESIAN_POINT ( 'NONE',  ( -28.56173640041961903, -12.93760645696275802, 1.731480885572173500 ) ) ;
#1295 = DIRECTION ( 'NONE',  ( 0.000000000000000000, 0.000000000000000000, 1.000000000000000000 ) ) ;
#1296 = VERTEX_POINT ( 'NONE', #2120 ) ;
#1297 = ORIENTED_EDGE ( 'NONE', *, *, #1344, .F. ) ;
#1298 = AXIS2_PLACEMENT_3D ( 'NONE', #1678, #589, #263 ) ;
#1299 = VECTOR ( 'NONE', #3267, 1000.000000000000000 ) ;
#1300 = CARTESIAN_POINT ( 'NONE',  ( -64.15000000000000568, -19.09999999999999787, -5.249999999999991118 ) ) ;
#1301 = EDGE_CURVE ( 'NONE', #35, #3432, #2163, .T. ) ;
#1302 = CARTESIAN_POINT ( 'NONE',  ( -103.5846233315380260, -13.07752441959724976, -4.400828003807983890 ) ) ;
#1303 = EDGE_CURVE ( 'NONE', #3089, #2542, #2793, .T. ) ;
#1304 = ORIENTED_EDGE ( 'NONE', *, *, #2989, .F. ) ;
#1305 = EDGE_CURVE ( 'NONE', #3009, #1572, #3282, .T. ) ;
#1306 = LINE ( 'NONE', #2481, #662 ) ;
#1307 = ADVANCED_FACE ( 'NONE', ( #755 ), #1903, .T. ) ;
#1308 = ADVANCED_FACE ( 'NONE', ( #1965 ), #1930, .T. ) ;
#1309 = CARTESIAN_POINT ( 'NONE',  ( -104.5974735599417329, -13.13582092000343771, -1.667497889151870361 ) ) ;
#1310 = DIRECTION ( 'NONE',  ( -0.9437928583514340053, 0.3235038446397581757, 0.06782553374744168528 ) ) ;
#1311 = ADVANCED_FACE ( 'NONE', ( #896 ), #1511, .T. ) ;
#1312 = DIRECTION ( 'NONE',  ( -1.000000000000000000, 0.000000000000000000, 0.000000000000000000 ) ) ;
#1313 = VERTEX_POINT ( 'NONE', #1230 ) ;
#1314 = DIRECTION ( 'NONE',  ( -0.000000000000000000, -1.000000000000000000, -0.000000000000000000 ) ) ;
#1315 = DIRECTION ( 'NONE',  ( 1.000000000000000000, -0.000000000000000000, -0.000000000000000000 ) ) ;
#1316 = AXIS2_PLACEMENT_3D ( 'NONE', #3574, #1580, #129 ) ;
#1317 = CARTESIAN_POINT ( 'NONE',  ( -88.28459187040624556, -18.21543466719374749, 4.466567690969308835 ) ) ;
#1318 = ADVANCED_FACE ( 'NONE', ( #942 ), #3582, .T. ) ;
#1319 = CARTESIAN_POINT ( 'NONE',  ( -27.97244356699415846, -13.15419955613213432, 1.928797764385007829 ) ) ;
#1320 = DIRECTION ( 'NONE',  ( -1.000000000000000000, 0.000000000000000000, -8.672384569055758038E-16 ) ) ;
#1321 = ORIENTED_EDGE ( 'NONE', *, *, #2653, .F. ) ;
#1322 = FACE_OUTER_BOUND ( 'NONE', #1287, .T. ) ;
#1323 = CARTESIAN_POINT ( 'NONE',  ( -104.9937186631698154, -12.64282768913240673, -0.9211653402171546823 ) ) ;
#1324 = EDGE_LOOP ( 'NONE', ( #1831, #3457, #3663, #3132, #578 ) ) ;
#1325 = CARTESIAN_POINT ( 'NONE',  ( -103.6715540592729781, -1.416474227405406738, -4.308515026346626087 ) ) ;
#1326 = CARTESIAN_POINT ( 'NONE',  ( -84.93339980786858234, -0.4999999999999995559, -7.495624328417414439 ) ) ;
#1327 = FACE_OUTER_BOUND ( 'NONE', #3599, .T. ) ;
#1328 = DIRECTION ( 'NONE',  ( 0.000000000000000000, 0.000000000000000000, -1.000000000000000000 ) ) ;
#1329 = ORIENTED_EDGE ( 'NONE', *, *, #397, .F. ) ;
#1330 = CARTESIAN_POINT ( 'NONE',  ( -56.25000000000002842, -10.17762978514854311, 0.9543786816630811520 ) ) ;
#1331 = DIRECTION ( 'NONE',  ( 0.9961998925413111383, 0.04960236245333266014, -0.07159175748456310384 ) ) ;
#1333 = CARTESIAN_POINT ( 'NONE',  ( -101.6853553323284416, -0.8352713764653397766, -5.199848737081601335 ) ) ;
#1332 = VECTOR ( 'NONE', #3765, 1000.000000000000000 ) ;
#1334 = AXIS2_PLACEMENT_3D ( 'NONE', #2751, #2404, #1571 ) ;
#1335 = LINE ( 'NONE', #1086, #1193 ) ;
#1336 = CARTESIAN_POINT ( 'NONE',  ( -88.23058691029656586, -18.22469070170609839, 4.471272407817894035 ) ) ;
#1337 = DIRECTION ( 'NONE',  ( 0.000000000000000000, 0.000000000000000000, 1.000000000000000000 ) ) ;
#1338 = CARTESIAN_POINT ( 'NONE',  ( -104.2831398223455892, -1.443880872494021528, -3.498796470441472461 ) ) ;
#1339 = EDGE_CURVE ( 'NONE', #447, #881, #2695, .T. ) ;
#1340 = ADVANCED_FACE ( 'NONE', ( #693 ), #2443, .F. ) ;
#1341 = EDGE_LOOP ( 'NONE', ( #266, #1271 ) ) ;
#1342 = VERTEX_POINT ( 'NONE', #1615 ) ;
#1343 = ORIENTED_EDGE ( 'NONE', *, *, #3637, .T. ) ;
#1344 = EDGE_CURVE ( 'NONE', #2808, #1878, #543, .T. ) ;
#1345 = CARTESIAN_POINT ( 'NONE',  ( -104.5031749602196243, -1.453739954427779590, -3.081618050036958767 ) ) ;
#1346 = DIRECTION ( 'NONE',  ( -1.000000000000000000, 0.000000000000000000, 0.000000000000000000 ) ) ;
#1347 = CARTESIAN_POINT ( 'NONE',  ( -102.6994347728238921, -20.00000000000000000, -5.125817565307640322 ) ) ;
#1348 = DIRECTION ( 'NONE',  ( -0.07167999231555083339, 0.000000000000000000, -0.9974276809381433795 ) ) ;
#1349 = ORIENTED_EDGE ( 'NONE', *, *, #3226, .F. ) ;
#1350 = ADVANCED_FACE ( 'NONE', ( #974 ), #1026, .T. ) ;
#1351 = B_SPLINE_CURVE_WITH_KNOTS ( 'NONE', 3,
 ( #2314, #901, #3176, #833, #867, #2333 ),
 .UNSPECIFIED., .F., .F.,
 ( 4, 2, 4 ),
 ( 0.009077510333417793814, 0.009349704469852209571, 0.009621898606286625327 ),
 .UNSPECIFIED. ) ;
#1352 = VECTOR ( 'NONE', #1320, 1000.000000000000000 ) ;
#1353 = CARTESIAN_POINT ( 'NONE',  ( -79.99371866316981539, 0.000000000000000000, -2.499999999999991118 ) ) ;
#1354 = AXIS2_PLACEMENT_3D ( 'NONE', #1353, #1951, #3371 ) ;
#1355 = CARTESIAN_POINT ( 'NONE',  ( -84.51565491917941131, -20.00000000000000000, 2.227776055649793641 ) ) ;
#1356 = FACE_OUTER_BOUND ( 'NONE', #3490, .T. ) ;
#1357 = DIRECTION ( 'NONE',  ( 0.000000000000000000, 1.000000000000000000, 0.000000000000000000 ) ) ;
#1358 = CARTESIAN_POINT ( 'NONE',  ( -61.46831547859514444, -11.22605806307290699, 3.323748854097092753 ) ) ;
#1359 = CARTESIAN_POINT ( 'NONE',  ( -24.24999999999999645, -10.00000000000094857, 3.069224771916217342 ) ) ;
#1360 = CARTESIAN_POINT ( 'NONE',  ( -84.72073151721129136, -0.3333601831262605342, 2.701641166184813869 ) ) ;
#1361 = CIRCLE ( 'NONE', #685, 0.4999999999999995559 ) ;
#1362 = EDGE_CURVE ( 'NONE', #3195, #2857, #1916, .T. ) ;
#1363 = DIRECTION ( 'NONE',  ( 0.000000000000000000, 0.000000000000000000, 1.000000000000000000 ) ) ;
#1364 = VECTOR ( 'NONE', #2711, 1000.000000000000114 ) ;
#1365 = EDGE_CURVE ( 'NONE', #579, #3278, #1567, .T. ) ;
#1366 = CARTESIAN_POINT ( 'NONE',  ( -100.1002569745736110, -14.21531468626141326, -6.496416561217577268 ) ) ;
#1367 = ORIENTED_EDGE ( 'NONE', *, *, #371, .F. ) ;
#1368 = AXIS2_PLACEMENT_3D ( 'NONE', #2052, #2590, #874 ) ;
#1369 = VERTEX_POINT ( 'NONE', #2425 ) ;
#1370 = CARTESIAN_POINT ( 'NONE',  ( -29.72874171710256164, -9.611565668641643967, 0.7033529153702358094 ) ) ;
#1371 = CARTESIAN_POINT ( 'NONE',  ( -103.3231658361645771, -13.57261533336245130, -4.123220616274148043 ) ) ;
#1372 = DIRECTION ( 'NONE',  ( 0.1434628159134319625, -0.000000000000000000, 0.9896557080369863257 ) ) ;
#1373 = ORIENTED_EDGE ( 'NONE', *, *, #113, .F. ) ;
#1374 = CARTESIAN_POINT ( 'NONE',  ( -102.6994347728238921, -1.372911219489302725, -5.125817565307640322 ) ) ;
#1375 = CARTESIAN_POINT ( 'NONE',  ( -84.40323697546158144, -20.00000000000000000, 2.226431729682357030 ) ) ;
#1376 = ORIENTED_EDGE ( 'NONE', *, *, #235, .T. ) ;
#1377 = CARTESIAN_POINT ( 'NONE',  ( -30.36021828051850591, -9.540227458367541047, 1.184687781174422749 ) ) ;
#1378 = CARTESIAN_POINT ( 'NONE',  ( -61.69872002347361928, -10.52859269281987409, 3.452974824908512819 ) ) ;
#1379 = CARTESIAN_POINT ( 'NONE',  ( -84.71789038406360817, -0.4167153086819079255, 2.789987239140780950 ) ) ;
#1380 = CARTESIAN_POINT ( 'NONE',  ( -87.99293698118316343, -0.6589729406671362977, 4.452290098415713437 ) ) ;
#1381 = TOROIDAL_SURFACE ( 'NONE', #3497, 0.4999999999999971689, 1.000000000000000000 ) ;
#1382 = DIRECTION ( 'NONE',  ( 0.000000000000000000, 1.000000000000000000, 0.000000000000000000 ) ) ;
#1383 = VECTOR ( 'NONE', #2870, 1000.000000000000000 ) ;
#1384 = FACE_OUTER_BOUND ( 'NONE', #3428, .T. ) ;
#1385 = VECTOR ( 'NONE', #1620, 1000.000000000000000 ) ;
#1386 = ORIENTED_EDGE ( 'NONE', *, *, #2143, .F. ) ;
#1387 = CARTESIAN_POINT ( 'NONE',  ( -55.77200069506404390, -8.943260180124145364, 1.483748715504565219 ) ) ;
#1388 = ORIENTED_EDGE ( 'NONE', *, *, #2399, .T. ) ;
#1389 = DIRECTION ( 'NONE',  ( -0.2932196852109046903, -0.6586368154860144930, 0.6929789040737530659 ) ) ;
#1390 = DIRECTION ( 'NONE',  ( 0.000000000000000000, 1.000000000000000000, 0.000000000000000000 ) ) ;
#1391 = ORIENTED_EDGE ( 'NONE', *, *, #2937, .T. ) ;
#1392 = DIRECTION ( 'NONE',  ( -0.1922005105507149925, 0.9796093145771651578, 0.05851969358858198633 ) ) ;
#1393 = VECTOR ( 'NONE', #3160, 1000.000000000000114 ) ;
#1394 = CARTESIAN_POINT ( 'NONE',  ( -61.38053709524542256, -11.38863802836090322, 3.275026469902069692 ) ) ;
#1395 = FACE_OUTER_BOUND ( 'NONE', #1993, .T. ) ;
#1396 = DIRECTION ( 'NONE',  ( -0.000000000000000000, 1.000000000000000000, 0.000000000000000000 ) ) ;
#1397 = DIRECTION ( 'NONE',  ( -4.625929269271483942E-16, 0.000000000000000000, -1.000000000000000000 ) ) ;
#1398 = CARTESIAN_POINT ( 'NONE',  ( -18.35247065561925695, -4.150000000000000355, -8.499999999999994671 ) ) ;
#1399 = B_SPLINE_CURVE_WITH_KNOTS ( 'NONE', 1,
 ( #3456, #2349 ),
 .UNSPECIFIED., .F., .F.,
 ( 2, 2 ),
 ( 0.000000000000000000, 1.000000000000000000 ),
 .UNSPECIFIED. ) ;
#1400 = EDGE_LOOP ( 'NONE', ( #519, #435, #1917, #1953, #2444 ) ) ;
#1401 = ORIENTED_EDGE ( 'NONE', *, *, #758, .T. ) ;
#1402 = CARTESIAN_POINT ( 'NONE',  ( -29.54003876450846633, -7.792963827070642502, 1.423802699236120128 ) ) ;
#1403 = CARTESIAN_POINT ( 'NONE',  ( -61.67601051867747941, -8.494447722920591914, 3.762906298297729268 ) ) ;
#1404 = ORIENTED_EDGE ( 'NONE', *, *, #2485, .F. ) ;
#1405 = AXIS2_PLACEMENT_3D ( 'NONE', #2681, #2724, #2149 ) ;
#1406 = DIRECTION ( 'NONE',  ( 0.000000000000000000, 0.000000000000000000, 1.000000000000000000 ) ) ;
#1407 = CARTESIAN_POINT ( 'NONE',  ( -84.45944638583877406, -20.00000000000000000, 2.226994532316707076 ) ) ;
#1408 = ORIENTED_EDGE ( 'NONE', *, *, #1866, .T. ) ;
#1409 = B_SPLINE_CURVE_WITH_KNOTS ( 'NONE', 3,
 ( #328, #45, #1844, #726, #1802, #48, #1582, #1004, #1223, #1257, #3538, #932, #2417, #2687, #3333, #2974, #3576, #2092, #968, #666 ),
 .UNSPECIFIED., .F., .F.,
 ( 4, 2, 2, 1, 2, 2, 2, 1, 2, 2, 4 ),
 ( 0.1527099612086521285, 0.2586212160577620045, 0.3115768434822853705, 0.3380546571945864942, 0.3512935640507385271, 0.3645324709068905045, 0.4704437257559390684, 0.5233993531804326249, 0.5498771668926457634, 0.5763549806048587909, 1.000000000000000000 ),
 .UNSPECIFIED. ) ;
#1410 = AXIS2_PLACEMENT_3D ( 'NONE', #1437, #2592, #1310 ) ;
#1411 = CARTESIAN_POINT ( 'NONE',  ( -24.76280111768183545, -7.837308684831811867, 3.167732460647804338 ) ) ;
#1412 = DIRECTION ( 'NONE',  ( -7.575620348129778241E-17, 0.000000000000000000, -1.000000000000000000 ) ) ;
#1413 = LINE ( 'NONE', #2805, #12 ) ;
#1414 = CARTESIAN_POINT ( 'NONE',  ( -84.73177159908605915, 0.000000000000000000, 2.348671807428077241 ) ) ;
#1415 = FACE_OUTER_BOUND ( 'NONE', #998, .T. ) ;
#1416 = DIRECTION ( 'NONE',  ( 0.000000000000000000, 0.000000000000000000, -1.000000000000000000 ) ) ;
#1417 = CARTESIAN_POINT ( 'NONE',  ( -84.53563837273497938, -0.4959354086141758988, 2.814442561663196951 ) ) ;
#1418 = ORIENTED_EDGE ( 'NONE', *, *, #3717, .T. ) ;
#1419 = EDGE_LOOP ( 'NONE', ( #1480, #3295, #1964, #23, #176 ) ) ;
#1420 = EDGE_CURVE ( 'NONE', #925, #1813, #2972, .T. ) ;
#1421 = CARTESIAN_POINT ( 'NONE',  ( -30.20483827643097996, -8.904386940049093369, 1.228676121857183778 ) ) ;
#1422 = EDGE_CURVE ( 'NONE', #98, #2243, #1748, .T. ) ;
#1423 = VECTOR ( 'NONE', #2669, 1000.000000000000114 ) ;
#1424 = CARTESIAN_POINT ( 'NONE',  ( -61.84883090900598290, -8.892434969396187938, 3.844459512956008851 ) ) ;
#1425 = ORIENTED_EDGE ( 'NONE', *, *, #3162, .F. ) ;
#1426 = EDGE_CURVE ( 'NONE', #325, #1967, #2509, .T. ) ;
#1427 = CARTESIAN_POINT ( 'NONE',  ( -84.40323697546158144, -20.00000000000000000, 2.226431729682357030 ) ) ;
#1428 = FACE_OUTER_BOUND ( 'NONE', #3728, .T. ) ;
#1429 = ORIENTED_EDGE ( 'NONE', *, *, #3491, .F. ) ;
#1430 = CARTESIAN_POINT ( 'NONE',  ( -29.66423324707821862, -9.296041738466897186, 0.7248984160679626809 ) ) ;
#1431 = CARTESIAN_POINT ( 'NONE',  ( -1.052306170986301304, 4.175406718019540442, -8.836262306335218142 ) ) ;
#1432 = CARTESIAN_POINT ( 'NONE',  ( -55.62326097351931509, -9.590246756768447511, 1.438406035147624440 ) ) ;
#1433 = LINE ( 'NONE', #605, #1709 ) ;
#1434 = EDGE_CURVE ( 'NONE', #808, #1874, #863, .T. ) ;
#1435 = LINE ( 'NONE', #1142, #2761 ) ;
#1436 = CARTESIAN_POINT ( 'NONE',  ( -104.6769619860557583, -1.142802728797932543, -0.9211653402171590121 ) ) ;
#1437 = CARTESIAN_POINT ( 'NONE',  ( -106.0540568769425818, -12.63654790800905481, -5.488153073170158436 ) ) ;
#1438 = VERTEX_POINT ( 'NONE', #2791 ) ;
#1439 = ORIENTED_EDGE ( 'NONE', *, *, #3341, .T. ) ;
#1440 =( BOUNDED_CURVE ( )  B_SPLINE_CURVE ( 3, ( #2536, #3694, #1089, #2871 ),
 .UNSPECIFIED., .F., .F. ) 
 B_SPLINE_CURVE_WITH_KNOTS ( ( 4, 4 ),
 ( 1.570796326794896558, 4.712388980384689674 ),
 .UNSPECIFIED. ) 
 CURVE ( )  GEOMETRIC_REPRESENTATION_ITEM ( )  RATIONAL_B_SPLINE_CURVE ( ( 1.000000000000000000, 0.3333333333333333703, 0.3333333333333333703, 1.000000000000000000 ) ) 
 REPRESENTATION_ITEM ( '' )  );
#1441 = DIRECTION ( 'NONE',  ( -7.575620348129778241E-17, 0.000000000000000000, -1.000000000000000000 ) ) ;
#1442 = ORIENTED_EDGE ( 'NONE', *, *, #1434, .F. ) ;
#1443 = CARTESIAN_POINT ( 'NONE',  ( -60.50000000000000000, -10.00000000000000000, -8.999999999999992895 ) ) ;
#1444 = CARTESIAN_POINT ( 'NONE',  ( -89.99371866316981539, 1.000000000000000000, -1.499999999999996447 ) ) ;
#1445 = VERTEX_POINT ( 'NONE', #174 ) ;
#1446 = CARTESIAN_POINT ( 'NONE',  ( -65.81081323375609315, -0.5000000000000003331, 5.000000000000009770 ) ) ;
#1447 = DIRECTION ( 'NONE',  ( 0.000000000000000000, -1.000000000000000000, -0.000000000000000000 ) ) ;
#1448 = CARTESIAN_POINT ( 'NONE',  ( -61.97366676070343061, -10.62470045515076045, 3.904041035623806444 ) ) ;
#1449 = DIRECTION ( 'NONE',  ( 4.625929269271483942E-16, 0.000000000000000000, 1.000000000000000000 ) ) ;
#1450 = CARTESIAN_POINT ( 'NONE',  ( -23.99999999999999289, 0.000000000000000000, -1.999999999999995781 ) ) ;
#1451 = EDGE_CURVE ( 'NONE', #2857, #993, #3445, .T. ) ;
#1452 = CARTESIAN_POINT ( 'NONE',  ( -56.33768353619382907, -10.71272608259357995, 1.656891405856743438 ) ) ;
#1453 = CARTESIAN_POINT ( 'NONE',  ( -23.99999999999999645, -4.649999999999999467, -8.999999999999996447 ) ) ;
#1454 = ADVANCED_FACE ( 'NONE', ( #2218 ), #3476, .F. ) ;
#1455 = ORIENTED_EDGE ( 'NONE', *, *, #2085, .T. ) ;
#1456 = ORIENTED_EDGE ( 'NONE', *, *, #2933, .T. ) ;
#1457 = CARTESIAN_POINT ( 'NONE',  ( -24.12680677663313134, -8.934687616272222854, 3.447602472103787452 ) ) ;
#1458 = ORIENTED_EDGE ( 'NONE', *, *, #3162, .T. ) ;
#1459 = CARTESIAN_POINT ( 'NONE',  ( -88.28459187040624556, -0.6662335584643965802, 4.466567690969308835 ) ) ;
#1460 = LINE ( 'NONE', #2881, #844 ) ;
#1461 = ORIENTED_EDGE ( 'NONE', *, *, #1451, .F. ) ;
#1462 = ADVANCED_FACE ( 'NONE', ( #2288 ), #1632, .T. ) ;
#1463 = CARTESIAN_POINT ( 'NONE',  ( -65.81081323375609315, -19.50000000000000000, 5.000000000000010658 ) ) ;
#1464 = CARTESIAN_POINT ( 'NONE',  ( -89.99371866316981539, 1.000000000000000000, -1.999999999999993561 ) ) ;
#1465 = CARTESIAN_POINT ( 'NONE',  ( -61.60398820921832908, -11.63721239245474948, 3.729088395482402341 ) ) ;
#1466 = CARTESIAN_POINT ( 'NONE',  ( -65.81081323375609315, 0.000000000000000000, 4.000000000000010658 ) ) ;
#1467 = FACE_OUTER_BOUND ( 'NONE', #2945, .T. ) ;
#1468 = CARTESIAN_POINT ( 'NONE',  ( -64.15000000000000568, 0.000000000000000000, -1.999999999999992673 ) ) ;
#1469 = ADVANCED_FACE ( 'NONE', ( #3380 ), #374, .T. ) ;
#1470 = ADVANCED_FACE ( 'NONE', ( #2575 ), #247, .F. ) ;
#1471 = LINE ( 'NONE', #1453, #857 ) ;
#1472 = ORIENTED_EDGE ( 'NONE', *, *, #339, .F. ) ;
#1473 = ORIENTED_EDGE ( 'NONE', *, *, #905, .F. ) ;
#1474 = ADVANCED_FACE ( 'NONE', ( #1384 ), #347, .T. ) ;
#1475 = CARTESIAN_POINT ( 'NONE',  ( -24.30352777969215694, -9.460057813179798103, 3.040565293240703681 ) ) ;
#1476 = ORIENTED_EDGE ( 'NONE', *, *, #3767, .T. ) ;
#1477 = EDGE_CURVE ( 'NONE', #917, #2740, #824, .T. ) ;
#1478 = CARTESIAN_POINT ( 'NONE',  ( -87.95617106911241478, -0.1516736576627386868, 3.900527826669809794 ) ) ;
#1479 = CARTESIAN_POINT ( 'NONE',  ( -89.99371866316981539, 0.000000000000000000, -3.499999999999991118 ) ) ;
#1480 = ORIENTED_EDGE ( 'NONE', *, *, #780, .F. ) ;
#1481 = VECTOR ( 'NONE', #855, 1000.000000000000114 ) ;
#1482 = CIRCLE ( 'NONE', #2084, 17.00000000000000711 ) ;
#1483 = DIRECTION ( 'NONE',  ( -8.163404592832032733E-17, 0.000000000000000000, -1.000000000000000000 ) ) ;
#1484 = CARTESIAN_POINT ( 'NONE',  ( -55.60312706627626511, -9.812140638200702369, 1.432324599365151441 ) ) ;
#1485 = CARTESIAN_POINT ( 'NONE',  ( -86.73957720462043142, -18.64854686427620223, 3.803928211697106487 ) ) ;
#1486 = LINE ( 'NONE', #1522, #1838 ) ;
#1487 = CARTESIAN_POINT ( 'NONE',  ( -56.32498152629786858, -12.06125946747072142, 1.657413060288790874 ) ) ;
#1488 = DIRECTION ( 'NONE',  ( 0.000000000000000000, 1.000000000000000000, 0.000000000000000000 ) ) ;
#1489 = CARTESIAN_POINT ( 'NONE',  ( -24.84637954568919938, -11.71960440737131215, 2.756230284754374704 ) ) ;
#1490 = ORIENTED_EDGE ( 'NONE', *, *, #3330, .F. ) ;
#1491 = ORIENTED_EDGE ( 'NONE', *, *, #2147, .F. ) ;
#1492 = CARTESIAN_POINT ( 'NONE',  ( -27.65530030733832234, -7.323400812613889421, 1.468107660348381360 ) ) ;
#1493 = VECTOR ( 'NONE', #1559, 1000.000000000000000 ) ;
#1494 = ORIENTED_EDGE ( 'NONE', *, *, #91, .F. ) ;
#1495 = B_SPLINE_CURVE_WITH_KNOTS ( 'NONE', 1,
 ( #1317, #1867 ),
 .UNSPECIFIED., .F., .F.,
 ( 2, 2 ),
 ( 0.000000000000000000, 1.000000000000000000 ),
 .UNSPECIFIED. ) ;
#1496 = AXIS2_PLACEMENT_3D ( 'NONE', #2914, #3747, #888 ) ;
#1497 = AXIS2_PLACEMENT_3D ( 'NONE', #274, #586, #3233 ) ;
#1498 = CARTESIAN_POINT ( 'NONE',  ( -57.65251620409733846, -7.590050668335346806, 2.106146287972025632 ) ) ;
#1499 = DIRECTION ( 'NONE',  ( 0.000000000000000000, -0.000000000000000000, 1.000000000000000000 ) ) ;
#1500 = DIRECTION ( 'NONE',  ( 0.000000000000000000, 1.000000000000000000, 0.000000000000000000 ) ) ;
#1501 = ADVANCED_FACE ( 'NONE', ( #807, #3682, #2809 ), #3115, .T. ) ;
#1502 = ORIENTED_EDGE ( 'NONE', *, *, #3643, .F. ) ;
#1503 = CARTESIAN_POINT ( 'NONE',  ( -87.67490837539854454, -18.31992526219221418, 4.329783245531522162 ) ) ;
#1504 = DIRECTION ( 'NONE',  ( -1.000000000000000000, 0.000000000000000000, 0.000000000000000000 ) ) ;
#1505 = CARTESIAN_POINT ( 'NONE',  ( -64.15000000000000568, 5.545013348348540205, -1.999999999999992228 ) ) ;
#1506 = DIRECTION ( 'NONE',  ( -0.9974276809381433795, 0.000000000000000000, 0.07167999231555084727 ) ) ;
#1507 = CARTESIAN_POINT ( 'NONE',  ( -42.55799999999999272, -0.5000000000000004441, 44.50000000000000711 ) ) ;
#1508 = CARTESIAN_POINT ( 'NONE',  ( -24.65374831870159866, -12.03225975508373580, 3.214953028578707350 ) ) ;
#1509 = VERTEX_POINT ( 'NONE', #1649 ) ;
#1510 = ORIENTED_EDGE ( 'NONE', *, *, #2118, .F. ) ;
#1511 = CYLINDRICAL_SURFACE ( 'NONE', #3647, 17.00000000000000711 ) ;
#1512 = AXIS2_PLACEMENT_3D ( 'NONE', #1625, #2782, #1331 ) ;
#1513 = ORIENTED_EDGE ( 'NONE', *, *, #239, .F. ) ;
#1514 = VECTOR ( 'NONE', #2282, 1000.000000000000000 ) ;
#1515 = B_SPLINE_CURVE_WITH_KNOTS ( 'NONE', 3,
 ( #488, #149, #1640, #1968 ),
 .UNSPECIFIED., .F., .F.,
 ( 4, 4 ),
 ( 0.000000000000000000, 1.000000000000000000 ),
 .UNSPECIFIED. ) ;
#1516 = CARTESIAN_POINT ( 'NONE',  ( -58.12828231175310378, -7.379352276999232352, 2.278964124392393487 ) ) ;
#1517 = CARTESIAN_POINT ( 'NONE',  ( -88.29204733909682545, -18.72483128838777233, 3.970738001128114814 ) ) ;
#1518 = DIRECTION ( 'NONE',  ( -1.000000000000000000, 0.000000000000000000, 0.000000000000000000 ) ) ;
#1519 = ORIENTED_EDGE ( 'NONE', *, *, #3735, .T. ) ;
#1520 = CARTESIAN_POINT ( 'NONE',  ( -101.9945471081422568, -1.338846925999241266, -5.579416533242376630 ) ) ;
#1521 = CARTESIAN_POINT ( 'NONE',  ( -84.96891722566843441, -12.00000000000000000, -1.066874950121234455 ) ) ;
#1522 = CARTESIAN_POINT ( 'NONE',  ( -64.36969411118725759, -19.50000000000000000, 5.000000000000011546 ) ) ;
#1523 = AXIS2_PLACEMENT_3D ( 'NONE', #3443, #1943, #3128 ) ;
#1524 = CARTESIAN_POINT ( 'NONE',  ( -56.33581587935607615, -9.295383667191192245, 0.9852114798414434160 ) ) ;
#1525 = FACE_OUTER_BOUND ( 'NONE', #289, .T. ) ;
#1526 = CARTESIAN_POINT ( 'NONE',  ( -24.42117488367249578, -10.97520264084200647, 3.315542208638598165 ) ) ;
#1527 = ORIENTED_EDGE ( 'NONE', *, *, #1164, .T. ) ;
#1528 = ORIENTED_EDGE ( 'NONE', *, *, #1301, .T. ) ;
#1529 = FACE_OUTER_BOUND ( 'NONE', #2998, .T. ) ;
#1530 = VECTOR ( 'NONE', #485, 1000.000000000000000 ) ;
#1531 = AXIS2_PLACEMENT_3D ( 'NONE', #3388, #1314, #1044 ) ;
#1532 = CARTESIAN_POINT ( 'NONE',  ( -104.9937186631698154, -16.43476578933273302, -0.9111296635480994333 ) ) ;
#1533 = VERTEX_POINT ( 'NONE', #3101 ) ;
#1534 = CARTESIAN_POINT ( 'NONE',  ( -29.73239774719028006, -9.642650619187424610, 0.7021418699943628994 ) ) ;
#1535 = CARTESIAN_POINT ( 'NONE',  ( -60.67312369580164955, -7.806016874973187747, 3.306310097088976274 ) ) ;
#1536 = CARTESIAN_POINT ( 'NONE',  ( -88.09343134964399269, -18.79291088406001364, 3.900527826669825338 ) ) ;
#1537 = VECTOR ( 'NONE', #1092, 1000.000000000000000 ) ;
#1538 = DIRECTION ( 'NONE',  ( 0.000000000000000000, 0.000000000000000000, -1.000000000000000000 ) ) ;
#1539 = ORIENTED_EDGE ( 'NONE', *, *, #1971, .F. ) ;
#1540 = DIRECTION ( 'NONE',  ( 0.000000000000000000, 1.000000000000000000, 0.000000000000000000 ) ) ;
#1541 = VECTOR ( 'NONE', #3134, 999.9999999999998863 ) ;
#1542 = DIRECTION ( 'NONE',  ( -1.000000000000000000, 0.000000000000000000, 0.000000000000000000 ) ) ;
#1543 = CARTESIAN_POINT ( 'NONE',  ( -89.99371866316981539, 1.000000000000000000, -1.999999999999993561 ) ) ;
#1544 = ADVANCED_FACE ( 'NONE', ( #480 ), #1664, .F. ) ;
#1545 = CARTESIAN_POINT ( 'NONE',  ( -61.21475686901617053, -8.361007899043110925, 3.184115659826836531 ) ) ;
#1546 = DIRECTION ( 'NONE',  ( 0.000000000000000000, 1.000000000000000000, 0.000000000000000000 ) ) ;
#1547 = CARTESIAN_POINT ( 'NONE',  ( -99.99371866316980118, -20.00000000000000000, -0.9211653402171546823 ) ) ;
#1548 = EDGE_LOOP ( 'NONE', ( #360, #634 ) ) ;
#1549 = EDGE_LOOP ( 'NONE', ( #301, #3017, #540, #2644 ) ) ;
#1550 = CARTESIAN_POINT ( 'NONE',  ( -104.8256619550736275, -12.69467215336492671, -2.207656632148382592 ) ) ;
#1551 = VERTEX_POINT ( 'NONE', #1984 ) ;
#1552 = DIRECTION ( 'NONE',  ( -0.000000000000000000, 1.000000000000000000, 0.000000000000000000 ) ) ;
#1553 = CARTESIAN_POINT ( 'NONE',  ( -59.85624706081554791, -7.380968017732207898, 2.480326776099400110 ) ) ;
#1554 = CARTESIAN_POINT ( 'NONE',  ( -69.99371866316981539, 0.000000000000000000, -1.499999999999996447 ) ) ;
#1555 = FACE_OUTER_BOUND ( 'NONE', #3314, .T. ) ;
#1556 = VERTEX_POINT ( 'NONE', #3148 ) ;
#1557 = LINE ( 'NONE', #3573, #2784 ) ;
#1558 = CIRCLE ( 'NONE', #1075, 0.4999999999999971689 ) ;
#1559 = DIRECTION ( 'NONE',  ( 0.000000000000000000, 1.000000000000000000, 0.000000000000000000 ) ) ;
#1560 = DIRECTION ( 'NONE',  ( -0.000000000000000000, -0.000000000000000000, -1.000000000000000000 ) ) ;
#1561 = CARTESIAN_POINT ( 'NONE',  ( -60.87805962685591510, -7.984166296517911654, 3.002771060097082056 ) ) ;
#1562 = CARTESIAN_POINT ( 'NONE',  ( -24.78124146584000442, -12.18369245825435776, 3.159786596699031502 ) ) ;
#1563 = CARTESIAN_POINT ( 'NONE',  ( -102.5909884267188943, -13.82358375807356765, -4.705352342798645005 ) ) ;
#1564 = EDGE_CURVE ( 'NONE', #2740, #2577, #537, .T. ) ;
#1565 = VERTEX_POINT ( 'NONE', #2379 ) ;
#1566 = VERTEX_POINT ( 'NONE', #1204 ) ;
#1567 = B_SPLINE_CURVE_WITH_KNOTS ( 'NONE', 3,
 ( #137, #1247, #2182, #3601, #1593, #3564, #957, #1876, #2116, #733, #3042, #3280, #1302, #2463, #1850, #1897, #3627, #674, #2734, #1830, #3001, #1011, #3019, #3066, #385, #407, #120, #1280, #992, #445, #2771, #2161, #157, #1550, #97, #1264, #1323 ),
 .UNSPECIFIED., .F., .F.,
 ( 4, 2, 1, 2, 2, 2, 2, 2, 2, 2, 2, 2, 2, 2, 2, 2, 2, 2, 4 ),
 ( 0.000000000000000000, 0.06249999999999679423, 0.09374999999999504563, 0.1093749999999941713, 0.1249999999999932970, 0.1875000000000013045, 0.2187500000000082157, 0.2500000000000150990, 0.3125000000000232592, 0.3437500000000249245, 0.3750000000000265898, 0.4375000000000250910, 0.4687500000000240918, 0.5000000000000230926, 0.6250000000000152101, 0.6875000000000127676, 0.7187500000000115463, 0.7500000000000102141, 1.000000000000000000 ),
 .UNSPECIFIED. ) ;
#1568 = B_SPLINE_CURVE_WITH_KNOTS ( 'NONE', 3,
 ( #2718, #100, #1880, #3301, #178, #2428, #1595, #1266, #2754, #1283, #3585, #3649, #1345, #976, #2139, #2204, #1635, #696, #142, #1853, #3024, #2465, #409, #3085, #3630, #1325, #960, #3068, #1574 ),
 .UNSPECIFIED., .F., .F.,
 ( 4, 2, 1, 2, 2, 2, 2, 1, 2, 2, 2, 2, 1, 2, 2, 4 ),
 ( 0.000000000000000000, 0.1249999999999800437, 0.1874999999999701072, 0.2187499999999658884, 0.2499999999999616418, 0.3749999999999438782, 0.4374999999999350520, 0.4687499999999307221, 0.4843749999999284461, 0.4999999999999261702, 0.6249999999999285016, 0.6874999999999320544, 0.7187499999999338307, 0.7343749999999349409, 0.7499999999999359401, 1.000000000000000000 ),
 .UNSPECIFIED. ) ;
#1569 = CARTESIAN_POINT ( 'NONE',  ( -64.13261047954391358, 0.000000000000000000, 4.440217391304354777 ) ) ;
#1570 = EDGE_CURVE ( 'NONE', #1253, #1262, #2607, .T. ) ;
#1571 = DIRECTION ( 'NONE',  ( 0.000000000000000000, 0.000000000000000000, 1.000000000000000000 ) ) ;
#1572 = VERTEX_POINT ( 'NONE', #15 ) ;
#1573 = COLOUR_RGB ( '',1.000000000000000000, 0.000000000000000000, 0.000000000000000000 ) ;
#1574 = CARTESIAN_POINT ( 'NONE',  ( -102.6994347728238921, -1.372911219489302725, -5.125817565307640322 ) ) ;
#1575 = CARTESIAN_POINT ( 'NONE',  ( -60.76914778746083101, -7.887152630746341764, 2.945064743911575356 ) ) ;
#1576 = CARTESIAN_POINT ( 'NONE',  ( -88.13888911829201334, -18.77732932631005269, 3.927697614303206297 ) ) ;
#1577 = CARTESIAN_POINT ( 'NONE',  ( -99.99371866316980118, 1.000000000000000000, -3.499999999999989342 ) ) ;
#1578 = ORIENTED_EDGE ( 'NONE', *, *, #2841, .F. ) ;
#1579 = DIRECTION ( 'NONE',  ( -0.000000000000000000, 1.000000000000000000, -0.000000000000000000 ) ) ;
#1580 = DIRECTION ( 'NONE',  ( 8.672384569055758038E-16, 0.000000000000000000, -1.000000000000000000 ) ) ;
#1581 = CARTESIAN_POINT ( 'NONE',  ( -61.74806941610732025, -9.787498294794687581, 3.480919136432524930 ) ) ;
#1582 = CARTESIAN_POINT ( 'NONE',  ( -88.06741991470634900, -18.25265372784866003, 4.464027505452880185 ) ) ;
#1583 = CARTESIAN_POINT ( 'NONE',  ( -59.88400926550306025, -13.07336921937608309, 2.968680802796957785 ) ) ;
#1584 = DIRECTION ( 'NONE',  ( 0.000000000000000000, 0.000000000000000000, 1.000000000000000000 ) ) ;
#1585 = EDGE_CURVE ( 'NONE', #1342, #197, #3475, .T. ) ;
#1586 = CYLINDRICAL_SURFACE ( 'NONE', #3531, 5.000000000000000000 ) ;
#1587 = VERTEX_POINT ( 'NONE', #2038 ) ;
#1588 = CIRCLE ( 'NONE', #3350, 20.00000000000000000 ) ;
#1589 = ORIENTED_EDGE ( 'NONE', *, *, #1072, .F. ) ;
#1590 = EDGE_CURVE ( 'NONE', #2579, #562, #1234, .T. ) ;
#1591 = EDGE_CURVE ( 'NONE', #1533, #2004, #1361, .T. ) ;
#1592 = CARTESIAN_POINT ( 'NONE',  ( -57.49999999999999289, -10.00000000000000000, -8.999999999999992895 ) ) ;
#1593 = CARTESIAN_POINT ( 'NONE',  ( -103.0636000524535518, -13.23825745836822776, -4.868370016384759857 ) ) ;
#1594 = VERTEX_POINT ( 'NONE', #1468 ) ;
#1595 = CARTESIAN_POINT ( 'NONE',  ( -104.8636433392142777, -1.469894413445191894, -2.055432782346708009 ) ) ;
#1596 = CARTESIAN_POINT ( 'NONE',  ( -103.5129652277635159, -13.09962971149437649, -4.479004535836016210 ) ) ;
#1597 = CARTESIAN_POINT ( 'NONE',  ( -84.75160397478761354, 0.007886787694497979229, 2.346750906247533575 ) ) ;
#1598 = ADVANCED_FACE ( 'NONE', ( #2339 ), #1945, .T. ) ;
#1599 = CARTESIAN_POINT ( 'NONE',  ( -66.11634544454267370, -19.50000000000000000, 5.000000000000009770 ) ) ;
#1600 = ORIENTED_EDGE ( 'NONE', *, *, #566, .T. ) ;
#1601 = EDGE_CURVE ( 'NONE', #633, #3525, #3096, .T. ) ;
#1602 = CARTESIAN_POINT ( 'NONE',  ( -84.96891722566843441, -2.000000000000000000, -5.566874950121220245 ) ) ;
#1603 = CARTESIAN_POINT ( 'NONE',  ( -99.99371866316980118, -0.7510421210406037495, -0.4999999999999946154 ) ) ;
#1604 = CARTESIAN_POINT ( 'NONE',  ( -61.59125490140966974, -9.060836371666932010, 3.392358956505038048 ) ) ;
#1605 = CARTESIAN_POINT ( 'NONE',  ( -26.91783662464293414, -6.753529486006190297, 2.304828718217291961 ) ) ;
#1606 = AXIS2_PLACEMENT_3D ( 'NONE', #2174, #3077, #2513 ) ;
#1607 = CARTESIAN_POINT ( 'NONE',  ( -58.52338598214153365, -12.72007432014100914, 2.426965176067037877 ) ) ;
#1608 = LINE ( 'NONE', #170, #2825 ) ;
#1609 = CARTESIAN_POINT ( 'NONE',  ( -28.18704419804529593, -12.48697408691278632, 1.257375574575923860 ) ) ;
#1610 = ORIENTED_EDGE ( 'NONE', *, *, #3326, .F. ) ;
#1611 = DIRECTION ( 'NONE',  ( -1.000000000000000000, 0.000000000000000000, 0.000000000000000000 ) ) ;
#1612 = AXIS2_PLACEMENT_3D ( 'NONE', #331, #3254, #930 ) ;
#1613 = AXIS2_PLACEMENT_3D ( 'NONE', #1270, #1235, #434 ) ;
#1614 = FACE_BOUND ( 'NONE', #1907, .T. ) ;
#1615 = CARTESIAN_POINT ( 'NONE',  ( -89.99371866316981539, -0.2531263631218112486, -3.499999999999991118 ) ) ;
#1616 = ORIENTED_EDGE ( 'NONE', *, *, #2683, .F. ) ;
#1617 = CARTESIAN_POINT ( 'NONE',  ( -77.41899999999999693, -20.00000000000000000, 21.50000000000000711 ) ) ;
#1618 = DIRECTION ( 'NONE',  ( -4.625929269271483942E-16, 0.000000000000000000, -1.000000000000000000 ) ) ;
#1619 = CARTESIAN_POINT ( 'NONE',  ( -61.75000000000000000, -10.00000000000000000, 17.00000000000000000 ) ) ;
#1620 = DIRECTION ( 'NONE',  ( 0.000000000000000000, 2.798169903239139457E-17, 1.000000000000000000 ) ) ;
#1621 = ADVANCED_FACE ( 'NONE', ( #2245 ), #242, .T. ) ;
#1622 = ORIENTED_EDGE ( 'NONE', *, *, #2142, .T. ) ;
#1623 = EDGE_CURVE ( 'NONE', #3003, #546, #1894, .T. ) ;
#1624 = CARTESIAN_POINT ( 'NONE',  ( -29.20482460245290213, -11.65276485377553861, 0.8823221971515932127 ) ) ;
#1625 = CARTESIAN_POINT ( 'NONE',  ( -106.1743799371903521, -1.058786985309930540, -5.469641884599264259 ) ) ;
#1626 = DIRECTION ( 'NONE',  ( 0.000000000000000000, -1.000000000000000000, -0.000000000000000000 ) ) ;
#1627 = CARTESIAN_POINT ( 'NONE',  ( -29.23675271578461121, -7.500782597970455434, 1.516627151870624468 ) ) ;
#1628 = DIRECTION ( 'NONE',  ( -4.625929269271483942E-16, -0.000000000000000000, -1.000000000000000000 ) ) ;
#1629 = CARTESIAN_POINT ( 'NONE',  ( -55.66516904541840915, -9.374276008891587963, 1.451165873919126659 ) ) ;
#1630 = CARTESIAN_POINT ( 'NONE',  ( -29.42093721088925307, -11.31939601492512182, 1.456714655329070629 ) ) ;
#1631 = ORIENTED_EDGE ( 'NONE', *, *, #2, .T. ) ;
#1632 = PLANE ( 'NONE',  #1835 ) ;
#1633 = AXIS2_PLACEMENT_3D ( 'NONE', #2209, #2511, #3091 ) ;
#1634 = ORIENTED_EDGE ( 'NONE', *, *, #655, .T. ) ;
#1635 = CARTESIAN_POINT ( 'NONE',  ( -104.3949151128105086, -1.448889783643234841, -3.293949883782733679 ) ) ;
#1636 = CARTESIAN_POINT ( 'NONE',  ( -104.4122879735804048, -13.19929697688355574, -2.393500270786300010 ) ) ;
#1637 = DIRECTION ( 'NONE',  ( -5.779827739026344483E-17, 0.7061955722519202006, -0.7080168174074560339 ) ) ;
#1638 = LINE ( 'NONE', #2507, #626 ) ;
#1639 = ORIENTED_EDGE ( 'NONE', *, *, #3055, .T. ) ;
#1640 = CARTESIAN_POINT ( 'NONE',  ( -86.97609208806430559, -19.17590122318947365, 3.233024236668540663 ) ) ;
#1641 = CARTESIAN_POINT ( 'NONE',  ( -102.9937186631698012, -0.9004168484162411445, -3.499999999999989786 ) ) ;
#1642 = CYLINDRICAL_SURFACE ( 'NONE', #2450, 1.500000000000001332 ) ;
#1643 = CARTESIAN_POINT ( 'NONE',  ( -84.73177159908605915, 0.000000000000000000, 2.348671807428077241 ) ) ;
#1644 = LINE ( 'NONE', #1912, #28 ) ;
#1645 = CARTESIAN_POINT ( 'NONE',  ( -77.41899999999999693, -20.00000000000000000, 21.50000000000000711 ) ) ;
#1646 = CARTESIAN_POINT ( 'NONE',  ( -84.71682066642787845, -0.4479742655730882261, 2.823127586124952515 ) ) ;
#1647 = EDGE_LOOP ( 'NONE', ( #1895, #3037, #2100, #1297 ) ) ;
#1648 = DIRECTION ( 'NONE',  ( -0.7071067811865475727, 0.000000000000000000, 0.7071067811865475727 ) ) ;
#1649 = CARTESIAN_POINT ( 'NONE',  ( -84.60576293732577824, -19.98837886226064597, -7.029531535142830023 ) ) ;
#1650 = ORIENTED_EDGE ( 'NONE', *, *, #1077, .F. ) ;
#1651 = CARTESIAN_POINT ( 'NONE',  ( -29.74892619292446128, -9.799534471223358523, 0.6966679671961595322 ) ) ;
#1652 = CARTESIAN_POINT ( 'NONE',  ( -103.9286932333446032, -12.97138054511654914, -4.012975692804185535 ) ) ;
#1653 = FACE_OUTER_BOUND ( 'NONE', #3299, .T. ) ;
#1654 = CARTESIAN_POINT ( 'NONE',  ( -88.28459187040624556, -0.6662335584643965802, 4.466567690969308835 ) ) ;
#1655 = ORIENTED_EDGE ( 'NONE', *, *, #3062, .F. ) ;
#1656 = CARTESIAN_POINT ( 'NONE',  ( -30.18716039688634467, -10.63600990913604605, 0.7140167689015416430 ) ) ;
#1657 = DIRECTION ( 'NONE',  ( 0.000000000000000000, -0.000000000000000000, 1.000000000000000000 ) ) ;
#1658 = CARTESIAN_POINT ( 'NONE',  ( -21.49999999999999289, 0.000000000000000000, 4.166259335390165575 ) ) ;
#1659 = DIRECTION ( 'NONE',  ( 5.779827739026344483E-17, 0.7061955722519202006, 0.7080168174074560339 ) ) ;
#1660 = CARTESIAN_POINT ( 'NONE',  ( -84.71515590868317247, -0.5000001141310973507, 2.878343012605252049 ) ) ;
#1661 = CARTESIAN_POINT ( 'NONE',  ( -84.73062577730877365, -0.03846954266168761682, 2.389417439855229031 ) ) ;
#1662 = DIRECTION ( 'NONE',  ( 0.000000000000000000, 1.000000000000000000, 0.000000000000000000 ) ) ;
#1663 = PRODUCT_CONTEXT ( 'NONE', #2851, 'mechanical' ) ;
#1664 = CYLINDRICAL_SURFACE ( 'NONE', #2999, 2.749999999999999112 ) ;
#1665 = ORIENTED_EDGE ( 'NONE', *, *, #2863, .T. ) ;
#1666 = DIRECTION ( 'NONE',  ( -1.000000000000000000, 0.000000000000000000, 7.575620348129778241E-17 ) ) ;
#1667 = CARTESIAN_POINT ( 'NONE',  ( -104.9937186631698154, -12.64282768913240673, -0.9211653402171554594 ) ) ;
#1668 = CARTESIAN_POINT ( 'NONE',  ( -104.9937186631698154, -13.00000000000000178, -0.9211653402171546823 ) ) ;
#1669 = ORIENTED_EDGE ( 'NONE', *, *, #3719, .F. ) ;
#1670 = CARTESIAN_POINT ( 'NONE',  ( -29.66191194614436455, -10.71313301685207442, 0.7256752035170174198 ) ) ;
#1671 = DIRECTION ( 'NONE',  ( -4.625929269271483942E-16, 0.000000000000000000, -1.000000000000000000 ) ) ;
#1672 = ORIENTED_EDGE ( 'NONE', *, *, #1868, .T. ) ;
#1673 = CARTESIAN_POINT ( 'NONE',  ( -27.53301922637946930, -6.763907314852996677, 2.081884454160752185 ) ) ;
#1674 = CARTESIAN_POINT ( 'NONE',  ( -61.60176463492155108, -11.64111766868968978, 3.728048157332846557 ) ) ;
#1675 = VECTOR ( 'NONE', #3690, 1000.000000000000114 ) ;
#1676 = CARTESIAN_POINT ( 'NONE',  ( -87.67490837539854454, -0.6510550074890243399, 4.329783245531522162 ) ) ;
#1677 = CARTESIAN_POINT ( 'NONE',  ( -23.99999999999999645, -15.84999999999999964, -8.499999999999994671 ) ) ;
#1678 = CARTESIAN_POINT ( 'NONE',  ( -104.9937186631698154, -1.000000000000000000, 11.00000000000001066 ) ) ;
#1679 = CARTESIAN_POINT ( 'NONE',  ( -21.50000000000000000, -20.00000000000000000, -8.499999999999994671 ) ) ;
#1680 = VECTOR ( 'NONE', #2195, 1000.000000000000000 ) ;
#1681 = CARTESIAN_POINT ( 'NONE',  ( -69.99371866316981539, 0.000000000000000000, -1.999999999999993561 ) ) ;
#1682 = EDGE_CURVE ( 'NONE', #2730, #2024, #818, .T. ) ;
#1683 = AXIS2_PLACEMENT_3D ( 'NONE', #991, #713, #1875 ) ;
#1684 = ORIENTED_EDGE ( 'NONE', *, *, #113, .T. ) ;
#1685 = VERTEX_POINT ( 'NONE', #2852 ) ;
#1686 = CARTESIAN_POINT ( 'NONE',  ( -29.02687248240332707, -8.132507852569840878, 0.9451782844854343946 ) ) ;
#1687 = CARTESIAN_POINT ( 'NONE',  ( -62.00632278140567877, -9.524533071557019781, 3.919643864499834152 ) ) ;
#1688 = ORIENTED_EDGE ( 'NONE', *, *, #623, .T. ) ;
#1689 = CARTESIAN_POINT ( 'NONE',  ( -26.39861305309842265, -12.68828862553705505, 2.007446191336884844 ) ) ;
#1690 = CARTESIAN_POINT ( 'NONE',  ( -99.99371866316980118, -0.7510421210406037495, -0.4999999999999946154 ) ) ;
#1691 = EDGE_LOOP ( 'NONE', ( #78, #428, #651, #1848 ) ) ;
#1692 = CARTESIAN_POINT ( 'NONE',  ( -24.29052948861666650, -8.541866673137386456, 3.374489247659424596 ) ) ;
#1693 = CIRCLE ( 'NONE', #597, 1.000000000000000000 ) ;
#1694 = CARTESIAN_POINT ( 'NONE',  ( -18.35247065561925695, -4.150000000000000355, -1.999999999999995781 ) ) ;
#1695 = FACE_OUTER_BOUND ( 'NONE', #2561, .T. ) ;
#1696 = FACE_OUTER_BOUND ( 'NONE', #3224, .T. ) ;
#1697 = CIRCLE ( 'NONE', #1998, 20.50000000000000000 ) ;
#1698 = EDGE_CURVE ( 'NONE', #925, #1873, #220, .T. ) ;
#1699 = DIRECTION ( 'NONE',  ( 0.000000000000000000, 1.000000000000000000, 0.000000000000000000 ) ) ;
#1700 = EDGE_CURVE ( 'NONE', #633, #62, #1103, .T. ) ;
#1701 = EDGE_CURVE ( 'NONE', #1892, #3089, #2262, .T. ) ;
#1702 = CARTESIAN_POINT ( 'NONE',  ( -64.15000000000000568, -15.84999999999999964, -1.999999999999992228 ) ) ;
#1703 = ORIENTED_EDGE ( 'NONE', *, *, #2568, .T. ) ;
#1704 = EDGE_CURVE ( 'NONE', #20, #1685, #3319, .T. ) ;
#1705 = ORIENTED_EDGE ( 'NONE', *, *, #524, .F. ) ;
#1706 = EDGE_CURVE ( 'NONE', #3016, #2410, #1644, .T. ) ;
#1707 = DIRECTION ( 'NONE',  ( 1.000000000000000000, -0.000000000000000000, -0.000000000000000000 ) ) ;
#1708 = EDGE_LOOP ( 'NONE', ( #971, #1665, #2674, #3688 ) ) ;
#1709 = VECTOR ( 'NONE', #1449, 1000.000000000000000 ) ;
#1710 = EDGE_CURVE ( 'NONE', #3195, #2837, #3658, .T. ) ;
#1711 = EDGE_CURVE ( 'NONE', #52, #257, #159, .T. ) ;
#1712 = CARTESIAN_POINT ( 'NONE',  ( -84.31611765948902359, -19.50000000000000000, 2.726887099067335729 ) ) ;
#1713 = CYLINDRICAL_SURFACE ( 'NONE', #2357, 2.750000000000002665 ) ;
#1714 = ORIENTED_EDGE ( 'NONE', *, *, #3216, .T. ) ;
#1715 = AXIS2_PLACEMENT_3D ( 'NONE', #2206, #2817, #1788 ) ;
#1716 = CARTESIAN_POINT ( 'NONE',  ( -26.40425526916990862, -7.310436005700086781, 2.004891560242034299 ) ) ;
#1717 = DIRECTION ( 'NONE',  ( 0.000000000000000000, 1.000000000000000000, 0.000000000000000000 ) ) ;
#1718 = CARTESIAN_POINT ( 'NONE',  ( -30.28043534527876091, -10.85220444254333927, 1.207236493133070576 ) ) ;
#1719 = CARTESIAN_POINT ( 'NONE',  ( -87.67490837539854454, -30.00000000000000000, 4.329783245531522162 ) ) ;
#1720 = DIRECTION ( 'NONE',  ( -1.000000000000000000, 0.000000000000000000, 0.000000000000000000 ) ) ;
#1721 = CARTESIAN_POINT ( 'NONE',  ( -57.69898867918434604, -12.43559907222423710, 2.122768830783505756 ) ) ;
#1722 = AXIS2_PLACEMENT_3D ( 'NONE', #225, #789, #3427 ) ;
#1723 = CARTESIAN_POINT ( 'NONE',  ( -84.54850145410604512, -0.4914945621317876046, 2.813903323168323034 ) ) ;
#1724 = ORIENTED_EDGE ( 'NONE', *, *, #1698, .T. ) ;
#1725 = ORIENTED_EDGE ( 'NONE', *, *, #1701, .T. ) ;
#1726 = CARTESIAN_POINT ( 'NONE',  ( -29.73581745227133766, -10.33012163941732986, 1.360444060996046423 ) ) ;
#1727 = VERTEX_POINT ( 'NONE', #2516 ) ;
#1728 = CARTESIAN_POINT ( 'NONE',  ( -25.64240993767901244, -12.39707337603556425, 2.360518996145059667 ) ) ;
#1729 = DIRECTION ( 'NONE',  ( 0.05068540864172549343, -0.7071067811865492381, 0.7052878769345315435 ) ) ;
#1730 = ORIENTED_EDGE ( 'NONE', *, *, #1019, .T. ) ;
#1731 = ADVANCED_FACE ( 'NONE', ( #2016 ), #2648, .T. ) ;
#1732 = CARTESIAN_POINT ( 'NONE',  ( -89.99371866316981539, 0.000000000000000000, -1.999999999999993561 ) ) ;
#1733 = CARTESIAN_POINT ( 'NONE',  ( -21.49999999999999645, -6.649999999999999467, 0.5000000000000035527 ) ) ;
#1734 = CARTESIAN_POINT ( 'NONE',  ( -59.29023620513350323, -13.22150821667753995, 2.725864300787625538 ) ) ;
#1735 = CARTESIAN_POINT ( 'NONE',  ( -59.00000000000000000, -10.00000000000000000, -2.000000000000000000 ) ) ;
#1736 = DIRECTION ( 'NONE',  ( -1.000000000000000000, 0.000000000000000000, 0.000000000000000000 ) ) ;
#1737 = CARTESIAN_POINT ( 'NONE',  ( -92.99371866316980118, -0.4025010904974486992, -0.4999999999999957812 ) ) ;
#1738 = CARTESIAN_POINT ( 'NONE',  ( -27.16730388320407386, -12.75049752094741606, 1.670565151287594086 ) ) ;
#1739 = VERTEX_POINT ( 'NONE', #2930 ) ;
#1740 = ORIENTED_EDGE ( 'NONE', *, *, #682, .T. ) ;
#1741 = CARTESIAN_POINT ( 'NONE',  ( -24.62368839321989000, -8.604148490558847229, 2.871359159839765418 ) ) ;
#1742 = EDGE_CURVE ( 'NONE', #20, #1739, #3141, .T. ) ;
#1743 = ORIENTED_EDGE ( 'NONE', *, *, #780, .T. ) ;
#1744 = CARTESIAN_POINT ( 'NONE',  ( -88.15478705876030574, -0.1615630607647701444, 3.970738001171866927 ) ) ;
#1745 = AXIS2_PLACEMENT_3D ( 'NONE', #3269, #3615, #1862 ) ;
#1746 = PLANE ( 'NONE',  #351 ) ;
#1747 = VERTEX_POINT ( 'NONE', #1503 ) ;
#1748 = B_SPLINE_CURVE_WITH_KNOTS ( 'NONE', 1,
 ( #3317, #2856 ),
 .UNSPECIFIED., .F., .F.,
 ( 2, 2 ),
 ( 0.000000000000000000, 1.000000000000000000 ),
 .UNSPECIFIED. ) ;
#1749 = EDGE_CURVE ( 'NONE', #2007, #2383, #1194, .T. ) ;
#1750 = CARTESIAN_POINT ( 'NONE',  ( -29.10380306912105297, -8.220564901581919770, 0.9178609923776810398 ) ) ;
#1751 = CARTESIAN_POINT ( 'NONE',  ( -65.81081323375609315, -30.00000000000000000, 5.000000000000009770 ) ) ;
#1752 = CARTESIAN_POINT ( 'NONE',  ( -56.93541029452169511, -12.64175685417995076, 1.858175264518317826 ) ) ;
#1753 = LINE ( 'NONE', #1719, #3166 ) ;
#1754 = EDGE_CURVE ( 'NONE', #2292, #154, #3732, .T. ) ;
#1755 = CARTESIAN_POINT ( 'NONE',  ( -59.00000000000000000, -10.00000000000000000, -2.000000000000000000 ) ) ;
#1756 = CARTESIAN_POINT ( 'NONE',  ( -57.25164031760775174, -12.13048121607075913, 1.330393020902329582 ) ) ;
#1757 = CARTESIAN_POINT ( 'NONE',  ( -25.35911656719053653, -12.21374625103398515, 2.498423799973588100 ) ) ;
#1758 = EDGE_LOOP ( 'NONE', ( #2500, #1776, #3213, #2847, #3277, #1743 ) ) ;
#1759 = ORIENTED_EDGE ( 'NONE', *, *, #3721, .T. ) ;
#1760 = CARTESIAN_POINT ( 'NONE',  ( -28.15535679980762751, -7.498193962518539202, 1.269650595879048494 ) ) ;
#1761 = ORIENTED_EDGE ( 'NONE', *, *, #1601, .F. ) ;
#1762 = CARTESIAN_POINT ( 'NONE',  ( -21.49999999999999289, -19.66652299214049648, 4.542732699353955184 ) ) ;
#1763 = CARTESIAN_POINT ( 'NONE',  ( -104.9937186631698154, -12.64282768913240673, -0.9211653402171546823 ) ) ;
#1764 = VERTEX_POINT ( 'NONE', #1733 ) ;
#1765 = CARTESIAN_POINT ( 'NONE',  ( -27.04837506158645155, -7.245590297146747183, 1.721314258231232408 ) ) ;
#1766 = CARTESIAN_POINT ( 'NONE',  ( -102.4537281461874016, -0.8735298696630158233, -4.705352342798610366 ) ) ;
#1767 = CARTESIAN_POINT ( 'NONE',  ( -59.08860605551929268, -13.24515826151032627, 2.645643855368559727 ) ) ;
#1768 = CARTESIAN_POINT ( 'NONE',  ( -104.4602132794105813, -0.9734359262491759646, -1.667497889148753076 ) ) ;
#1769 = DIRECTION ( 'NONE',  ( 0.000000000000000000, 0.000000000000000000, -1.000000000000000000 ) ) ;
#1770 = DIRECTION ( 'NONE',  ( 0.000000000000000000, 0.000000000000000000, 1.000000000000000000 ) ) ;
#1771 = CARTESIAN_POINT ( 'NONE',  ( -56.88474107988990625, -7.395792941334527804, 1.841127637936440964 ) ) ;
#1772 = CARTESIAN_POINT ( 'NONE',  ( -25.46164448311672501, -12.29003497507470932, 2.873171131347855844 ) ) ;
#1773 = ORIENTED_EDGE ( 'NONE', *, *, #806, .T. ) ;
#1774 = VERTEX_POINT ( 'NONE', #2900 ) ;
#1775 = CARTESIAN_POINT ( 'NONE',  ( -28.31757054886573499, -7.579543094779478629, 1.207264954550536951 ) ) ;
#1776 = ORIENTED_EDGE ( 'NONE', *, *, #1682, .T. ) ;
#1777 = AXIS2_PLACEMENT_3D ( 'NONE', #744, #1626, #2226 ) ;
#1778 = FACE_OUTER_BOUND ( 'NONE', #192, .T. ) ;
#1779 = B_SPLINE_SURFACE_WITH_KNOTS ( 'NONE', 1, 3, ( 
 ( #1015, #2756, #3367, #1597, #1920, #2187, #2795 ),
 ( #2002, #162, #3087, #1723, #3167, #559, #249 ),
 ( #738, #2891, #2221, #265, #1417, #2576, #2166 ) ),
 .UNSPECIFIED., .F., .F., .F.,
 ( 2, 1, 2 ),
 ( 4, 3, 4 ),
 ( 0.000000000000000000, 1.000000000000000000, 1.010000000000000009 ),
 ( 4.173951219475467767, 4.347896595995680791, 4.349636049760882806 ),
 .UNSPECIFIED. ) ;
#1780 = PLANE ( 'NONE',  #173 ) ;
#1781 = ORIENTED_EDGE ( 'NONE', *, *, #2544, .F. ) ;
#1782 = VECTOR ( 'NONE', #2739, 1000.000000000000000 ) ;
#1783 = LINE ( 'NONE', #2952, #2343 ) ;
#1784 = CARTESIAN_POINT ( 'NONE',  ( -24.24999999999999645, -10.00000000000000000, -2.000000000000000000 ) ) ;
#1785 = DIRECTION ( 'NONE',  ( -1.000000000000000000, 0.000000000000000000, 0.000000000000000000 ) ) ;
#1786 = LINE ( 'NONE', #2108, #869 ) ;
#1787 = CARTESIAN_POINT ( 'NONE',  ( -56.38709628212122738, -10.87747250268243882, 1.673052602394835775 ) ) ;
#1788 = DIRECTION ( 'NONE',  ( 0.9974276809381432685, 0.000000000000000000, -0.07167999231555081951 ) ) ;
#1789 = EDGE_LOOP ( 'NONE', ( #2712, #3021, #1404, #2940, #2308 ) ) ;
#1790 = ORIENTED_EDGE ( 'NONE', *, *, #3434, .F. ) ;
#1791 = CARTESIAN_POINT ( 'NONE',  ( -27.13172094117697597, -7.247661610516749953, 1.685679289895552158 ) ) ;
#1792 = CIRCLE ( 'NONE', #1188, 1.499999999999997113 ) ;
#1793 = ORIENTED_EDGE ( 'NONE', *, *, #1192, .F. ) ;
#1794 = CARTESIAN_POINT ( 'NONE',  ( -59.17586332989754538, -7.233508546175667853, 2.153525252452344052 ) ) ;
#1795 = DIRECTION ( 'NONE',  ( -5.772398745160936264E-17, -0.7071067811865476838, -0.7071067811865473507 ) ) ;
#1796 = DIRECTION ( 'NONE',  ( -8.163404592832033966E-17, -0.000000000000000000, -1.000000000000000000 ) ) ;
#1797 = ORIENTED_EDGE ( 'NONE', *, *, #1976, .T. ) ;
#1798 = CARTESIAN_POINT ( 'NONE',  ( -23.99999999999999645, -15.35000000000000142, -8.999999999999996447 ) ) ;
#1799 = CARTESIAN_POINT ( 'NONE',  ( -88.15365004334012156, -0.1615064469753016985, 3.970386201749088073 ) ) ;
#1800 = DIRECTION ( 'NONE',  ( 4.625929269271483942E-16, -0.000000000000000000, 1.000000000000000000 ) ) ;
#1801 = FACE_OUTER_BOUND ( 'NONE', #3073, .T. ) ;
#1802 = CARTESIAN_POINT ( 'NONE',  ( -88.08807801483436606, -18.24911141087093114, 4.466341699435460555 ) ) ;
#1803 = CARTESIAN_POINT ( 'NONE',  ( -60.77670293488455400, -12.58620935973414490, 3.352540172684547404 ) ) ;
#1804 = DIRECTION ( 'NONE',  ( -1.000000000000000000, 0.000000000000000000, 7.575620348129778241E-17 ) ) ;
#1805 = CARTESIAN_POINT ( 'NONE',  ( -24.25128446612317390, -10.21292764862573677, 3.390781082829822157 ) ) ;
#1806 = ORIENTED_EDGE ( 'NONE', *, *, #3758, .T. ) ;
#1807 = EDGE_LOOP ( 'NONE', ( #56, #1245, #2201, #1277 ) ) ;
#1808 = EDGE_CURVE ( 'NONE', #1012, #3278, #305, .T. ) ;
#1809 = B_SPLINE_SURFACE_WITH_KNOTS ( 'NONE', 1, 3, ( 
 ( #81, #945, #3530, #2141, #3230, #2738 ),
 ( #2102, #1855, #1517, #3610, #1576, #1536 ) ),
 .UNSPECIFIED., .F., .F., .F.,
 ( 2, 2 ),
 ( 4, 2, 4 ),
 ( 0.000000000000000000, 1.000000000000000000 ),
 ( 1.473756020384030974, 1.791495054044038415, 2.109234087704046079 ),
 .UNSPECIFIED. ) ;
#1810 = FACE_BOUND ( 'NONE', #1548, .T. ) ;
#1811 = CARTESIAN_POINT ( 'NONE',  ( -25.73724427626860134, -7.061357095833561637, 2.760319862219330123 ) ) ;
#1812 = EDGE_CURVE ( 'NONE', #2272, #3401, #2915, .T. ) ;
#1813 = VERTEX_POINT ( 'NONE', #2587 ) ;
#1814 = VECTOR ( 'NONE', #3439, 999.9999999999998863 ) ;
#1815 = CARTESIAN_POINT ( 'NONE',  ( -61.14487949559689639, -8.269568747847049650, 3.146075345308312787 ) ) ;
#1816 = DIRECTION ( 'NONE',  ( 0.000000000000000000, 0.000000000000000000, -1.000000000000000000 ) ) ;
#1817 = DIRECTION ( 'NONE',  ( -0.000000000000000000, -0.000000000000000000, -1.000000000000000000 ) ) ;
#1818 = ORIENTED_EDGE ( 'NONE', *, *, #2134, .F. ) ;
#1819 =( BOUNDED_CURVE ( )  B_SPLINE_CURVE ( 3, ( #3558, #2109, #817, #2533 ),
 .UNSPECIFIED., .F., .T. ) 
 B_SPLINE_CURVE_WITH_KNOTS ( ( 4, 4 ),
 ( 2.846350750857201461, 2.847795038482597629 ),
 .UNSPECIFIED. ) 
 CURVE ( )  GEOMETRIC_REPRESENTATION_ITEM ( )  RATIONAL_B_SPLINE_CURVE ( ( 1.000000000000000000, 0.9999998261694453827, 0.9999998261694453827, 1.000000000000000000 ) ) 
 REPRESENTATION_ITEM ( '' )  );
#1820 = CARTESIAN_POINT ( 'NONE',  ( -88.18770379434975837, -0.6638214247568297033, 4.471269662016182700 ) ) ;
#1821 = CARTESIAN_POINT ( 'NONE',  ( -26.99999999999999645, -10.00000000000000000, -2.000000000000000000 ) ) ;
#1822 = CARTESIAN_POINT ( 'NONE',  ( -100.5007723624109275, -14.08207126490860439, -6.321588243425213527 ) ) ;
#1823 = CARTESIAN_POINT ( 'NONE',  ( -60.75384482636742689, -7.875535310183886750, 2.936986150920335437 ) ) ;
#1824 = CARTESIAN_POINT ( 'NONE',  ( -84.96891722566843441, -12.00000000000000000, -1.066874950121234455 ) ) ;
#1825 = CARTESIAN_POINT ( 'NONE',  ( -30.32310368922825106, -10.63600990913604605, 1.195181419792733513 ) ) ;
#1826 = ORIENTED_EDGE ( 'NONE', *, *, #2753, .F. ) ;
#1827 = ORIENTED_EDGE ( 'NONE', *, *, #2348, .T. ) ;
#1828 = DIRECTION ( 'NONE',  ( -0.000000000000000000, 1.000000000000000000, -0.000000000000000000 ) ) ;
#1829 = VECTOR ( 'NONE', #183, 1000.000000000000227 ) ;
#1830 = CARTESIAN_POINT ( 'NONE',  ( -104.0195503014351317, -12.94335190635976041, -3.886878991601877331 ) ) ;
#1831 = ORIENTED_EDGE ( 'NONE', *, *, #57, .T. ) ;
#1832 = DIRECTION ( 'NONE',  ( -0.000000000000000000, -1.000000000000000000, -0.000000000000000000 ) ) ;
#1833 = CARTESIAN_POINT ( 'NONE',  ( -59.62602282436758827, -6.847262814560957978, 2.861924706016104381 ) ) ;
#1834 = CARTESIAN_POINT ( 'NONE',  ( -23.99999999999999645, -6.649999999999999467, -8.999999999999996447 ) ) ;
#1835 = AXIS2_PLACEMENT_3D ( 'NONE', #1398, #1125, #1932 ) ;
#1836 = DIRECTION ( 'NONE',  ( 0.000000000000000000, 0.000000000000000000, 1.000000000000000000 ) ) ;
#1837 = VERTEX_POINT ( 'NONE', #3180 ) ;
#1838 = VECTOR ( 'NONE', #1256, 999.9999999999998863 ) ;
#1839 = EDGE_CURVE ( 'NONE', #2440, #2063, #3547, .T. ) ;
#1840 = FACE_OUTER_BOUND ( 'NONE', #864, .T. ) ;
#1841 = LINE ( 'NONE', #1001, #827 ) ;
#1842 = DIRECTION ( 'NONE',  ( 0.000000000000000000, 0.000000000000000000, 1.000000000000000000 ) ) ;
#1843 = EDGE_CURVE ( 'NONE', #1184, #2183, #1155, .T. ) ;
#1844 = CARTESIAN_POINT ( 'NONE',  ( -88.13188535715661942, -18.24160272915918313, 4.469965372386137226 ) ) ;
#1845 = CARTESIAN_POINT ( 'NONE',  ( -84.73177159908605915, 0.000000000000000000, 2.348671807428077241 ) ) ;
#1846 = CARTESIAN_POINT ( 'NONE',  ( -27.85690528885707096, -12.61912721398130444, 1.387047301137197763 ) ) ;
#1847 = EDGE_LOOP ( 'NONE', ( #2464, #2168, #2386, #3067, #847 ) ) ;
#1848 = ORIENTED_EDGE ( 'NONE', *, *, #2522, .F. ) ;
#1849 = DIRECTION ( 'NONE',  ( 0.000000000000000000, 0.000000000000000000, 1.000000000000000000 ) ) ;
#1850 = CARTESIAN_POINT ( 'NONE',  ( -103.7267921213979207, -13.03366538674139541, -4.249131840108408831 ) ) ;
#1851 = EDGE_CURVE ( 'NONE', #3172, #3524, #3022, .T. ) ;
#1852 = ORIENTED_EDGE ( 'NONE', *, *, #1590, .F. ) ;
#1853 = CARTESIAN_POINT ( 'NONE',  ( -103.9951727650350648, -1.430972906887646889, -3.921031017528330498 ) ) ;
#1854 = CARTESIAN_POINT ( 'NONE',  ( -57.81172297618409317, -7.513736875721953368, 1.556311286879981770 ) ) ;
#1855 = CARTESIAN_POINT ( 'NONE',  ( -88.34556517778058549, -18.70648698071703819, 3.974066050407989437 ) ) ;
#1856 = EDGE_CURVE ( 'NONE', #675, #777, #1783, .T. ) ;
#1857 = CYLINDRICAL_SURFACE ( 'NONE', #3606, 1.000000000000000000 ) ;
#1858 = ORIENTED_EDGE ( 'NONE', *, *, #3364, .F. ) ;
#1859 = AXIS2_PLACEMENT_3D ( 'NONE', #2261, #1392, #491 ) ;
#1860 = ADVANCED_FACE ( 'NONE', ( #3459 ), #836, .F. ) ;
#1861 = AXIS2_PLACEMENT_3D ( 'NONE', #1974, #3355, #475 ) ;
#1862 = DIRECTION ( 'NONE',  ( 0.000000000000000000, 0.000000000000000000, 1.000000000000000000 ) ) ;
#1863 = VECTOR ( 'NONE', #1828, 1000.000000000000000 ) ;
#1864 = PLANE ( 'NONE',  #1316 ) ;
#1865 = ADVANCED_FACE ( 'NONE', ( #852 ), #10, .T. ) ;
#1866 = EDGE_CURVE ( 'NONE', #2183, #3691, #710, .T. ) ;
#1867 = CARTESIAN_POINT ( 'NONE',  ( -88.39827309714782189, -18.68842028906181696, 3.968920049388707572 ) ) ;
#1868 = EDGE_CURVE ( 'NONE', #1967, #2629, #1121, .T. ) ;
#1869 = FACE_OUTER_BOUND ( 'NONE', #3572, .T. ) ;
#1870 = CARTESIAN_POINT ( 'NONE',  ( -59.91090194426966065, -12.60054318588417921, 2.507221700845478463 ) ) ;
#1871 = LINE ( 'NONE', #748, #3370 ) ;
#1872 = CARTESIAN_POINT ( 'NONE',  ( -64.00000000000000000, -4.649999999999999467, -8.999999999999992895 ) ) ;
#1873 = VERTEX_POINT ( 'NONE', #25 ) ;
#1874 = VERTEX_POINT ( 'NONE', #1199 ) ;
#1875 = DIRECTION ( 'NONE',  ( 0.000000000000000000, 0.000000000000000000, 1.000000000000000000 ) ) ;
#1876 = CARTESIAN_POINT ( 'NONE',  ( -103.1816703185715625, -13.20183191234282027, -4.773135079130370606 ) ) ;
#1877 = ADVANCED_FACE ( 'NONE', ( #3516 ), #2233, .F. ) ;
#1878 = VERTEX_POINT ( 'NONE', #1885 ) ;
#1879 = B_SPLINE_CURVE_WITH_KNOTS ( 'NONE', 3,
 ( #1375, #1407, #1355, #3109 ),
 .UNSPECIFIED., .F., .F.,
 ( 4, 4 ),
 ( 0.000000000000000000, 1.000000000000000000 ),
 .UNSPECIFIED. ) ;
#1880 = CARTESIAN_POINT ( 'NONE',  ( -104.9808454921098360, -1.475144562019571559, -1.335751925918823746 ) ) ;
#1881 = CARTESIAN_POINT ( 'NONE',  ( -103.1870154601704428, -13.61928359292122614, -4.252394123026125072 ) ) ;
#1882 = CARTESIAN_POINT ( 'NONE',  ( -100.2549961916864021, -0.7640515409044527084, -5.895037519289727967 ) ) ;
#1883 = DIRECTION ( 'NONE',  ( 1.000000000000000000, 0.000000000000000000, 8.672384569055758038E-16 ) ) ;
#1884 = ORIENTED_EDGE ( 'NONE', *, *, #904, .T. ) ;
#1885 = CARTESIAN_POINT ( 'NONE',  ( -102.6994347728238921, -1.999999999999998224, -5.125817565307638546 ) ) ;
#1886 = CARTESIAN_POINT ( 'NONE',  ( -104.9937186631698154, -20.00000000000000000, 2.840000000000014513 ) ) ;
#1887 = FACE_OUTER_BOUND ( 'NONE', #1172, .T. ) ;
#1888 = CARTESIAN_POINT ( 'NONE',  ( -56.90320629316131829, -8.212460125288993495, 1.195503695069225047 ) ) ;
#1889 = CARTESIAN_POINT ( 'NONE',  ( -60.38314267992193862, -12.38330962412323544, 2.744508689766925080 ) ) ;
#1890 = CARTESIAN_POINT ( 'NONE',  ( -28.74652167688977755, -12.84069783652194552, 1.671538962370070713 ) ) ;
#1891 = CARTESIAN_POINT ( 'NONE',  ( -103.7474484111139219, -13.42718401016986185, -3.733974005405014562 ) ) ;
#1892 = VERTEX_POINT ( 'NONE', #1798 ) ;
#1893 = AXIS2_PLACEMENT_3D ( 'NONE', #3408, #767, #838 ) ;
#1894 = B_SPLINE_CURVE_WITH_KNOTS ( 'NONE', 3,
 ( #3126, #510, #1336, #2535 ),
 .UNSPECIFIED., .F., .F.,
 ( 4, 4 ),
 ( 0.000000000000000000, 0.1527099612086521285 ),
 .UNSPECIFIED. ) ;
#1895 = ORIENTED_EDGE ( 'NONE', *, *, #3553, .F. ) ;
#1896 = CARTESIAN_POINT ( 'NONE',  ( -65.81081323375609315, -0.5000000000000004441, 4.000000000000010658 ) ) ;
#1897 = CARTESIAN_POINT ( 'NONE',  ( -103.7958058645531736, -13.01237686032197338, -4.170005429282952925 ) ) ;
#1898 = PRODUCT_DEFINITION ( 'UNKNOWN', '', #2276, #1058 ) ;
#1899 = VERTEX_POINT ( 'NONE', #2171 ) ;
#1900 = EDGE_CURVE ( 'NONE', #3715, #1533, #2705, .T. ) ;
#1901 = CIRCLE ( 'NONE', #1043, 20.00000000000000000 ) ;
#1902 = ADVANCED_FACE ( 'NONE', ( #1840 ), #3094, .F. ) ;
#1903 = PLANE ( 'NONE',  #3764 ) ;
#1904 = CARTESIAN_POINT ( 'NONE',  ( -102.7485071691523473, -13.76959106430697943, -4.603992062342229019 ) ) ;
#1905 = CARTESIAN_POINT ( 'NONE',  ( -100.3350790948503999, -1.093140225545496280, -6.214818739567704142 ) ) ;
#1906 = FACE_OUTER_BOUND ( 'NONE', #1236, .T. ) ;
#1907 = EDGE_LOOP ( 'NONE', ( #272, #1442 ) ) ;
#1908 = CARTESIAN_POINT ( 'NONE',  ( -21.49999999999999645, -6.649999999999999467, 0.5000000000000035527 ) ) ;
#1909 = CARTESIAN_POINT ( 'NONE',  ( -88.34445816628198145, -18.70686643100925650, 3.974174130604827049 ) ) ;
#1910 = CARTESIAN_POINT ( 'NONE',  ( -61.73481752163061742, -10.34429759680952188, 3.473377976250176857 ) ) ;
#1911 = CARTESIAN_POINT ( 'NONE',  ( -30.36573833849675452, -10.41998610196660024, 1.183135866199659381 ) ) ;
#1912 = CARTESIAN_POINT ( 'NONE',  ( -100.3530589883005888, -20.00000000000000000, -6.387492809025253848 ) ) ;
#1913 = CARTESIAN_POINT ( 'NONE',  ( -64.15000000000000568, -19.50000000000000000, -8.989220272253495736 ) ) ;
#1914 = FACE_OUTER_BOUND ( 'NONE', #1228, .T. ) ;
#1915 = ORIENTED_EDGE ( 'NONE', *, *, #3378, .T. ) ;
#1916 = LINE ( 'NONE', #1532, #3455 ) ;
#1917 = ORIENTED_EDGE ( 'NONE', *, *, #655, .F. ) ;
#1918 = FACE_OUTER_BOUND ( 'NONE', #2893, .T. ) ;
#1919 = CARTESIAN_POINT ( 'NONE',  ( -104.1720293251836580, -12.89631307189119269, -3.675259771421050203 ) ) ;
#1920 = CARTESIAN_POINT ( 'NONE',  ( -84.74049834081077393, 0.008439754710372629476, 2.342514254268346363 ) ) ;
#1921 = DIRECTION ( 'NONE',  ( 0.000000000000000000, 0.000000000000000000, 1.000000000000000000 ) ) ;
#1922 = ORIENTED_EDGE ( 'NONE', *, *, #2863, .F. ) ;
#1923 = DIRECTION ( 'NONE',  ( -0.000000000000000000, 1.000000000000000000, -0.000000000000000000 ) ) ;
#1924 = CARTESIAN_POINT ( 'NONE',  ( -104.7684688397434627, -12.95815143704445127, -0.9211653402171563476 ) ) ;
#1925 = FACE_OUTER_BOUND ( 'NONE', #126, .T. ) ;
#1926 = CARTESIAN_POINT ( 'NONE',  ( -21.49999999999999289, -0.5000000000000004441, 4.731159986743394441 ) ) ;
#1927 = CARTESIAN_POINT ( 'NONE',  ( -21.50000000000000000, -13.34999999999999964, -8.999999999999996447 ) ) ;
#1928 = DIRECTION ( 'NONE',  ( 0.000000000000000000, -0.7071067811865462405, 0.7071067811865489050 ) ) ;
#1929 = CARTESIAN_POINT ( 'NONE',  ( -84.73008091792284802, -0.05523210103769241042, 2.407157579811283199 ) ) ;
#1930 =( BOUNDED_SURFACE ( )  B_SPLINE_SURFACE ( 3, 2, ( 
 ( #2839, #252, #2562 ),
 ( #3701, #1726, #2815 ),
 ( #194, #3133, #1095 ),
 ( #1651, #772, #3718 ),
 ( #1370, #2251, #3398 ),
 ( #2894, #3382, #3668 ),
 ( #792, #268, #1421 ),
 ( #210, #232, #3685 ),
 ( #809, #2580, #1060 ),
 ( #3412, #1129, #522 ),
 ( #1686, #2860, #1402 ),
 ( #1111, #3430, #829 ),
 ( #1988, #3151, #544 ),
 ( #1775, #2328, #3489 ),
 ( #1760, #3243, #2311 ),
 ( #2099, #580, #880 ),
 ( #1492, #635, #3546 ),
 ( #285, #3207, #3761 ),
 ( #1791, #2042, #862 ),
 ( #2344, #3467, #2362 ),
 ( #1148, #362, #596 ),
 ( #3228, #3527, #920 ),
 ( #36, #2925, #1811 ),
 ( #3, #653, #1165 ),
 ( #612, #19, #3190 ),
 ( #2943, #2058, #3262 ),
 ( #300, #2628, #2025 ),
 ( #1741, #2385, #2075 ),
 ( #341, #3508, #320 ),
 ( #2909, #2649, #1457 ),
 ( #2982, #2612, #2596 ),
 ( #1475, #2962, #1209 ) ),
 .UNSPECIFIED., .F., .F., .F. ) 
 B_SPLINE_SURFACE_WITH_KNOTS ( ( 4, 2, 2, 2, 2, 2, 2, 2, 2, 2, 2, 2, 2, 2, 2, 4 ),
 ( 3, 3 ),
 ( 0.000000000000000000, 0.0006559391592191442938, 0.001311878318438288588, 0.001967817477657432881, 0.002623756636876577175, 0.003279695796095721469, 0.003935634955314865763, 0.004591574114534010057, 0.005247513273753154350, 0.005903452432972298644, 0.006559391592191442938, 0.007871269910629731525, 0.008527209069848875819, 0.009183148229068020113, 0.009839087388287164407, 0.01049502654750630870 ),
 ( 0.000000000000000000, 1.000000000000000000 ),
 .UNSPECIFIED. ) 
 GEOMETRIC_REPRESENTATION_ITEM ( )  RATIONAL_B_SPLINE_SURFACE ( (
 ( 1.000000000000000000, 0.6055453797199374932, 1.000000000000000000),
 ( 1.000000000000000000, 0.6044373353681852246, 1.000000000000000000),
 ( 1.000000000000000000, 0.6039134650834283580, 1.000000000000000000),
 ( 1.000000000000000000, 0.6039752655950574312, 1.000000000000000000),
 ( 1.000000000000000000, 0.6045769003799806862, 1.000000000000000000),
 ( 1.000000000000000000, 0.6069099181553686551, 1.000000000000000000),
 ( 1.000000000000000000, 0.6086266146880157102, 1.000000000000000000),
 ( 1.000000000000000000, 0.6132646167874205023, 1.000000000000000000),
 ( 1.000000000000000000, 0.6161809055928719747, 1.000000000000000000),
 ( 1.000000000000000000, 0.6230979513804137948, 1.000000000000000000),
 ( 1.000000000000000000, 0.6271601864410399907, 1.000000000000000000),
 ( 1.000000000000000000, 0.6364198728330033861, 1.000000000000000000),
 ( 1.000000000000000000, 0.6415439260072540728, 1.000000000000000000),
 ( 1.000000000000000000, 0.6528466617583920106, 1.000000000000000000),
 ( 1.000000000000000000, 0.6590823600785237213, 1.000000000000000000),
 ( 1.000000000000000000, 0.6721966757691114625, 1.000000000000000000),
 ( 1.000000000000000000, 0.6791161751271687086, 1.000000000000000000),
 ( 1.000000000000000000, 0.6936916467261559083, 1.000000000000000000),
 ( 1.000000000000000000, 0.7012909695166087420, 1.000000000000000000),
 ( 1.000000000000000000, 0.7166300996306473881, 1.000000000000000000),
 ( 1.000000000000000000, 0.7244329197130259246, 1.000000000000000000),
 ( 1.000000000000000000, 0.7481739858948518451, 1.000000000000000000),
 ( 1.000000000000000000, 0.7636524662541420705, 1.000000000000000000),
 ( 1.000000000000000000, 0.7853822033802436708, 1.000000000000000000),
 ( 1.000000000000000000, 0.7921905920328380368, 1.000000000000000000),
 ( 1.000000000000000000, 0.8048608595169852720, 1.000000000000000000),
 ( 1.000000000000000000, 0.8107786762033292183, 1.000000000000000000),
 ( 1.000000000000000000, 0.8212069017285418271, 1.000000000000000000),
 ( 1.000000000000000000, 0.8256757638217486761, 1.000000000000000000),
 ( 1.000000000000000000, 0.8330316260976147191, 1.000000000000000000),
 ( 1.000000000000000000, 0.8359321690150777195, 1.000000000000000000),
 ( 1.000000000000000000, 0.8378405008883009764, 1.000000000000000000) ) ) 
 REPRESENTATION_ITEM ( '' )  SURFACE ( )  );
#1931 = CARTESIAN_POINT ( 'NONE',  ( -87.92821483454117981, -0.6573617693031019726, 4.437096328058856010 ) ) ;
#1932 = DIRECTION ( 'NONE',  ( 1.000000000000000000, 0.000000000000000000, -8.163404592832032733E-17 ) ) ;
#1933 = CIRCLE ( 'NONE', #1261, 45.00000000000000711 ) ;
#1934 = VERTEX_POINT ( 'NONE', #372 ) ;
#1935 = CARTESIAN_POINT ( 'NONE',  ( -56.30144975595187162, -9.470541238293408881, 0.9728454947403988307 ) ) ;
#1936 = DIRECTION ( 'NONE',  ( -1.000000000000000000, 0.000000000000000000, 0.000000000000000000 ) ) ;
#1937 = DIRECTION ( 'NONE',  ( 0.000000000000000000, 0.000000000000000000, 1.000000000000000000 ) ) ;
#1938 = ORIENTED_EDGE ( 'NONE', *, *, #1868, .F. ) ;
#1939 = CYLINDRICAL_SURFACE ( 'NONE', #2595, 1.000000000000000000 ) ;
#1940 = CARTESIAN_POINT ( 'NONE',  ( -104.5185966881425088, -0.9763429281700410911, -1.671824824118618880 ) ) ;
#1941 = CARTESIAN_POINT ( 'NONE',  ( -61.60867543460739171, -10.88916373788767622, 3.402146414696819665 ) ) ;
#1942 = CARTESIAN_POINT ( 'NONE',  ( -25.49999999999999645, -10.00000000000000000, -8.999999999999996447 ) ) ;
#1943 = DIRECTION ( 'NONE',  ( -0.000000000000000000, 1.000000000000000000, 0.000000000000000000 ) ) ;
#1944 = CARTESIAN_POINT ( 'NONE',  ( -88.12726475870468335, -0.6623167186290740416, 4.471272407828790207 ) ) ;
#1945 =( BOUNDED_SURFACE ( )  B_SPLINE_SURFACE ( 3, 2, ( 
 ( #2306, #3504, #892 ),
 ( #312, #2322, #2622 ),
 ( #856, #3237, #2904 ),
 ( #281, #1452, #3222 ),
 ( #333, #1787, #608 ),
 ( #2936, #2020, #3185 ),
 ( #592, #3521, #2608 ),
 ( #3773, #3203, #1487 ),
 ( #31, #2640, #2356 ),
 ( #1756, #1159, #2070 ),
 ( #2667, #2920, #629 ),
 ( #49, #3539, #933 ),
 ( #3165, #1721, #2890 ),
 ( #264, #3595, #378 ),
 ( #69, #2418, #2745 ),
 ( #2727, #1607, #2110 ),
 ( #3292, #111, #986 ),
 ( #2154, #3056, #1293 ),
 ( #2765, #3273, #727 ),
 ( #2457, #3310, #707 ),
 ( #1870, #421, #1583 ),
 ( #3619, #2688, #3639 ),
 ( #1889, #440, #2093 ),
 ( #3256, #667, #1803 ),
 ( #2214, #2828, #1069 ),
 ( #3422, #3693, #1028 ),
 ( #459, #3079, #532 ),
 ( #1394, #2786, #1674 ),
 ( #1358, #3406, #747 ),
 ( #1941, #1088, #3143 ),
 ( #2554, #802, #3677 ),
 ( #1378, #1956, #186 ) ),
 .UNSPECIFIED., .F., .F., .F. ) 
 B_SPLINE_SURFACE_WITH_KNOTS ( ( 4, 2, 2, 2, 2, 2, 2, 2, 2, 2, 2, 2, 2, 2, 2, 4 ),
 ( 3, 3 ),
 ( 0.01053141648144873682, 0.01184784354162982979, 0.01250605707172037714, 0.01316427060181092276, 0.01382248413190146838, 0.01448069766199201573, 0.01513891119208256308, 0.01579712472217310870, 0.01645533825226365432, 0.01711355178235419994, 0.01777176531244474555, 0.01842997884253529117, 0.01908819237262583679, 0.01974640590271638241, 0.02040461943280692803, 0.02106283296289747711 ),
 ( 0.000000000000000000, 1.000000000000000000 ),
 .UNSPECIFIED. ) 
 GEOMETRIC_REPRESENTATION_ITEM ( )  RATIONAL_B_SPLINE_SURFACE ( (
 ( 1.000000000000000000, 0.5975696426974586029, 1.000000000000000000),
 ( 1.000000000000000000, 0.5951634329705201010, 1.000000000000000000),
 ( 1.000000000000000000, 0.5952549865172990229, 1.000000000000000000),
 ( 1.000000000000000000, 0.5992986854770080418, 1.000000000000000000),
 ( 1.000000000000000000, 0.6012619093243453117, 1.000000000000000000),
 ( 1.000000000000000000, 0.6064552124500911523, 1.000000000000000000),
 ( 1.000000000000000000, 0.6097356019223149071, 1.000000000000000000),
 ( 1.000000000000000000, 0.6174601345366202976, 1.000000000000000000),
 ( 1.000000000000000000, 0.6219034087245220999, 1.000000000000000000),
 ( 1.000000000000000000, 0.6320655323754436061, 1.000000000000000000),
 ( 1.000000000000000000, 0.6377431467498944073, 1.000000000000000000),
 ( 1.000000000000000000, 0.6499932900525047241, 1.000000000000000000),
 ( 1.000000000000000000, 0.6566592300653143477, 1.000000000000000000),
 ( 1.000000000000000000, 0.6708351228150609691, 1.000000000000000000),
 ( 1.000000000000000000, 0.6782329902527263199, 1.000000000000000000),
 ( 1.000000000000000000, 0.6936296256778796687, 1.000000000000000000),
 ( 1.000000000000000000, 0.7017071045243035154, 1.000000000000000000),
 ( 1.000000000000000000, 0.7179347193020038098, 1.000000000000000000),
 ( 1.000000000000000000, 0.7261070374506539693, 1.000000000000000000),
 ( 1.000000000000000000, 0.7425194133400045970, 1.000000000000000000),
 ( 1.000000000000000000, 0.7508062637119858884, 1.000000000000000000),
 ( 1.000000000000000000, 0.7667646170223330060, 1.000000000000000000),
 ( 1.000000000000000000, 0.7745100026774152102, 1.000000000000000000),
 ( 1.000000000000000000, 0.7894479455416516522, 1.000000000000000000),
 ( 1.000000000000000000, 0.7966461535066829969, 1.000000000000000000),
 ( 1.000000000000000000, 0.8097629561162650313, 1.000000000000000000),
 ( 1.000000000000000000, 0.8157686824274074100, 1.000000000000000000),
 ( 1.000000000000000000, 0.8265287272616220760, 1.000000000000000000),
 ( 1.000000000000000000, 0.8312264809363529849, 1.000000000000000000),
 ( 1.000000000000000000, 0.8387638241699921782, 1.000000000000000000),
 ( 1.000000000000000000, 0.8416705535920764314, 1.000000000000000000),
 ( 1.000000000000000000, 0.8436272063283519751, 1.000000000000000000) ) ) 
 REPRESENTATION_ITEM ( '' )  SURFACE ( )  );
#1946 = CARTESIAN_POINT ( 'NONE',  ( -101.0040401622289608, -13.91463641771279214, -6.115702091335831980 ) ) ;
#1947 = ORIENTED_EDGE ( 'NONE', *, *, #2366, .F. ) ;
#1948 = CARTESIAN_POINT ( 'NONE',  ( -104.4825183428971798, -12.80052939324397698, -3.133402569712825603 ) ) ;
#1949 = CARTESIAN_POINT ( 'NONE',  ( -93.49999999999998579, -1.999999999999998224, 9.170000000000007034 ) ) ;
#1950 = ORIENTED_EDGE ( 'NONE', *, *, #3193, .F. ) ;
#1951 = DIRECTION ( 'NONE',  ( 1.000000000000000000, -0.000000000000000000, 1.224646799147353207E-16 ) ) ;
#1952 = CARTESIAN_POINT ( 'NONE',  ( -99.99371866316980118, 0.000000000000000000, -1.999999999999991784 ) ) ;
#1953 = ORIENTED_EDGE ( 'NONE', *, *, #658, .F. ) ;
#1954 = EDGE_CURVE ( 'NONE', #3464, #2162, #3010, .T. ) ;
#1955 = CARTESIAN_POINT ( 'NONE',  ( -28.71669710511061169, -7.142587622543892678, 1.681162155636709343 ) ) ;
#1956 = CARTESIAN_POINT ( 'NONE',  ( -61.69312044193318201, -10.55718125076159986, 3.769865270962964754 ) ) ;
#1957 = DIRECTION ( 'NONE',  ( 0.000000000000000000, -1.000000000000000000, -0.000000000000000000 ) ) ;
#1958 = CARTESIAN_POINT ( 'NONE',  ( -64.13261047954391358, -20.00000000000000000, 4.440217391304355665 ) ) ;
#1959 = CARTESIAN_POINT ( 'NONE',  ( -87.82199257712883878, -0.6547199117623141440, 4.407156306558142944 ) ) ;
#1960 = AXIS2_PLACEMENT_3D ( 'NONE', #1273, #2934, #2436 ) ;
#1961 = DIRECTION ( 'NONE',  ( -0.000000000000000000, 1.000000000000000000, 0.000000000000000000 ) ) ;
#1962 = CIRCLE ( 'NONE', #812, 1.500000000000001332 ) ;
#1963 = AXIS2_PLACEMENT_3D ( 'NONE', #212, #1041, #1921 ) ;
#1964 = ORIENTED_EDGE ( 'NONE', *, *, #2538, .F. ) ;
#1965 = FACE_OUTER_BOUND ( 'NONE', #315, .T. ) ;
#1966 = CARTESIAN_POINT ( 'NONE',  ( -21.49999999999999289, 0.000000000000000000, 4.166259335390165575 ) ) ;
#1967 = VERTEX_POINT ( 'NONE', #353 ) ;
#1968 = CARTESIAN_POINT ( 'NONE',  ( -88.09343134964399269, -18.79291088406001720, 3.900527826669821785 ) ) ;
#1969 = CARTESIAN_POINT ( 'NONE',  ( -88.18987765172828119, -18.75985198850951008, 3.947719198060472223 ) ) ;
#1970 = VERTEX_POINT ( 'NONE', #1820 ) ;
#1971 = EDGE_CURVE ( 'NONE', #1162, #3716, #1933, .T. ) ;
#1972 = ADVANCED_FACE ( 'NONE', ( #2990 ), #3391, .T. ) ;
#1973 = CARTESIAN_POINT ( 'NONE',  ( -27.85486697032423464, -7.381098397148617707, 1.387893879305937439 ) ) ;
#1974 = CARTESIAN_POINT ( 'NONE',  ( -69.99371866316981539, 0.000000000000000000, -2.499999999999991118 ) ) ;
#1975 = VECTOR ( 'NONE', #1800, 1000.000000000000000 ) ;
#1976 = EDGE_CURVE ( 'NONE', #2047, #1369, #3189, .T. ) ;
#1977 = EDGE_CURVE ( 'NONE', #3691, #2183, #3567, .T. ) ;
#1978 = DIRECTION ( 'NONE',  ( 0.000000000000000000, 0.000000000000000000, 1.000000000000000000 ) ) ;
#1979 = CARTESIAN_POINT ( 'NONE',  ( -103.0424301552163371, -1.388281672010097223, -4.889625288679503967 ) ) ;
#1980 = EDGE_CURVE ( 'NONE', #1438, #3016, #1557, .T. ) ;
#1981 = CYLINDRICAL_SURFACE ( 'NONE', #3124, 2.499999999999998668 ) ;
#1982 = CIRCLE ( 'NONE', #2213, 1.499999999999997113 ) ;
#1983 = LINE ( 'NONE', #3147, #17 ) ;
#1984 = CARTESIAN_POINT ( 'NONE',  ( -23.99999999999999289, 0.000000000000000000, -1.999999999999995781 ) ) ;
#1985 = ORIENTED_EDGE ( 'NONE', *, *, #1856, .T. ) ;
#1986 = EDGE_LOOP ( 'NONE', ( #595, #2125, #1730, #2342, #1260 ) ) ;
#1987 = EDGE_CURVE ( 'NONE', #1878, #2047, #2723, .T. ) ;
#1988 = CARTESIAN_POINT ( 'NONE',  ( -28.62050607053383544, -7.770972441482374649, 1.093113808509331930 ) ) ;
#1989 = LINE ( 'NONE', #2358, #3004 ) ;
#1990 = ORIENTED_EDGE ( 'NONE', *, *, #1954, .F. ) ;
#1991 = CARTESIAN_POINT ( 'NONE',  ( -25.50306186476635872, -12.31272586373799527, 2.428037343360262224 ) ) ;
#1992 = CARTESIAN_POINT ( 'NONE',  ( -61.75000000000000000, -10.00000000000000000, -2.000000000000000000 ) ) ;
#1993 = EDGE_LOOP ( 'NONE', ( #2133, #359, #670, #3648 ) ) ;
#1994 = CARTESIAN_POINT ( 'NONE',  ( -89.99371866316981539, 1.000000000000000000, -0.4999999999999963363 ) ) ;
#1995 = DIRECTION ( 'NONE',  ( 0.000000000000000000, 0.000000000000000000, -1.000000000000000000 ) ) ;
#1996 = CARTESIAN_POINT ( 'NONE',  ( -77.41899999999999693, -20.00000000000000000, 1.000000000000007772 ) ) ;
#1997 = CARTESIAN_POINT ( 'NONE',  ( -84.72992624151460461, -0.05990908576536187191, 2.412106588335543922 ) ) ;
#1998 = AXIS2_PLACEMENT_3D ( 'NONE', #288, #40, #1152 ) ;
#1999 = CARTESIAN_POINT ( 'NONE',  ( -104.9937186631698154, -12.00000000000000000, 1.835967299967542932 ) ) ;
#2000 = VECTOR ( 'NONE', #717, 1000.000000000000000 ) ;
#2001 = CARTESIAN_POINT ( 'NONE',  ( -101.8747609054922947, -13.62495764403147014, -5.656553441621260170 ) ) ;
#2002 = CARTESIAN_POINT ( 'NONE',  ( -87.67490837539854454, -0.6510550074890243399, 4.329783245531521274 ) ) ;
#2003 = ORIENTED_EDGE ( 'NONE', *, *, #825, .F. ) ;
#2004 = VERTEX_POINT ( 'NONE', #105 ) ;
#2005 = B_SPLINE_CURVE_WITH_KNOTS ( 'NONE', 3,
 ( #2126, #2086, #3554, #2433, #3591, #981, #663, #722, #948, #2148, #85, #2106, #128, #2660, #436, #3306, #701, #1288, #415, #44, #1000, #1217, #2451, #2373, #3534, #926, #165, #781, #1330, #2490 ),
 .UNSPECIFIED., .F., .F.,
 ( 4, 2, 2, 2, 2, 2, 2, 2, 2, 2, 2, 2, 2, 2, 4 ),
 ( 0.0005318676269027316529, 0.001069276999321112920, 0.001606686371739494187, 0.002144095744157875454, 0.002681505116576256720, 0.003756323861413016219, 0.004831142606249776150, 0.005368551978668154381, 0.005905961351086534347, 0.006443370723504912578, 0.006980780095923292544, 0.007518189468341672510, 0.008055598840760050741, 0.008593008213178430707, 0.009130417585596808938 ),
 .UNSPECIFIED. ) ;
#2006 = CARTESIAN_POINT ( 'NONE',  ( -60.20073434038596361, -7.058284051337230913, 3.102225117436220092 ) ) ;
#2007 = VERTEX_POINT ( 'NONE', #2393 ) ;
#2008 = EDGE_CURVE ( 'NONE', #2057, #1445, #2005, .T. ) ;
#2009 = EDGE_CURVE ( 'NONE', #2007, #538, #471, .T. ) ;
#2010 = CARTESIAN_POINT ( 'NONE',  ( -25.11210919933913033, -12.00654844883143646, 2.621389528881763464 ) ) ;
#2011 = DIRECTION ( 'NONE',  ( 0.000000000000000000, 0.000000000000000000, 1.000000000000000000 ) ) ;
#2012 = ORIENTED_EDGE ( 'NONE', *, *, #1099, .F. ) ;
#2013 = VECTOR ( 'NONE', #1126, 1000.000000000000000 ) ;
#2014 = VECTOR ( 'NONE', #996, 1000.000000000000000 ) ;
#2015 = CARTESIAN_POINT ( 'NONE',  ( -24.60023984151290577, -8.646268739300031925, 2.883631983965904588 ) ) ;
#2016 = FACE_OUTER_BOUND ( 'NONE', #2797, .T. ) ;
#2017 = CARTESIAN_POINT ( 'NONE',  ( -55.63087046444222494, -10.46693668163349678, 1.440711019369539381 ) ) ;
#2018 = CARTESIAN_POINT ( 'NONE',  ( -102.4537281461874016, -0.8735298696630159343, -4.705352342798599707 ) ) ;
#2019 = LINE ( 'NONE', #245, #448 ) ;
#2020 = CARTESIAN_POINT ( 'NONE',  ( -56.51656152356667917, -11.19719944264443434, 1.715728024797049889 ) ) ;
#2021 = EDGE_CURVE ( 'NONE', #1874, #808, #3264, .T. ) ;
#2022 = CARTESIAN_POINT ( 'NONE',  ( -24.96233813580455774, -11.85532105496070088, 2.696952779518551946 ) ) ;
#2023 = ORIENTED_EDGE ( 'NONE', *, *, #2147, .T. ) ;
#2024 = VERTEX_POINT ( 'NONE', #761 ) ;
#2025 = CARTESIAN_POINT ( 'NONE',  ( -24.63125022652563345, -7.996513385404184326, 3.224723047727569014 ) ) ;
#2026 = CIRCLE ( 'NONE', #2387, 0.4999999999999971689 ) ;
#2027 = VERTEX_POINT ( 'NONE', #3654 ) ;
#2028 = ADVANCED_FACE ( 'NONE', ( #3402 ), #1939, .T. ) ;
#2029 = ADVANCED_FACE ( 'NONE', ( #3137 ), #505, .F. ) ;
#2030 = CARTESIAN_POINT ( 'NONE',  ( -24.38495540037065723, -10.86829941385581577, 2.997106255599842228 ) ) ;
#2031 = DIRECTION ( 'NONE',  ( 0.9419856854266430712, -0.3228844000403151560, 0.09169859683715569920 ) ) ;
#2032 = ORIENTED_EDGE ( 'NONE', *, *, #2627, .F. ) ;
#2033 = CARTESIAN_POINT ( 'NONE',  ( -28.01034266323463484, -7.436841575062587140, 1.326369562000325075 ) ) ;
#2034 = CARTESIAN_POINT ( 'NONE',  ( -101.1542566651709905, -14.31605225310823926, -5.554629571697142332 ) ) ;
#2035 = DIRECTION ( 'NONE',  ( 0.000000000000000000, 0.000000000000000000, 1.000000000000000000 ) ) ;
#2036 = CARTESIAN_POINT ( 'NONE',  ( -104.0585033592526969, -0.9534341563132858743, -2.912178846764451379 ) ) ;
#2037 = CARTESIAN_POINT ( 'NONE',  ( -28.49999999999999645, -10.00000000000000000, -2.000000000000000000 ) ) ;
#2038 = CARTESIAN_POINT ( 'NONE',  ( -88.09343134964399269, -18.79291088406001720, 3.900527826669821785 ) ) ;
#2039 = CARTESIAN_POINT ( 'NONE',  ( -27.36651702635060701, -13.25058798019474615, 2.141218281576510840 ) ) ;
#2040 = ORIENTED_EDGE ( 'NONE', *, *, #1900, .T. ) ;
#2041 = ORIENTED_EDGE ( 'NONE', *, *, #146, .F. ) ;
#2042 = CARTESIAN_POINT ( 'NONE',  ( -27.30599490125851503, -7.255896897356623576, 2.163116875770552117 ) ) ;
#2043 = CIRCLE ( 'NONE', #3023, 1.000000000000000000 ) ;
#2044 = ORIENTED_EDGE ( 'NONE', *, *, #1365, .T. ) ;
#2045 = CARTESIAN_POINT ( 'NONE',  ( -84.37473307364223274, -19.83369398355148405, 2.392991200515108385 ) ) ;
#2046 = CARTESIAN_POINT ( 'NONE',  ( -69.99371866316981539, 1.000000000000000000, -1.999999999999993561 ) ) ;
#2047 = VERTEX_POINT ( 'NONE', #1374 ) ;
#2048 = CARTESIAN_POINT ( 'NONE',  ( -25.50918730523189026, -7.683328676496509857, 2.425055823717037207 ) ) ;
#2049 = CARTESIAN_POINT ( 'NONE',  ( -59.00000000000000000, -10.00000000000000000, -8.999999999999992895 ) ) ;
#2050 = DIRECTION ( 'NONE',  ( 0.000000000000000000, 0.000000000000000000, 1.000000000000000000 ) ) ;
#2051 = CARTESIAN_POINT ( 'NONE',  ( -103.5600607606565262, -0.9286159138873818497, -3.703794657544874802 ) ) ;
#2052 = CARTESIAN_POINT ( 'NONE',  ( -79.99371866316981539, 1.000000000000000000, -1.999999999999993561 ) ) ;
#2053 = CIRCLE ( 'NONE', #2355, 1.000000000000000000 ) ;
#2054 = CARTESIAN_POINT ( 'NONE',  ( -104.5185836474987298, -0.9763422788558379084, -0.9211653402171667837 ) ) ;
#2055 = CARTESIAN_POINT ( 'NONE',  ( -24.63997274994999032, -11.42316259018360114, 2.862867623746413681 ) ) ;
#2056 = EDGE_LOOP ( 'NONE', ( #1109, #2432, #3381, #2624 ) ) ;
#2057 = VERTEX_POINT ( 'NONE', #2760 ) ;
#2058 = CARTESIAN_POINT ( 'NONE',  ( -25.01192067781440542, -8.088487118911595886, 3.060564626328782012 ) ) ;
#2059 = ORIENTED_EDGE ( 'NONE', *, *, #1420, .T. ) ;
#2060 = CARTESIAN_POINT ( 'NONE',  ( -25.93475831171308954, -12.54052586937170943, 2.221449732914130060 ) ) ;
#2061 = CIRCLE ( 'NONE', #54, 1.499999999999997113 ) ;
#2062 = DIRECTION ( 'NONE',  ( -0.9805353528392094509, -0.1963426133891650049, 0.000000000000000000 ) ) ;
#2063 = VERTEX_POINT ( 'NONE', #814 ) ;
#2064 = CARTESIAN_POINT ( 'NONE',  ( -77.41899999999999693, -20.00000000000000000, 21.50000000000000711 ) ) ;
#2065 = CARTESIAN_POINT ( 'NONE',  ( -56.76621258032525219, -12.50987215685248266, 1.801601272097415052 ) ) ;
#2066 = CARTESIAN_POINT ( 'NONE',  ( -86.53150888882267111, -18.72164956810556902, 3.695344766157556915 ) ) ;
#2067 = DIRECTION ( 'NONE',  ( 0.000000000000000000, -0.7071067811865470176, 0.7071067811865480168 ) ) ;
#2069 = ADVANCED_FACE ( 'NONE', ( #3108 ), #2258, .T. ) ;
#2068 = B_SPLINE_CURVE_WITH_KNOTS ( 'NONE', 1,
 ( #3386, #739 ),
 .UNSPECIFIED., .F., .F.,
 ( 2, 2 ),
 ( 0.000000000000000000, 1.000000000000000000 ),
 .UNSPECIFIED. ) ;
#2070 = CARTESIAN_POINT ( 'NONE',  ( -56.77578139074397257, -12.51784143673747351, 1.804784305999615812 ) ) ;
#2071 = CARTESIAN_POINT ( 'NONE',  ( -23.99999999999999289, -4.150000000000000355, -1.999999999999995337 ) ) ;
#2072 = CARTESIAN_POINT ( 'NONE',  ( -25.21893790842515415, -12.10287895888754583, 2.567919025754437534 ) ) ;
#2073 = ORIENTED_EDGE ( 'NONE', *, *, #607, .T. ) ;
#2074 = ORIENTED_EDGE ( 'NONE', *, *, #2, .F. ) ;
#2075 = CARTESIAN_POINT ( 'NONE',  ( -24.39345995973869208, -8.350357306664669466, 3.328816751843302946 ) ) ;
#2076 = ORIENTED_EDGE ( 'NONE', *, *, #1980, .F. ) ;
#2077 = VECTOR ( 'NONE', #1506, 999.9999999999998863 ) ;
#2078 = B_SPLINE_CURVE_WITH_KNOTS ( 'NONE', 3,
 ( #306, #1432, #1484, #853, #2017, #2088, #2619, #3181, #3219, #1140, #1218, #2065, #1752, #2319, #292, #3479, #2300, #644, #573, #1767, #1734, #604, #2901, #2931, #26, #587, #620, #2636, #2588, #1465, #3252, #275, #3749, #1448 ),
 .UNSPECIFIED., .F., .F.,
 ( 4, 2, 2, 2, 2, 2, 2, 2, 2, 2, 2, 2, 2, 2, 2, 2, 4 ),
 ( 0.009972747625301290469, 0.01063594463185970306, 0.01129914163841811391, 0.01196233864497652649, 0.01262553565153493734, 0.01328873265809334993, 0.01395192966465176251, 0.01461512667121017336, 0.01527832367776858595, 0.01594152068432699854, 0.01660471769088540939, 0.01726791469744382024, 0.01793111170400223456, 0.01859430871056064541, 0.01925750571711905973, 0.01992070272367747058, 0.02058389973023588143 ),
 .UNSPECIFIED. ) ;
#2079 = CARTESIAN_POINT ( 'NONE',  ( -61.02609207921792489, -8.132124526053729596, 3.081827249452135042 ) ) ;
#2080 = CARTESIAN_POINT ( 'NONE',  ( -84.90999999999998238, 0.000000000000000000, -6.996016475662523604 ) ) ;
#2081 = LINE ( 'NONE', #2431, #3245 ) ;
#2082 = ORIENTED_EDGE ( 'NONE', *, *, #919, .T. ) ;
#2083 = AXIS2_PLACEMENT_3D ( 'NONE', #557, #1720, #3751 ) ;
#2084 = AXIS2_PLACEMENT_3D ( 'NONE', #1949, #3687, #1937 ) ;
#2085 = EDGE_CURVE ( 'NONE', #740, #2579, #2993, .T. ) ;
#2086 = CARTESIAN_POINT ( 'NONE',  ( -61.66427944944933870, -10.70442839392163137, 3.433508204831725585 ) ) ;
#2087 = EDGE_CURVE ( 'NONE', #3009, #1587, #1515, .T. ) ;
#2088 = CARTESIAN_POINT ( 'NONE',  ( -55.72281386376762669, -10.89933446732642430, 1.468732465451580538 ) ) ;
#2089 = DIRECTION ( 'NONE',  ( 0.000000000000000000, 0.000000000000000000, 1.000000000000000000 ) ) ;
#2090 = DIRECTION ( 'NONE',  ( -0.000000000000000000, -0.000000000000000000, -1.000000000000000000 ) ) ;
#2091 = ADVANCED_FACE ( 'NONE', ( #455 ), #3674, .T. ) ;
#2092 = CARTESIAN_POINT ( 'NONE',  ( -87.82596906964981542, -18.29403477748917339, 4.408830284240792707 ) ) ;
#2093 = CARTESIAN_POINT ( 'NONE',  ( -60.43597895740499837, -12.81663864783253004, 3.203360242403571867 ) ) ;
#2094 = CARTESIAN_POINT ( 'NONE',  ( -56.28016327025105880, -7.995484603058041984, 1.643049807199983947 ) ) ;
#2095 = CARTESIAN_POINT ( 'NONE',  ( -26.75213132244771685, -13.22879713240298472, 2.366642883247440210 ) ) ;
#2096 = ORIENTED_EDGE ( 'NONE', *, *, #2290, .F. ) ;
#2097 = ORIENTED_EDGE ( 'NONE', *, *, #906, .F. ) ;
#2098 = FACE_BOUND ( 'NONE', #903, .T. ) ;
#2099 = CARTESIAN_POINT ( 'NONE',  ( -27.82481252400120297, -7.370633710512896286, 1.399860347889251511 ) ) ;
#2100 = ORIENTED_EDGE ( 'NONE', *, *, #1987, .F. ) ;
#2101 = CARTESIAN_POINT ( 'NONE',  ( -56.57183942459636938, -8.693336461713546015, 1.734010598473871845 ) ) ;
#2102 = CARTESIAN_POINT ( 'NONE',  ( -88.39827309714782189, -18.68842028906181696, 3.968920049388696913 ) ) ;
#2103 = CARTESIAN_POINT ( 'NONE',  ( -84.96891722566843441, -2.000000000000000000, -1.066874950121234455 ) ) ;
#2104 = VERTEX_POINT ( 'NONE', #2799 ) ;
#2105 = VECTOR ( 'NONE', #1020, 1000.000000000000000 ) ;
#2106 = CARTESIAN_POINT ( 'NONE',  ( -59.44454822922905635, -12.73316967140013922, 2.280131867712762883 ) ) ;
#2107 = LINE ( 'NONE', #3270, #326 ) ;
#2108 = CARTESIAN_POINT ( 'NONE',  ( -104.6558439280302792, -13.11581331100047443, -0.9211653402171546823 ) ) ;
#2109 = CARTESIAN_POINT ( 'NONE',  ( -100.3680362680049143, -1.262994665714975984, -6.380888875047963538 ) ) ;
#2110 = CARTESIAN_POINT ( 'NONE',  ( -58.47774710705312629, -13.23818999136878283, 2.409528221691616512 ) ) ;
#2111 = CARTESIAN_POINT ( 'NONE',  ( -24.64636523916743016, -12.02284905246046876, 3.218158289586440013 ) ) ;
#2112 = LINE ( 'NONE', #2398, #1352 ) ;
#2113 = ORIENTED_EDGE ( 'NONE', *, *, #1477, .T. ) ;
#2114 = ORIENTED_EDGE ( 'NONE', *, *, #1303, .T. ) ;
#2115 = CARTESIAN_POINT ( 'NONE',  ( -56.25423415132718219, -9.823321787943994465, 0.9558936436882152776 ) ) ;
#2116 = CARTESIAN_POINT ( 'NONE',  ( -103.2836116942919773, -13.17038345984931169, -4.687849541299525136 ) ) ;
#2117 = ORIENTED_EDGE ( 'NONE', *, *, #2552, .T. ) ;
#2118 = EDGE_CURVE ( 'NONE', #2625, #1934, #859, .T. ) ;
#2119 = VECTOR ( 'NONE', #3342, 1000.000000000000114 ) ;
#2120 = CARTESIAN_POINT ( 'NONE',  ( -104.9937186631698154, -12.00000000000000000, 1.835967299967542932 ) ) ;
#2121 = CARTESIAN_POINT ( 'NONE',  ( -57.22176354184556857, -7.888956598576462476, 1.954511662826756258 ) ) ;
#2122 = PLANE ( 'NONE',  #369 ) ;
#2123 = CARTESIAN_POINT ( 'NONE',  ( -29.74105457792614615, -10.27101764161243480, 0.6992798955962852281 ) ) ;
#2124 = EDGE_CURVE ( 'NONE', #1509, #1572, #2822, .T. ) ;
#2125 = ORIENTED_EDGE ( 'NONE', *, *, #3719, .T. ) ;
#2126 = CARTESIAN_POINT ( 'NONE',  ( -61.69872002347361928, -10.52859269281987409, 3.452974824908512819 ) ) ;
#2127 = CARTESIAN_POINT ( 'NONE',  ( -21.49999999999999289, -0.5000000000000004441, 4.731159986743394441 ) ) ;
#2128 = CARTESIAN_POINT ( 'NONE',  ( -23.99999999999999289, -20.00000000000000000, 0.5000000000000047740 ) ) ;
#2129 = CARTESIAN_POINT ( 'NONE',  ( -61.61287729169192318, -9.124826604081819781, 3.404518004572415268 ) ) ;
#2130 = CARTESIAN_POINT ( 'NONE',  ( -23.98032800990097968, -10.45027229243581068, 3.513752762392448492 ) ) ;
#2131 = CARTESIAN_POINT ( 'NONE',  ( -64.15000000000000568, -15.84999999999999964, -1.999999999999992228 ) ) ;
#2132 = ORIENTED_EDGE ( 'NONE', *, *, #1032, .T. ) ;
#2133 = ORIENTED_EDGE ( 'NONE', *, *, #148, .F. ) ;
#2134 = EDGE_CURVE ( 'NONE', #1764, #633, #2331, .T. ) ;
#2135 = DIRECTION ( 'NONE',  ( 0.9961998925413111383, 0.04960236245333264626, -0.07159175748456308996 ) ) ;
#2136 = CIRCLE ( 'NONE', #61, 1.000000000000000000 ) ;
#2137 = CARTESIAN_POINT ( 'NONE',  ( -23.99999999999999645, -13.34999999999999964, -8.999999999999996447 ) ) ;
#2138 = ORIENTED_EDGE ( 'NONE', *, *, #3470, .T. ) ;
#2139 = CARTESIAN_POINT ( 'NONE',  ( -104.4325084781485486, -1.450574170304208987, -3.222869368001294532 ) ) ;
#2140 = CARTESIAN_POINT ( 'NONE',  ( -56.86029933973412653, -8.258650386214061001, 1.830691066060178285 ) ) ;
#2141 = CARTESIAN_POINT ( 'NONE',  ( -87.86544432195371712, -18.28727026236479603, 4.423830677367785569 ) ) ;
#2142 = EDGE_CURVE ( 'NONE', #3464, #382, #2191, .T. ) ;
#2143 = EDGE_CURVE ( 'NONE', #2625, #894, #2699, .T. ) ;
#2144 = CARTESIAN_POINT ( 'NONE',  ( -29.69682802813460043, -10.53816223080742454, 0.7140167689015415320 ) ) ;
#2145 = EDGE_LOOP ( 'NONE', ( #879, #2613, #3762, #1947 ) ) ;
#2146 = AXIS2_PLACEMENT_3D ( 'NONE', #1645, #3407, #3144 ) ;
#2147 = EDGE_CURVE ( 'NONE', #1556, #2159, #1149, .T. ) ;
#2148 = CARTESIAN_POINT ( 'NONE',  ( -60.36000234027370936, -12.41284103475936362, 2.731688713915146227 ) ) ;
#2149 = DIRECTION ( 'NONE',  ( 0.000000000000000000, 0.000000000000000000, 1.000000000000000000 ) ) ;
#2150 = VECTOR ( 'NONE', #1796, 1000.000000000000000 ) ;
#2151 = LINE ( 'NONE', #47, #2626 ) ;
#2152 = AXIS2_PLACEMENT_3D ( 'NONE', #1679, #1648, #1382 ) ;
#2153 = CARTESIAN_POINT ( 'NONE',  ( -57.69378430765694077, -7.574344846603985992, 1.507832489306244028 ) ) ;
#2154 = CARTESIAN_POINT ( 'NONE',  ( -59.23214813071538742, -12.74569627538423511, 2.181422128239757452 ) ) ;
#2155 = EDGE_CURVE ( 'NONE', #3716, #770, #280, .T. ) ;
#2156 = LINE ( 'NONE', #2176, #2327 ) ;
#2157 = CARTESIAN_POINT ( 'NONE',  ( -30.04937652507470958, -11.46266163965946561, 1.273365985337149286 ) ) ;
#2158 = EDGE_LOOP ( 'NONE', ( #3344, #2346, #2610, #403, #636 ) ) ;
#2159 = VERTEX_POINT ( 'NONE', #1427 ) ;
#2160 = PLANE ( 'NONE',  #1198 ) ;
#2161 = CARTESIAN_POINT ( 'NONE',  ( -104.7840428333625056, -12.70751697022598847, -2.354844447666829765 ) ) ;
#2162 = VERTEX_POINT ( 'NONE', #2632 ) ;
#2163 = LINE ( 'NONE', #2445, #3276 ) ;
#2164 = AXIS2_PLACEMENT_3D ( 'NONE', #1821, #966, #1289 ) ;
#2165 = CARTESIAN_POINT ( 'NONE',  ( -60.72552356710039589, -7.374974528879603142, 3.329905843468103033 ) ) ;
#2166 = CARTESIAN_POINT ( 'NONE',  ( -84.51397426040649918, -0.4948294745824266538, 2.806177990314528525 ) ) ;
#2167 = LINE ( 'NONE', #2703, #541 ) ;
#2168 = ORIENTED_EDGE ( 'NONE', *, *, #3035, .F. ) ;
#2169 =( GEOMETRIC_REPRESENTATION_CONTEXT ( 3 ) GLOBAL_UNCERTAINTY_ASSIGNED_CONTEXT ( ( #483 ) ) GLOBAL_UNIT_ASSIGNED_CONTEXT ( ( #474, #783, #3054 ) ) REPRESENTATION_CONTEXT ( 'NONE', 'WORKASPACE' ) );
#2170 = AXIS2_PLACEMENT_3D ( 'NONE', #2885, #1447, #3498 ) ;
#2171 = CARTESIAN_POINT ( 'NONE',  ( -99.99371866316980118, 0.000000000000000000, -0.4999999999999946154 ) ) ;
#2172 = TOROIDAL_SURFACE ( 'NONE', #887, 0.4999999999999971689, 1.000000000000000000 ) ;
#2173 = CARTESIAN_POINT ( 'NONE',  ( -99.99371866316980118, 1.000000000000000000, -1.999999999999991784 ) ) ;
#2174 = CARTESIAN_POINT ( 'NONE',  ( -23.99999999999999289, -20.00000000000000000, 0.5000000000000047740 ) ) ;
#2175 = DIRECTION ( 'NONE',  ( 0.000000000000000000, 1.000000000000000000, 0.000000000000000000 ) ) ;
#2176 = CARTESIAN_POINT ( 'NONE',  ( -104.9937186631698154, -10.71693145836196415, 12.09084040079648759 ) ) ;
#2177 = CARTESIAN_POINT ( 'NONE',  ( -27.97141310889498556, -13.15440184204945773, 1.929155939253253349 ) ) ;
#2178 = ORIENTED_EDGE ( 'NONE', *, *, #939, .T. ) ;
#2179 = ADVANCED_FACE ( 'NONE', ( #2583 ), #2347, .T. ) ;
#2180 = CARTESIAN_POINT ( 'NONE',  ( -84.96891722566843441, -2.000000000000000000, -5.566874950121220245 ) ) ;
#2181 = DIRECTION ( 'NONE',  ( -8.163404592832032733E-17, 0.000000000000000000, -1.000000000000000000 ) ) ;
#2182 = CARTESIAN_POINT ( 'NONE',  ( -102.8762794868016641, -13.29604493980164825, -5.007933269682553146 ) ) ;
#2183 = VERTEX_POINT ( 'NONE', #1443 ) ;
#2184 = VECTOR ( 'NONE', #1928, 999.9999999999998863 ) ;
#2185 = DIRECTION ( 'NONE',  ( -0.1034257481137636492, 0.7045366037530605974, 0.7020906555418688910 ) ) ;
#2186 = CARTESIAN_POINT ( 'NONE',  ( -89.99371866316981539, -0.2531263631218112486, -0.4999999999999963363 ) ) ;
#2187 = CARTESIAN_POINT ( 'NONE',  ( -84.72939270683393431, 0.008992721726247279723, 2.338277602289159152 ) ) ;
#2188 = AXIS2_PLACEMENT_3D ( 'NONE', #3512, #849, #2011 ) ;
#2189 = CARTESIAN_POINT ( 'NONE',  ( -1.515124069625953429E-16, -20.00000000000000000, -1.999999999999997335 ) ) ;
#2190 = ORIENTED_EDGE ( 'NONE', *, *, #1182, .F. ) ;
#2191 = LINE ( 'NONE', #1083, #560 ) ;
#2192 = LINE ( 'NONE', #373, #1975 ) ;
#2193 = CARTESIAN_POINT ( 'NONE',  ( -21.49999999999999645, 0.000000000000000000, 0.5000000000000038858 ) ) ;
#2194 = LINE ( 'NONE', #3095, #2643 ) ;
#2195 = DIRECTION ( 'NONE',  ( -1.000000000000000000, 0.000000000000000000, 8.163404592832032733E-17 ) ) ;
#2196 = CARTESIAN_POINT ( 'NONE',  ( -25.08016709282689050, -12.47745538759544104, 3.032521838418580806 ) ) ;
#2197 = CARTESIAN_POINT ( 'NONE',  ( -28.33553406497079052, -12.41587015856285880, 1.805685778475688119 ) ) ;
#2198 = VECTOR ( 'NONE', #2917, 1000.000000000000114 ) ;
#2199 = CARTESIAN_POINT ( 'NONE',  ( -87.74161758325652727, -0.6527155043998722483, 4.369629191180925964 ) ) ;
#2200 = DIRECTION ( 'NONE',  ( 0.000000000000000000, 1.000000000000000000, -0.000000000000000000 ) ) ;
#2201 = ORIENTED_EDGE ( 'NONE', *, *, #1570, .F. ) ;
#2202 = CIRCLE ( 'NONE', #2377, 1.999999999999998224 ) ;
#2203 = AXIS2_PLACEMENT_3D ( 'NONE', #3248, #366, #2701 ) ;
#2204 = CARTESIAN_POINT ( 'NONE',  ( -104.4079646955606790, -1.449474501914927771, -3.269596394899804803 ) ) ;
#2205 = CARTESIAN_POINT ( 'NONE',  ( -103.6973210411875073, -13.44436616698464881, -3.703794657545615987 ) ) ;
#2206 = CARTESIAN_POINT ( 'NONE',  ( -64.00000000000000000, -19.50000000000000000, -8.999999999999992895 ) ) ;
#2207 = CARTESIAN_POINT ( 'NONE',  ( -88.26357023188944595, -0.6657102226614562968, 4.468614064693478660 ) ) ;
#2208 = EDGE_LOOP ( 'NONE', ( #1227, #1781, #975, #3665 ) ) ;
#2209 = CARTESIAN_POINT ( 'NONE',  ( -26.99999999999999645, -10.00000000000000000, -8.999999999999996447 ) ) ;
#2210 = CARTESIAN_POINT ( 'NONE',  ( -104.9937186631698154, -12.64282768913240673, -0.9211653402171546823 ) ) ;
#2211 = CARTESIAN_POINT ( 'NONE',  ( -101.9077779343025867, -1.334652726291621683, -5.635298698811350704 ) ) ;
#2212 = FACE_OUTER_BOUND ( 'NONE', #1197, .T. ) ;
#2213 = AXIS2_PLACEMENT_3D ( 'NONE', #1732, #3217, #2698 ) ;
#2214 = CARTESIAN_POINT ( 'NONE',  ( -60.81342500902615456, -12.07491123428501112, 2.968456952932296389 ) ) ;
#2215 = CARTESIAN_POINT ( 'NONE',  ( -23.99999999999999645, -15.35000000000000142, -8.999999999999996447 ) ) ;
#2216 = CARTESIAN_POINT ( 'NONE',  ( -104.5185836474987298, -0.9763422788558377974, -0.9211653402171597893 ) ) ;
#2217 = CARTESIAN_POINT ( 'NONE',  ( -61.69872002347361928, -10.52859269281987409, 3.452974824908512819 ) ) ;
#2218 = FACE_OUTER_BOUND ( 'NONE', #158, .T. ) ;
#2219 = ORIENTED_EDGE ( 'NONE', *, *, #825, .T. ) ;
#2220 = CARTESIAN_POINT ( 'NONE',  ( -101.9749346135819508, -1.999999999999998224, -5.566874950121219356 ) ) ;
#2221 = CARTESIAN_POINT ( 'NONE',  ( -85.62967604532310872, -0.5517850772175140195, 3.231803414770963112 ) ) ;
#2222 = DIRECTION ( 'NONE',  ( -8.163404592832033966E-17, -0.000000000000000000, -1.000000000000000000 ) ) ;
#2223 = VERTEX_POINT ( 'NONE', #2279 ) ;
#2224 = CARTESIAN_POINT ( 'NONE',  ( -101.9749346135819508, -20.00000000000000000, -5.566874950121219356 ) ) ;
#2225 = DIRECTION ( 'NONE',  ( 0.000000000000000000, 1.000000000000000000, 0.000000000000000000 ) ) ;
#2226 = DIRECTION ( 'NONE',  ( -1.387778780781445676E-15, 0.000000000000000000, 1.000000000000000000 ) ) ;
#2227 = CARTESIAN_POINT ( 'NONE',  ( -100.2549961916864021, -0.7640515409044527084, -5.895037519289727967 ) ) ;
#2228 = DIRECTION ( 'NONE',  ( 0.000000000000000000, 1.000000000000000000, 0.000000000000000000 ) ) ;
#2229 = CARTESIAN_POINT ( 'NONE',  ( -103.5129652277636154, -1.409367486464820240, -4.479004535835920287 ) ) ;
#2230 = CARTESIAN_POINT ( 'NONE',  ( -87.96638272548504744, -0.6583114808023872166, 4.446480738375647057 ) ) ;
#2231 = PLANE ( 'NONE',  #2152 ) ;
#2232 = CARTESIAN_POINT ( 'NONE',  ( -102.6994347728238353, -13.35059813620549818, -5.125817565307674073 ) ) ;
#2233 = CONICAL_SURFACE ( 'NONE', #590, 20.50000000000000000, 0.7853981633974447263 ) ;
#2234 = ORIENTED_EDGE ( 'NONE', *, *, #3214, .T. ) ;
#2235 = CARTESIAN_POINT ( 'NONE',  ( -103.3616870322145331, -13.14629797105312292, -4.622530654449250598 ) ) ;
#2236 = DIRECTION ( 'NONE',  ( 0.9896557080369863257, 0.000000000000000000, -0.1434628159134319625 ) ) ;
#2237 = ADVANCED_FACE ( 'NONE', ( #287 ), #3040, .T. ) ;
#2238 = ORIENTED_EDGE ( 'NONE', *, *, #3214, .F. ) ;
#2239 = PRESENTATION_LAYER_ASSIGNMENT (  '', '', ( #3338 ) ) ;
#2240 = EDGE_CURVE ( 'NONE', #3099, #2629, #2686, .T. ) ;
#2241 = DIRECTION ( 'NONE',  ( 0.7071067811865474617, 0.000000000000000000, 0.7071067811865474617 ) ) ;
#2242 = CARTESIAN_POINT ( 'NONE',  ( -88.29086901043602609, -18.72523518406111620, 3.970570345688304137 ) ) ;
#2243 = VERTEX_POINT ( 'NONE', #1459 ) ;
#2244 = CARTESIAN_POINT ( 'NONE',  ( -30.03435184898637900, -8.507423393488448227, 1.277711881581081732 ) ) ;
#2245 = FACE_OUTER_BOUND ( 'NONE', #654, .T. ) ;
#2246 = FACE_OUTER_BOUND ( 'NONE', #349, .T. ) ;
#2247 = CARTESIAN_POINT ( 'NONE',  ( -84.71450000075635955, -0.5003787732800613064, 2.878492830588927909 ) ) ;
#2248 = VERTEX_POINT ( 'NONE', #2614 ) ;
#2249 = CARTESIAN_POINT ( 'NONE',  ( -100.9454583634944100, -14.38762203958087049, -5.666122618061267602 ) ) ;
#2250 = VERTEX_POINT ( 'NONE', #6 ) ;
#2251 = CARTESIAN_POINT ( 'NONE',  ( -29.73169851101708616, -9.638051406019046752, 1.361689774842504530 ) ) ;
#2252 = CARTESIAN_POINT ( 'NONE',  ( -102.8996842708726120, -13.71777209450314849, -4.492779293832882104 ) ) ;
#2253 = EDGE_CURVE ( 'NONE', #498, #3474, #1195, .T. ) ;
#2254 = B_SPLINE_CURVE_WITH_KNOTS ( 'NONE', 1,
 ( #3047, #82 ),
 .UNSPECIFIED., .F., .F.,
 ( 2, 2 ),
 ( 0.000000000000000000, 1.000000000000000000 ),
 .UNSPECIFIED. ) ;
#2255 = EDGE_LOOP ( 'NONE', ( #1304, #1639, #1439, #2539 ) ) ;
#2256 = EDGE_CURVE ( 'NONE', #1739, #954, #2316, .T. ) ;
#2257 = EDGE_CURVE ( 'NONE', #62, #1594, #2447, .T. ) ;
#2258 = PLANE ( 'NONE',  #1161 ) ;
#2259 = DIRECTION ( 'NONE',  ( -0.000000000000000000, -1.000000000000000000, -0.000000000000000000 ) ) ;
#2260 = ORIENTED_EDGE ( 'NONE', *, *, #1977, .T. ) ;
#2261 = CARTESIAN_POINT ( 'NONE',  ( -55.81080425703416381, -9.374276008891587963, 0.9728454947404289177 ) ) ;
#2262 = LINE ( 'NONE', #3375, #1680 ) ;
#2263 = CARTESIAN_POINT ( 'NONE',  ( -84.05989213898890000, -19.59002222423120543, 2.634726304706964228 ) ) ;
#2264 = CARTESIAN_POINT ( 'NONE',  ( -104.5707850126943015, -1.456770949060792963, -2.944474450644162022 ) ) ;
#2265 = ADVANCED_FACE ( 'NONE', ( #39 ), #1809, .T. ) ;
#2266 = DIRECTION ( 'NONE',  ( 4.625929269271483942E-16, 0.000000000000000000, 1.000000000000000000 ) ) ;
#2267 = AXIS2_PLACEMENT_3D ( 'NONE', #2395, #2376, #3289 ) ;
#2268 = B_SPLINE_CURVE_WITH_KNOTS ( 'NONE', 3,
 ( #2352, #2970, #1799, #3234, #3535, #2336 ),
 .UNSPECIFIED., .F., .F.,
 ( 4, 2, 4 ),
 ( 0.000000000000000000, 0.5000000000000000000, 1.000000000000000000 ),
 .UNSPECIFIED. ) ;
#2269 = ADVANCED_FACE ( 'NONE', ( #1251 ), #1214, .F. ) ;
#2270 = CARTESIAN_POINT ( 'NONE',  ( -100.5007723624109275, -14.08207126490860439, -6.321588243425213527 ) ) ;
#2271 = DIRECTION ( 'NONE',  ( -0.000000000000000000, -1.000000000000000000, -0.000000000000000000 ) ) ;
#2272 = VERTEX_POINT ( 'NONE', #923 ) ;
#2273 = AXIS2_PLACEMENT_3D ( 'NONE', #821, #2321, #3183 ) ;
#2274 = VECTOR ( 'NONE', #1883, 1000.000000000000000 ) ;
#2275 = ORIENTED_EDGE ( 'NONE', *, *, #3064, .T. ) ;
#2276 = PRODUCT_DEFINITION_FORMATION_WITH_SPECIFIED_SOURCE ( 'ANY', '', #75, .NOT_KNOWN. ) ;
#2277 = DIRECTION ( 'NONE',  ( -0.000000000000000000, -1.000000000000000000, -0.000000000000000000 ) ) ;
#2278 = VERTEX_POINT ( 'NONE', #614 ) ;
#2279 = CARTESIAN_POINT ( 'NONE',  ( -66.08719863295236507, 0.000000000000000000, 4.416666666666681174 ) ) ;
#2280 = CARTESIAN_POINT ( 'NONE',  ( -64.36969411118725759, -20.00000000000000000, 4.000000000000012434 ) ) ;
#2281 = ORIENTED_EDGE ( 'NONE', *, *, #2937, .F. ) ;
#2282 = DIRECTION ( 'NONE',  ( -1.000000000000000000, -0.000000000000000000, -8.672384569055758038E-16 ) ) ;
#2283 = DIRECTION ( 'NONE',  ( -0.000000000000000000, -1.000000000000000000, -0.000000000000000000 ) ) ;
#2284 = VECTOR ( 'NONE', #3328, 1000.000000000000114 ) ;
#2285 = CARTESIAN_POINT ( 'NONE',  ( -86.53045547497751500, -18.72201644435089207, 3.646081843561290281 ) ) ;
#2286 = CARTESIAN_POINT ( 'NONE',  ( -84.71515590868317247, -0.5000001141310973507, 2.878343012605252049 ) ) ;
#2287 = CARTESIAN_POINT ( 'NONE',  ( -89.99371866316981539, -0.2531263631218112486, -0.4999999999999963363 ) ) ;
#2288 = FACE_OUTER_BOUND ( 'NONE', #1419, .T. ) ;
#2289 = CARTESIAN_POINT ( 'NONE',  ( -102.6994347728238921, -12.00000000000000000, -5.125817565307640322 ) ) ;
#2290 = EDGE_CURVE ( 'NONE', #989, #116, #2136, .T. ) ;
#2291 = ORIENTED_EDGE ( 'NONE', *, *, #936, .T. ) ;
#2292 = VERTEX_POINT ( 'NONE', #2080 ) ;
#2293 = CARTESIAN_POINT ( 'NONE',  ( -102.6994347728238921, -13.35059813620543778, -5.125817565307640322 ) ) ;
#2294 = ORIENTED_EDGE ( 'NONE', *, *, #3329, .F. ) ;
#2295 = CARTESIAN_POINT ( 'NONE',  ( -88.17917603167188645, -0.6636091481023864702, 4.476859693007891217 ) ) ;
#2296 = DIRECTION ( 'NONE',  ( -0.09688807623778838973, 0.000000000000000000, 0.9952952831612036366 ) ) ;
#2297 = ORIENTED_EDGE ( 'NONE', *, *, #1570, .T. ) ;
#2298 = CARTESIAN_POINT ( 'NONE',  ( -42.55799999999999272, -19.50000000000000000, -0.5000000000000004441 ) ) ;
#2299 = CARTESIAN_POINT ( 'NONE',  ( -89.99371866316981539, 1.000000000000000000, -1.999999999999993561 ) ) ;
#2300 = CARTESIAN_POINT ( 'NONE',  ( -58.06794035679998700, -13.16676258513915876, 2.256795483584220996 ) ) ;
#2301 = DIRECTION ( 'NONE',  ( 8.163404592832033966E-17, 0.000000000000000000, 1.000000000000000000 ) ) ;
#2302 = CIRCLE ( 'NONE', #2484, 0.4999999999999987232 ) ;
#2303 = DIRECTION ( 'NONE',  ( -1.000000000000000000, 0.000000000000000000, 0.000000000000000000 ) ) ;
#2304 = ADVANCED_BREP_SHAPE_REPRESENTATION ( 'FINGER PAD_t20_R_v2', ( #1035, #316 ), #2631 ) ;
#2305 = AXIS2_PLACEMENT_3D ( 'NONE', #994, #676, #3044 ) ;
#2306 = CARTESIAN_POINT ( 'NONE',  ( -56.30144975595198531, -9.470541238292879527, 0.9728454947404343578 ) ) ;
#2307 = CARTESIAN_POINT ( 'NONE',  ( -23.98108809488049431, -10.45632539967932750, 3.513407304996962299 ) ) ;
#2308 = ORIENTED_EDGE ( 'NONE', *, *, #630, .T. ) ;
#2309 = ORIENTED_EDGE ( 'NONE', *, *, #1186, .F. ) ;
#2310 = EDGE_CURVE ( 'NONE', #3474, #1774, #3174, .T. ) ;
#2311 = CARTESIAN_POINT ( 'NONE',  ( -28.52138407138077270, -7.043320138515183793, 1.744709380709672963 ) ) ;
#2312 = VERTEX_POINT ( 'NONE', #2408 ) ;
#2313 = CARTESIAN_POINT ( 'NONE',  ( -87.86544432184844311, -0.6557985499983877142, 4.423830677344160023 ) ) ;
#2314 = CARTESIAN_POINT ( 'NONE',  ( -24.24999999999999645, -10.00000000000094857, 3.069224771916217342 ) ) ;
#2315 = ORIENTED_EDGE ( 'NONE', *, *, #3608, .T. ) ;
#2316 = CIRCLE ( 'NONE', #5, 1.000000000000000000 ) ;
#2317 = CARTESIAN_POINT ( 'NONE',  ( -25.05626148078830440, -7.543543959491852746, 3.042617159171923991 ) ) ;
#2318 = DIRECTION ( 'NONE',  ( 0.000000000000000000, 1.000000000000000000, 0.000000000000000000 ) ) ;
#2319 = CARTESIAN_POINT ( 'NONE',  ( -57.29018944463757634, -12.86649815608372727, 1.979443351293421083 ) ) ;
#2320 = CARTESIAN_POINT ( 'NONE',  ( -104.3326710905348449, -0.9670853996851085377, -2.214894676094703030 ) ) ;
#2321 = DIRECTION ( 'NONE',  ( -0.8137107992772768528, -0.5812699331115753765, 1.626492032490637831E-17 ) ) ;
#2322 = CARTESIAN_POINT ( 'NONE',  ( -56.23134948311269454, -9.856013301006942839, 1.622187024396740895 ) ) ;
#2323 = AXIS2_PLACEMENT_3D ( 'NONE', #2875, #1108, #463 ) ;
#2324 = CARTESIAN_POINT ( 'NONE',  ( -24.35825658588255394, -10.78982278037538123, 3.343340001430688435 ) ) ;
#2325 = ORIENTED_EDGE ( 'NONE', *, *, #1704, .T. ) ;
#2326 = VERTEX_POINT ( 'NONE', #2986 ) ;
#2327 = VECTOR ( 'NONE', #3621, 1000.000000000000114 ) ;
#2328 = CARTESIAN_POINT ( 'NONE',  ( -28.45845039478390959, -7.656856109175798508, 1.764833714100479289 ) ) ;
#2329 = AXIS2_PLACEMENT_3D ( 'NONE', #3644, #478, #1611 ) ;
#2330 = ORIENTED_EDGE ( 'NONE', *, *, #511, .T. ) ;
#2331 =( BOUNDED_CURVE ( )  B_SPLINE_CURVE ( 3, ( #1908, #2528, #3351, #3689 ),
 .UNSPECIFIED., .F., .F. ) 
 B_SPLINE_CURVE_WITH_KNOTS ( ( 4, 4 ),
 ( 4.712388980384689674, 6.283185307179585344 ),
 .UNSPECIFIED. ) 
 CURVE ( )  GEOMETRIC_REPRESENTATION_ITEM ( )  RATIONAL_B_SPLINE_CURVE ( ( 1.000000000000000000, 0.8047378541243649375, 0.8047378541243649375, 1.000000000000000000 ) ) 
 REPRESENTATION_ITEM ( '' )  );
#2332 = CARTESIAN_POINT ( 'NONE',  ( -88.05143904234084573, -0.1564172001722813621, 3.947551542576908545 ) ) ;
#2333 = CARTESIAN_POINT ( 'NONE',  ( -24.30352777969217115, -9.460057813179798103, 3.040565293240729439 ) ) ;
#2334 = ORIENTED_EDGE ( 'NONE', *, *, #3447, .F. ) ;
#2335 = CARTESIAN_POINT ( 'NONE',  ( -24.30352777969217115, -9.460057813179798103, 3.040565293240729439 ) ) ;
#2336 = CARTESIAN_POINT ( 'NONE',  ( -87.95617106911241478, -0.1516736576627406019, 3.900527826669806242 ) ) ;
#2337 = CARTESIAN_POINT ( 'NONE',  ( -77.41899999999999693, -19.50000000000000000, 21.50000000000000711 ) ) ;
#2338 = CARTESIAN_POINT ( 'NONE',  ( -84.94579565131807897, -0.001782321885623926530, -6.995230944900986181 ) ) ;
#2339 = FACE_OUTER_BOUND ( 'NONE', #487, .T. ) ;
#2340 = CARTESIAN_POINT ( 'NONE',  ( -24.54989642596543575, -11.26206115224949045, 2.910045256674560044 ) ) ;
#2341 = ORIENTED_EDGE ( 'NONE', *, *, #3447, .T. ) ;
#2342 = ORIENTED_EDGE ( 'NONE', *, *, #2525, .T. ) ;
#2343 = VECTOR ( 'NONE', #3478, 1000.000000000000000 ) ;
#2344 = CARTESIAN_POINT ( 'NONE',  ( -26.78410081335306359, -7.252982606940212129, 1.835705856505579048 ) ) ;
#2345 = VECTOR ( 'NONE', #3000, 1000.000000000000114 ) ;
#2346 = ORIENTED_EDGE ( 'NONE', *, *, #3589, .F. ) ;
#2347 = CYLINDRICAL_SURFACE ( 'NONE', #3471, 5.000000000000000000 ) ;
#2348 = EDGE_CURVE ( 'NONE', #3003, #2243, #3570, .T. ) ;
#2349 = CARTESIAN_POINT ( 'NONE',  ( -102.6994347728238921, -1.372911219489302725, -5.125817565307640322 ) ) ;
#2350 = EDGE_LOOP ( 'NONE', ( #3135, #1513 ) ) ;
#2351 = DIRECTION ( 'NONE',  ( 0.000000000000000000, 0.000000000000000000, 1.000000000000000000 ) ) ;
#2352 = CARTESIAN_POINT ( 'NONE',  ( -88.26101281661627240, -0.1668522086381086511, 3.968920049388706683 ) ) ;
#2353 = DIRECTION ( 'NONE',  ( 0.000000000000000000, 0.000000000000000000, 1.000000000000000000 ) ) ;
#2354 = FACE_OUTER_BOUND ( 'NONE', #2350, .T. ) ;
#2355 = AXIS2_PLACEMENT_3D ( 'NONE', #3770, #1504, #2035 ) ;
#2356 = CARTESIAN_POINT ( 'NONE',  ( -56.46505014003788148, -12.22316297979677202, 1.702561908045538974 ) ) ;
#2357 = AXIS2_PLACEMENT_3D ( 'NONE', #2633, #7, #256 ) ;
#2358 = CARTESIAN_POINT ( 'NONE',  ( -1.515124069625953429E-16, 0.000000000000000000, -1.999999999999997335 ) ) ;
#2359 = CARTESIAN_POINT ( 'NONE',  ( -24.68032097536453762, -11.49094639557937469, 3.202439038727022513 ) ) ;
#2360 = ORIENTED_EDGE ( 'NONE', *, *, #1856, .F. ) ;
#2361 = ORIENTED_EDGE ( 'NONE', *, *, #2403, .T. ) ;
#2362 = CARTESIAN_POINT ( 'NONE',  ( -26.91861733429097825, -6.753524898721516401, 2.304544253708741941 ) ) ;
#2363 = ORIENTED_EDGE ( 'NONE', *, *, #2240, .F. ) ;
#2364 = ADVANCED_FACE ( 'NONE', ( #1778 ), #2122, .T. ) ;
#2365 = EDGE_CURVE ( 'NONE', #675, #1438, #2965, .T. ) ;
#2366 = EDGE_CURVE ( 'NONE', #2564, #3464, #2202, .T. ) ;
#2367 = CARTESIAN_POINT ( 'NONE',  ( -61.57367283849875861, -9.010648746482248228, 3.713921089581908141 ) ) ;
#2368 = DIRECTION ( 'NONE',  ( 0.000000000000000000, 0.000000000000000000, 1.000000000000000000 ) ) ;
#2369 = CARTESIAN_POINT ( 'NONE',  ( -79.99371866316981539, 0.000000000000000000, -1.999999999999993561 ) ) ;
#2370 = ORIENTED_EDGE ( 'NONE', *, *, #2134, .T. ) ;
#2371 = EDGE_CURVE ( 'NONE', #2024, #1594, #2676, .T. ) ;
#2372 = ADVANCED_FACE ( 'NONE', ( #1269 ), #102, .F. ) ;
#2373 = CARTESIAN_POINT ( 'NONE',  ( -56.60284393716980134, -11.35897994747013584, 1.082730155062144872 ) ) ;
#2374 = CARTESIAN_POINT ( 'NONE',  ( -18.35247065561925695, -15.84999999999999964, -1.999999999999995781 ) ) ;
#2375 = CARTESIAN_POINT ( 'NONE',  ( -85.49262681269270558, -19.08664833396494132, 3.192217704804253486 ) ) ;
#2376 = DIRECTION ( 'NONE',  ( 0.000000000000000000, -1.000000000000000000, -0.000000000000000000 ) ) ;
#2377 = AXIS2_PLACEMENT_3D ( 'NONE', #1834, #346, #3007 ) ;
#2378 = CARTESIAN_POINT ( 'NONE',  ( -56.79296521563867373, -8.350196077694880259, 1.153799750604130425 ) ) ;
#2379 = CARTESIAN_POINT ( 'NONE',  ( -79.99371866316981539, 0.000000000000000000, -0.4999999999999963363 ) ) ;
#2380 = EDGE_CURVE ( 'NONE', #1296, #1012, #323, .T. ) ;
#2381 = CARTESIAN_POINT ( 'NONE',  ( -56.41930385292664596, -7.827612580251978258, 1.687741998664731513 ) ) ;
#2382 = CARTESIAN_POINT ( 'NONE',  ( -26.81672183648786856, -12.74947928103716954, 1.821427453771479188 ) ) ;
#2383 = VERTEX_POINT ( 'NONE', #2289 ) ;
#2384 = EDGE_LOOP ( 'NONE', ( #843, #3361, #217, #72, #3188, #3465, #321, #2508, #3598 ) ) ;
#2385 = CARTESIAN_POINT ( 'NONE',  ( -24.66244581520905399, -8.537262599138374597, 3.210177037869275551 ) ) ;
#2386 = ORIENTED_EDGE ( 'NONE', *, *, #3363, .F. ) ;
#2387 = AXIS2_PLACEMENT_3D ( 'NONE', #987, #1546, #1584 ) ;
#2388 = CARTESIAN_POINT ( 'NONE',  ( -57.24424947928462615, -7.158922031515900564, 1.963556894095566996 ) ) ;
#2389 = DIRECTION ( 'NONE',  ( -1.000000000000000000, 0.000000000000000000, 0.000000000000000000 ) ) ;
#2390 = B_SPLINE_SURFACE_WITH_KNOTS ( 'NONE', 1, 3, ( 
 ( #756, #2755, #484, #2235, #1596, #3702, #1652, #1919, #3399, #1948, #3117, #2816, #3086, #499, #467, #3346, #737, #1667 ),
 ( #1096, #1904, #2252, #1881, #1371, #3686, #2205, #195, #211, #3045, #432, #1636, #179, #143, #1309, #3669, #2467, #3631 ) ),
 .UNSPECIFIED., .F., .F., .F.,
 ( 2, 2 ),
 ( 4, 2, 2, 2, 2, 2, 2, 2, 4 ),
 ( 0.000000000000000000, 1.000000000000000000 ),
 ( -0.9990003384712595746, -0.8741252961623521278, -0.7492502538534446810, -0.6243752115445372342, -0.4995001692356297873, -0.3746251269267223405, -0.2497500846178148937, -0.1248750423089074468, 0.000000000000000000 ),
 .UNSPECIFIED. ) ;
#2391 = ORIENTED_EDGE ( 'NONE', *, *, #2947, .T. ) ;
#2392 = VECTOR ( 'NONE', #536, 999.9999999999998863 ) ;
#2393 = CARTESIAN_POINT ( 'NONE',  ( -101.9749346135819508, -12.00000000000000000, -5.566874950121219356 ) ) ;
#2394 = DIRECTION ( 'NONE',  ( -0.000000000000000000, -0.000000000000000000, 1.000000000000000000 ) ) ;
#2395 = CARTESIAN_POINT ( 'NONE',  ( -42.55799999999999272, 0.000000000000000000, 44.50000000000000711 ) ) ;
#2396 = CARTESIAN_POINT ( 'NONE',  ( -56.60239882239685727, -8.641926322105357272, 1.082567362264942545 ) ) ;
#2397 = CARTESIAN_POINT ( 'NONE',  ( -84.96891722566843441, -12.00000000000000000, -5.566874950121220245 ) ) ;
#2398 = CARTESIAN_POINT ( 'NONE',  ( -3.902573056075148852E-15, -20.00000000000000000, 4.500000000000066613 ) ) ;
#2399 = EDGE_CURVE ( 'NONE', #579, #2383, #3632, .T. ) ;
#2400 = ORIENTED_EDGE ( 'NONE', *, *, #627, .F. ) ;
#2401 = ORIENTED_EDGE ( 'NONE', *, *, #3055, .F. ) ;
#2402 = DIRECTION ( 'NONE',  ( -0.000000000000000000, 1.000000000000000000, -0.000000000000000000 ) ) ;
#2403 = EDGE_CURVE ( 'NONE', #1253, #1131, #433, .T. ) ;
#2404 = DIRECTION ( 'NONE',  ( -0.000000000000000000, -1.000000000000000000, -0.000000000000000000 ) ) ;
#2405 = ORIENTED_EDGE ( 'NONE', *, *, #2380, .F. ) ;
#2406 = CARTESIAN_POINT ( 'NONE',  ( -25.24398384749292745, -7.877290461660043874, 2.555443400600013515 ) ) ;
#2407 = CARTESIAN_POINT ( 'NONE',  ( -57.65244079331716165, -7.596010949145513891, 1.490929748852481751 ) ) ;
#2408 = CARTESIAN_POINT ( 'NONE',  ( -104.6558439280302792, -13.11581331100047443, -0.9211653402171684490 ) ) ;
#2409 = CARTESIAN_POINT ( 'NONE',  ( -84.96891722566843441, -12.00000000000000000, -5.566874950121220245 ) ) ;
#2410 = VERTEX_POINT ( 'NONE', #3446 ) ;
#2411 = ADVANCED_FACE ( 'NONE', ( #2483 ), #1779, .T. ) ;
#2412 = AXIS2_PLACEMENT_3D ( 'NONE', #2049, #1483, #907 ) ;
#2413 = DIRECTION ( 'NONE',  ( -0.000000000000000000, -1.000000000000000000, -0.000000000000000000 ) ) ;
#2414 = FACE_OUTER_BOUND ( 'NONE', #2907, .T. ) ;
#2415 = ADVANCED_FACE ( 'NONE', ( #1327 ), #3738, .T. ) ;
#2416 = DIRECTION ( 'NONE',  ( 0.000000000000000000, 0.000000000000000000, -1.000000000000000000 ) ) ;
#2417 = CARTESIAN_POINT ( 'NONE',  ( -87.97253143792671892, -18.26891585880282420, 4.447912920403806147 ) ) ;
#2418 = CARTESIAN_POINT ( 'NONE',  ( -58.18323816715157903, -12.63819476708347800, 2.299308081746073817 ) ) ;
#2419 = CARTESIAN_POINT ( 'NONE',  ( -24.30235858445671937, -11.48185575814068038, 3.369232695104029673 ) ) ;
#2420 = CARTESIAN_POINT ( 'NONE',  ( -89.99371866316981539, 0.000000000000000000, -2.499999999999991118 ) ) ;
#2421 = ORIENTED_EDGE ( 'NONE', *, *, #1362, .T. ) ;
#2422 = VERTEX_POINT ( 'NONE', #3757 ) ;
#2423 = EDGE_CURVE ( 'NONE', #62, #2027, #468, .T. ) ;
#2424 = CARTESIAN_POINT ( 'NONE',  ( -21.50000000000000000, -20.00000000000000000, -8.999999999999996447 ) ) ;
#2425 = CARTESIAN_POINT ( 'NONE',  ( -100.3755213272097535, -1.260598899675090756, -6.377578797969919222 ) ) ;
#2426 = EDGE_CURVE ( 'NONE', #989, #1899, #367, .T. ) ;
#2427 = ORIENTED_EDGE ( 'NONE', *, *, #2087, .F. ) ;
#2428 = CARTESIAN_POINT ( 'NONE',  ( -104.8862791657897588, -1.470908263580555486, -1.953435028246936378 ) ) ;
#2429 = CARTESIAN_POINT ( 'NONE',  ( -60.37981663171318303, -7.151140156536896164, 3.179080148616710844 ) ) ;
#2430 = CARTESIAN_POINT ( 'NONE',  ( -104.9937186631698154, -13.00000000000000178, 11.00000000000001066 ) ) ;
#2431 = CARTESIAN_POINT ( 'NONE',  ( -64.36969411118725759, 0.000000000000000000, 4.500000000000010658 ) ) ;
#2432 = ORIENTED_EDGE ( 'NONE', *, *, #118, .T. ) ;
#2433 = CARTESIAN_POINT ( 'NONE',  ( -61.48349212425515020, -11.19366188297531295, 3.332200451752215908 ) ) ;
#2434 = LINE ( 'NONE', #3592, #1493 ) ;
#2435 =( BOUNDED_CURVE ( )  B_SPLINE_CURVE ( 3, ( #529, #1641, #2566, #1690 ),
 .UNSPECIFIED., .F., .F. ) 
 B_SPLINE_CURVE_WITH_KNOTS ( ( 4, 4 ),
 ( 4.712388980384689674, 7.853981633974482790 ),
 .UNSPECIFIED. ) 
 CURVE ( )  GEOMETRIC_REPRESENTATION_ITEM ( )  RATIONAL_B_SPLINE_CURVE ( ( 1.000000000000000000, 0.3333333333333333703, 0.3333333333333333703, 1.000000000000000000 ) ) 
 REPRESENTATION_ITEM ( '' )  );
#2436 = DIRECTION ( 'NONE',  ( -1.000000000000000000, 0.000000000000000000, 0.000000000000000000 ) ) ;
#2437 = CARTESIAN_POINT ( 'NONE',  ( -61.75000000000000000, -10.00000000000000000, 3.482014481449722254 ) ) ;
#2438 = CARTESIAN_POINT ( 'NONE',  ( -84.76624794816494557, 0.000000000000000000, 2.359988215519176702 ) ) ;
#2439 = CARTESIAN_POINT ( 'NONE',  ( -29.46263923223710179, -11.23763677203384503, 0.7930700521129053771 ) ) ;
#2440 = VERTEX_POINT ( 'NONE', #757 ) ;
#2441 = ORIENTED_EDGE ( 'NONE', *, *, #2859, .T. ) ;
#2442 = CARTESIAN_POINT ( 'NONE',  ( -85.96469272714428200, -0.05251481286074874411, 2.820349640664159718 ) ) ;
#2443 = PLANE ( 'NONE',  #481 ) ;
#2444 = ORIENTED_EDGE ( 'NONE', *, *, #57, .F. ) ;
#2445 = CARTESIAN_POINT ( 'NONE',  ( -84.96891722566843441, -2.000000000000000000, -5.566874950121220245 ) ) ;
#2446 = CARTESIAN_POINT ( 'NONE',  ( -57.43042345883955591, -7.061689035536753423, 2.028219954260343183 ) ) ;
#2447 = LINE ( 'NONE', #3026, #3290 ) ;
#2448 = PLANE ( 'NONE',  #3421 ) ;
#2449 = ORIENTED_EDGE ( 'NONE', *, *, #906, .T. ) ;
#2450 = AXIS2_PLACEMENT_3D ( 'NONE', #2783, #3308, #2493 ) ;
#2451 = CARTESIAN_POINT ( 'NONE',  ( -56.79464465232365455, -11.65214753507814827, 1.154431140285281598 ) ) ;
#2452 = CLOSED_SHELL ( 'NONE', ( #3515, #63, #1059, #999, #1318, #1865, #1454, #1877, #515, #1308, #2028, #3242, #430, #3584, #3071, #2543, #3305, #2820, #3485, #3612, #3053, #2647, #1501, #2831, #1470, #3724, #2772, #1022, #1621, #1340, #3441, #1307, #504, #2807, #1544, #3611, #350, #334, #884, #3466, #3723, #2540, #1598, #259, #508, #399, #127, #2372, #230, #1311, #2179, #2029, #3604, #3383, #2269, #3164, #1462, #3703, #3774, #1350, #2364, #2530, #2415, #1474, #542, #117, #2069, #2265, #899, #822, #1972, #1860, #1033, #3438, #3169, #3090, #490, #2652, #797, #1282, #2237, #2411, #297, #2646, #1189, #1731, #1902, #376, #3063, #2091, #637, #3210, #209, #1469, #3331, #2776, #3642 ) ) ;
#2453 = CYLINDRICAL_SURFACE ( 'NONE', #552, 1.500000000000001332 ) ;
#2454 = TOROIDAL_SURFACE ( 'NONE', #1963, 0.4999999999999971689, 1.000000000000000000 ) ;
#2455 = CARTESIAN_POINT ( 'NONE',  ( -62.00658222598194413, -9.525719975949661134, 3.919767824523594513 ) ) ;
#2456 = CARTESIAN_POINT ( 'NONE',  ( -21.50000000000000000, -20.00000000000000000, -8.499999999999994671 ) ) ;
#2457 = CARTESIAN_POINT ( 'NONE',  ( -59.74271776275377732, -12.65346819560542357, 2.424796721708572633 ) ) ;
#2458 = CARTESIAN_POINT ( 'NONE',  ( -24.01924625598385532, -9.361886506485214809, 3.496163476831489092 ) ) ;
#2459 = CARTESIAN_POINT ( 'NONE',  ( -29.37292055775796484, -11.40192877286795792, 0.8237938141187751695 ) ) ;
#2460 = ORIENTED_EDGE ( 'NONE', *, *, #96, .T. ) ;
#2461 = EDGE_LOOP ( 'NONE', ( #2597, #238, #2913, #2692 ) ) ;
#2462 = CARTESIAN_POINT ( 'NONE',  ( -56.27143898582520620, -9.645881265281390782, 0.9620611886770685794 ) ) ;
#2463 = CARTESIAN_POINT ( 'NONE',  ( -103.6186798281413388, -13.06701761648330695, -4.365356997149106633 ) ) ;
#2464 = ORIENTED_EDGE ( 'NONE', *, *, #514, .T. ) ;
#2465 = CARTESIAN_POINT ( 'NONE',  ( -103.8311077823514665, -1.423622652495544427, -4.126977890900946022 ) ) ;
#2466 = AXIS2_PLACEMENT_3D ( 'NONE', #2550, #1390, #3352 ) ;
#2467 = CARTESIAN_POINT ( 'NONE',  ( -104.6558471820738276, -13.11581219561206701, -1.108478075132381058 ) ) ;
#2468 = LINE ( 'NONE', #180, #1229 ) ;
#2469 = FACE_OUTER_BOUND ( 'NONE', #943, .T. ) ;
#2470 = ORIENTED_EDGE ( 'NONE', *, *, #1754, .T. ) ;
#2471 = AXIS2_PLACEMENT_3D ( 'NONE', #2299, #2318, #2351 ) ;
#2472 = DIRECTION ( 'NONE',  ( 0.9806647375034924785, 0.1956953566572441350, 0.000000000000000000 ) ) ;
#2473 = DIRECTION ( 'NONE',  ( 0.000000000000000000, 0.000000000000000000, 1.000000000000000000 ) ) ;
#2474 = CARTESIAN_POINT ( 'NONE',  ( -61.69312044193318201, -10.55718125076159986, 3.769865270962964754 ) ) ;
#2475 = CARTESIAN_POINT ( 'NONE',  ( -29.09800831909885588, -12.60977746179301562, 1.559778385858315186 ) ) ;
#2476 = DIRECTION ( 'NONE',  ( 1.000000000000000000, -0.000000000000000000, 1.224646799147353207E-16 ) ) ;
#2477 = CARTESIAN_POINT ( 'NONE',  ( -89.99371866316981539, 0.000000000000000000, -1.999999999999993561 ) ) ;
#2478 = DIRECTION ( 'NONE',  ( -1.000000000000000000, 0.000000000000000000, 8.163404592832032733E-17 ) ) ;
#2479 = CARTESIAN_POINT ( 'NONE',  ( -21.49999999999999645, -13.34999999999999964, 0.5000000000000035527 ) ) ;
#2480 = VERTEX_POINT ( 'NONE', #3385 ) ;
#2481 = CARTESIAN_POINT ( 'NONE',  ( -84.54051598616376850, -20.01074355740021460, -7.034220497608265177 ) ) ;
#2482 = CARTESIAN_POINT ( 'NONE',  ( -56.53619096277193989, -8.764522209479430614, 1.058190027082492879 ) ) ;
#2483 = FACE_OUTER_BOUND ( 'NONE', #790, .T. ) ;
#2484 = AXIS2_PLACEMENT_3D ( 'NONE', #3744, #2657, #2062 ) ;
#2485 = EDGE_CURVE ( 'NONE', #52, #1369, #419, .T. ) ;
#2486 = DIRECTION ( 'NONE',  ( -1.000000000000000000, 0.000000000000000000, -0.000000000000000000 ) ) ;
#2487 = ORIENTED_EDGE ( 'NONE', *, *, #3752, .F. ) ;
#2488 = CIRCLE ( 'NONE', #175, 20.50000000000000000 ) ;
#2489 = EDGE_CURVE ( 'NONE', #2250, #3583, #1901, .T. ) ;
#2490 = CARTESIAN_POINT ( 'NONE',  ( -56.24999999999999289, -10.00000000000075850, 0.9543786816630747127 ) ) ;
#2491 = CARTESIAN_POINT ( 'NONE',  ( -42.55799999999999272, -20.00000000000000000, -1.000000000000007772 ) ) ;
#2492 = EDGE_CURVE ( 'NONE', #917, #675, #2468, .T. ) ;
#2493 = DIRECTION ( 'NONE',  ( -1.000000000000000000, 0.000000000000000000, 0.000000000000000000 ) ) ;
#2494 = CARTESIAN_POINT ( 'NONE',  ( -30.38647084901467110, -10.20133243568054660, 1.177328338674122232 ) ) ;
#2495 = CARTESIAN_POINT ( 'NONE',  ( -1.103675098334374545E-16, 0.000000000000000000, -1.999999999999997335 ) ) ;
#2496 = DIRECTION ( 'NONE',  ( -0.000000000000000000, 1.000000000000000000, 0.000000000000000000 ) ) ;
#2497 = CARTESIAN_POINT ( 'NONE',  ( -104.1720293251831464, -1.438901742427355579, -3.675259771421730992 ) ) ;
#2498 = CARTESIAN_POINT ( 'NONE',  ( -69.99371866316981539, 0.000000000000000000, -3.499999999999991118 ) ) ;
#2499 = CARTESIAN_POINT ( 'NONE',  ( -101.7905696731324525, -14.09794326589953606, -5.220478340397097128 ) ) ;
#2500 = ORIENTED_EDGE ( 'NONE', *, *, #2841, .T. ) ;
#2501 = ORIENTED_EDGE ( 'NONE', *, *, #1808, .F. ) ;
#2502 = AXIS2_PLACEMENT_3D ( 'NONE', #3070, #452, #1936 ) ;
#2503 = VECTOR ( 'NONE', #124, 1000.000000000000114 ) ;
#2504 = CARTESIAN_POINT ( 'NONE',  ( -104.1606668339927637, -0.9585210367089673777, 2.421151345314053405 ) ) ;
#2505 = CARTESIAN_POINT ( 'NONE',  ( -56.29389086232494321, -9.509067476249981610, 1.642594127529897641 ) ) ;
#2506 = CARTESIAN_POINT ( 'NONE',  ( -104.5185836474987298, -0.9763422788558377974, 2.840000000000014513 ) ) ;
#2507 = CARTESIAN_POINT ( 'NONE',  ( -66.36358403214866541, -30.00000000000000000, 4.833333333333341919 ) ) ;
#2508 = ORIENTED_EDGE ( 'NONE', *, *, #1190, .T. ) ;
#2509 = CIRCLE ( 'NONE', #3667, 1.000000000000000000 ) ;
#2510 = B_SPLINE_CURVE_WITH_KNOTS ( 'NONE', 3,
 ( #2620, #574, #308, #1485, #2066, #2662, #3235, #3182, #588, #2887, #2375, #622, #1157 ),
 .UNSPECIFIED., .F., .F.,
 ( 4, 2, 1, 1, 1, 2, 2, 4 ),
 ( 0.000000000000000000, 0.2499999999999803491, 0.3749999999999660272, 0.4374999999999633626, 0.4687499999999615863, 0.4843749999999606981, 0.4999999999999598099, 1.000000000000000000 ),
 .UNSPECIFIED. ) ;
#2511 = DIRECTION ( 'NONE',  ( -8.163404592832032733E-17, 0.000000000000000000, -1.000000000000000000 ) ) ;
#2512 = CARTESIAN_POINT ( 'NONE',  ( -104.6558439280302792, -13.11581331100047443, -0.9211653402171684490 ) ) ;
#2513 = DIRECTION ( 'NONE',  ( 0.000000000000000000, 0.000000000000000000, 1.000000000000000000 ) ) ;
#2514 = DIRECTION ( 'NONE',  ( 0.000000000000000000, 0.000000000000000000, 1.000000000000000000 ) ) ;
#2515 = AXIS2_PLACEMENT_3D ( 'NONE', #476, #2228, #533 ) ;
#2516 = CARTESIAN_POINT ( 'NONE',  ( -64.15000000000000568, -15.84999999999999964, -8.499999999999991118 ) ) ;
#2517 = DIRECTION ( 'NONE',  ( 0.000000000000000000, 1.000000000000000000, 0.000000000000000000 ) ) ;
#2518 = CARTESIAN_POINT ( 'NONE',  ( -104.9288626986274409, -1.472817276075461645, -1.750423727918910988 ) ) ;
#2519 = DIRECTION ( 'NONE',  ( -0.000000000000000000, -1.000000000000000000, -0.000000000000000000 ) ) ;
#2520 = APPLICATION_PROTOCOL_DEFINITION ( 'draft international standard', 'automotive_design', 1998, #2851 ) ;
#2521 = CARTESIAN_POINT ( 'NONE',  ( -64.36969411118725759, -19.50000000000000000, 4.000000000000012434 ) ) ;
#2522 = EDGE_CURVE ( 'NONE', #2162, #1892, #3173, .T. ) ;
#2523 = ORIENTED_EDGE ( 'NONE', *, *, #464, .T. ) ;
#2524 = ORIENTED_EDGE ( 'NONE', *, *, #617, .F. ) ;
#2525 = EDGE_CURVE ( 'NONE', #898, #3225, #3105, .T. ) ;
#2526 = CARTESIAN_POINT ( 'NONE',  ( -86.99371866316981539, -0.1037516357461737981, -0.4999999999999960032 ) ) ;
#2527 = EDGE_LOOP ( 'NONE', ( #3191, #690 ) ) ;
#2528 = CARTESIAN_POINT ( 'NONE',  ( -21.49999999999999645, -5.185533905932738996, -0.9644660940672581395 ) ) ;
#2529 = CARTESIAN_POINT ( 'NONE',  ( -64.00000000000000000, -15.34999999999999964, -8.999999999999992895 ) ) ;
#2530 = ADVANCED_FACE ( 'NONE', ( #1653 ), #2778, .T. ) ;
#2531 = EDGE_LOOP ( 'NONE', ( #2895, #3048, #386, #267, #3566, #2219, #2910, #569, #2275, #2616, #1688, #2113, #1, #3700 ) ) ;
#2532 = VECTOR ( 'NONE', #1139, 1000.000000000000000 ) ;
#2533 = CARTESIAN_POINT ( 'NONE',  ( -100.3530589883005888, -1.267769128767425757, -6.387492809025253848 ) ) ;
#2534 = VECTOR ( 'NONE', #2694, 1000.000000000000114 ) ;
#2535 = CARTESIAN_POINT ( 'NONE',  ( -88.18770376156419388, -18.23204003170063459, 4.471269662007335555 ) ) ;
#2536 = CARTESIAN_POINT ( 'NONE',  ( -99.99371866316980118, -0.7510421210406037495, -0.4999999999999946154 ) ) ;
#2537 = CARTESIAN_POINT ( 'NONE',  ( -84.71592850177019329, -0.4739970217216483706, 2.850720305309783598 ) ) ;
#2538 = EDGE_CURVE ( 'NONE', #2564, #3525, #1471, .T. ) ;
#2539 = ORIENTED_EDGE ( 'NONE', *, *, #3058, .T. ) ;
#2540 = ADVANCED_FACE ( 'NONE', ( #877 ), #387, .T. ) ;
#2541 = DIRECTION ( 'NONE',  ( 0.000000000000000000, 1.000000000000000000, 0.000000000000000000 ) ) ;
#2542 = VERTEX_POINT ( 'NONE', #1872 ) ;
#2543 = ADVANCED_FACE ( 'NONE', ( #1914 ), #1586, .T. ) ;
#2544 = EDGE_CURVE ( 'NONE', #2312, #2440, #2883, .T. ) ;
#2545 = EDGE_CURVE ( 'NONE', #3429, #731, #2112, .T. ) ;
#2546 = CARTESIAN_POINT ( 'NONE',  ( -56.04215283161262562, -8.349318435308530795, 1.567567583062235537 ) ) ;
#2547 = ORIENTED_EDGE ( 'NONE', *, *, #2753, .T. ) ;
#2548 = AXIS2_PLACEMENT_3D ( 'NONE', #3097, #3376, #3711 ) ;
#2549 = CARTESIAN_POINT ( 'NONE',  ( -29.09734167784506198, -11.78686152619093974, 0.9201561098415117490 ) ) ;
#2550 = CARTESIAN_POINT ( 'NONE',  ( -69.99371866316981539, 1.000000000000000000, -1.999999999999993561 ) ) ;
#2551 = ORIENTED_EDGE ( 'NONE', *, *, #1601, .T. ) ;
#2552 = EDGE_CURVE ( 'NONE', #3016, #3759, #3746, .T. ) ;
#2553 = CARTESIAN_POINT ( 'NONE',  ( -55.66516904541840915, -9.374276008891587963, 1.451165873919126659 ) ) ;
#2554 = CARTESIAN_POINT ( 'NONE',  ( -61.66258800399175755, -10.71306403680320152, 3.432552157348062405 ) ) ;
#2555 = CARTESIAN_POINT ( 'NONE',  ( -86.78363242547854384, -0.6055687964171170279, 3.797416962083355774 ) ) ;
#2556 = CARTESIAN_POINT ( 'NONE',  ( -104.9937186631698154, -1.475723628682122035, -0.9211653402171554594 ) ) ;
#2557 = PLANE ( 'NONE',  #1298 ) ;
#2558 = DIRECTION ( 'NONE',  ( 0.000000000000000000, 0.000000000000000000, 1.000000000000000000 ) ) ;
#2559 = AXIS2_PLACEMENT_3D ( 'NONE', #1466, #2954, #2604 ) ;
#2560 = EDGE_LOOP ( 'NONE', ( #3614, #1343, #2892, #2470, #878, #2672, #2654, #2361, #551 ) ) ;
#2561 = EDGE_LOOP ( 'NONE', ( #2427, #2819, #1491, #37, #2924 ) ) ;
#2562 = CARTESIAN_POINT ( 'NONE',  ( -30.32310368922825106, -10.63600990913604605, 1.195181419792733513 ) ) ;
#2563 = CARTESIAN_POINT ( 'NONE',  ( -66.08719863295236507, 0.000000000000000000, 4.416666666666681174 ) ) ;
#2564 = VERTEX_POINT ( 'NONE', #90 ) ;
#2565 = DIRECTION ( 'NONE',  ( -0.000000000000000000, 1.000000000000000000, -0.000000000000000000 ) ) ;
#2566 = CARTESIAN_POINT ( 'NONE',  ( -102.9937186631698012, -0.9004168484162411445, -0.4999999999999941158 ) ) ;
#2567 = ORIENTED_EDGE ( 'NONE', *, *, #1851, .F. ) ;
#2568 = EDGE_CURVE ( 'NONE', #3232, #3524, #248, .T. ) ;
#2569 = CARTESIAN_POINT ( 'NONE',  ( -29.39972495213270065, -8.645819869852381601, 0.8145879937960001094 ) ) ;
#2570 = DIRECTION ( 'NONE',  ( -1.000000000000000000, 0.000000000000000000, 7.575620348129778241E-17 ) ) ;
#2571 = CARTESIAN_POINT ( 'NONE',  ( -84.38803970732409709, -20.06300784609927490, 2.163094462324637757 ) ) ;
#2572 = CARTESIAN_POINT ( 'NONE',  ( -84.71512409474966887, -0.4974190710991019948, 2.875558610671039794 ) ) ;
#2573 = CARTESIAN_POINT ( 'NONE',  ( -87.67490837539854454, -0.6510550074890243399, 4.329783245531522162 ) ) ;
#2574 = AXIS2_PLACEMENT_3D ( 'NONE', #70, #2277, #1242 ) ;
#2575 = FACE_OUTER_BOUND ( 'NONE', #3740, .T. ) ;
#2576 = CARTESIAN_POINT ( 'NONE',  ( -84.52480631657073218, -0.4953824415983012486, 2.810310275988862738 ) ) ;
#2577 = VERTEX_POINT ( 'NONE', #2131 ) ;
#2578 = TOROIDAL_SURFACE ( 'NONE', #140, 0.4999999999999971689, 1.000000000000000000 ) ;
#2579 = VERTEX_POINT ( 'NONE', #3294 ) ;
#2580 = CARTESIAN_POINT ( 'NONE',  ( -29.40648614544073425, -8.654395637624221038, 1.461185514354306214 ) ) ;
#2581 = DIRECTION ( 'NONE',  ( 0.000000000000000000, 0.000000000000000000, 1.000000000000000000 ) ) ;
#2582 = ORIENTED_EDGE ( 'NONE', *, *, #758, .F. ) ;
#2583 = FACE_OUTER_BOUND ( 'NONE', #1647, .T. ) ;
#2584 = CARTESIAN_POINT ( 'NONE',  ( -104.9937186631698154, -20.00000000000000000, 2.840000000000014513 ) ) ;
#2585 = ORIENTED_EDGE ( 'NONE', *, *, #1812, .T. ) ;
#2586 = CARTESIAN_POINT ( 'NONE',  ( -25.12038605014284443, -7.985764656626275659, 2.617236021583886796 ) ) ;
#2587 = CARTESIAN_POINT ( 'NONE',  ( -23.99999999999999289, -15.84999999999999964, -1.999999999999995337 ) ) ;
#2588 = CARTESIAN_POINT ( 'NONE',  ( -61.36810750304190520, -11.99164167034922102, 3.619726570715333658 ) ) ;
#2589 = PLANE ( 'NONE',  #3049 ) ;
#2590 = DIRECTION ( 'NONE',  ( 0.000000000000000000, 1.000000000000000000, 0.000000000000000000 ) ) ;
#2591 = DIRECTION ( 'NONE',  ( -0.000000000000000000, 1.000000000000000000, -0.000000000000000000 ) ) ;
#2592 = DIRECTION ( 'NONE',  ( -0.2767672810620290247, -0.6612622026335874814, -0.6972317918036355922 ) ) ;
#2593 = ORIENTED_EDGE ( 'NONE', *, *, #227, .F. ) ;
#2594 = ORIENTED_EDGE ( 'NONE', *, *, #2659, .F. ) ;
#2595 = AXIS2_PLACEMENT_3D ( 'NONE', #198, #1923, #798 ) ;
#2596 = CARTESIAN_POINT ( 'NONE',  ( -24.06201752628115642, -9.145913379851375424, 3.476825626654625356 ) ) ;
#2597 = ORIENTED_EDGE ( 'NONE', *, *, #3378, .F. ) ;
#2598 = CARTESIAN_POINT ( 'NONE',  ( -87.67490837539854454, -0.6510550074890243399, 4.329783245531527491 ) ) ;
#2599 = DIRECTION ( 'NONE',  ( 0.000000000000000000, 0.000000000000000000, 1.000000000000000000 ) ) ;
#2600 = VERTEX_POINT ( 'NONE', #1677 ) ;
#2601 = CARTESIAN_POINT ( 'NONE',  ( -29.74999999999999645, -10.00000000000000000, 0.6963113881947181616 ) ) ;
#2602 = DIRECTION ( 'NONE',  ( 0.000000000000000000, -1.000000000000000000, 0.000000000000000000 ) ) ;
#2603 = CARTESIAN_POINT ( 'NONE',  ( -69.99371866316981539, 1.000000000000000000, -1.499999999999996447 ) ) ;
#2604 = DIRECTION ( 'NONE',  ( 0.000000000000000000, 0.000000000000000000, 1.000000000000000000 ) ) ;
#2605 = FACE_BOUND ( 'NONE', #507, .T. ) ;
#2606 = AXIS2_PLACEMENT_3D ( 'NONE', #2504, #2185, #122 ) ;
#2607 = B_SPLINE_CURVE_WITH_KNOTS ( 'NONE', 3,
 ( #2054, #1436, #3484, #876 ),
 .UNSPECIFIED., .F., .F.,
 ( 4, 4 ),
 ( 0.000000000000000000, 1.000000000000000000 ),
 .UNSPECIFIED. ) ;
#2608 = CARTESIAN_POINT ( 'NONE',  ( -56.07622279577765312, -11.70787006331927671, 1.578272536210084454 ) ) ;
#2609 = CARTESIAN_POINT ( 'NONE',  ( -27.34093347057557466, -12.73439121842417521, 1.597553859243814545 ) ) ;
#2610 = ORIENTED_EDGE ( 'NONE', *, *, #96, .F. ) ;
#2611 = EDGE_LOOP ( 'NONE', ( #3528, #3121 ) ) ;
#2612 = CARTESIAN_POINT ( 'NONE',  ( -24.34971159501942495, -9.239382138119735188, 3.347117784143841757 ) ) ;
#2613 = ORIENTED_EDGE ( 'NONE', *, *, #939, .F. ) ;
#2614 = CARTESIAN_POINT ( 'NONE',  ( -57.49999999999999289, -10.00000000000000000, -2.000000000000000000 ) ) ;
#2615 = FACE_OUTER_BOUND ( 'NONE', #1324, .T. ) ;
#2616 = ORIENTED_EDGE ( 'NONE', *, *, #1305, .T. ) ;
#2617 = CARTESIAN_POINT ( 'NONE',  ( -60.50000000000000000, -10.00000000000000000, -2.000000000000000000 ) ) ;
#2618 = DIRECTION ( 'NONE',  ( -0.000000000000000000, -1.000000000000000000, -0.000000000000000000 ) ) ;
#2619 = CARTESIAN_POINT ( 'NONE',  ( -55.78960877979402966, -11.10703161834283392, 1.489155847435166935 ) ) ;
#2620 = CARTESIAN_POINT ( 'NONE',  ( -87.67490837539854454, -18.31992526219221418, 4.329783245531522162 ) ) ;
#2621 = DIRECTION ( 'NONE',  ( -1.000000000000000000, 0.000000000000000000, 5.204170427930424241E-16 ) ) ;
#2622 = CARTESIAN_POINT ( 'NONE',  ( -55.57997352065105190, -9.813326054604305071, 1.425226213352037474 ) ) ;
#2623 = CARTESIAN_POINT ( 'NONE',  ( -24.30352777969215694, -9.460057813179796327, 3.040565293240703237 ) ) ;
#2624 = ORIENTED_EDGE ( 'NONE', *, *, #919, .F. ) ;
#2625 = VERTEX_POINT ( 'NONE', #1090 ) ;
#2626 = VECTOR ( 'NONE', #2090, 1000.000000000000000 ) ;
#2627 = EDGE_CURVE ( 'NONE', #1128, #3583, #231, .T. ) ;
#2628 = CARTESIAN_POINT ( 'NONE',  ( -24.88491284163943718, -8.229678224760947458, 3.114582610438887400 ) ) ;
#2629 = VERTEX_POINT ( 'NONE', #1958 ) ;
#2630 = B_SPLINE_CURVE_WITH_KNOTS ( 'NONE', 3,
 ( #3356, #441, #112, #3293, #2438, #1845 ),
 .UNSPECIFIED., .F., .F.,
 ( 4, 2, 4 ),
 ( 0.000000000000000000, 0.5000000000000000000, 1.000000000000000000 ),
 .UNSPECIFIED. ) ;
#2631 =( GEOMETRIC_REPRESENTATION_CONTEXT ( 3 ) GLOBAL_UNCERTAINTY_ASSIGNED_CONTEXT ( ( #2812 ) ) GLOBAL_UNIT_ASSIGNED_CONTEXT ( ( #2790, #246, #3697 ) ) REPRESENTATION_CONTEXT ( 'NONE', 'WORKASPACE' ) );
#2632 = CARTESIAN_POINT ( 'NONE',  ( -22.00000000000000000, -13.34999999999999964, -8.999999999999996447 ) ) ;
#2633 = CARTESIAN_POINT ( 'NONE',  ( -59.00000000000000000, -10.00000000000000000, 17.00000000000000000 ) ) ;
#2634 = ORIENTED_EDGE ( 'NONE', *, *, #2290, .T. ) ;
#2635 = DIRECTION ( 'NONE',  ( -0.3352868872866700545, -0.7071067811865485719, -0.6225614051751154898 ) ) ;
#2636 = CARTESIAN_POINT ( 'NONE',  ( -61.23553678181870197, -12.15351467002637165, 3.558878621295376465 ) ) ;
#2637 = DIRECTION ( 'NONE',  ( 0.000000000000000000, -1.000000000000000000, 0.000000000000000000 ) ) ;
#2638 = CYLINDRICAL_SURFACE ( 'NONE', #307, 1.499999999999997335 ) ;
#2639 = VECTOR ( 'NONE', #2259, 1000.000000000000000 ) ;
#2640 = CARTESIAN_POINT ( 'NONE',  ( -56.89167943034052399, -11.77959000441889792, 1.841317526051835740 ) ) ;
#2641 = DIRECTION ( 'NONE',  ( 0.000000000000000000, 1.000000000000000000, 0.000000000000000000 ) ) ;
#2642 = CARTESIAN_POINT ( 'NONE',  ( -25.03258978032251392, -11.93299546746998629, 3.051820612556161549 ) ) ;
#2643 = VECTOR ( 'NONE', #3354, 1000.000000000000000 ) ;
#2644 = ORIENTED_EDGE ( 'NONE', *, *, #3341, .F. ) ;
#2645 = ORIENTED_EDGE ( 'NONE', *, *, #2008, .F. ) ;
#2646 = ADVANCED_FACE ( 'NONE', ( #1696 ), #3526, .T. ) ;
#2647 = ADVANCED_FACE ( 'NONE', ( #1071 ), #3734, .F. ) ;
#2648 = CONICAL_SURFACE ( 'NONE', #1497, 0.5000000000000004441, 0.7853981633974473908 ) ;
#2649 = CARTESIAN_POINT ( 'NONE',  ( -24.41116947354728950, -9.051800660669412579, 3.319948961866026949 ) ) ;
#2650 = CONICAL_SURFACE ( 'NONE', #214, 1.999999999999998224, 0.7853981633974479459 ) ;
#2651 = EDGE_CURVE ( 'NONE', #465, #1551, #735, .T. ) ;
#2652 = ADVANCED_FACE ( 'NONE', ( #2872 ), #3544, .T. ) ;
#2653 = EDGE_CURVE ( 'NONE', #213, #1874, #3200, .T. ) ;
#2654 = ORIENTED_EDGE ( 'NONE', *, *, #3110, .T. ) ;
#2655 = CARTESIAN_POINT ( 'NONE',  ( -58.98698806933011696, -7.219966847072003979, 2.604419383580501179 ) ) ;
#2656 = DIRECTION ( 'NONE',  ( -0.000000000000000000, 1.000000000000000000, -0.000000000000000000 ) ) ;
#2657 = DIRECTION ( 'NONE',  ( -0.1955735391825897673, 0.9766945949136356386, -0.08842318156504913595 ) ) ;
#2658 = ORIENTED_EDGE ( 'NONE', *, *, #1590, .T. ) ;
#2659 = EDGE_CURVE ( 'NONE', #2600, #1813, #1433, .T. ) ;
#2660 = CARTESIAN_POINT ( 'NONE',  ( -58.63411298676816585, -12.73044596090845282, 1.909090433825142874 ) ) ;
#2661 = CARTESIAN_POINT ( 'NONE',  ( -69.99371866316981539, 0.000000000000000000, -1.999999999999993561 ) ) ;
#2662 = CARTESIAN_POINT ( 'NONE',  ( -86.28383423480781289, -18.80866639361379100, 3.571649416211141848 ) ) ;
#2663 = EDGE_CURVE ( 'NONE', #1747, #1556, #2510, .T. ) ;
#2664 = DIRECTION ( 'NONE',  ( 0.000000000000000000, 1.000000000000000000, 0.000000000000000000 ) ) ;
#2665 = B_SPLINE_SURFACE_WITH_KNOTS ( 'NONE', 1, 3, ( 
 ( #2801, #2211, #2763, #3332 ),
 ( #151, #1333, #185, #3373 ) ),
 .UNSPECIFIED., .F., .F., .F.,
 ( 2, 2 ),
 ( 4, 4 ),
 ( 0.000000000000000000, 1.000000000000000000 ),
 ( 4.140592992061050914, 4.306727327614910728 ),
 .UNSPECIFIED. ) ;
#2666 = FACE_OUTER_BOUND ( 'NONE', #3707, .T. ) ;
#2667 = CARTESIAN_POINT ( 'NONE',  ( -57.39646948601646415, -12.24122743341031949, 1.387669150408673557 ) ) ;
#2668 = TOROIDAL_SURFACE ( 'NONE', #1024, 0.4999999999999971689, 1.000000000000000000 ) ;
#2669 = DIRECTION ( 'NONE',  ( 0.01755200645368833190, -0.7054558197052364088, -0.7085365294135952396 ) ) ;
#2670 = CARTESIAN_POINT ( 'NONE',  ( -25.80023303304462345, -12.49914842319240371, 2.283772461306392110 ) ) ;
#2671 = EDGE_LOOP ( 'NONE', ( #734, #3579, #1278, #3624 ) ) ;
#2672 = ORIENTED_EDGE ( 'NONE', *, *, #1711, .T. ) ;
#2673 = DIRECTION ( 'NONE',  ( -0.000000000000000000, 1.000000000000000000, -0.000000000000000000 ) ) ;
#2674 = ORIENTED_EDGE ( 'NONE', *, *, #3589, .T. ) ;
#2675 = CARTESIAN_POINT ( 'NONE',  ( -57.09388859632921509, -8.004699670597712924, 1.910416930697791837 ) ) ;
#2676 = LINE ( 'NONE', #1233, #3661 ) ;
#2677 = AXIS2_PLACEMENT_3D ( 'NONE', #702, #3556, #3635 ) ;
#2678 = DIRECTION ( 'NONE',  ( -8.163404592832033966E-17, -0.000000000000000000, -1.000000000000000000 ) ) ;
#2679 = ORIENTED_EDGE ( 'NONE', *, *, #1078, .F. ) ;
#2680 = CARTESIAN_POINT ( 'NONE',  ( -101.2199210472276576, -1.301410964880762577, -6.004164418911103418 ) ) ;
#2681 = CARTESIAN_POINT ( 'NONE',  ( -89.99371866316981539, 0.000000000000000000, -1.999999999999993561 ) ) ;
#2682 = CARTESIAN_POINT ( 'NONE',  ( -64.36969411118725759, -19.50000000000000000, 5.000000000000011546 ) ) ;
#2683 = EDGE_CURVE ( 'NONE', #134, #1747, #1753, .T. ) ;
#2684 = AXIS2_PLACEMENT_3D ( 'NONE', #3323, #3347, #719 ) ;
#2685 = EDGE_CURVE ( 'NONE', #2278, #2542, #13, .T. ) ;
#2686 = CIRCLE ( 'NONE', #3662, 45.50000000000002132 ) ;
#2687 = CARTESIAN_POINT ( 'NONE',  ( -87.95657296615662801, -18.27165126112919324, 4.444295189399749546 ) ) ;
#2688 = CARTESIAN_POINT ( 'NONE',  ( -60.09434020910103413, -12.53355482214001171, 3.056787333328277345 ) ) ;
#2689 = PLANE ( 'NONE',  #2759 ) ;
#2690 = CARTESIAN_POINT ( 'NONE',  ( -26.95674580285975352, -13.24938460396885631, 2.290422756394001169 ) ) ;
#2691 = ORIENTED_EDGE ( 'NONE', *, *, #3752, .T. ) ;
#2692 = ORIENTED_EDGE ( 'NONE', *, *, #2021, .T. ) ;
#2693 = AXIS2_PLACEMENT_3D ( 'NONE', #2495, #1412, #2570 ) ;
#2694 = DIRECTION ( 'NONE',  ( 0.9940753429798864227, 0.04949657778282137016, 0.09676931986539044628 ) ) ;
#2695 = LINE ( 'NONE', #1034, #2119 ) ;
#2696 = ORIENTED_EDGE ( 'NONE', *, *, #2489, .T. ) ;
#2697 = AXIS2_PLACEMENT_3D ( 'NONE', #67, #1560, #375 ) ;
#2698 = DIRECTION ( 'NONE',  ( 0.000000000000000000, 0.000000000000000000, 1.000000000000000000 ) ) ;
#2699 = B_SPLINE_CURVE_WITH_KNOTS ( 'NONE', 3,
 ( #1065, #1670, #3705, #742, #2845, #1624, #2549, #3472, #236, #866, #2911, #3454, #3493, #3192, #528, #567, #21, #3435, #1689, #832, #2060, #1728, #1991, #1117, #2010, #2896, #883, #582, #1151, #2030, #900, #3155, #549, #599 ),
 .UNSPECIFIED., .F., .F.,
 ( 4, 2, 2, 2, 2, 2, 2, 2, 2, 2, 2, 2, 2, 2, 2, 2, 4 ),
 ( 0.0005410723849593975562, 0.001074599756738047309, 0.001608127128516697061, 0.002141654500295346597, 0.002675181872073996783, 0.003208709243852646102, 0.003742236615631296288, 0.004275763987409945607, 0.004809291359188595794, 0.005342818730967245980, 0.005876346102745895299, 0.006409873474524544618, 0.006943400846303194804, 0.007476928218081844990, 0.008010455589860493442, 0.008543982961639143628, 0.009077510333417793814 ),
 .UNSPECIFIED. ) ;
#2700 = CARTESIAN_POINT ( 'NONE',  ( -59.82012693446073115, -6.904780384167812812, 2.942081426737557237 ) ) ;
#2701 = DIRECTION ( 'NONE',  ( 0.000000000000000000, 0.000000000000000000, 1.000000000000000000 ) ) ;
#2702 = EDGE_CURVE ( 'NONE', #2722, #2837, #1201, .T. ) ;
#2703 = CARTESIAN_POINT ( 'NONE',  ( -64.15000000000000568, -15.84999999999999964, -1.999999999999992228 ) ) ;
#2704 = ORIENTED_EDGE ( 'NONE', *, *, #2922, .T. ) ;
#2705 = LINE ( 'NONE', #3287, #2908 ) ;
#2706 = LINE ( 'NONE', #1521, #3625 ) ;
#2707 = CARTESIAN_POINT ( 'NONE',  ( -77.41899999999999693, -0.5000000000000004441, 21.50000000000000711 ) ) ;
#2708 = EDGE_CURVE ( 'NONE', #3495, #498, #1588, .T. ) ;
#2709 = CARTESIAN_POINT ( 'NONE',  ( -61.39988582740973300, -8.646489338331084795, 3.285749461117005055 ) ) ;
#2710 = EDGE_CURVE ( 'NONE', #3225, #3170, #3227, .T. ) ;
#2711 = DIRECTION ( 'NONE',  ( -0.1161765124228524154, -0.6972267788337265237, 0.7073739017227088643 ) ) ;
#2712 = ORIENTED_EDGE ( 'NONE', *, *, #3735, .F. ) ;
#2713 = ORIENTED_EDGE ( 'NONE', *, *, #1591, .T. ) ;
#2714 = CARTESIAN_POINT ( 'NONE',  ( -23.99999999999999645, -6.649999999999999467, -8.999999999999996447 ) ) ;
#2715 = DIRECTION ( 'NONE',  ( 0.000000000000000000, 0.7248391425563652790, 0.6889181500135942438 ) ) ;
#2716 = ORIENTED_EDGE ( 'NONE', *, *, #1164, .F. ) ;
#2717 = VECTOR ( 'NONE', #119, 999.9999999999998863 ) ;
#2718 = CARTESIAN_POINT ( 'NONE',  ( -104.9937186631698154, -1.475723628682122035, -0.9211653402171546823 ) ) ;
#2719 = CARTESIAN_POINT ( 'NONE',  ( -57.20938309488035856, -7.905044782661387437, 1.313811616155954320 ) ) ;
#2720 = DIRECTION ( 'NONE',  ( 8.163404592832033966E-17, 0.000000000000000000, 1.000000000000000000 ) ) ;
#2721 = CARTESIAN_POINT ( 'NONE',  ( -29.74999999999999645, -10.00000000000000000, 0.6963113881947181616 ) ) ;
#2722 = VERTEX_POINT ( 'NONE', #3220 ) ;
#2723 = LINE ( 'NONE', #643, #1134 ) ;
#2724 = DIRECTION ( 'NONE',  ( 0.000000000000000000, 1.000000000000000000, 0.000000000000000000 ) ) ;
#2725 = CARTESIAN_POINT ( 'NONE',  ( -100.3922658109925550, -14.57724064268083808, -5.895036078556847414 ) ) ;
#2726 = CARTESIAN_POINT ( 'NONE',  ( -58.63075732128770312, -7.270099033289437074, 1.907609625290354716 ) ) ;
#2727 = CARTESIAN_POINT ( 'NONE',  ( -58.70776654197986488, -12.74000691576371658, 1.941856313170242432 ) ) ;
#2728 = CARTESIAN_POINT ( 'NONE',  ( -26.14781259457289764, -13.10833701597123735, 2.596677661711204621 ) ) ;
#2729 = CARTESIAN_POINT ( 'NONE',  ( -100.5007723624109275, -14.08207126490860439, -6.321588243425213527 ) ) ;
#2730 = VERTEX_POINT ( 'NONE', #276 ) ;
#2731 = ORIENTED_EDGE ( 'NONE', *, *, #2651, .T. ) ;
#2732 = TOROIDAL_SURFACE ( 'NONE', #724, 0.4999999999999971689, 1.000000000000000000 ) ;
#2733 = CARTESIAN_POINT ( 'NONE',  ( -56.24999999999995026, -9.911785282543089437, 0.9543786816630555059 ) ) ;
#2734 = CARTESIAN_POINT ( 'NONE',  ( -103.9897907885027450, -12.95253302804988493, -3.926838180152515623 ) ) ;
#2735 = ORIENTED_EDGE ( 'NONE', *, *, #1132, .F. ) ;
#2736 = PLANE ( 'NONE',  #2305 ) ;
#2737 = CARTESIAN_POINT ( 'NONE',  ( -61.35214316536234946, -8.563920998447914101, 3.259359858015200118 ) ) ;
#2738 = CARTESIAN_POINT ( 'NONE',  ( -87.67490837539860138, -18.31992526219194417, 4.329783245531560354 ) ) ;
#2739 = DIRECTION ( 'NONE',  ( -0.5844052280662217491, -0.6142276658457871408, 0.5302781382618968475 ) ) ;
#2740 = VERTEX_POINT ( 'NONE', #3500 ) ;
#2741 = CARTESIAN_POINT ( 'NONE',  ( -100.3755213272097535, -1.260598899675090756, -6.377578797969919222 ) ) ;
#2742 = DIRECTION ( 'NONE',  ( -8.163404592832033966E-17, -0.000000000000000000, -1.000000000000000000 ) ) ;
#2743 = CARTESIAN_POINT ( 'NONE',  ( -61.74785713472429194, -9.775806264975990700, 3.795598856514414532 ) ) ;
#2744 = CARTESIAN_POINT ( 'NONE',  ( -18.35247065561925695, -4.150000000000000355, -1.999999999999995781 ) ) ;
#2745 = CARTESIAN_POINT ( 'NONE',  ( -58.07510473359073444, -13.16842579267879820, 2.259431547860570433 ) ) ;
#2746 = CARTESIAN_POINT ( 'NONE',  ( -24.06884963567664215, -10.87877057056302910, 3.473744041169884333 ) ) ;
#2747 = CARTESIAN_POINT ( 'NONE',  ( -27.85273575089431830, -12.62597676146473269, 1.969973229155483674 ) ) ;
#2748 = ORIENTED_EDGE ( 'NONE', *, *, #3643, .T. ) ;
#2749 = EDGE_LOOP ( 'NONE', ( #2097, #1136, #2023, #526 ) ) ;
#2750 = CARTESIAN_POINT ( 'NONE',  ( -56.24999999999999289, -10.00000000000075850, 0.9543786816630747127 ) ) ;
#2751 = CARTESIAN_POINT ( 'NONE',  ( -99.99371866316980118, -1.999999999999998224, -0.9211653402171546823 ) ) ;
#2752 = ORIENTED_EDGE ( 'NONE', *, *, #2399, .F. ) ;
#2753 = EDGE_CURVE ( 'NONE', #740, #1565, #2061, .T. ) ;
#2754 = CARTESIAN_POINT ( 'NONE',  ( -104.7879960802606689, -1.466504791027355425, -2.355322092284283908 ) ) ;
#2755 = CARTESIAN_POINT ( 'NONE',  ( -102.8744555977499147, -13.29660544243891884, -5.013195031467224894 ) ) ;
#2756 = CARTESIAN_POINT ( 'NONE',  ( -86.93574719277751228, -0.1008651448843676801, 3.290955539891235127 ) ) ;
#2757 = CARTESIAN_POINT ( 'NONE',  ( -66.08719863295236507, -20.00000000000000000, 4.416666666666682062 ) ) ;
#2758 = ORIENTED_EDGE ( 'NONE', *, *, #2834, .F. ) ;
#2759 = AXIS2_PLACEMENT_3D ( 'NONE', #50, #1488, #3152 ) ;
#2760 = CARTESIAN_POINT ( 'NONE',  ( -61.69872002347361928, -10.52859269281987409, 3.452974824908512819 ) ) ;
#2761 = VECTOR ( 'NONE', #3772, 1000.000000000000000 ) ;
#2762 = DIRECTION ( 'NONE',  ( 0.000000000000000000, 0.000000000000000000, 1.000000000000000000 ) ) ;
#2763 = CARTESIAN_POINT ( 'NONE',  ( -101.0736962884246424, -1.294343964436267092, -6.078826967484159738 ) ) ;
#2764 = SURFACE_STYLE_USAGE ( .BOTH. , #1068 ) ;
#2765 = CARTESIAN_POINT ( 'NONE',  ( -59.40378694358771838, -12.72570710906134828, 2.262134239396873969 ) ) ;
#2766 = CARTESIAN_POINT ( 'NONE',  ( -55.77120846434426227, -8.945808738264217297, 1.483506666448840772 ) ) ;
#2767 = CARTESIAN_POINT ( 'NONE',  ( -29.09378667910948479, -12.61291941467138500, 1.561102964567950391 ) ) ;
#2768 = CARTESIAN_POINT ( 'NONE',  ( -88.07738685438903303, -0.6610778769449185965, 4.466039044838454153 ) ) ;
#2769 = CARTESIAN_POINT ( 'NONE',  ( -56.30144975595198531, -9.470541238292881303, 0.9728454947404479025 ) ) ;
#2770 = EDGE_CURVE ( 'NONE', #2223, #3715, #429, .T. ) ;
#2771 = CARTESIAN_POINT ( 'NONE',  ( -104.7690228131171324, -12.71215302856802154, -2.404112932760061661 ) ) ;
#2772 = ADVANCED_FACE ( 'NONE', ( #329 ), #2589, .F. ) ;
#2773 = ORIENTED_EDGE ( 'NONE', *, *, #1754, .F. ) ;
#2774 = FACE_OUTER_BOUND ( 'NONE', #650, .T. ) ;
#2775 = CIRCLE ( 'NONE', #3315, 0.4999999999999971689 ) ;
#2776 = ADVANCED_FACE ( 'NONE', ( #3461 ), #240, .T. ) ;
#2777 = CARTESIAN_POINT ( 'NONE',  ( -26.99999999999999645, -10.00000000000000000, -2.000000000000000000 ) ) ;
#2778 = PLANE ( 'NONE',  #1715 ) ;
#2779 = FACE_BOUND ( 'NONE', #2527, .T. ) ;
#2780 = EDGE_LOOP ( 'NONE', ( #3260, #2449, #2979, #408 ) ) ;
#2781 = DIRECTION ( 'NONE',  ( 0.1953969246603765308, -0.9791692409272283459, 0.05520542958136419320 ) ) ;
#2782 = DIRECTION ( 'NONE',  ( -0.08569720258204804875, 0.7049765004229682219, -0.7040341776654001071 ) ) ;
#2783 = CARTESIAN_POINT ( 'NONE',  ( -59.00000000000000000, -10.00000000000000000, 8.000000000000008882 ) ) ;
#2784 = VECTOR ( 'NONE', #1237, 1000.000000000000114 ) ;
#2785 = DIRECTION ( 'NONE',  ( 0.000000000000000000, 1.000000000000000000, 0.000000000000000000 ) ) ;
#2786 = CARTESIAN_POINT ( 'NONE',  ( -61.34085258577251665, -11.45762064894385190, 3.606216463600302902 ) ) ;
#2787 = CARTESIAN_POINT ( 'NONE',  ( -27.36458450419110733, -13.25077821564411806, 2.141905262890497319 ) ) ;
#2788 = CARTESIAN_POINT ( 'NONE',  ( -104.7871491554321466, -1.466466749511394552, -2.358642380081074297 ) ) ;
#2789 = VERTEX_POINT ( 'NONE', #3051 ) ;
#2790 =( LENGTH_UNIT ( ) NAMED_UNIT ( * ) SI_UNIT ( .MILLI., .METRE. ) );
#2791 = CARTESIAN_POINT ( 'NONE',  ( -84.52438603861659772, -19.50000000000000000, -7.525018042264778551 ) ) ;
#2792 = ORIENTED_EDGE ( 'NONE', *, *, #566, .F. ) ;
#2793 = LINE ( 'NONE', #3321, #2000 ) ;
#2794 = CARTESIAN_POINT ( 'NONE',  ( -56.49578762039976709, -8.847114805144270733, 1.708860111349323141 ) ) ;
#2795 = CARTESIAN_POINT ( 'NONE',  ( -84.71828707285709470, 0.009545688742121929971, 2.334040950309971940 ) ) ;
#2796 = FACE_OUTER_BOUND ( 'NONE', #2951, .T. ) ;
#2797 = EDGE_LOOP ( 'NONE', ( #2341, #3541, #955, #3131 ) ) ;
#2798 = VECTOR ( 'NONE', #1832, 1000.000000000000000 ) ;
#2799 = CARTESIAN_POINT ( 'NONE',  ( -104.9937186631698154, -1.475723628682122035, 2.817437988291996653 ) ) ;
#2800 = CARTESIAN_POINT ( 'NONE',  ( -59.00000000000000000, -10.00000000000000000, 8.000000000000008882 ) ) ;
#2801 = CARTESIAN_POINT ( 'NONE',  ( -102.6994347728238921, -1.372911219489302725, -5.125817565307640322 ) ) ;
#2802 = EDGE_CURVE ( 'NONE', #3580, #134, #95, .T. ) ;
#2803 = SURFACE_STYLE_FILL_AREA ( #3692 ) ;
#2804 = DIRECTION ( 'NONE',  ( 0.5141393718060580653, -0.7197357636110861545, -0.4665202427955711939 ) ) ;
#2805 = CARTESIAN_POINT ( 'NONE',  ( -64.15000000000000568, 3.947506674174258823, -0.4024933258257145652 ) ) ;
#2806 = CARTESIAN_POINT ( 'NONE',  ( -84.71539240519199154, -0.4896110372079621187, 2.867278106399689275 ) ) ;
#2807 = ADVANCED_FACE ( 'NONE', ( #416 ), #2453, .F. ) ;
#2808 = VERTEX_POINT ( 'NONE', #395 ) ;
#2809 = FACE_OUTER_BOUND ( 'NONE', #393, .T. ) ;
#2810 = ORIENTED_EDGE ( 'NONE', *, *, #3329, .T. ) ;
#2811 = ORIENTED_EDGE ( 'NONE', *, *, #1706, .T. ) ;
#2812 = UNCERTAINTY_MEASURE_WITH_UNIT (LENGTH_MEASURE( 1.000000000000000082E-05 ), #2790, 'distance_accuracy_value', 'NONE');
#2813 = AXIS2_PLACEMENT_3D ( 'NONE', #1656, #2781, #2472 ) ;
#2814 = EDGE_CURVE ( 'NONE', #1012, #2383, #1221, .T. ) ;
#2815 = CARTESIAN_POINT ( 'NONE',  ( -30.36597725600503850, -10.41877552250735306, 1.183068364913739012 ) ) ;
#2816 = CARTESIAN_POINT ( 'NONE',  ( -104.7231009360030924, -12.72631135501554311, -2.557093040849988341 ) ) ;
#2817 = DIRECTION ( 'NONE',  ( -0.05068540864172549343, -0.7071067811865492381, -0.7052878769345315435 ) ) ;
#2818 = FACE_OUTER_BOUND ( 'NONE', #3116, .T. ) ;
#2819 = ORIENTED_EDGE ( 'NONE', *, *, #3064, .F. ) ;
#2820 = ADVANCED_FACE ( 'NONE', ( #2414 ), #3616, .T. ) ;
#2821 = AXIS2_PLACEMENT_3D ( 'NONE', #1681, #840, #2558 ) ;
#2822 = LINE ( 'NONE', #3120, #1829 ) ;
#2823 = FACE_OUTER_BOUND ( 'NONE', #3628, .T. ) ;
#2824 = ORIENTED_EDGE ( 'NONE', *, *, #227, .T. ) ;
#2825 = VECTOR ( 'NONE', #1275, 1000.000000000000000 ) ;
#2826 = CARTESIAN_POINT ( 'NONE',  ( -30.32310368922825106, -10.63600990913604605, 1.195181419792731958 ) ) ;
#2827 = VECTOR ( 'NONE', #3163, 1000.000000000000000 ) ;
#2828 = CARTESIAN_POINT ( 'NONE',  ( -60.72112578673461059, -12.15632663019552950, 3.327440698498047578 ) ) ;
#2829 = CARTESIAN_POINT ( 'NONE',  ( -29.94682617374252942, -11.65280294159513907, 1.303077539139617214 ) ) ;
#2830 = DIRECTION ( 'NONE',  ( 0.000000000000000000, -0.000000000000000000, 1.000000000000000000 ) ) ;
#2831 = ADVANCED_FACE ( 'NONE', ( #3307 ), #1864, .F. ) ;
#2832 = B_SPLINE_CURVE_WITH_KNOTS ( 'NONE', 3,
 ( #3451, #2861, #523, #846, #1687, #631, #1424, #1403, #934, #545, #3720, #3741, #1130, #32, #2006, #1113, #3431, #2958, #830, #335, #3171, #563, #1225, #1771, #313, #2381, #2094, #668, #1005, #2766, #3274, #1629 ),
 .UNSPECIFIED., .F., .F.,
 ( 4, 2, 2, 2, 2, 2, 2, 2, 2, 2, 2, 2, 2, 2, 2, 4 ),
 ( 0.02058389973023588143, 0.02124655430995636696, 0.02190920888967685248, 0.02257186346939733801, 0.02323451804911782353, 0.02389717262883830906, 0.02455982720855879459, 0.02522248178827928011, 0.02588513636799976564, 0.02721044552744073669, 0.02787310010716122916, 0.02853575468688172162, 0.02919840926660221755, 0.02986106384632271002, 0.03052371842604320595, 0.03118637300576369842 ),
 .UNSPECIFIED. ) ;
#2833 = CARTESIAN_POINT ( 'NONE',  ( -87.67490837539854454, -0.6510550074890243399, 4.329783245531522162 ) ) ;
#2834 = EDGE_CURVE ( 'NONE', #2104, #1262, #106, .T. ) ;
#2835 = SHAPE_DEFINITION_REPRESENTATION ( #109, #2304 ) ;
#2836 = DIRECTION ( 'NONE',  ( -0.000000000000000000, -0.000000000000000000, -1.000000000000000000 ) ) ;
#2837 = VERTEX_POINT ( 'NONE', #1021 ) ;
#2838 = ORIENTED_EDGE ( 'NONE', *, *, #617, .T. ) ;
#2839 = CARTESIAN_POINT ( 'NONE',  ( -29.69682802813459688, -10.53816223080742454, 0.7140167689015416430 ) ) ;
#2840 = CARTESIAN_POINT ( 'NONE',  ( -56.39285016633705538, -9.105835536588724466, 1.005790367640909233 ) ) ;
#2841 = EDGE_CURVE ( 'NONE', #2278, #2730, #2434, .T. ) ;
#2842 = DIRECTION ( 'NONE',  ( -0.000000000000000000, 1.000000000000000000, -0.000000000000000000 ) ) ;
#2843 = VERTEX_POINT ( 'NONE', #1603 ) ;
#2844 = AXIS2_PLACEMENT_3D ( 'NONE', #3415, #3076, #1671 ) ;
#2845 = CARTESIAN_POINT ( 'NONE',  ( -29.39586062579233428, -11.36115210437159995, 0.8159145497773294675 ) ) ;
#2846 = PLANE ( 'NONE',  #24 ) ;
#2847 = ORIENTED_EDGE ( 'NONE', *, *, #2257, .F. ) ;
#2848 = AXIS2_PLACEMENT_3D ( 'NONE', #1464, #2618, #1176 ) ;
#2849 = CARTESIAN_POINT ( 'NONE',  ( -29.07084657469713207, -7.369928304940659203, 1.568295716891321412 ) ) ;
#2850 = AXIS2_PLACEMENT_3D ( 'NONE', #759, #1328, #2486 ) ;
#2851 = APPLICATION_CONTEXT ( 'automotive_design' ) ;
#2852 = CARTESIAN_POINT ( 'NONE',  ( -69.99371866316981539, 1.000000000000000000, -2.499999999999991118 ) ) ;
#2853 = CARTESIAN_POINT ( 'NONE',  ( -61.75000000000000000, -10.00000000000000000, 3.482014481449722254 ) ) ;
#2854 = CARTESIAN_POINT ( 'NONE',  ( -84.73030558253763900, -0.04836095072929296607, 2.399886076032371474 ) ) ;
#2855 = PLANE ( 'NONE',  #2273 ) ;
#2856 = CARTESIAN_POINT ( 'NONE',  ( -88.28459187040624556, -0.6662335584643965802, 4.466567690969308835 ) ) ;
#2857 = VERTEX_POINT ( 'NONE', #982 ) ;
#2858 = ORIENTED_EDGE ( 'NONE', *, *, #1137, .F. ) ;
#2859 = EDGE_CURVE ( 'NONE', #213, #2422, #2956, .T. ) ;
#2860 = CARTESIAN_POINT ( 'NONE',  ( -29.11220739489749576, -8.225875295320316027, 1.553214019795186474 ) ) ;
#2861 = CARTESIAN_POINT ( 'NONE',  ( -62.01563579876332000, -10.40804752143917256, 3.924113399426158555 ) ) ;
#2862 = EDGE_LOOP ( 'NONE', ( #53, #2877, #3246, #2929 ) ) ;
#2863 = EDGE_CURVE ( 'NONE', #546, #1970, #1841, .T. ) ;
#2864 = CIRCLE ( 'NONE', #1087, 45.50000000000002132 ) ;
#2865 = AXIS2_PLACEMENT_3D ( 'NONE', #2800, #237, #3727 ) ;
#2866 = CARTESIAN_POINT ( 'NONE',  ( -84.34568930956454835, -19.66702798935688890, 2.559807753531776253 ) ) ;
#2867 = LINE ( 'NONE', #3706, #2639 ) ;
#2868 = ORIENTED_EDGE ( 'NONE', *, *, #746, .T. ) ;
#2869 = CARTESIAN_POINT ( 'NONE',  ( -25.74160279413184327, -7.081769814302684374, 2.759736994251580366 ) ) ;
#2870 = DIRECTION ( 'NONE',  ( -1.000000000000000000, 0.000000000000000000, 7.575620348129778241E-17 ) ) ;
#2871 = CARTESIAN_POINT ( 'NONE',  ( -99.99371866316980118, -0.7510421210406037495, -3.499999999999989342 ) ) ;
#2872 = FACE_OUTER_BOUND ( 'NONE', #1807, .T. ) ;
#2873 = PLANE ( 'NONE',  #1368 ) ;
#2874 = LINE ( 'NONE', #3426, #2392 ) ;
#2875 = CARTESIAN_POINT ( 'NONE',  ( -77.41899999999999693, -30.00000000000000000, 21.50000000000000711 ) ) ;
#2876 = AXIS2_PLACEMENT_3D ( 'NONE', #534, #1396, #2830 ) ;
#2877 = ORIENTED_EDGE ( 'NONE', *, *, #2545, .F. ) ;
#2878 = ORIENTED_EDGE ( 'NONE', *, *, #2380, .T. ) ;
#2879 = ORIENTED_EDGE ( 'NONE', *, *, #3721, .F. ) ;
#2880 = CARTESIAN_POINT ( 'NONE',  ( -21.49999999999999289, -19.50000000000000000, 4.731159986743394441 ) ) ;
#2881 = CARTESIAN_POINT ( 'NONE',  ( -23.99999999999999645, -4.649999999999999467, -8.999999999999996447 ) ) ;
#2882 = ORIENTED_EDGE ( 'NONE', *, *, #1168, .F. ) ;
#2883 = B_SPLINE_CURVE_WITH_KNOTS ( 'NONE', 3,
 ( #380, #3335, #729, #1891, #153, #1563 ),
 .UNSPECIFIED., .F., .F.,
 ( 4, 2, 4 ),
 ( 0.000000000000000000, 0.5000000000000000000, 1.000000000000000000 ),
 .UNSPECIFIED. ) ;
#2884 = CARTESIAN_POINT ( 'NONE',  ( -28.74475356241568846, -7.846435164909332904, 1.046635576840718063 ) ) ;
#2885 = CARTESIAN_POINT ( 'NONE',  ( -69.99371866316981539, 0.000000000000000000, -1.999999999999993561 ) ) ;
#2886 = CARTESIAN_POINT ( 'NONE',  ( -86.92036712671242071, -19.19500206621895799, 3.199733889650320684 ) ) ;
#2887 = CARTESIAN_POINT ( 'NONE',  ( -86.04976046787386679, -18.89090516645693896, 3.458095341954240620 ) ) ;
#2888 = LINE ( 'NONE', #3221, #1173 ) ;
#2889 = VECTOR ( 'NONE', #1707, 1000.000000000000000 ) ;
#2890 = CARTESIAN_POINT ( 'NONE',  ( -57.48781284061509211, -12.96550607702449298, 2.048340672556406616 ) ) ;
#2891 = CARTESIAN_POINT ( 'NONE',  ( -86.67680914322646402, -0.6052403082089160558, 3.739519805859763846 ) ) ;
#2892 = ORIENTED_EDGE ( 'NONE', *, *, #3756, .T. ) ;
#2893 = EDGE_LOOP ( 'NONE', ( #182, #2997, #828, #93, #3411 ) ) ;
#2894 = CARTESIAN_POINT ( 'NONE',  ( -29.65185262345790207, -9.248607790902058312, 0.7290433816137036338 ) ) ;
#2895 = ORIENTED_EDGE ( 'NONE', *, *, #547, .F. ) ;
#2896 = CARTESIAN_POINT ( 'NONE',  ( -24.88325237668355783, -11.76344771737412032, 2.737312055069969663 ) ) ;
#2897 = CARTESIAN_POINT ( 'NONE',  ( -84.96891722566843441, -2.000000000000000000, -1.066874950121234455 ) ) ;
#2898 = VERTEX_POINT ( 'NONE', #2127 ) ;
#2899 = CARTESIAN_POINT ( 'NONE',  ( -99.99371866316980118, -0.7510421210406037495, -3.499999999999989342 ) ) ;
#2900 = CARTESIAN_POINT ( 'NONE',  ( -77.41899999999999693, -20.00000000000000000, 1.000000000000007772 ) ) ;
#2901 = CARTESIAN_POINT ( 'NONE',  ( -59.88574636103618332, -13.07280379067773701, 2.969402194223011993 ) ) ;
#2902 = DIRECTION ( 'NONE',  ( -0.9419856854266430712, 0.3228844000403151004, -0.09169859683715571308 ) ) ;
#2903 = FACE_BOUND ( 'NONE', #1341, .T. ) ;
#2904 = CARTESIAN_POINT ( 'NONE',  ( -55.58494043994217293, -10.25573273100498639, 1.426709342714191253 ) ) ;
#2905 = CARTESIAN_POINT ( 'NONE',  ( -27.34166656383205307, -12.73999024847548256, 2.150273852610777414 ) ) ;
#2906 = ORIENTED_EDGE ( 'NONE', *, *, #2568, .F. ) ;
#2907 = EDGE_LOOP ( 'NONE', ( #2315, #2421, #1101, #1740, #980, #299, #1329, #147, #2878, #3776 ) ) ;
#2908 = VECTOR ( 'NONE', #683, 1000.000000000000000 ) ;
#2909 = CARTESIAN_POINT ( 'NONE',  ( -24.39555177954606791, -9.098581828711465036, 2.991464721533672932 ) ) ;
#2910 = ORIENTED_EDGE ( 'NONE', *, *, #2310, .T. ) ;
#2911 = CARTESIAN_POINT ( 'NONE',  ( -28.30760609264473615, -12.42493117417105530, 1.211076564844278503 ) ) ;
#2912 = CARTESIAN_POINT ( 'NONE',  ( -56.24999999999999289, -10.00000000000000000, -2.000000000000000000 ) ) ;
#2913 = ORIENTED_EDGE ( 'NONE', *, *, #2653, .T. ) ;
#2914 = CARTESIAN_POINT ( 'NONE',  ( -89.99371866316981539, 0.000000000000000000, -1.499999999999996447 ) ) ;
#2915 = LINE ( 'NONE', #1751, #525 ) ;
#2916 = CARTESIAN_POINT ( 'NONE',  ( -21.49999999999999645, -13.34999999999999964, 0.5000000000000035527 ) ) ;
#2917 = DIRECTION ( 'NONE',  ( 0.9948751107730946508, -0.07149655223933022719, -0.07149655223933047699 ) ) ;
#2918 = CYLINDRICAL_SURFACE ( 'NONE', #3244, 2.499999999999998668 ) ;
#2919 = EDGE_CURVE ( 'NONE', #116, #1837, #2775, .T. ) ;
#2920 = CARTESIAN_POINT ( 'NONE',  ( -57.26473948737716313, -12.14654122575779560, 1.969442593857151591 ) ) ;
#2921 = CARTESIAN_POINT ( 'NONE',  ( -23.95543958130999584, -9.799987971644247509, 3.525071715680188955 ) ) ;
#2922 = EDGE_CURVE ( 'NONE', #561, #2730, #684, .T. ) ;
#2923 = ORIENTED_EDGE ( 'NONE', *, *, #619, .F. ) ;
#2924 = ORIENTED_EDGE ( 'NONE', *, *, #3363, .T. ) ;
#2925 = CARTESIAN_POINT ( 'NONE',  ( -25.90918992178610480, -7.443905930637217061, 2.691293522287656170 ) ) ;
#2926 = EDGE_LOOP ( 'NONE', ( #1456, #2547 ) ) ;
#2927 = CARTESIAN_POINT ( 'NONE',  ( -88.00162883776049227, -0.1539370715957101010, 3.927697614303194307 ) ) ;
#2928 = PLANE ( 'NONE',  #661 ) ;
#2929 = ORIENTED_EDGE ( 'NONE', *, *, #3470, .F. ) ;
#2930 = CARTESIAN_POINT ( 'NONE',  ( -69.99371866316981539, 0.000000000000000000, -0.4999999999999963363 ) ) ;
#2931 = CARTESIAN_POINT ( 'NONE',  ( -60.26036103834667301, -12.91235265329751059, 3.127693299434748830 ) ) ;
#2932 = CARTESIAN_POINT ( 'NONE',  ( -104.2750276930480027, -0.9642152440902397315, -2.393500270788437412 ) ) ;
#2933 = EDGE_CURVE ( 'NONE', #1565, #740, #1002, .T. ) ;
#2934 = DIRECTION ( 'NONE',  ( -0.000000000000000000, -0.000000000000000000, -1.000000000000000000 ) ) ;
#2935 = EDGE_CURVE ( 'NONE', #538, #35, #437, .T. ) ;
#2936 = CARTESIAN_POINT ( 'NONE',  ( -56.56011730720612007, -11.28202105050099391, 1.066999058439855874 ) ) ;
#2937 = EDGE_CURVE ( 'NONE', #382, #1764, #2192, .T. ) ;
#2938 = LINE ( 'NONE', #2397, #2889 ) ;
#2939 = CARTESIAN_POINT ( 'NONE',  ( -26.13128567793894774, -12.63211809131762919, 2.128027115664583580 ) ) ;
#2940 = ORIENTED_EDGE ( 'NONE', *, *, #672, .F. ) ;
#2941 = ORIENTED_EDGE ( 'NONE', *, *, #1839, .F. ) ;
#2942 = CIRCLE ( 'NONE', #3002, 1.500000000000001332 ) ;
#2943 = CARTESIAN_POINT ( 'NONE',  ( -24.94336746763509893, -8.165881905990124423, 2.706607763446637449 ) ) ;
#2944 = AXIS2_PLACEMENT_3D ( 'NONE', #2987, #3613, #103 ) ;
#2945 = EDGE_LOOP ( 'NONE', ( #3119, #1472, #3229, #3722 ) ) ;
#2946 = EDGE_CURVE ( 'NONE', #3432, #712, #2706, .T. ) ;
#2947 = EDGE_CURVE ( 'NONE', #1162, #3099, #2107, .T. ) ;
#2948 = CARTESIAN_POINT ( 'NONE',  ( -58.00938177925005590, -6.847934556385219196, 2.235337834409227842 ) ) ;
#2949 = DIRECTION ( 'NONE',  ( 0.3242505297209407611, 0.9459712437361346149, -2.646988263552147916E-17 ) ) ;
#2950 = DIRECTION ( 'NONE',  ( 0.000000000000000000, -0.000000000000000000, 1.000000000000000000 ) ) ;
#2951 = EDGE_LOOP ( 'NONE', ( #3263, #2360, #164, #3304, #2811, #1519, #2704, #1578, #121, #1009 ) ) ;
#2952 = CARTESIAN_POINT ( 'NONE',  ( -64.15000000000000568, -20.00000000000000000, -8.989220272253495736 ) ) ;
#2953 = CARTESIAN_POINT ( 'NONE',  ( -61.97366676070343061, -10.62470045515076045, 3.904041035623806444 ) ) ;
#2954 = DIRECTION ( 'NONE',  ( -0.000000000000000000, 1.000000000000000000, 0.000000000000000000 ) ) ;
#2955 = CARTESIAN_POINT ( 'NONE',  ( -0.9364538434817732959, 0.000000000000000000, -13.03076291216338412 ) ) ;
#2956 = CIRCLE ( 'NONE', #2164, 1.500000000000001332 ) ;
#2957 = CARTESIAN_POINT ( 'NONE',  ( -79.99371866316981539, 1.000000000000000000, -1.999999999999993561 ) ) ;
#2958 = CARTESIAN_POINT ( 'NONE',  ( -59.02537272564271120, -6.730326660902334446, 2.619049540359963846 ) ) ;
#2959 = CARTESIAN_POINT ( 'NONE',  ( -24.24893762392009933, -9.830759052934435971, 3.069794734737996134 ) ) ;
#2960 = ORIENTED_EDGE ( 'NONE', *, *, #2814, .F. ) ;
#2961 = ORIENTED_EDGE ( 'NONE', *, *, #623, .F. ) ;
#2962 = CARTESIAN_POINT ( 'NONE',  ( -24.30918384564342460, -9.431811409979372840, 3.365076192528307697 ) ) ;
#2963 = VERTEX_POINT ( 'NONE', #86 ) ;
#2964 = CARTESIAN_POINT ( 'NONE',  ( -58.82800001680256941, -7.232692373148220888, 1.994172253814465279 ) ) ;
#2965 = LINE ( 'NONE', #678, #2503 ) ;
#2966 = LINE ( 'NONE', #1599, #2274 ) ;
#2967 = EDGE_CURVE ( 'NONE', #1685, #954, #703, .T. ) ;
#2968 = ORIENTED_EDGE ( 'NONE', *, *, #1344, .T. ) ;
#2969 = CARTESIAN_POINT ( 'NONE',  ( -65.81081323375609315, -20.00000000000000000, 4.000000000000010658 ) ) ;
#2970 = CARTESIAN_POINT ( 'NONE',  ( -88.20971553734609927, -0.1642980362694091978, 3.973928326220348417 ) ) ;
#2971 = DIRECTION ( 'NONE',  ( 0.000000000000000000, 0.000000000000000000, 1.000000000000000000 ) ) ;
#2972 =( BOUNDED_CURVE ( )  B_SPLINE_CURVE ( 3, ( #2479, #518, #3396, #1074 ),
 .UNSPECIFIED., .F., .F. ) 
 B_SPLINE_CURVE_WITH_KNOTS ( ( 4, 4 ),
 ( 4.712388980384689674, 6.283185307179585344 ),
 .UNSPECIFIED. ) 
 CURVE ( )  GEOMETRIC_REPRESENTATION_ITEM ( )  RATIONAL_B_SPLINE_CURVE ( ( 1.000000000000000000, 0.8047378541243649375, 0.8047378541243649375, 1.000000000000000000 ) ) 
 REPRESENTATION_ITEM ( '' )  );
#2973 = CYLINDRICAL_SURFACE ( 'NONE', #2697, 2.750000000000002665 ) ;
#2974 = CARTESIAN_POINT ( 'NONE',  ( -87.93142509673305085, -18.27596188165977864, 4.437889025836700085 ) ) ;
#2975 = CIRCLE ( 'NONE', #3339, 0.5000000000000004441 ) ;
#2976 = LINE ( 'NONE', #253, #1541 ) ;
#2977 = CARTESIAN_POINT ( 'NONE',  ( -24.01924625598384111, -9.361886506485214809, 3.496163476831464667 ) ) ;
#2978 = VECTOR ( 'NONE', #736, 1000.000000000000000 ) ;
#2979 = ORIENTED_EDGE ( 'NONE', *, *, #2310, .F. ) ;
#2980 = ORIENTED_EDGE ( 'NONE', *, *, #2426, .F. ) ;
#2981 = LINE ( 'NONE', #444, #1863 ) ;
#2982 = CARTESIAN_POINT ( 'NONE',  ( -24.34012054499011057, -9.277313479622034009, 3.021012808674389039 ) ) ;
#2983 = EDGE_LOOP ( 'NONE', ( #34, #1208 ) ) ;
#2984 = CARTESIAN_POINT ( 'NONE',  ( -27.37368256229104091, -7.270627489624173379, 1.583955560329734835 ) ) ;
#2985 = CARTESIAN_POINT ( 'NONE',  ( -59.69919328413527637, -7.329237345438620821, 2.891945622084449496 ) ) ;
#2986 = CARTESIAN_POINT ( 'NONE',  ( -89.99371866316981539, 0.000000000000000000, -0.4999999999999963363 ) ) ;
#2987 = CARTESIAN_POINT ( 'NONE',  ( -42.55799999999999272, -20.00000000000000000, 44.50000000000000711 ) ) ;
#2988 = ORIENTED_EDGE ( 'NONE', *, *, #1023, .T. ) ;
#2989 = EDGE_CURVE ( 'NONE', #1899, #2843, #2867, .T. ) ;
#2990 = FACE_OUTER_BOUND ( 'NONE', #3548, .T. ) ;
#2991 = DIRECTION ( 'NONE',  ( -0.000000000000000000, 1.000000000000000000, -0.000000000000000000 ) ) ;
#2992 = DIRECTION ( 'NONE',  ( -1.000000000000000000, 0.000000000000000000, -0.000000000000000000 ) ) ;
#2993 = CIRCLE ( 'NONE', #1354, 1.000000000000000000 ) ;
#2994 = CARTESIAN_POINT ( 'NONE',  ( -56.52113197994771099, -8.796338244271209916, 1.052663147793607257 ) ) ;
#2995 = DIRECTION ( 'NONE',  ( 0.1914084154826092843, -0.9772320551171538305, -0.09154413653501226877 ) ) ;
#2996 = DIRECTION ( 'NONE',  ( -0.000000000000000000, 1.000000000000000000, -0.000000000000000000 ) ) ;
#2997 = ORIENTED_EDGE ( 'NONE', *, *, #3767, .F. ) ;
#2998 = EDGE_LOOP ( 'NONE', ( #2096, #2401, #3129, #3060 ) ) ;
#2999 = AXIS2_PLACEMENT_3D ( 'NONE', #3737, #2836, #206 ) ;
#3000 = DIRECTION ( 'NONE',  ( 0.3352868872866697769, -0.7071067811865479058, 0.6225614051751163780 ) ) ;
#3001 = CARTESIAN_POINT ( 'NONE',  ( -104.1119832349221355, -12.91483661279209016, -3.758595213134094948 ) ) ;
#3002 = AXIS2_PLACEMENT_3D ( 'NONE', #2777, #161, #1346 ) ;
#3003 = VERTEX_POINT ( 'NONE', #1084 ) ;
#3004 = VECTOR ( 'NONE', #1804, 1000.000000000000000 ) ;
#3005 = LINE ( 'NONE', #3365, #1147 ) ;
#3006 = CARTESIAN_POINT ( 'NONE',  ( -59.69018021115215333, -7.332299305608778184, 2.399279424782425174 ) ) ;
#3007 = DIRECTION ( 'NONE',  ( -1.000000000000000000, 0.000000000000000000, 0.000000000000000000 ) ) ;
#3008 = LINE ( 'NONE', #3571, #1782 ) ;
#3009 = VERTEX_POINT ( 'NONE', #743 ) ;
#3010 = LINE ( 'NONE', #64, #279 ) ;
#3011 = DIRECTION ( 'NONE',  ( 0.000000000000000000, 1.000000000000000000, 0.000000000000000000 ) ) ;
#3012 = FACE_OUTER_BOUND ( 'NONE', #482, .T. ) ;
#3013 = CARTESIAN_POINT ( 'NONE',  ( -58.46735552205859676, -7.297085859503068761, 1.835559589662566715 ) ) ;
#3014 = CARTESIAN_POINT ( 'NONE',  ( -79.99371866316981539, 1.000000000000000000, -1.999999999999993561 ) ) ;
#3015 = CARTESIAN_POINT ( 'NONE',  ( -29.04867436911054313, -11.84344526995968039, 0.9374105886378172325 ) ) ;
#3016 = VERTEX_POINT ( 'NONE', #3403 ) ;
#3017 = ORIENTED_EDGE ( 'NONE', *, *, #2989, .T. ) ;
#3018 = DIRECTION ( 'NONE',  ( 0.000000000000000000, 0.000000000000000000, 1.000000000000000000 ) ) ;
#3019 = CARTESIAN_POINT ( 'NONE',  ( -104.2536227254073538, -12.87114352178076970, -3.539547404268023723 ) ) ;
#3020 = B_SPLINE_CURVE_WITH_KNOTS ( 'NONE', 3,
 ( #2335, #3458, #241, #79, #2015, #602, #3197, #2586, #2406, #2048, #3159, #3568, #553, #1716, #3768, #3179, #1765, #2984, #870, #1973, #2033, #571, #2884, #1750, #364, #2569, #3142, #531, #1430, #1534, #3496, #2601 ),
 .UNSPECIFIED., .F., .F.,
 ( 4, 2, 2, 2, 2, 2, 2, 2, 2, 2, 2, 2, 2, 2, 2, 4 ),
 ( 0.009621898606286625327, 0.01015524489642155234, 0.01068859118655647936, 0.01122193747669140637, 0.01175528376682633339, 0.01228863005696126040, 0.01282197634709618742, 0.01335532263723111790, 0.01388866892736604491, 0.01442201521750097366, 0.01495536150763590241, 0.01602205408790575991, 0.01655540037804069040, 0.01708874666817562088, 0.01762209295831055136, 0.01815543924844548185 ),
 .UNSPECIFIED. ) ;
#3021 = ORIENTED_EDGE ( 'NONE', *, *, #1032, .F. ) ;
#3022 = CIRCLE ( 'NONE', #2471, 0.4999999999999971689 ) ;
#3023 = AXIS2_PLACEMENT_3D ( 'NONE', #1896, #3065, #1849 ) ;
#3024 = CARTESIAN_POINT ( 'NONE',  ( -103.9313999914304247, -1.428115704179133916, -4.004316845675289116 ) ) ;
#3025 = CARTESIAN_POINT ( 'NONE',  ( -60.63086417999942057, -7.778824601631613156, 2.872460352526507332 ) ) ;
#3026 = CARTESIAN_POINT ( 'NONE',  ( -64.15000000000000568, 5.545013348348540205, -1.999999999999992228 ) ) ;
#3027 = DIRECTION ( 'NONE',  ( 0.000000000000000000, 0.000000000000000000, 1.000000000000000000 ) ) ;
#3028 = ORIENTED_EDGE ( 'NONE', *, *, #3492, .F. ) ;
#3029 = DIRECTION ( 'NONE',  ( 0.000000000000000000, 0.000000000000000000, 1.000000000000000000 ) ) ;
#3030 = CARTESIAN_POINT ( 'NONE',  ( -87.95617106911241478, -0.1516736576627406019, 3.900527826669806242 ) ) ;
#3031 = LINE ( 'NONE', #3636, #1169 ) ;
#3032 = PLANE ( 'NONE',  #42 ) ;
#3033 = CARTESIAN_POINT ( 'NONE',  ( -27.56856453603104740, -13.23172976665908429, 2.069320760591883968 ) ) ;
#3034 = CARTESIAN_POINT ( 'NONE',  ( -28.78898052847002020, -12.09640306304449275, 1.031145363929622860 ) ) ;
#3035 = EDGE_CURVE ( 'NONE', #1587, #2722, #695, .T. ) ;
#3036 = ORIENTED_EDGE ( 'NONE', *, *, #3450, .F. ) ;
#3037 = ORIENTED_EDGE ( 'NONE', *, *, #1222, .T. ) ;
#3038 = CONICAL_SURFACE ( 'NONE', #3699, 0.5000000000000004441, 0.7853981633974473908 ) ;
#3039 = APPLICATION_CONTEXT ( 'automotive_design' ) ;
#3040 = B_SPLINE_SURFACE_WITH_KNOTS ( 'NONE', 1, 3, ( 
 ( #2598, #3743, #2313, #302, #2295, #3763 ),
 ( #1478, #2927, #2332, #1744, #1133, #3211 ) ),
 .UNSPECIFIED., .F., .F., .F.,
 ( 2, 2 ),
 ( 4, 2, 4 ),
 ( 0.000000000000000000, 1.000000000000000000 ),
 ( 1.032358565885683976, 1.350097599545724059, 1.667836633205764363 ),
 .UNSPECIFIED. ) ;
#3041 = DIRECTION ( 'NONE',  ( 0.000000000000000000, 0.000000000000000000, 1.000000000000000000 ) ) ;
#3042 = CARTESIAN_POINT ( 'NONE',  ( -103.4752818471088034, -13.11125674042698463, -4.510235560908261832 ) ) ;
#3043 = ORIENTED_EDGE ( 'NONE', *, *, #2118, .T. ) ;
#3044 = DIRECTION ( 'NONE',  ( 1.000000000000000000, 0.000000000000000000, 8.672384569055758038E-16 ) ) ;
#3045 = CARTESIAN_POINT ( 'NONE',  ( -104.1957636397850564, -13.27351501511199316, -2.912178846763000539 ) ) ;
#3046 = CARTESIAN_POINT ( 'NONE',  ( -100.3755213272097535, -1.260598899675090756, -6.377578797969919222 ) ) ;
#3047 = CARTESIAN_POINT ( 'NONE',  ( -87.67490837539854454, -18.31992526219221418, 4.329783245531522162 ) ) ;
#3048 = ORIENTED_EDGE ( 'NONE', *, *, #905, .T. ) ;
#3049 = AXIS2_PLACEMENT_3D ( 'NONE', #1505, #1141, #2301 ) ;
#3050 = DIRECTION ( 'NONE',  ( 0.000000000000000000, -1.000000000000000000, 0.000000000000000000 ) ) ;
#3051 = CARTESIAN_POINT ( 'NONE',  ( -24.30352777969217115, -9.460057813179798103, 3.040565293240729439 ) ) ;
#3052 = CARTESIAN_POINT ( 'NONE',  ( -61.72688103377780777, -9.598686133267118947, 3.468876355743578443 ) ) ;
#3053 = ADVANCED_FACE ( 'NONE', ( #1046 ), #1100, .T. ) ;
#3054 =( NAMED_UNIT ( * ) SI_UNIT ( $, .STERADIAN. ) SOLID_ANGLE_UNIT ( ) );
#3055 = EDGE_CURVE ( 'NONE', #1899, #989, #1792, .T. ) ;
#3056 = CARTESIAN_POINT ( 'NONE',  ( -59.05254138061744129, -12.76076120444758466, 2.631566623931815840 ) ) ;
#3057 = CARTESIAN_POINT ( 'NONE',  ( -84.12615440811518397, -17.11003535763241956, -9.949765148046907370 ) ) ;
#3058 = EDGE_CURVE ( 'NONE', #1146, #2843, #2435, .T. ) ;
#3059 = CARTESIAN_POINT ( 'NONE',  ( -29.13183320812368393, -11.75026505219220496, 1.547018267941928205 ) ) ;
#3060 = ORIENTED_EDGE ( 'NONE', *, *, #2919, .F. ) ;
#3061 = EDGE_LOOP ( 'NONE', ( #694, #1884, #92, #2748 ) ) ;
#3062 = EDGE_CURVE ( 'NONE', #2162, #1873, #489, .T. ) ;
#3063 = ADVANCED_FACE ( 'NONE', ( #815 ), #2846, .T. ) ;
#3064 = EDGE_CURVE ( 'NONE', #2159, #3009, #1879, .T. ) ;
#3065 = DIRECTION ( 'NONE',  ( 0.000000000000000000, -1.000000000000000000, 0.000000000000000000 ) ) ;
#3066 = CARTESIAN_POINT ( 'NONE',  ( -104.2805513101712620, -12.86283604838366657, -3.495216263500909193 ) ) ;
#3067 = ORIENTED_EDGE ( 'NONE', *, *, #1018, .F. ) ;
#3068 = CARTESIAN_POINT ( 'NONE',  ( -103.0668997474472661, -1.389378397697404122, -4.889351896247327467 ) ) ;
#3069 = CARTESIAN_POINT ( 'NONE',  ( -88.18770376156419388, -18.23204003170063459, 4.471269662007335555 ) ) ;
#3070 = CARTESIAN_POINT ( 'NONE',  ( -23.99999999999999645, -13.34999999999999964, -8.999999999999996447 ) ) ;
#3071 = ADVANCED_FACE ( 'NONE', ( #2823 ), #762, .F. ) ;
#3072 = CARTESIAN_POINT ( 'NONE',  ( -77.41899999999999693, -19.50000000000000000, 1.500000000000004885 ) ) ;
#3073 = EDGE_LOOP ( 'NONE', ( #8, #1042, #425, #2238 ) ) ;
#3074 = CIRCLE ( 'NONE', #985, 45.00000000000000711 ) ;
#3075 = DIRECTION ( 'NONE',  ( -1.000000000000000000, 0.000000000000000000, -0.000000000000000000 ) ) ;
#3076 = DIRECTION ( 'NONE',  ( 1.000000000000000000, 0.000000000000000000, -4.625929269271483942E-16 ) ) ;
#3077 = DIRECTION ( 'NONE',  ( 0.000000000000000000, 1.000000000000000000, 0.000000000000000000 ) ) ;
#3078 = CARTESIAN_POINT ( 'NONE',  ( -29.68467862523021950, -7.963123675737928231, 1.380471529945743514 ) ) ;
#3079 = CARTESIAN_POINT ( 'NONE',  ( -61.11855212404587689, -11.76638380566369513, 3.504950865821018891 ) ) ;
#3080 = LINE ( 'NONE', #3057, #1364 ) ;
#3081 = CARTESIAN_POINT ( 'NONE',  ( -100.4024005608197996, -14.07667190592832718, -6.365757898959696348 ) ) ;
#3082 = ORIENTED_EDGE ( 'NONE', *, *, #2365, .F. ) ;
#3083 = DIRECTION ( 'NONE',  ( 0.000000000000000000, 0.000000000000000000, -1.000000000000000000 ) ) ;
#3084 = ORIENTED_EDGE ( 'NONE', *, *, #2933, .F. ) ;
#3085 = CARTESIAN_POINT ( 'NONE',  ( -103.7267701106353428, -1.418948259143734125, -4.247580802520610099 ) ) ;
#3086 = CARTESIAN_POINT ( 'NONE',  ( -104.7871491554315213, -12.70655292970040762, -2.358642380083534995 ) ) ;
#3087 = CARTESIAN_POINT ( 'NONE',  ( -85.63197793965130700, -0.5467912637192512415, 3.227235223576856882 ) ) ;
#3088 = DIRECTION ( 'NONE',  ( -1.000000000000000000, 0.000000000000000000, 7.575620348129778241E-17 ) ) ;
#3089 = VERTEX_POINT ( 'NONE', #2529 ) ;
#3090 = ADVANCED_FACE ( 'NONE', ( #1118 ), #456, .T. ) ;
#3091 = DIRECTION ( 'NONE',  ( -1.000000000000000000, 0.000000000000000000, 0.000000000000000000 ) ) ;
#3092 = CARTESIAN_POINT ( 'NONE',  ( -77.41899999999999693, -19.50000000000000000, 21.50000000000000711 ) ) ;
#3093 = CARTESIAN_POINT ( 'NONE',  ( -61.75167223109029635, -10.15919303724133904, 3.482963245604658642 ) ) ;
#3094 = CONICAL_SURFACE ( 'NONE', #1745, 45.00000000000000711, 0.7853981633974552734 ) ;
#3095 = CARTESIAN_POINT ( 'NONE',  ( -23.99999999999999289, 0.000000000000000000, -1.999999999999995781 ) ) ;
#3096 = LINE ( 'NONE', #3710, #66 ) ;
#3097 = CARTESIAN_POINT ( 'NONE',  ( -64.36969411118725759, -30.00000000000000000, 4.000000000000012434 ) ) ;
#3098 = CARTESIAN_POINT ( 'NONE',  ( -104.5185869015422782, -0.9763424408797951592, -1.108478075132381058 ) ) ;
#3099 = VERTEX_POINT ( 'NONE', #2491 ) ;
#3100 = DIRECTION ( 'NONE',  ( 1.000000000000000000, 0.000000000000000000, 0.000000000000000000 ) ) ;
#3101 = CARTESIAN_POINT ( 'NONE',  ( -64.36969411118725759, 0.000000000000000000, 4.500000000000010658 ) ) ;
#3102 = ORIENTED_EDGE ( 'NONE', *, *, #1186, .T. ) ;
#3103 = EDGE_CURVE ( 'NONE', #3278, #2312, #319, .T. ) ;
#3104 = CARTESIAN_POINT ( 'NONE',  ( -89.99371866316981539, -0.2531263631218112486, -3.499999999999991118 ) ) ;
#3105 = LINE ( 'NONE', #1619, #1530 ) ;
#3106 = ORIENTED_EDGE ( 'NONE', *, *, #1954, .T. ) ;
#3107 = EDGE_CURVE ( 'NONE', #1556, #3495, #1211, .T. ) ;
#3108 = FACE_OUTER_BOUND ( 'NONE', #470, .T. ) ;
#3109 = CARTESIAN_POINT ( 'NONE',  ( -84.57185933158491764, -20.00000000000000000, 2.228777411383751073 ) ) ;
#3110 = EDGE_CURVE ( 'NONE', #257, #1253, #913, .T. ) ;
#3111 = CARTESIAN_POINT ( 'NONE',  ( -79.99371866316981539, 0.000000000000000000, -1.999999999999993561 ) ) ;
#3112 = CARTESIAN_POINT ( 'NONE',  ( -85.79706199334492567, -0.5552171652978080685, 3.302244896180302369 ) ) ;
#3113 = CARTESIAN_POINT ( 'NONE',  ( -104.7231009360023251, -1.463596593916523192, -2.557093040851917465 ) ) ;
#3114 = CARTESIAN_POINT ( 'NONE',  ( -88.18770379434975837, -0.6638214247568297033, 4.471269662016182700 ) ) ;
#3115 = PLANE ( 'NONE',  #3178 ) ;
#3116 = EDGE_LOOP ( 'NONE', ( #250, #3552, #921, #1631 ) ) ;
#3117 = CARTESIAN_POINT ( 'NONE',  ( -104.5707850126935341, -12.77329974629125076, -2.944474450646099140 ) ) ;
#3118 = LINE ( 'NONE', #1668, #813 ) ;
#3119 = ORIENTED_EDGE ( 'NONE', *, *, #3103, .T. ) ;
#3120 = CARTESIAN_POINT ( 'NONE',  ( -67.89981338281427270, -25.71467659954434382, -2.489036531702854660 ) ) ;
#3121 = ORIENTED_EDGE ( 'NONE', *, *, #679, .T. ) ;
#3122 = CONICAL_SURFACE ( 'NONE', #2146, 20.50000000000000000, 0.7853981633974447263 ) ;
#3123 = CARTESIAN_POINT ( 'NONE',  ( -28.13935604367042131, -6.893894168132208122, 1.872023368064064996 ) ) ;
#3124 = AXIS2_PLACEMENT_3D ( 'NONE', #3462, #1397, #2621 ) ;
#3125 = CIRCLE ( 'NONE', #503, 2.749999999999999112 ) ;
#3126 = CARTESIAN_POINT ( 'NONE',  ( -88.28459187040624556, -18.21543466719374749, 4.466567690969308835 ) ) ;
#3127 = DIRECTION ( 'NONE',  ( 0.000000000000000000, 0.000000000000000000, 1.000000000000000000 ) ) ;
#3128 = DIRECTION ( 'NONE',  ( 0.000000000000000000, 0.000000000000000000, 1.000000000000000000 ) ) ;
#3129 = ORIENTED_EDGE ( 'NONE', *, *, #958, .T. ) ;
#3130 = CARTESIAN_POINT ( 'NONE',  ( -42.55799999999999272, -20.00000000000000000, 44.50000000000000711 ) ) ;
#3131 = ORIENTED_EDGE ( 'NONE', *, *, #1591, .F. ) ;
#3132 = ORIENTED_EDGE ( 'NONE', *, *, #239, .T. ) ;
#3133 = CARTESIAN_POINT ( 'NONE',  ( -29.75085526799954039, -10.15839385207813805, 1.355905899132000991 ) ) ;
#3134 = DIRECTION ( 'NONE',  ( 0.9974276809381433795, 0.000000000000000000, -0.07167999231555084727 ) ) ;
#3135 = ORIENTED_EDGE ( 'NONE', *, *, #2710, .F. ) ;
#3136 = AXIS2_PLACEMENT_3D ( 'NONE', #723, #1239, #2473 ) ;
#3137 = FACE_OUTER_BOUND ( 'NONE', #2671, .T. ) ;
#3138 = CIRCLE ( 'NONE', #1496, 1.000000000000000000 ) ;
#3139 = CARTESIAN_POINT ( 'NONE',  ( -88.09343134964399269, -18.79291088406001720, 3.900527826669821785 ) ) ;
#3140 = ORIENTED_EDGE ( 'NONE', *, *, #1426, .F. ) ;
#3141 = CIRCLE ( 'NONE', #2170, 1.499999999999997113 ) ;
#3142 = CARTESIAN_POINT ( 'NONE',  ( -29.48208018916418638, -8.803109514723889362, 0.7864410699347499367 ) ) ;
#3143 = CARTESIAN_POINT ( 'NONE',  ( -61.86841983812789891, -11.05082987188142241, 3.853771179638255440 ) ) ;
#3144 = DIRECTION ( 'NONE',  ( 0.000000000000000000, 0.000000000000000000, -1.000000000000000000 ) ) ;
#3145 = CARTESIAN_POINT ( 'NONE',  ( -102.6994347728238921, -1.372911219489299173, -5.125817565307637658 ) ) ;
#3146 = CARTESIAN_POINT ( 'NONE',  ( -101.2963338047343740, -13.81739341470137994, -5.962063794324585331 ) ) ;
#3147 = CARTESIAN_POINT ( 'NONE',  ( -84.90999999999998238, 0.000000000000000000, 11.00000000000001066 ) ) ;
#3148 = CARTESIAN_POINT ( 'NONE',  ( -84.31611765948902359, -19.50000000000000000, 2.726887099067335729 ) ) ;
#3149 = ORIENTED_EDGE ( 'NONE', *, *, #391, .T. ) ;
#3150 = ORIENTED_EDGE ( 'NONE', *, *, #3215, .F. ) ;
#3151 = CARTESIAN_POINT ( 'NONE',  ( -28.74123810898506903, -7.859182093166263705, 1.672034909469037656 ) ) ;
#3152 = DIRECTION ( 'NONE',  ( 0.000000000000000000, -0.000000000000000000, 1.000000000000000000 ) ) ;
#3153 = ORIENTED_EDGE ( 'NONE', *, *, #796, .F. ) ;
#3154 = VECTOR ( 'NONE', #3231, 1000.000000000000000 ) ;
#3155 = CARTESIAN_POINT ( 'NONE',  ( -24.26688133351812482, -10.35178971197416864, 3.060150627436234672 ) ) ;
#3156 = AXIS2_PLACEMENT_3D ( 'NONE', #2137, #77, #3360 ) ;
#3157 = CARTESIAN_POINT ( 'NONE',  ( -88.12888035836023448, -18.26880789666440208, 4.481725593458605772 ) ) ;
#3158 = EDGE_LOOP ( 'NONE', ( #1950, #3150, #1386, #3043, #800 ) ) ;
#3159 = CARTESIAN_POINT ( 'NONE',  ( -25.65115119549631473, -7.598054355764758405, 2.356316096772847590 ) ) ;
#3160 = DIRECTION ( 'NONE',  ( 0.000000000000000000, -0.7071067811865500152, -0.7071067811865451302 ) ) ;
#3161 = CARTESIAN_POINT ( 'NONE',  ( -84.73125819249951007, -0.01829681226890070289, 2.368061533931319573 ) ) ;
#3162 = EDGE_CURVE ( 'NONE', #35, #447, #1171, .T. ) ;
#3163 = DIRECTION ( 'NONE',  ( -0.000000000000000000, -1.000000000000000000, -0.000000000000000000 ) ) ;
#3164 = ADVANCED_FACE ( 'NONE', ( #3194 ), #1746, .T. ) ;
#3165 = CARTESIAN_POINT ( 'NONE',  ( -57.86082278025644143, -12.50927437422231314, 1.576655568792313167 ) ) ;
#3166 = VECTOR ( 'NONE', #2637, 1000.000000000000000 ) ;
#3167 = CARTESIAN_POINT ( 'NONE',  ( -84.53766668925058525, -0.4909415951159130098, 2.809770004164238166 ) ) ;
#3168 = ORIENTED_EDGE ( 'NONE', *, *, #1099, .T. ) ;
#3169 = ADVANCED_FACE ( 'NONE', ( #568 ), #1780, .F. ) ;
#3170 = VERTEX_POINT ( 'NONE', #2912 ) ;
#3171 = CARTESIAN_POINT ( 'NONE',  ( -57.80787815023493437, -6.908043014082228872, 2.162280566183431674 ) ) ;
#3172 = VERTEX_POINT ( 'NONE', #1444 ) ;
#3173 = CIRCLE ( 'NONE', #2502, 2.000000000000001776 ) ;
#3174 = CIRCLE ( 'NONE', #2203, 20.50000000000000000 ) ;
#3175 = CARTESIAN_POINT ( 'NONE',  ( -99.99371866316980118, -20.00000000000000000, -0.9211653402171546823 ) ) ;
#3176 = CARTESIAN_POINT ( 'NONE',  ( -24.25447151604586082, -9.818791489802920935, 3.066824568557847908 ) ) ;
#3177 = ORIENTED_EDGE ( 'NONE', *, *, #1132, .T. ) ;
#3178 = AXIS2_PLACEMENT_3D ( 'NONE', #497, #1961, #1055 ) ;
#3179 = CARTESIAN_POINT ( 'NONE',  ( -26.88671314447098837, -7.247592342980738955, 1.791033347232431794 ) ) ;
#3180 = CARTESIAN_POINT ( 'NONE',  ( -99.99371866316980118, 1.000000000000000000, -1.499999999999994671 ) ) ;
#3181 = CARTESIAN_POINT ( 'NONE',  ( -55.96245135300687679, -11.50522616133607912, 1.542708773217379425 ) ) ;
#3182 = CARTESIAN_POINT ( 'NONE',  ( -86.10490166841213977, -18.87153194339230566, 3.484575763189496911 ) ) ;
#3183 = DIRECTION ( 'NONE',  ( 0.000000000000000000, 2.798169903239139457E-17, 1.000000000000000000 ) ) ;
#3184 = VECTOR ( 'NONE', #357, 1000.000000000000227 ) ;
#3185 = CARTESIAN_POINT ( 'NONE',  ( -55.96750774184849320, -11.51511578692349147, 1.544284782791395472 ) ) ;
#3186 = CARTESIAN_POINT ( 'NONE',  ( -24.30918384564343171, -9.431811409979372840, 3.365076192528307253 ) ) ;
#3187 = ORIENTED_EDGE ( 'NONE', *, *, #1585, .F. ) ;
#3188 = ORIENTED_EDGE ( 'NONE', *, *, #339, .T. ) ;
#3189 = B_SPLINE_CURVE_WITH_KNOTS ( 'NONE', 3,
 ( #1254, #1520, #2680, #2741 ),
 .UNSPECIFIED., .F., .F.,
 ( 4, 4 ),
 ( 0.000000000000000000, 1.000000000000000000 ),
 .UNSPECIFIED. ) ;
#3190 = CARTESIAN_POINT ( 'NONE',  ( -25.06125859835358938, -7.539149217830869887, 3.040506510364902049 ) ) ;
#3191 = ORIENTED_EDGE ( 'NONE', *, *, #2859, .F. ) ;
#3192 = CARTESIAN_POINT ( 'NONE',  ( -27.52867926283277100, -12.70372079831927437, 1.519896743943963457 ) ) ;
#3193 = EDGE_CURVE ( 'NONE', #2789, #3448, #2302, .T. ) ;
#3194 = FACE_OUTER_BOUND ( 'NONE', #3205, .T. ) ;
#3195 = VERTEX_POINT ( 'NONE', #3473 ) ;
#3196 = EDGE_CURVE ( 'NONE', #2629, #3429, #2975, .T. ) ;
#3197 = CARTESIAN_POINT ( 'NONE',  ( -24.89160209156995407, -8.226655454030064263, 2.733046463138043336 ) ) ;
#3198 = DIRECTION ( 'NONE',  ( -1.000000000000000000, 0.000000000000000000, -8.672384569055758038E-16 ) ) ;
#3199 = CARTESIAN_POINT ( 'NONE',  ( -104.9937186631698154, -1.498207311582403722, 2.840000000000014513 ) ) ;
#3200 = LINE ( 'NONE', #909, #1037 ) ;
#3201 = CARTESIAN_POINT ( 'NONE',  ( -59.00000000000000000, -10.00000000000000000, -2.000000000000000000 ) ) ;
#3202 = VECTOR ( 'NONE', #2135, 1000.000000000000114 ) ;
#3203 = CARTESIAN_POINT ( 'NONE',  ( -56.78522245429896742, -11.64406160898347942, 1.805394165152363506 ) ) ;
#3204 = CARTESIAN_POINT ( 'NONE',  ( -27.68482608727751426, -12.66910925159277213, 1.456146560718201366 ) ) ;
#3205 = EDGE_LOOP ( 'NONE', ( #860, #861, #2923, #1244, #2960, #2405 ) ) ;
#3206 = ORIENTED_EDGE ( 'NONE', *, *, #1742, .F. ) ;
#3207 = CARTESIAN_POINT ( 'NONE',  ( -27.48185884098892018, -7.281453155248531317, 2.100188575402330837 ) ) ;
#3208 = EDGE_CURVE ( 'NONE', #1566, #1967, #583, .T. ) ;
#3209 = ORIENTED_EDGE ( 'NONE', *, *, #2423, .F. ) ;
#3210 = ADVANCED_FACE ( 'NONE', ( #324 ), #3436, .T. ) ;
#3211 = CARTESIAN_POINT ( 'NONE',  ( -88.26101281661627240, -0.1668522086381063474, 3.968920049388696913 ) ) ;
#3212 = CARTESIAN_POINT ( 'NONE',  ( -104.3184376298997620, -12.00000000000000000, 12.81717372436233227 ) ) ;
#3213 = ORIENTED_EDGE ( 'NONE', *, *, #2371, .T. ) ;
#3214 = EDGE_CURVE ( 'NONE', #1128, #2223, #1697, .T. ) ;
#3215 = EDGE_CURVE ( 'NONE', #894, #2789, #1351, .T. ) ;
#3216 = EDGE_CURVE ( 'NONE', #2542, #2564, #1460, .T. ) ;
#3217 = DIRECTION ( 'NONE',  ( -0.000000000000000000, -1.000000000000000000, -0.000000000000000000 ) ) ;
#3218 = DIRECTION ( 'NONE',  ( -0.9985228901621511222, -0.04971802816543507281, 0.02191245074302755613 ) ) ;
#3219 = CARTESIAN_POINT ( 'NONE',  ( -56.07011746486845993, -11.69776571593877179, 1.576352775157306318 ) ) ;
#3220 = CARTESIAN_POINT ( 'NONE',  ( -88.39827309714782189, -18.68842028906181696, 3.968920049388707572 ) ) ;
#3221 = CARTESIAN_POINT ( 'NONE',  ( -89.99371866316981539, 1.000000000000000000, -3.499999999999991118 ) ) ;
#3222 = CARTESIAN_POINT ( 'NONE',  ( -55.72512289495194437, -10.90773342164150783, 1.469438058660699431 ) ) ;
#3223 = CARTESIAN_POINT ( 'NONE',  ( -25.76864200580092756, -12.95353904659220845, 2.747687049123312963 ) ) ;
#3224 = EDGE_LOOP ( 'NONE', ( #611, #1502, #1191, #3369 ) ) ;
#3225 = VERTEX_POINT ( 'NONE', #1992 ) ;
#3226 = EDGE_CURVE ( 'NONE', #2857, #3003, #3494, .T. ) ;
#3227 = CIRCLE ( 'NONE', #3708, 2.750000000000002665 ) ;
#3228 = CARTESIAN_POINT ( 'NONE',  ( -26.09585060821428826, -7.379273111997960655, 2.144397187469312183 ) ) ;
#3229 = ORIENTED_EDGE ( 'NONE', *, *, #1710, .F. ) ;
#3230 = CARTESIAN_POINT ( 'NONE',  ( -87.76582391269471373, -18.30434370444198322, 4.384122820798319609 ) ) ;
#3231 = DIRECTION ( 'NONE',  ( -0.000000000000000000, -0.000000000000000000, 1.000000000000000000 ) ) ;
#3232 = VERTEX_POINT ( 'NONE', #1479 ) ;
#3233 = DIRECTION ( 'NONE',  ( 0.000000000000000000, 0.000000000000000000, -1.000000000000000000 ) ) ;
#3234 = CARTESIAN_POINT ( 'NONE',  ( -88.05257605776102992, -0.1564738139617541657, 3.947903341999679405 ) ) ;
#3235 = CARTESIAN_POINT ( 'NONE',  ( -86.15876597482058230, -18.85260739079472359, 3.510578952826724830 ) ) ;
#3236 = DIRECTION ( 'NONE',  ( -0.000000000000000000, -1.000000000000000000, -0.000000000000000000 ) ) ;
#3237 = CARTESIAN_POINT ( 'NONE',  ( -56.23486693815590343, -10.19782342603753733, 1.623321919645399625 ) ) ;
#3238 = CARTESIAN_POINT ( 'NONE',  ( -24.34785140983704110, -10.75052398141497001, 3.016891810539520158 ) ) ;
#3239 = ORIENTED_EDGE ( 'NONE', *, *, #3226, .T. ) ;
#3240 = ORIENTED_EDGE ( 'NONE', *, *, #2922, .F. ) ;
#3241 = AXIS2_PLACEMENT_3D ( 'NONE', #2707, #2664, #665 ) ;
#3242 = ADVANCED_FACE ( 'NONE', ( #2615 ), #1713, .F. ) ;
#3243 = CARTESIAN_POINT ( 'NONE',  ( -28.30545827962965788, -7.567727661190937205, 1.815753707583428689 ) ) ;
#3244 = AXIS2_PLACEMENT_3D ( 'NONE', #1106, #2266, #355 ) ;
#3245 = VECTOR ( 'NONE', #946, 1000.000000000000000 ) ;
#3246 = ORIENTED_EDGE ( 'NONE', *, *, #352, .F. ) ;
#3247 = CARTESIAN_POINT ( 'NONE',  ( -60.88715375865938739, -7.502998562589742626, 3.401712383807914186 ) ) ;
#3248 = CARTESIAN_POINT ( 'NONE',  ( -77.41899999999999693, -20.00000000000000000, 21.50000000000000711 ) ) ;
#3249 = CARTESIAN_POINT ( 'NONE',  ( -65.81081323375609315, -30.00000000000000000, 4.000000000000010658 ) ) ;
#3250 = ORIENTED_EDGE ( 'NONE', *, *, #2256, .F. ) ;
#3251 = DIRECTION ( 'NONE',  ( -8.163404592832032733E-17, 0.000000000000000000, -1.000000000000000000 ) ) ;
#3252 = CARTESIAN_POINT ( 'NONE',  ( -61.70598525904728859, -11.44555048123864616, 3.776999189210166641 ) ) ;
#3253 = CARTESIAN_POINT ( 'NONE',  ( -103.4410592122669925, -0.9226906392713951632, -3.848919952413363710 ) ) ;
#3254 = DIRECTION ( 'NONE',  ( 0.000000000000000000, -1.000000000000000000, 0.000000000000000000 ) ) ;
#3255 = CARTESIAN_POINT ( 'NONE',  ( -57.14124493385025261, -7.966069751249365893, 1.287228550284209572 ) ) ;
#3256 = CARTESIAN_POINT ( 'NONE',  ( -60.67465097322492795, -12.18833099766395023, 2.895346174377729564 ) ) ;
#3257 = CARTESIAN_POINT ( 'NONE',  ( -23.99999999999999645, -13.34999999999999964, -8.499999999999994671 ) ) ;
#3258 = CARTESIAN_POINT ( 'NONE',  ( -24.41249362525232769, -11.68191942384478033, 3.320418529279214326 ) ) ;
#3259 = ORIENTED_EDGE ( 'NONE', *, *, #397, .T. ) ;
#3260 = ORIENTED_EDGE ( 'NONE', *, *, #2708, .F. ) ;
#3261 = FACE_BOUND ( 'NONE', #1212, .T. ) ;
#3262 = CARTESIAN_POINT ( 'NONE',  ( -24.76711082704989053, -7.832405889526465437, 3.165875810306693072 ) ) ;
#3263 = ORIENTED_EDGE ( 'NONE', *, *, #107, .T. ) ;
#3264 = CIRCLE ( 'NONE', #1633, 1.500000000000001332 ) ;
#3265 = CARTESIAN_POINT ( 'NONE',  ( -61.56857692599638909, -8.302815725723048601, 3.712553706055911285 ) ) ;
#3266 = DIRECTION ( 'NONE',  ( 0.000000000000000000, 1.000000000000000000, 0.000000000000000000 ) ) ;
#3267 = DIRECTION ( 'NONE',  ( -0.000000000000000000, -1.000000000000000000, -0.000000000000000000 ) ) ;
#3268 = ORIENTED_EDGE ( 'NONE', *, *, #1175, .T. ) ;
#3269 = CARTESIAN_POINT ( 'NONE',  ( -42.55799999999999272, -0.5000000000000004441, 44.50000000000000711 ) ) ;
#3270 = CARTESIAN_POINT ( 'NONE',  ( -42.55799999999999272, -20.00000000000000000, -1.000000000000007772 ) ) ;
#3271 = CARTESIAN_POINT ( 'NONE',  ( -29.74999999999999645, -10.00000000000000000, -2.000000000000000000 ) ) ;
#3272 = CARTESIAN_POINT ( 'NONE',  ( -58.95355624545869233, -7.245632119433930818, 2.052924418834499054 ) ) ;
#3273 = CARTESIAN_POINT ( 'NONE',  ( -59.22867786540581392, -12.75191385419526391, 2.701329690953022222 ) ) ;
#3274 = CARTESIAN_POINT ( 'NONE',  ( -55.70704284083146263, -9.158481902840149402, 1.463915276456801751 ) ) ;
#3275 = CARTESIAN_POINT ( 'NONE',  ( -29.69682802813459688, -10.53816223080742454, 0.7140167689015416430 ) ) ;
#3276 = VECTOR ( 'NONE', #3607, 1000.000000000000000 ) ;
#3277 = ORIENTED_EDGE ( 'NONE', *, *, #2423, .T. ) ;
#3278 = VERTEX_POINT ( 'NONE', #1763 ) ;
#3279 = DIRECTION ( 'NONE',  ( 0.000000000000000000, 0.000000000000000000, 1.000000000000000000 ) ) ;
#3280 = CARTESIAN_POINT ( 'NONE',  ( -103.5122385624029846, -13.09985554241854544, -4.474004529991563395 ) ) ;
#3281 = ORIENTED_EDGE ( 'NONE', *, *, #1706, .F. ) ;
#3282 = LINE ( 'NONE', #3345, #2978 ) ;
#3283 = CARTESIAN_POINT ( 'NONE',  ( -60.95216215206686883, -8.051398234107940866, 3.430015025522006322 ) ) ;
#3284 = DIRECTION ( 'NONE',  ( -1.000000000000000000, 0.000000000000000000, 8.163404592832032733E-17 ) ) ;
#3285 = LINE ( 'NONE', #659, #1116 ) ;
#3286 = ORIENTED_EDGE ( 'NONE', *, *, #1018, .T. ) ;
#3287 = CARTESIAN_POINT ( 'NONE',  ( -64.36969411118725759, 0.000000000000000000, 4.500000000000010658 ) ) ;
#3288 = CARTESIAN_POINT ( 'NONE',  ( -87.67490837539854454, -0.6510550074890243399, 4.329783245531522162 ) ) ;
#3289 = DIRECTION ( 'NONE',  ( 0.000000000000000000, 0.000000000000000000, 1.000000000000000000 ) ) ;
#3290 = VECTOR ( 'NONE', #2656, 1000.000000000000000 ) ;
#3291 = CARTESIAN_POINT ( 'NONE',  ( -57.99474792702599757, -7.434952119764351330, 1.632742325325056809 ) ) ;
#3292 = CARTESIAN_POINT ( 'NONE',  ( -58.88442867345527532, -12.75306811752528269, 2.021393158886935826 ) ) ;
#3293 = CARTESIAN_POINT ( 'NONE',  ( -84.79676338680019398, -0.000000000000000000, 2.370059421516730769 ) ) ;
#3294 = CARTESIAN_POINT ( 'NONE',  ( -79.99371866316981539, 1.000000000000000000, -2.499999999999991118 ) ) ;
#3295 = ORIENTED_EDGE ( 'NONE', *, *, #3758, .F. ) ;
#3296 = ORIENTED_EDGE ( 'NONE', *, *, #2492, .T. ) ;
#3297 = CARTESIAN_POINT ( 'NONE',  ( -59.00000000000000000, -10.00000000000000000, -2.000000000000000000 ) ) ;
#3298 = CIRCLE ( 'NONE', #2574, 45.00000000000000711 ) ;
#3299 = EDGE_LOOP ( 'NONE', ( #2961, #787, #816, #3082, #730 ) ) ;
#3300 = CIRCLE ( 'NONE', #3420, 2.750000000000002665 ) ;
#3301 = CARTESIAN_POINT ( 'NONE',  ( -104.9420655685096335, -1.473406636818070048, -1.645521547933939344 ) ) ;
#3302 = CARTESIAN_POINT ( 'NONE',  ( -60.19623054529257900, -7.056170471716430193, 3.100308628270497913 ) ) ;
#3303 = CARTESIAN_POINT ( 'NONE',  ( -22.00000000000000000, -6.649999999999999467, -8.999999999999996447 ) ) ;
#3304 = ORIENTED_EDGE ( 'NONE', *, *, #1980, .T. ) ;
#3305 = ADVANCED_FACE ( 'NONE', ( #1428 ), #2928, .T. ) ;
#3306 = CARTESIAN_POINT ( 'NONE',  ( -58.15604619036703582, -12.62241631946823617, 1.701002672715360875 ) ) ;
#3307 = FACE_OUTER_BOUND ( 'NONE', #584, .T. ) ;
#3308 = DIRECTION ( 'NONE',  ( -8.163404592832033966E-17, -0.000000000000000000, -1.000000000000000000 ) ) ;
#3309 = CARTESIAN_POINT ( 'NONE',  ( -59.11447134156104966, -7.247656583933681063, 2.126833469617350758 ) ) ;
#3310 = CARTESIAN_POINT ( 'NONE',  ( -59.58017090860480636, -12.69898294265540173, 2.843150188988042615 ) ) ;
#3311 = CARTESIAN_POINT ( 'NONE',  ( -23.95776596341831066, -10.23401482524366379, 3.524015629809286398 ) ) ;
#3312 = CARTESIAN_POINT ( 'NONE',  ( -28.17254464301495531, -13.09533216144685497, 1.860816011830244587 ) ) ;
#3313 = ORIENTED_EDGE ( 'NONE', *, *, #806, .F. ) ;
#3314 = EDGE_LOOP ( 'NONE', ( #3468, #3084, #1064, #1852 ) ) ;
#3315 = AXIS2_PLACEMENT_3D ( 'NONE', #2173, #3011, #2762 ) ;
#3316 = LINE ( 'NONE', #732, #2534 ) ;
#3317 = CARTESIAN_POINT ( 'NONE',  ( -88.26101281661627240, -0.1668522086381086511, 3.968920049388706683 ) ) ;
#3318 = ORIENTED_EDGE ( 'NONE', *, *, #630, .F. ) ;
#3319 = CIRCLE ( 'NONE', #1861, 1.000000000000000000 ) ;
#3320 = AXIS2_PLACEMENT_3D ( 'NONE', #3297, #692, #823 ) ;
#3321 = CARTESIAN_POINT ( 'NONE',  ( -64.00000000000000000, -20.00000000000000000, -8.999999999999992895 ) ) ;
#3322 = CARTESIAN_POINT ( 'NONE',  ( -60.33509269095134897, -7.589426286028484014, 2.719958817248137706 ) ) ;
#3323 = CARTESIAN_POINT ( 'NONE',  ( -99.99371866316980118, 0.000000000000000000, -1.999999999999991784 ) ) ;
#3324 = DIRECTION ( 'NONE',  ( 0.000000000000000000, 0.000000000000000000, -1.000000000000000000 ) ) ;
#3325 = EDGE_LOOP ( 'NONE', ( #2309, #671, #2824, #344 ) ) ;
#3326 = EDGE_CURVE ( 'NONE', #257, #2047, #1399, .T. ) ;
#3327 = CARTESIAN_POINT ( 'NONE',  ( -59.00000000000000000, -10.00000000000000000, -8.999999999999992895 ) ) ;
#3328 = DIRECTION ( 'NONE',  ( 0.9974276809381432685, 0.000000000000000000, -0.07167999231555081951 ) ) ;
#3329 = EDGE_CURVE ( 'NONE', #1739, #20, #725, .T. ) ;
#3330 = EDGE_CURVE ( 'NONE', #2577, #1727, #2167, .T. ) ;
#3331 = ADVANCED_FACE ( 'NONE', ( #1555 ), #2668, .T. ) ;
#3332 = CARTESIAN_POINT ( 'NONE',  ( -100.2086556123347663, -1.252539041884569215, -6.450305370737456023 ) ) ;
#3333 = CARTESIAN_POINT ( 'NONE',  ( -87.94138224528504111, -18.27425516638966130, 4.440474219384974219 ) ) ;
#3334 = CARTESIAN_POINT ( 'NONE',  ( -23.97678435305861555, -9.576297488198330043, 3.515361455083781728 ) ) ;
#3335 = CARTESIAN_POINT ( 'NONE',  ( -104.6558569470166873, -13.11580884848295270, -1.670578160449555538 ) ) ;
#3336 = ORIENTED_EDGE ( 'NONE', *, *, #343, .T. ) ;
#3337 = CARTESIAN_POINT ( 'NONE',  ( -61.74999999999999289, -10.08919380851257763, 3.482014481449722254 ) ) ;
#3338 = STYLED_ITEM ( 'NONE', ( #1048 ), #1035 ) ;
#3339 = AXIS2_PLACEMENT_3D ( 'NONE', #2280, #600, #2599 ) ;
#3340 = CARTESIAN_POINT ( 'NONE',  ( -86.98470791854177264, -0.1033029765720849674, 3.320203289045883910 ) ) ;
#3341 = EDGE_CURVE ( 'NONE', #989, #1146, #640, .T. ) ;
#3342 = DIRECTION ( 'NONE',  ( -0.9896557080369863257, -0.000000000000000000, 0.1434628159134319625 ) ) ;
#3343 = EDGE_CURVE ( 'NONE', #881, #1296, #412, .T. ) ;
#3344 = ORIENTED_EDGE ( 'NONE', *, *, #1422, .T. ) ;
#3345 = CARTESIAN_POINT ( 'NONE',  ( -84.57185933158491764, -20.00000000000000000, 11.00000000000001066 ) ) ;
#3346 = CARTESIAN_POINT ( 'NONE',  ( -104.9807070132106901, -12.64684169164860528, -1.337414449338436562 ) ) ;
#3347 = DIRECTION ( 'NONE',  ( -0.000000000000000000, -1.000000000000000000, -0.000000000000000000 ) ) ;
#3348 = PLANE ( 'NONE',  #3731 ) ;
#3349 = ORIENTED_EDGE ( 'NONE', *, *, #1976, .F. ) ;
#3350 = AXIS2_PLACEMENT_3D ( 'NONE', #2337, #262, #2353 ) ;
#3351 = CARTESIAN_POINT ( 'NONE',  ( -22.53553390593273065, -4.150000000000000355, -1.999999999999995781 ) ) ;
#3352 = DIRECTION ( 'NONE',  ( 0.000000000000000000, 0.000000000000000000, 1.000000000000000000 ) ) ;
#3353 = DIRECTION ( 'NONE',  ( -0.000000000000000000, -1.000000000000000000, -0.000000000000000000 ) ) ;
#3354 = DIRECTION ( 'NONE',  ( -0.000000000000000000, -1.000000000000000000, -0.000000000000000000 ) ) ;
#3355 = DIRECTION ( 'NONE',  ( 1.000000000000000000, -0.000000000000000000, 1.224646799147353207E-16 ) ) ;
#3356 = CARTESIAN_POINT ( 'NONE',  ( -84.90999999999998238, 0.000000000000000000, 2.407932414891171380 ) ) ;
#3357 = CARTESIAN_POINT ( 'NONE',  ( -29.49965263936222826, -11.16216524687243705, 1.432480463783532665 ) ) ;
#3358 = VECTOR ( 'NONE', #841, 1000.000000000000000 ) ;
#3359 = ORIENTED_EDGE ( 'NONE', *, *, #3107, .T. ) ;
#3360 = DIRECTION ( 'NONE',  ( 1.000000000000000000, 0.000000000000000000, 0.000000000000000000 ) ) ;
#3361 = ORIENTED_EDGE ( 'NONE', *, *, #2087, .T. ) ;
#3362 = AXIS2_PLACEMENT_3D ( 'NONE', #2957, #912, #1770 ) ;
#3363 = EDGE_CURVE ( 'NONE', #1747, #1587, #2254, .T. ) ;
#3364 = EDGE_CURVE ( 'NONE', #1131, #2104, #3008, .T. ) ;
#3365 = CARTESIAN_POINT ( 'NONE',  ( -24.24999999999999645, -10.00000000000000000, 17.00000000000000000 ) ) ;
#3366 = CARTESIAN_POINT ( 'NONE',  ( -55.93954188341501066, -8.539889883410948457, 1.535572554002095913 ) ) ;
#3367 = CARTESIAN_POINT ( 'NONE',  ( -85.86216737247150377, -0.04740991389296711489, 2.770416104166268045 ) ) ;
#3368 = CARTESIAN_POINT ( 'NONE',  ( -26.99999999999999645, -10.00000000000000000, 8.000000000000005329 ) ) ;
#3369 = ORIENTED_EDGE ( 'NONE', *, *, #2770, .F. ) ;
#3370 = VECTOR ( 'NONE', #400, 1000.000000000000000 ) ;
#3371 = DIRECTION ( 'NONE',  ( 0.000000000000000000, 0.000000000000000000, -1.000000000000000000 ) ) ;
#3372 = CARTESIAN_POINT ( 'NONE',  ( -104.8810937514566319, -12.80048956308842811, -0.9211653402171563476 ) ) ;
#3373 = CARTESIAN_POINT ( 'NONE',  ( -100.0362071963008930, -0.7531576920582854218, -5.990884624539302372 ) ) ;
#3374 = CARTESIAN_POINT ( 'NONE',  ( -21.49999999999999289, -0.3334770078595059029, 4.542732699353951631 ) ) ;
#3375 = CARTESIAN_POINT ( 'NONE',  ( -64.00000000000000000, -15.34999999999999964, -8.999999999999992895 ) ) ;
#3376 = DIRECTION ( 'NONE',  ( -0.000000000000000000, 1.000000000000000000, -0.000000000000000000 ) ) ;
#3377 = CARTESIAN_POINT ( 'NONE',  ( -84.71646434716856788, -0.4583746021793574932, 2.834154819370078293 ) ) ;
#3378 = EDGE_CURVE ( 'NONE', #2422, #808, #3532, .T. ) ;
#3379 = CARTESIAN_POINT ( 'NONE',  ( -64.15000000000000568, -4.150000000000000355, -1.999999999999992228 ) ) ;
#3380 = FACE_OUTER_BOUND ( 'NONE', #404, .T. ) ;
#3381 = ORIENTED_EDGE ( 'NONE', *, *, #2659, .T. ) ;
#3382 = CARTESIAN_POINT ( 'NONE',  ( -29.66494658939932094, -9.297938432237240036, 1.381945235687244811 ) ) ;
#3383 = ADVANCED_FACE ( 'NONE', ( #1286 ), #2448, .F. ) ;
#3384 = CARTESIAN_POINT ( 'NONE',  ( -55.66516904541828126, -9.374276008892211465, 1.451165873919075588 ) ) ;
#3385 = CARTESIAN_POINT ( 'NONE',  ( -23.99999999999999289, -20.00000000000000000, -1.999999999999995781 ) ) ;
#3386 = CARTESIAN_POINT ( 'NONE',  ( -102.6994347728238921, -13.35059813620543778, -5.125817565307640322 ) ) ;
#3387 = EDGE_LOOP ( 'NONE', ( #2082, #3168, #826, #715 ) ) ;
#3388 = CARTESIAN_POINT ( 'NONE',  ( -99.99371866316980118, 1.000000000000000000, -1.999999999999991784 ) ) ;
#3389 = CARTESIAN_POINT ( 'NONE',  ( -103.0839166607572110, -0.9049079488493901868, -4.299838157055300591 ) ) ;
#3390 = CARTESIAN_POINT ( 'NONE',  ( -61.75185567438695955, -10.16791225622072226, 3.797482241851146689 ) ) ;
#3391 = CONICAL_SURFACE ( 'NONE', #99, 0.4999999999999987232, 0.7853981633974489451 ) ;
#3392 = CARTESIAN_POINT ( 'NONE',  ( -101.0163127766155924, -0.8019586933445688182, -5.554941645217179591 ) ) ;
#3393 = DIRECTION ( 'NONE',  ( 0.000000000000000000, -4.064687785037713010E-18, 1.000000000000000000 ) ) ;
#3394 = CARTESIAN_POINT ( 'NONE',  ( -104.5068731625352001, -0.9757591953562164688, -1.295789538428826271 ) ) ;
#3395 = CARTESIAN_POINT ( 'NONE',  ( -88.01570777173566285, -0.6595409858266585434, 4.456589610847323080 ) ) ;
#3396 = CARTESIAN_POINT ( 'NONE',  ( -22.53553390593273065, -15.84999999999999964, -1.999999999999995781 ) ) ;
#3397 = ORIENTED_EDGE ( 'NONE', *, *, #1749, .F. ) ;
#3398 = CARTESIAN_POINT ( 'NONE',  ( -30.36040540256782805, -9.540941244989785019, 1.184634751615259995 ) ) ;
#3399 = CARTESIAN_POINT ( 'NONE',  ( -104.2831398223448787, -12.86203626483116125, -3.498796470442786966 ) ) ;
#3400 = LINE ( 'NONE', #794, #1385 ) ;
#3401 = VERTEX_POINT ( 'NONE', #1252 ) ;
#3402 = FACE_OUTER_BOUND ( 'NONE', #1708, .T. ) ;
#3403 = CARTESIAN_POINT ( 'NONE',  ( -100.3530589883005888, -14.07440633349084536, -6.387492809025253848 ) ) ;
#3404 = ORIENTED_EDGE ( 'NONE', *, *, #658, .T. ) ;
#3405 = CARTESIAN_POINT ( 'NONE',  ( -29.92834081954706349, -8.316016348154159132, 1.308474816423479181 ) ) ;
#3406 = CARTESIAN_POINT ( 'NONE',  ( -61.43797600750897914, -11.28866634687666526, 3.651006788602911612 ) ) ;
#3407 = DIRECTION ( 'NONE',  ( -0.000000000000000000, -1.000000000000000000, -0.000000000000000000 ) ) ;
#3408 = CARTESIAN_POINT ( 'NONE',  ( -65.81081323375609315, 0.000000000000000000, 4.000000000000010658 ) ) ;
#3409 = CARTESIAN_POINT ( 'NONE',  ( -64.33075515252983223, -15.37376966996681737, -8.976230330033175164 ) ) ;
#3410 = CARTESIAN_POINT ( 'NONE',  ( -104.9937186631698154, -20.00000000000000000, 2.840000000000014513 ) ) ;
#3411 = ORIENTED_EDGE ( 'NONE', *, *, #3364, .T. ) ;
#3412 = CARTESIAN_POINT ( 'NONE',  ( -29.14698879902348949, -8.271919214480506710, 0.9026450249897962630 ) ) ;
#3413 = ORIENTED_EDGE ( 'NONE', *, *, #371, .T. ) ;
#3414 = CARTESIAN_POINT ( 'NONE',  ( -104.2468376506158165, -13.25600837822793032, 2.426124703429840324 ) ) ;
#3415 = CARTESIAN_POINT ( 'NONE',  ( -21.49999999999999289, -20.00000000000000000, 6.000000000000010658 ) ) ;
#3416 = ORIENTED_EDGE ( 'NONE', *, *, #2522, .T. ) ;
#3417 = VECTOR ( 'NONE', #983, 1000.000000000000000 ) ;
#3418 = EDGE_CURVE ( 'NONE', #1313, #269, #3285, .T. ) ;
#3419 = CARTESIAN_POINT ( 'NONE',  ( -28.52675688542687382, -7.045785249749469514, 1.742943249891254265 ) ) ;
#3420 = AXIS2_PLACEMENT_3D ( 'NONE', #1755, #223, #2303 ) ;
#3421 = AXIS2_PLACEMENT_3D ( 'NONE', #2103, #924, #3324 ) ;
#3422 = CARTESIAN_POINT ( 'NONE',  ( -61.06422578290459313, -11.82557903436568481, 3.102368301325709954 ) ) ;
#3423 = CARTESIAN_POINT ( 'NONE',  ( -85.31741124855471980, -19.14820644905443814, 3.077293517020513125 ) ) ;
#3424 = CARTESIAN_POINT ( 'NONE',  ( -103.7964692906900979, -1.422071989097676958, -4.174226020435156670 ) ) ;
#3425 = CARTESIAN_POINT ( 'NONE',  ( -99.99371866316980118, 1.000000000000000000, -2.499999999999989342 ) ) ;
#3426 = CARTESIAN_POINT ( 'NONE',  ( -104.9692052056372944, -1.496986747903752857, 2.842386288554219931 ) ) ;
#3427 = DIRECTION ( 'NONE',  ( -1.000000000000000000, 0.000000000000000000, 0.000000000000000000 ) ) ;
#3428 = EDGE_LOOP ( 'NONE', ( #3149, #2941, #3028, #2041 ) ) ;
#3429 = VERTEX_POINT ( 'NONE', #680 ) ;
#3430 = CARTESIAN_POINT ( 'NONE',  ( -28.87163549459619816, -7.972866522059523398, 1.629958061081328458 ) ) ;
#3431 = CARTESIAN_POINT ( 'NONE',  ( -59.62892849629512426, -6.847968470668415186, 2.863111376492173399 ) ) ;
#3432 = VERTEX_POINT ( 'NONE', #2409 ) ;
#3433 = VECTOR ( 'NONE', #65, 1000.000000000000000 ) ;
#3434 = EDGE_CURVE ( 'NONE', #269, #947, #3125, .T. ) ;
#3435 = CARTESIAN_POINT ( 'NONE',  ( -26.55681882169253072, -12.71889329841578942, 1.936301965209310305 ) ) ;
#3436 = PLANE ( 'NONE',  #3453 ) ;
#3437 = ORIENTED_EDGE ( 'NONE', *, *, #2651, .F. ) ;
#3438 = ADVANCED_FACE ( 'NONE', ( #125 ), #141, .F. ) ;
#3439 = DIRECTION ( 'NONE',  ( 0.000000000000000000, -0.7071067811865482389, -0.7071067811865469066 ) ) ;
#3440 = CARTESIAN_POINT ( 'NONE',  ( -101.8899606352859877, -14.06387502932136790, -5.156513236753287543 ) ) ;
#3441 = ADVANCED_FACE ( 'NONE', ( #997 ), #963, .F. ) ;
#3442 = CARTESIAN_POINT ( 'NONE',  ( -87.67490837539860138, -18.31992526219192996, 4.329783245531550584 ) ) ;
#3443 = CARTESIAN_POINT ( 'NONE',  ( -23.99999999999999289, 0.000000000000000000, 0.5000000000000047740 ) ) ;
#3444 = LINE ( 'NONE', #1450, #2827 ) ;
#3445 = LINE ( 'NONE', #3410, #1166 ) ;
#3446 = CARTESIAN_POINT ( 'NONE',  ( -100.3530589883005888, -1.267769128767425757, -6.387492809025253848 ) ) ;
#3447 = EDGE_CURVE ( 'NONE', #1533, #1150, #2081, .T. ) ;
#3448 = VERTEX_POINT ( 'NONE', #368 ) ;
#3449 = ORIENTED_EDGE ( 'NONE', *, *, #2256, .T. ) ;
#3450 = EDGE_CURVE ( 'NONE', #1313, #2625, #3755, .T. ) ;
#3451 = CARTESIAN_POINT ( 'NONE',  ( -61.97366676070343061, -10.62470045515076045, 3.904041035623806444 ) ) ;
#3452 = ORIENTED_EDGE ( 'NONE', *, *, #1843, .F. ) ;
#3453 = AXIS2_PLACEMENT_3D ( 'NONE', #2046, #1500, #1135 ) ;
#3454 = CARTESIAN_POINT ( 'NONE',  ( -28.00603358940563226, -12.56476535183550425, 1.328069940716746444 ) ) ;
#3455 = VECTOR ( 'NONE', #2715, 1000.000000000000114 ) ;
#3456 = CARTESIAN_POINT ( 'NONE',  ( -102.4537281461874016, -0.8735298696630158233, -4.705352342798610366 ) ) ;
#3457 = ORIENTED_EDGE ( 'NONE', *, *, #2008, .T. ) ;
#3458 = CARTESIAN_POINT ( 'NONE',  ( -24.33821318848080040, -9.286838821347776829, 3.022031960341824863 ) ) ;
#3459 = FACE_OUTER_BOUND ( 'NONE', #2862, .T. ) ;
#3460 = CARTESIAN_POINT ( 'NONE',  ( -64.15000000000000568, -20.00000000000000000, -8.487930795777645088 ) ) ;
#3461 = FACE_OUTER_BOUND ( 'NONE', #1265, .T. ) ;
#3462 = CARTESIAN_POINT ( 'NONE',  ( -23.99999999999999289, -13.34999999999999964, -1.999999999999993117 ) ) ;
#3463 = CARTESIAN_POINT ( 'NONE',  ( -25.31037447376884941, -12.18103383465756018, 2.935601283503971537 ) ) ;
#3464 = VERTEX_POINT ( 'NONE', #3303 ) ;
#3465 = ORIENTED_EDGE ( 'NONE', *, *, #2544, .T. ) ;
#3466 = ADVANCED_FACE ( 'NONE', ( #720 ), #1857, .T. ) ;
#3467 = CARTESIAN_POINT ( 'NONE',  ( -26.95478212944766838, -7.239700485512854833, 2.291301227647406513 ) ) ;
#3468 = ORIENTED_EDGE ( 'NONE', *, *, #2085, .F. ) ;
#3469 = VECTOR ( 'NONE', #3670, 1000.000000000000000 ) ;
#3470 = EDGE_CURVE ( 'NONE', #3401, #325, #2966, .T. ) ;
#3471 = AXIS2_PLACEMENT_3D ( 'NONE', #3175, #2565, #3511 ) ;
#3472 = CARTESIAN_POINT ( 'NONE',  ( -28.85992710434863540, -12.03282743830279422, 1.005351453002306661 ) ) ;
#3473 = CARTESIAN_POINT ( 'NONE',  ( -104.9937186631698154, -12.64282768913240673, 2.692890632241776938 ) ) ;
#3474 = VERTEX_POINT ( 'NONE', #2757 ) ;
#3475 =( BOUNDED_CURVE ( )  B_SPLINE_CURVE ( 3, ( #1224, #576, #1737, #1181 ),
 .UNSPECIFIED., .F., .F. ) 
 B_SPLINE_CURVE_WITH_KNOTS ( ( 4, 4 ),
 ( 4.712388980384689674, 7.853981633974482790 ),
 .UNSPECIFIED. ) 
 CURVE ( )  GEOMETRIC_REPRESENTATION_ITEM ( )  RATIONAL_B_SPLINE_CURVE ( ( 1.000000000000000000, 0.3333333333333333703, 0.3333333333333333703, 1.000000000000000000 ) ) 
 REPRESENTATION_ITEM ( '' )  );
#3476 = CONICAL_SURFACE ( 'NONE', #564, 45.50000000000001421, 0.7853981633974552734 ) ;
#3477 = CARTESIAN_POINT ( 'NONE',  ( -24.12603720542993102, -8.937128527449798909, 3.447949368335760045 ) ) ;
#3478 = DIRECTION ( 'NONE',  ( 0.000000000000000000, 1.000000000000000000, 0.000000000000000000 ) ) ;
#3479 = CARTESIAN_POINT ( 'NONE',  ( -57.86904516978893298, -13.11190626853825947, 2.184342375038017980 ) ) ;
#3480 = CIRCLE ( 'NONE', #3673, 0.4999999999999988343 ) ;
#3481 = CARTESIAN_POINT ( 'NONE',  ( -102.7624239903406362, -0.8889003221838087665, -4.492779293833278231 ) ) ;
#3482 = CARTESIAN_POINT ( 'NONE',  ( -102.6994347728238921, -13.35059813620543778, -5.125817565307640322 ) ) ;
#3483 = CIRCLE ( 'NONE', #2083, 1.000000000000000000 ) ;
#3484 = CARTESIAN_POINT ( 'NONE',  ( -104.8353403246127868, -1.309263178740027289, -0.9211653402171590121 ) ) ;
#3485 = ADVANCED_FACE ( 'NONE', ( #2796 ), #3348, .T. ) ;
#3486 = CARTESIAN_POINT ( 'NONE',  ( -26.64166278100818630, -12.73205911218702902, 1.898494470957782454 ) ) ;
#3487 = EDGE_LOOP ( 'NONE', ( #2330, #3102, #3533, #2593 ) ) ;
#3488 = ORIENTED_EDGE ( 'NONE', *, *, #2802, .T. ) ;
#3489 = CARTESIAN_POINT ( 'NONE',  ( -28.71098455747348055, -7.139460021163197112, 1.683009295381862058 ) ) ;
#3490 = EDGE_LOOP ( 'NONE', ( #2370, #1373, #3437, #2679 ) ) ;
#3491 = EDGE_CURVE ( 'NONE', #538, #1878, #1482, .T. ) ;
#3492 = EDGE_CURVE ( 'NONE', #579, #2440, #2068, .T. ) ;
#3493 = CARTESIAN_POINT ( 'NONE',  ( -27.84749444228602044, -12.62132811538501542, 1.390831384556724837 ) ) ;
#3494 = LINE ( 'NONE', #3157, #43 ) ;
#3495 = VERTEX_POINT ( 'NONE', #3072 ) ;
#3496 = CARTESIAN_POINT ( 'NONE',  ( -29.74999999999998934, -9.821256532762376423, 0.6963113881947181616 ) ) ;
#3497 = AXIS2_PLACEMENT_3D ( 'NONE', #3111, #1357, #2514 ) ;
#3498 = DIRECTION ( 'NONE',  ( 0.000000000000000000, 0.000000000000000000, 1.000000000000000000 ) ) ;
#3499 = FACE_OUTER_BOUND ( 'NONE', #228, .T. ) ;
#3500 = CARTESIAN_POINT ( 'NONE',  ( -64.15000000000000568, -20.00000000000000000, -1.999999999999992228 ) ) ;
#3501 = AXIS2_PLACEMENT_3D ( 'NONE', #291, #889, #3198 ) ;
#3502 = FACE_OUTER_BOUND ( 'NONE', #284, .T. ) ;
#3503 = AXIS2_PLACEMENT_3D ( 'NONE', #196, #1372, #2236 ) ;
#3504 = CARTESIAN_POINT ( 'NONE',  ( -56.29389086232502848, -9.509067476249493112, 1.642594127529933612 ) ) ;
#3505 = CARTESIAN_POINT ( 'NONE',  ( -25.08920614677660765, -12.48522058754915776, 3.028711124018207634 ) ) ;
#3506 = ORIENTED_EDGE ( 'NONE', *, *, #1700, .F. ) ;
#3507 = ORIENTED_EDGE ( 'NONE', *, *, #958, .F. ) ;
#3508 = CARTESIAN_POINT ( 'NONE',  ( -24.56714960216034527, -8.701863371131882019, 3.251646248867417821 ) ) ;
#3509 = ORIENTED_EDGE ( 'NONE', *, *, #148, .T. ) ;
#3510 = B_SPLINE_CURVE_WITH_KNOTS ( 'NONE', 3,
 ( #2826, #1911, #2494, #201, #1377, #1102, #509, #2244, #3405, #3078, #801, #1627, #2849, #1955, #3419, #3123, #439, #1673, #219, #1605, #1174, #851, #260, #2869, #1249, #1120, #2317, #1411, #9, #1154, #1692, #3477, #585, #1138 ),
 .UNSPECIFIED., .F., .F.,
 ( 4, 2, 2, 2, 2, 2, 2, 2, 2, 2, 2, 2, 2, 2, 2, 2, 4 ),
 ( 0.02047817617858340225, 0.02113788223910930894, 0.02179758829963521563, 0.02245729436016111885, 0.02311700042068702554, 0.02377670648121292876, 0.02443641254173883198, 0.02509611860226473173, 0.02575582466279063495, 0.02641553072331653471, 0.02707523678384243793, 0.02773494284436833768, 0.02839464890489424090, 0.02905435496542014412, 0.02971406102594604387, 0.03037376708647195056, 0.03103347314699785378 ),
 .UNSPECIFIED. ) ;
#3511 = DIRECTION ( 'NONE',  ( 0.000000000000000000, 0.000000000000000000, 1.000000000000000000 ) ) ;
#3512 = CARTESIAN_POINT ( 'NONE',  ( -69.99371866316981539, 0.000000000000000000, -1.999999999999993561 ) ) ;
#3513 = ORIENTED_EDGE ( 'NONE', *, *, #3193, .T. ) ;
#3514 = CIRCLE ( 'NONE', #539, 2.499999999999998668 ) ;
#3515 = ADVANCED_FACE ( 'NONE', ( #1906 ), #2454, .T. ) ;
#3516 = FACE_OUTER_BOUND ( 'NONE', #2780, .T. ) ;
#3517 = DIRECTION ( 'NONE',  ( 0.000000000000000000, 1.000000000000000000, 0.000000000000000000 ) ) ;
#3518 = CARTESIAN_POINT ( 'NONE',  ( -103.0497551796393481, -0.9032069948731477060, -4.252394123025726280 ) ) ;
#3519 = FACE_BOUND ( 'NONE', #1153, .T. ) ;
#3520 = EDGE_CURVE ( 'NONE', #2480, #2740, #1080, .T. ) ;
#3521 = CARTESIAN_POINT ( 'NONE',  ( -56.59730352760850991, -11.35316721554639940, 1.742471013233093613 ) ) ;
#3522 = DIRECTION ( 'NONE',  ( 0.000000000000000000, 0.000000000000000000, 1.000000000000000000 ) ) ;
#3523 = CARTESIAN_POINT ( 'NONE',  ( -24.58105105629305953, -11.32397454890137745, 3.245588715262805568 ) ) ;
#3524 = VERTEX_POINT ( 'NONE', #181 ) ;
#3525 = VERTEX_POINT ( 'NONE', #469 ) ;
#3526 = CONICAL_SURFACE ( 'NONE', #1893, 0.4999999999999987232, 0.7853981633974489451 ) ;
#3527 = CARTESIAN_POINT ( 'NONE',  ( -26.25126731956648740, -7.326155180262812650, 2.556643369061401216 ) ) ;
#3528 = ORIENTED_EDGE ( 'NONE', *, *, #1851, .T. ) ;
#3529 = CARTESIAN_POINT ( 'NONE',  ( -61.18747825334273927, -7.792510804537633007, 3.536972005233117500 ) ) ;
#3530 = CARTESIAN_POINT ( 'NONE',  ( -88.07214035459602997, -18.25184566646969841, 4.470203594513597167 ) ) ;
#3531 = AXIS2_PLACEMENT_3D ( 'NONE', #1547, #2996, #1295 ) ;
#3532 = LINE ( 'NONE', #60, #2150 ) ;
#3533 = ORIENTED_EDGE ( 'NONE', *, *, #524, .T. ) ;
#3534 = CARTESIAN_POINT ( 'NONE',  ( -56.52018551769718613, -11.20162992631829546, 1.052316011182902411 ) ) ;
#3535 = CARTESIAN_POINT ( 'NONE',  ( -88.00258357615054194, -0.1539846095246209801, 3.928268254703601414 ) ) ;
#3536 = CARTESIAN_POINT ( 'NONE',  ( -62.90815234594987260, -4.728465469675408706, -9.078465469675400357 ) ) ;
#3537 = CARTESIAN_POINT ( 'NONE',  ( -65.81081323375609315, 0.000000000000000000, 4.500000000000008882 ) ) ;
#3538 = CARTESIAN_POINT ( 'NONE',  ( -88.02880862742289025, -18.25927186278472547, 4.458882213281255780 ) ) ;
#3539 = CARTESIAN_POINT ( 'NONE',  ( -57.54738028948678163, -12.34759560099621822, 2.068776010086113004 ) ) ;
#3540 = CARTESIAN_POINT ( 'NONE',  ( -24.27088135389263357, -10.38612149182796429, 3.058000719328847872 ) ) ;
#3541 = ORIENTED_EDGE ( 'NONE', *, *, #277, .F. ) ;
#3542 = ORIENTED_EDGE ( 'NONE', *, *, #3637, .F. ) ;
#3543 = CIRCLE ( 'NONE', #1238, 0.4999999999999971689 ) ;
#3544 = B_SPLINE_SURFACE_WITH_KNOTS ( 'NONE', 1, 3, ( 
 ( #2556, #222, #3712, #2518, #1105, #2788, #3113, #2264, #171, #1338, #2497, #820, #3424, #2229, #244, #1979, #3660, #3145 ),
 ( #2216, #3098, #3394, #1768, #873, #2320, #2932, #890, #2036, #3771, #46, #2051, #3253, #929, #3518, #3481, #27, #2018 ) ),
 .UNSPECIFIED., .F., .F., .F.,
 ( 2, 2 ),
 ( 4, 2, 2, 2, 2, 2, 2, 2, 4 ),
 ( 0.000000000000000000, 1.000000000000000000 ),
 ( 3.141592653589793116, 3.266467695898700452, 3.391342738207607788, 3.516217780516515123, 3.641092822825422459, 3.765967865134329795, 3.890842907443237131, 4.015717949752144023, 4.140592992061051802 ),
 .UNSPECIFIED. ) ;
#3545 = FACE_OUTER_BOUND ( 'NONE', #73, .T. ) ;
#3546 = CARTESIAN_POINT ( 'NONE',  ( -27.93690245729863975, -6.836746414289426532, 1.940985598322743755 ) ) ;
#3547 = B_SPLINE_CURVE_WITH_KNOTS ( 'NONE', 3,
 ( #3769, #3440, #2034, #3748 ),
 .UNSPECIFIED., .F., .F.,
 ( 4, 4 ),
 ( 0.000000000000000000, 1.000000000000000000 ),
 .UNSPECIFIED. ) ;
#3548 = EDGE_LOOP ( 'NONE', ( #286, #2003, #2190, #1127 ) ) ;
#3549 = CARTESIAN_POINT ( 'NONE',  ( -56.75433581192684329, -8.398601734214130587, 1.795004277553675642 ) ) ;
#3550 = DIRECTION ( 'NONE',  ( 0.3908679799852971537, -0.7071067811865487940, -0.5892556509887804106 ) ) ;
#3551 = CARTESIAN_POINT ( 'NONE',  ( -29.71453295646182369, -10.44943964082315979, 0.7081051162329455861 ) ) ;
#3552 = ORIENTED_EDGE ( 'NONE', *, *, #3343, .F. ) ;
#3553 = EDGE_CURVE ( 'NONE', #1262, #2808, #3118, .T. ) ;
#3554 = CARTESIAN_POINT ( 'NONE',  ( -61.61374725249515905, -10.87228843978320825, 3.405008783438215669 ) ) ;
#3555 = EDGE_CURVE ( 'NONE', #498, #2250, #1638, .T. ) ;
#3556 = DIRECTION ( 'NONE',  ( -0.000000000000000000, -1.000000000000000000, -0.000000000000000000 ) ) ;
#3557 = FACE_OUTER_BOUND ( 'NONE', #3325, .T. ) ;
#3558 = CARTESIAN_POINT ( 'NONE',  ( -100.3755213272097535, -1.260598899675090756, -6.377578797969919222 ) ) ;
#3559 = CARTESIAN_POINT ( 'NONE',  ( -24.40664166486345721, -11.67203651705086997, 3.323000286585044538 ) ) ;
#3560 = CARTESIAN_POINT ( 'NONE',  ( -28.55842129072707181, -12.93915119415523840, 1.732569249864051253 ) ) ;
#3561 = EDGE_LOOP ( 'NONE', ( #3259, #2968, #1429, #3590, #1458, #208 ) ) ;
#3562 = ORIENTED_EDGE ( 'NONE', *, *, #2683, .T. ) ;
#3563 = CARTESIAN_POINT ( 'NONE',  ( -99.99371866316980118, 1.000000000000000000, -1.999999999999991784 ) ) ;
#3564 = CARTESIAN_POINT ( 'NONE',  ( -103.1235197831322097, -13.21977168520328227, -4.820523434581816424 ) ) ;
#3565 = PRODUCT_RELATED_PRODUCT_CATEGORY ( 'part', '', ( #75 ) ) ;
#3566 = ORIENTED_EDGE ( 'NONE', *, *, #2545, .T. ) ;
#3567 = CIRCLE ( 'NONE', #1082, 1.500000000000001332 ) ;
#3568 = CARTESIAN_POINT ( 'NONE',  ( -25.94244912449861218, -7.456317212976846243, 2.217838539874574355 ) ) ;
#3569 = CARTESIAN_POINT ( 'NONE',  ( -59.52531248824436005, -7.289643645014573181, 2.820787672350940412 ) ) ;
#3570 = LINE ( 'NONE', #962, #2014 ) ;
#3571 = CARTESIAN_POINT ( 'NONE',  ( -105.0007105700491223, -1.483072335428808231, 2.823782311006441059 ) ) ;
#3572 = EDGE_LOOP ( 'NONE', ( #2551, #1806, #3209, #3506 ) ) ;
#3573 = CARTESIAN_POINT ( 'NONE',  ( -100.1954303741767660, -14.12843668797283314, -6.398820765994007509 ) ) ;
#3574 = CARTESIAN_POINT ( 'NONE',  ( -66.11634544454267370, -30.00000000000000000, 5.000000000000009770 ) ) ;
#3575 = CARTESIAN_POINT ( 'NONE',  ( -100.4281022297132893, -14.41175336871134682, -6.037760768987289417 ) ) ;
#3576 = CARTESIAN_POINT ( 'NONE',  ( -87.92770724499766288, -18.27659913877072739, 4.436901910536108495 ) ) ;
#3577 = CARTESIAN_POINT ( 'NONE',  ( -26.95258680150562469, -13.24917356136643320, 2.291954047948545625 ) ) ;
#3578 = DIRECTION ( 'NONE',  ( 0.000000000000000000, 0.000000000000000000, -1.000000000000000000 ) ) ;
#3579 = ORIENTED_EDGE ( 'NONE', *, *, #1301, .F. ) ;
#3580 = VERTEX_POINT ( 'NONE', #3671 ) ;
#3581 = LINE ( 'NONE', #973, #3202 ) ;
#3582 = CYLINDRICAL_SURFACE ( 'NONE', #845, 1.499999999999997335 ) ;
#3583 = VERTEX_POINT ( 'NONE', #1016 ) ;
#3584 = ADVANCED_FACE ( 'NONE', ( #1063 ), #500, .F. ) ;
#3585 = CARTESIAN_POINT ( 'NONE',  ( -104.6108418462332850, -1.458563309749869141, -2.842883978223727404 ) ) ;
#3586 = CARTESIAN_POINT ( 'NONE',  ( -61.30958533334914762, -8.493321675760064693, 3.591877629612309608 ) ) ;
#3587 = DIRECTION ( 'NONE',  ( -0.9459712437361345039, 0.3242505297209407056, 0.000000000000000000 ) ) ;
#3588 = CARTESIAN_POINT ( 'NONE',  ( -29.74999999999999289, -10.09066637933274535, 0.6963113881947180506 ) ) ;
#3589 = EDGE_CURVE ( 'NONE', #1970, #2243, #716, .T. ) ;
#3590 = ORIENTED_EDGE ( 'NONE', *, *, #2935, .T. ) ;
#3591 = CARTESIAN_POINT ( 'NONE',  ( -61.40271908972075465, -11.34865748850588574, 3.287313684846289608 ) ) ;
#3592 = CARTESIAN_POINT ( 'NONE',  ( -64.15000000000000568, -20.00000000000000000, -8.989220272253495736 ) ) ;
#3593 = LINE ( 'NONE', #606, #3417 ) ;
#3594 = CARTESIAN_POINT ( 'NONE',  ( -60.34768451356741537, -7.597383567772542534, 2.726394664468201778 ) ) ;
#3595 = CARTESIAN_POINT ( 'NONE',  ( -58.01850223405447338, -12.58111492114534435, 2.238633003385479547 ) ) ;
#3596 = DIRECTION ( 'NONE',  ( 0.000000000000000000, 1.000000000000000000, 0.000000000000000000 ) ) ;
#3597 = CARTESIAN_POINT ( 'NONE',  ( -29.60553404410959644, -10.89862623633499261, 0.7445551552722857735 ) ) ;
#3598 = ORIENTED_EDGE ( 'NONE', *, *, #2124, .T. ) ;
#3599 = EDGE_LOOP ( 'NONE', ( #2868, #1057, #3634, #886, #2076 ) ) ;
#3600 = CARTESIAN_POINT ( 'NONE',  ( -56.28437652471920671, -9.557560238906519956, 0.9667020225609143091 ) ) ;
#3601 = CARTESIAN_POINT ( 'NONE',  ( -103.0019359698933670, -13.25728096121130939, -4.915328067039887117 ) ) ;
#3602 = VECTOR ( 'NONE', #1618, 1000.000000000000000 ) ;
#3603 = ORIENTED_EDGE ( 'NONE', *, *, #627, .T. ) ;
#3604 = ADVANCED_FACE ( 'NONE', ( #2818 ), #453, .F. ) ;
#3605 = VECTOR ( 'NONE', #891, 1000.000000000000114 ) ;
#3606 = AXIS2_PLACEMENT_3D ( 'NONE', #3249, #699, #3027 ) ;
#3607 = DIRECTION ( 'NONE',  ( -0.000000000000000000, -1.000000000000000000, -0.000000000000000000 ) ) ;
#3608 = EDGE_CURVE ( 'NONE', #3278, #3195, #3400, .T. ) ;
#3609 = CARTESIAN_POINT ( 'NONE',  ( -56.28427948838108108, -7.990095109607797674, 1.644365805321885032 ) ) ;
#3610 = CARTESIAN_POINT ( 'NONE',  ( -88.18869932306743920, -18.76025588418285750, 3.947551542620667764 ) ) ;
#3611 = ADVANCED_FACE ( 'NONE', ( #2469, #2779 ), #163, .F. ) ;
#3612 = ADVANCED_FACE ( 'NONE', ( #1614, #1810, #3545 ), #2160, .T. ) ;
#3613 = DIRECTION ( 'NONE',  ( -0.000000000000000000, -1.000000000000000000, -0.000000000000000000 ) ) ;
#3614 = ORIENTED_EDGE ( 'NONE', *, *, #941, .T. ) ;
#3615 = DIRECTION ( 'NONE',  ( 0.000000000000000000, 1.000000000000000000, 0.000000000000000000 ) ) ;
#3616 = PLANE ( 'NONE',  #155 ) ;
#3617 = CARTESIAN_POINT ( 'NONE',  ( -61.64824863070846561, -9.235989409785494431, 3.424468144676488190 ) ) ;
#3618 = CARTESIAN_POINT ( 'NONE',  ( -60.05584214069961746, -7.455591101563720180, 2.579173925371774256 ) ) ;
#3619 = CARTESIAN_POINT ( 'NONE',  ( -60.23033898311277312, -12.46552898996461067, 2.666713617945132064 ) ) ;
#3620 = EDGE_CURVE ( 'NONE', #1131, #98, #3316, .T. ) ;
#3621 = DIRECTION ( 'NONE',  ( 0.000000000000000000, 0.7058761440941028198, -0.7083352802161144712 ) ) ;
#3622 = CARTESIAN_POINT ( 'NONE',  ( -28.01944206438933449, -12.56550171598285992, 1.912641656796710610 ) ) ;
#3623 = ORIENTED_EDGE ( 'NONE', *, *, #2946, .T. ) ;
#3624 = ORIENTED_EDGE ( 'NONE', *, *, #2009, .F. ) ;
#3625 = VECTOR ( 'NONE', #2394, 1000.000000000000000 ) ;
#3626 = DIRECTION ( 'NONE',  ( 0.000000000000000000, 1.000000000000000000, 0.000000000000000000 ) ) ;
#3627 = CARTESIAN_POINT ( 'NONE',  ( -103.8947174101745219, -12.98186351080560641, -4.049250382008511728 ) ) ;
#3628 = EDGE_LOOP ( 'NONE', ( #2691, #1376, #2260, #3452 ) ) ;
#3629 = AXIS2_PLACEMENT_3D ( 'NONE', #554, #1717, #871 ) ;
#3630 = CARTESIAN_POINT ( 'NONE',  ( -103.6910309202063161, -1.417346951438792191, -4.287260260335128415 ) ) ;
#3631 = CARTESIAN_POINT ( 'NONE',  ( -104.6558439280302792, -13.11581331100047443, -0.9211653402171615657 ) ) ;
#3632 = LINE ( 'NONE', #1347, #3358 ) ;
#3633 = CARTESIAN_POINT ( 'NONE',  ( -88.18770379434975837, -0.6638214247568297033, 4.471269662016182700 ) ) ;
#3634 = ORIENTED_EDGE ( 'NONE', *, *, #391, .F. ) ;
#3635 = DIRECTION ( 'NONE',  ( 2.775557561562891351E-15, 0.000000000000000000, 1.000000000000000000 ) ) ;
#3636 = CARTESIAN_POINT ( 'NONE',  ( -21.49999999999999289, 0.000000000000000000, 6.000000000000010658 ) ) ;
#3637 = EDGE_CURVE ( 'NONE', #3580, #660, #340, .T. ) ;
#3638 = CARTESIAN_POINT ( 'NONE',  ( -21.49999999999999289, -0.1668084766191220703, 4.354433939607564419 ) ) ;
#3639 = CARTESIAN_POINT ( 'NONE',  ( -60.25737723303580395, -12.91380698844510810, 3.126420061941008299 ) ) ;
#3640 = CARTESIAN_POINT ( 'NONE',  ( -29.26620652174155879, -12.47391781922897813, 1.507520135327470312 ) ) ;
#3641 = CARTESIAN_POINT ( 'NONE',  ( -28.76392018797687911, -12.12205598505566506, 1.664679371817172626 ) ) ;
#3642 = ADVANCED_FACE ( 'NONE', ( #1529 ), #2172, .T. ) ;
#3643 = EDGE_CURVE ( 'NONE', #2272, #2250, #2043, .T. ) ;
#3644 = CARTESIAN_POINT ( 'NONE',  ( -26.99999999999999645, -10.00000000000000000, -2.000000000000000000 ) ) ;
#3645 = AXIS2_PLACEMENT_3D ( 'NONE', #3092, #3655, #472 ) ;
#3646 = CARTESIAN_POINT ( 'NONE',  ( -99.99371866316980118, 1.000000000000000000, -1.999999999999991784 ) ) ;
#3647 = AXIS2_PLACEMENT_3D ( 'NONE', #1187, #2673, #55 ) ;
#3648 = ORIENTED_EDGE ( 'NONE', *, *, #277, .T. ) ;
#3649 = CARTESIAN_POINT ( 'NONE',  ( -104.5696802836817056, -1.456719229089367573, -2.938981801910684588 ) ) ;
#3650 = FACE_OUTER_BOUND ( 'NONE', #2208, .T. ) ;
#3651 = CARTESIAN_POINT ( 'NONE',  ( -100.2949062316369435, -0.9276235466095977822, -6.053970487205469375 ) ) ;
#3652 = CARTESIAN_POINT ( 'NONE',  ( -64.00000000000000000, -20.00000000000000000, -8.999999999999992895 ) ) ;
#3653 = ORIENTED_EDGE ( 'NONE', *, *, #1987, .T. ) ;
#3654 = CARTESIAN_POINT ( 'NONE',  ( -64.15000000000000568, -4.150000000000000355, -8.499999999999991118 ) ) ;
#3655 = DIRECTION ( 'NONE',  ( -0.000000000000000000, -1.000000000000000000, -0.000000000000000000 ) ) ;
#3656 = CARTESIAN_POINT ( 'NONE',  ( -61.73304449679281447, -10.36367584941672781, 3.788602141295986492 ) ) ;
#3657 = DIRECTION ( 'NONE',  ( 0.000000000000000000, 0.000000000000000000, 1.000000000000000000 ) ) ;
#3658 = LINE ( 'NONE', #1049, #882 ) ;
#3659 = DIRECTION ( 'NONE',  ( -5.772398745160944892E-17, -0.7071067811865467956, -0.7071067811865483499 ) ) ;
#3660 = CARTESIAN_POINT ( 'NONE',  ( -102.8744555977498862, -1.380754325891820233, -5.013195031467237328 ) ) ;
#3661 = VECTOR ( 'NONE', #2720, 1000.000000000000000 ) ;
#3662 = AXIS2_PLACEMENT_3D ( 'NONE', #848, #1170, #1406 ) ;
#3663 = ORIENTED_EDGE ( 'NONE', *, *, #342, .T. ) ;
#3664 = CARTESIAN_POINT ( 'NONE',  ( -64.15000000000000568, -20.00000000000000000, 5.236824046301750484E-15 ) ) ;
#3665 = ORIENTED_EDGE ( 'NONE', *, *, #1365, .F. ) ;
#3666 = ORIENTED_EDGE ( 'NONE', *, *, #3725, .F. ) ;
#3667 = AXIS2_PLACEMENT_3D ( 'NONE', #2521, #3714, #769 ) ;
#3668 = CARTESIAN_POINT ( 'NONE',  ( -30.27053503544989965, -9.111991025380046239, 1.210042904742482106 ) ) ;
#3669 = CARTESIAN_POINT ( 'NONE',  ( -104.6441334430671333, -13.11982731351664988, -1.295789538425712539 ) ) ;
#3670 = DIRECTION ( 'NONE',  ( -8.163404592832033966E-17, -0.000000000000000000, -1.000000000000000000 ) ) ;
#3671 = CARTESIAN_POINT ( 'NONE',  ( -87.95617106911241478, -0.1516736576627406019, 3.900527826669806242 ) ) ;
#3672 = EDGE_LOOP ( 'NONE', ( #1793, #964, #317, #868, #381 ) ) ;
#3673 = AXIS2_PLACEMENT_3D ( 'NONE', #708, #2995, #379 ) ;
#3674 = CYLINDRICAL_SURFACE ( 'NONE', #1531, 1.499999999999997335 ) ;
#3675 = CARTESIAN_POINT ( 'NONE',  ( -102.4537281461874016, -0.8735298696630158233, -4.705352342798610366 ) ) ;
#3676 = CARTESIAN_POINT ( 'NONE',  ( -89.99371866316981539, 0.000000000000000000, -1.999999999999993561 ) ) ;
#3677 = CARTESIAN_POINT ( 'NONE',  ( -61.93143487001916725, -10.84271026074214106, 3.883842958349176921 ) ) ;
#3678 = PLANE ( 'NONE',  #138 ) ;
#3679 = CARTESIAN_POINT ( 'NONE',  ( -84.73161287139018327, -0.005989709243582381874, 2.355022714210308177 ) ) ;
#3680 = CARTESIAN_POINT ( 'NONE',  ( -87.94023196324441471, -0.6576606826306641285, 4.440249174825025236 ) ) ;
#3681 = APPLICATION_PROTOCOL_DEFINITION ( 'draft international standard', 'automotive_design', 1998, #3039 ) ;
#3682 = FACE_BOUND ( 'NONE', #251, .T. ) ;
#3683 = ORIENTED_EDGE ( 'NONE', *, *, #1434, .T. ) ;
#3684 = EDGE_CURVE ( 'NONE', #3716, #2898, #2981, .T. ) ;
#3685 = CARTESIAN_POINT ( 'NONE',  ( -30.03212232742551890, -8.502907932943273295, 1.278356541340499808 ) ) ;
#3686 = CARTESIAN_POINT ( 'NONE',  ( -103.5783194927986699, -13.48515632351235460, -3.848919952413267342 ) ) ;
#3687 = DIRECTION ( 'NONE',  ( 0.000000000000000000, 1.000000000000000000, 0.000000000000000000 ) ) ;
#3688 = ORIENTED_EDGE ( 'NONE', *, *, #2348, .F. ) ;
#3689 = CARTESIAN_POINT ( 'NONE',  ( -23.99999999999999289, -4.150000000000000355, -1.999999999999995337 ) ) ;
#3690 = DIRECTION ( 'NONE',  ( 0.7071067811865474617, 0.000000000000000000, 0.7071067811865474617 ) ) ;
#3691 = VERTEX_POINT ( 'NONE', #1592 ) ;
#3692 = FILL_AREA_STYLE ('',( #168 ) ) ;
#3693 = CARTESIAN_POINT ( 'NONE',  ( -60.99381341247307375, -11.90575492177195649, 3.448685488386122433 ) ) ;
#3694 = CARTESIAN_POINT ( 'NONE',  ( -96.99371866316982960, -0.6016673936649662435, -0.4999999999999942824 ) ) ;
#3695 = CARTESIAN_POINT ( 'NONE',  ( -84.71548177947830993, -0.4870091010176851865, 2.864518809094502405 ) ) ;
#3696 = CARTESIAN_POINT ( 'NONE',  ( -87.97376540831815817, -0.6584953031823337355, 4.448126885461389790 ) ) ;
#3697 =( NAMED_UNIT ( * ) SI_UNIT ( $, .STERADIAN. ) SOLID_ANGLE_UNIT ( ) );
#3698 = CARTESIAN_POINT ( 'NONE',  ( -100.0682570342995774, -14.68830030812948095, -6.035639603534709074 ) ) ;
#3699 = AXIS2_PLACEMENT_3D ( 'NONE', #3709, #2785, #3657 ) ;
#3700 = ORIENTED_EDGE ( 'NONE', *, *, #495, .T. ) ;
#3701 = CARTESIAN_POINT ( 'NONE',  ( -29.73350857154007798, -10.35434941028545452, 0.7017691841781495965 ) ) ;
#3702 = CARTESIAN_POINT ( 'NONE',  ( -103.7964692906901973, -13.01217070164429224, -4.174226020435064299 ) ) ;
#3703 = ADVANCED_FACE ( 'NONE', ( #361 ), #2650, .T. ) ;
#3704 = ORIENTED_EDGE ( 'NONE', *, *, #1192, .T. ) ;
#3705 = CARTESIAN_POINT ( 'NONE',  ( -29.61083267719680023, -10.88122504576713467, 0.7427821755813150961 ) ) ;
#3706 = CARTESIAN_POINT ( 'NONE',  ( -99.99371866316980118, 1.000000000000000000, -0.4999999999999946154 ) ) ;
#3707 = EDGE_LOOP ( 'NONE', ( #711, #3739, #1938, #3140 ) ) ;
#3708 = AXIS2_PLACEMENT_3D ( 'NONE', #1735, #854, #1785 ) ;
#3709 = CARTESIAN_POINT ( 'NONE',  ( -64.36969411118725759, -20.00000000000000000, 4.000000000000012434 ) ) ;
#3710 = CARTESIAN_POINT ( 'NONE',  ( -23.99999999999999645, -4.150000000000000355, -8.999999999999994671 ) ) ;
#3711 = DIRECTION ( 'NONE',  ( 0.000000000000000000, 0.000000000000000000, 1.000000000000000000 ) ) ;
#3712 = CARTESIAN_POINT ( 'NONE',  ( -104.9807070132103064, -1.475140545182496821, -1.337414449341244982 ) ) ;
#3713 = FACE_OUTER_BOUND ( 'NONE', #918, .T. ) ;
#3714 = DIRECTION ( 'NONE',  ( 0.000000000000000000, 1.000000000000000000, 0.000000000000000000 ) ) ;
#3715 = VERTEX_POINT ( 'NONE', #156 ) ;
#3716 = VERTEX_POINT ( 'NONE', #426 ) ;
#3717 = EDGE_CURVE ( 'NONE', #2004, #1566, #136, .T. ) ;
#3718 = CARTESIAN_POINT ( 'NONE',  ( -30.38399764765550515, -9.763086193266333979, 1.178023264255029012 ) ) ;
#3719 = EDGE_CURVE ( 'NONE', #1445, #337, #764, .T. ) ;
#3720 = CARTESIAN_POINT ( 'NONE',  ( -61.19176914136615153, -7.797226908296298831, 3.538924954581257332 ) ) ;
#3721 = EDGE_CURVE ( 'NONE', #777, #1727, #1279, .T. ) ;
#3722 = ORIENTED_EDGE ( 'NONE', *, *, #3608, .F. ) ;
#3723 = ADVANCED_FACE ( 'NONE', ( #1322 ), #384, .T. ) ;
#3724 = ADVANCED_FACE ( 'NONE', ( #2098, #3261, #652 ), #1263, .F. ) ;
#3725 = EDGE_CURVE ( 'NONE', #1837, #116, #1558, .T. ) ;
#3726 = CARTESIAN_POINT ( 'NONE',  ( -21.49999999999999289, -20.00000000000000000, 4.166259335390165575 ) ) ;
#3727 = DIRECTION ( 'NONE',  ( -1.000000000000000000, 0.000000000000000000, 0.000000000000000000 ) ) ;
#3728 = EDGE_LOOP ( 'NONE', ( #1461, #3239, #1827, #1476 ) ) ;
#3729 = AXIS2_PLACEMENT_3D ( 'NONE', #3676, #3353, #457 ) ;
#3730 = LINE ( 'NONE', #1446, #1514 ) ;
#3731 = AXIS2_PLACEMENT_3D ( 'NONE', #3652, #1348, #775 ) ;
#3732 = LINE ( 'NONE', #1431, #402 ) ;
#3733 = DIRECTION ( 'NONE',  ( 0.000000000000000000, 0.000000000000000000, 1.000000000000000000 ) ) ;
#3734 = PLANE ( 'NONE',  #2876 ) ;
#3735 = EDGE_CURVE ( 'NONE', #2410, #561, #3581, .T. ) ;
#3736 = CARTESIAN_POINT ( 'NONE',  ( -102.0292016261133909, -13.57357036764875780, -5.557116166285205772 ) ) ;
#3737 = CARTESIAN_POINT ( 'NONE',  ( -26.99999999999999645, -10.00000000000000000, 17.00000000000000000 ) ) ;
#3738 = PLANE ( 'NONE',  #1410 ) ;
#3739 = ORIENTED_EDGE ( 'NONE', *, *, #3196, .F. ) ;
#3740 = EDGE_LOOP ( 'NONE', ( #700, #2696, #1773, #3562, #516, #3359, #3745 ) ) ;
#3741 = CARTESIAN_POINT ( 'NONE',  ( -60.89202053645426815, -7.507127858952880040, 3.403884462652335685 ) ) ;
#3742 = ORIENTED_EDGE ( 'NONE', *, *, #1700, .T. ) ;
#3743 = CARTESIAN_POINT ( 'NONE',  ( -87.76582391269465688, -0.6533184214219930341, 4.384122820798305398 ) ) ;
#3744 = CARTESIAN_POINT ( 'NONE',  ( -23.81326010327255460, -9.361886506485216586, 3.040565293240703681 ) ) ;
#3745 = ORIENTED_EDGE ( 'NONE', *, *, #2708, .T. ) ;
#3746 =( BOUNDED_CURVE ( )  B_SPLINE_CURVE ( 3, ( #970, #3081, #71, #2729 ),
 .UNSPECIFIED., .F., .F. ) 
 B_SPLINE_CURVE_WITH_KNOTS ( ( 4, 4 ),
 ( 0.03704911093765028002, 0.04656376481027954539 ),
 .UNSPECIFIED. ) 
 CURVE ( )  GEOMETRIC_REPRESENTATION_ITEM ( )  RATIONAL_B_SPLINE_CURVE ( ( 1.000000000000000000, 0.9999924559610351427, 0.9999924559610351427, 1.000000000000000000 ) ) 
 REPRESENTATION_ITEM ( '' )  );
#3747 = DIRECTION ( 'NONE',  ( -1.000000000000000000, 0.000000000000000000, 0.000000000000000000 ) ) ;
#3748 = CARTESIAN_POINT ( 'NONE',  ( -100.3922658109925550, -14.57724064268083808, -5.895036078556847414 ) ) ;
#3749 = CARTESIAN_POINT ( 'NONE',  ( -61.93166336819507478, -10.84153073369532017, 3.883952241256935611 ) ) ;
#3750 = DIRECTION ( 'NONE',  ( 0.000000000000000000, -1.000000000000000000, -0.000000000000000000 ) ) ;
#3751 = DIRECTION ( 'NONE',  ( 0.000000000000000000, 0.000000000000000000, 1.000000000000000000 ) ) ;
#3752 = EDGE_CURVE ( 'NONE', #1184, #2248, #405, .T. ) ;
#3753 = AXIS2_PLACEMENT_3D ( 'NONE', #1602, #1098, #3075 ) ;
#3754 = CARTESIAN_POINT ( 'NONE',  ( -64.36969411118725759, 0.000000000000000000, 4.000000000000012434 ) ) ;
#3755 = B_SPLINE_CURVE_WITH_KNOTS ( 'NONE', 3,
 ( #2721, #3588, #2123, #3551, #2144 ),
 .UNSPECIFIED., .F., .F.,
 ( 4, 1, 4 ),
 ( 0.000000000000000000, 0.0002705361924796987781, 0.0005410723849593975562 ),
 .UNSPECIFIED. ) ;
#3756 = EDGE_CURVE ( 'NONE', #660, #2292, #1983, .T. ) ;
#3757 = CARTESIAN_POINT ( 'NONE',  ( -25.49999999999999645, -10.00000000000000000, -2.000000000000000000 ) ) ;
#3758 = EDGE_CURVE ( 'NONE', #3525, #2027, #1107, .T. ) ;
#3759 = VERTEX_POINT ( 'NONE', #2270 ) ;
#3760 = ORIENTED_EDGE ( 'NONE', *, *, #3450, .T. ) ;
#3761 = CARTESIAN_POINT ( 'NONE',  ( -27.53101297611044629, -6.763735217301707792, 2.082599547129072803 ) ) ;
#3762 = ORIENTED_EDGE ( 'NONE', *, *, #2142, .F. ) ;
#3763 = CARTESIAN_POINT ( 'NONE',  ( -88.28459187040624556, -0.6662335584643914732, 4.466567690969302618 ) ) ;
#3764 = AXIS2_PLACEMENT_3D ( 'NONE', #450, #1441, #1666 ) ;
#3765 = DIRECTION ( 'NONE',  ( 0.000000000000000000, -1.000000000000000000, 0.000000000000000000 ) ) ;
#3766 = ORIENTED_EDGE ( 'NONE', *, *, #3418, .F. ) ;
#3767 = EDGE_CURVE ( 'NONE', #2243, #993, #2874, .T. ) ;
#3768 = CARTESIAN_POINT ( 'NONE',  ( -26.56532284435610336, -7.279772510907359440, 1.932509720536108366 ) ) ;
#3769 = CARTESIAN_POINT ( 'NONE',  ( -102.5909884267188943, -13.82358375807356765, -4.705352342798645005 ) ) ;
#3770 = CARTESIAN_POINT ( 'NONE',  ( -99.99371866316980118, 0.000000000000000000, -1.499999999999994671 ) ) ;
#3771 = CARTESIAN_POINT ( 'NONE',  ( -103.8790626907569532, -0.9444995226677336264, -3.241033357419050631 ) ) ;
#3772 = DIRECTION ( 'NONE',  ( -8.163404592832033966E-17, -0.000000000000000000, -1.000000000000000000 ) ) ;
#3773 = CARTESIAN_POINT ( 'NONE',  ( -56.86595599041463345, -11.74414262567526457, 1.181384316836131987 ) ) ;
#3774 = ADVANCED_FACE ( 'NONE', ( #517 ), #2231, .F. ) ;
#3775 = CARTESIAN_POINT ( 'NONE',  ( -27.51446645013358960, -12.71247285864398968, 2.088608612150510524 ) ) ;
#3776 = ORIENTED_EDGE ( 'NONE', *, *, #1808, .T. ) ;
ENDSEC;
END-ISO-10303-21;
