ISO-10303-21;
HEADER;
FILE_DESCRIPTION (( 'STEP AP214' ),
    '1' );
FILE_NAME ('FINGER PAD_t30_R_v2.STEP',
    '2026-09-14T05:17:47',
    ( '' ),
    ( '' ),
    'SwSTEP 2.0',
    'SolidWorks 2025',
    '' );
FILE_SCHEMA (( 'AUTOMOTIVE_DESIGN' ));
ENDSEC;

DATA;
#1 = CARTESIAN_POINT ( 'NONE',  ( -29.20710678118658166, -29.70710678118654613, -8.999999999999996447 ) ) ;
#2 = CARTESIAN_POINT ( 'NONE',  ( -79.86021305949192595, -20.35030115494600267, 1.649504113664175264 ) ) ;
#3 = EDGE_CURVE ( 'NONE', #3182, #1659, #1409, .T. ) ;
#4 = CARTESIAN_POINT ( 'NONE',  ( -27.25410274880951889, -26.82930175913021387, 2.180566634197050657 ) ) ;
#5 = DIRECTION ( 'NONE',  ( -0.000000000000000000, -1.000000000000000000, -0.000000000000000000 ) ) ;
#6 = CARTESIAN_POINT ( 'NONE',  ( -21.50000000000000000, -30.00000000000000000, -8.999999999999996447 ) ) ;
#7 = DIRECTION ( 'NONE',  ( -0.000000000000000000, -1.000000000000000000, -0.000000000000000000 ) ) ;
#8 = ORIENTED_EDGE ( 'NONE', *, *, #437, .T. ) ;
#9 = CARTESIAN_POINT ( 'NONE',  ( -61.08232797230378708, -8.191030807000231562, 3.488580077166653304 ) ) ;
#10 = DIRECTION ( 'NONE',  ( 0.000000000000000000, 1.000000000000000000, 0.000000000000000000 ) ) ;
#11 = CARTESIAN_POINT ( 'NONE',  ( -29.73169851101708616, -9.638051406019046752, 1.361689774842504530 ) ) ;
#12 = DIRECTION ( 'NONE',  ( -0.9972611121283910807, 0.000000000000000000, 0.07396130229007839840 ) ) ;
#13 = CARTESIAN_POINT ( 'NONE',  ( -24.25000000000006040, -10.17674011537227408, 3.069224771916190697 ) ) ;
#14 = ORIENTED_EDGE ( 'NONE', *, *, #3279, .F. ) ;
#15 = LINE ( 'NONE', #2778, #3624 ) ;
#16 = DIRECTION ( 'NONE',  ( -0.2096604974130931442, -0.6647471065038640381, 0.7170451591212612108 ) ) ;
#17 = CARTESIAN_POINT ( 'NONE',  ( -102.6932524404071216, -2.000000000000000000, -5.134618469814155262 ) ) ;
#18 = CARTESIAN_POINT ( 'NONE',  ( -55.96750774184849320, -11.51511578692349147, 1.544284782791395472 ) ) ;
#19 = ORIENTED_EDGE ( 'NONE', *, *, #821, .F. ) ;
#20 = CARTESIAN_POINT ( 'NONE',  ( -29.91421356237312423, -30.00000000000000000, 0.7761930158715739658 ) ) ;
#21 = PRODUCT_DEFINITION_CONTEXT ( 'detailed design', #4367, 'design' ) ;
#22 = CARTESIAN_POINT ( 'NONE',  ( -30.18716039688634467, -10.63600990913604605, 0.7140167689015416430 ) ) ;
#23 = CARTESIAN_POINT ( 'NONE',  ( -78.98569267525924431, -20.63323801179768680, 1.561113746797629043 ) ) ;
#24 = EDGE_CURVE ( 'NONE', #1150, #2931, #1728, .T. ) ;
#25 = CARTESIAN_POINT ( 'NONE',  ( -29.00553224533697971, -28.60078467636128252, 1.587667670477272308 ) ) ;
#26 = CARTESIAN_POINT ( 'NONE',  ( -29.38511511712438917, -29.84910895591634628, 0.8488645048041302266 ) ) ;
#27 = EDGE_CURVE ( 'NONE', #2809, #169, #1191, .T. ) ;
#28 = CARTESIAN_POINT ( 'NONE',  ( -102.4355381593809682, -0.8758161477579424758, -4.691979387968045145 ) ) ;
#29 = EDGE_CURVE ( 'NONE', #4046, #3936, #2779, .T. ) ;
#30 = CARTESIAN_POINT ( 'NONE',  ( -24.02679460304592141, -38.01142524142208146, -8.999999999999996447 ) ) ;
#31 = ORIENTED_EDGE ( 'NONE', *, *, #437, .F. ) ;
#32 = CARTESIAN_POINT ( 'NONE',  ( -60.17802459493921674, -7.509067321862125333, 2.640312057297633963 ) ) ;
#33 = CARTESIAN_POINT ( 'NONE',  ( -29.69682802813459688, -10.53816223080742454, 0.7140167689015416430 ) ) ;
#34 = CARTESIAN_POINT ( 'NONE',  ( -103.1759425755954140, -12.99996583024193875, -4.782013776328507326 ) ) ;
#35 = CARTESIAN_POINT ( 'NONE',  ( -21.49999999999999289, -21.65234350418798925, 4.227670421706706705 ) ) ;
#36 = VERTEX_POINT ( 'NONE', #3097 ) ;
#37 = EDGE_LOOP ( 'NONE', ( #2295, #250, #599, #2285 ) ) ;
#38 = PRODUCT ( 'FINGER PAD_t30_R_v2', 'FINGER PAD_t30_R_v2', '', ( #3167 ) ) ;
#39 = CARTESIAN_POINT ( 'NONE',  ( -72.31322795544048176, -22.79193251970517053, 2.140025938993269428 ) ) ;
#40 = CARTESIAN_POINT ( 'NONE',  ( -29.23646753412211297, -11.61352576528968683, 1.514164192544458887 ) ) ;
#41 = CARTESIAN_POINT ( 'NONE',  ( -56.78522245429896742, -11.64406160898347942, 1.805394165152363506 ) ) ;
#42 = ORIENTED_EDGE ( 'NONE', *, *, #1484, .F. ) ;
#43 = CARTESIAN_POINT ( 'NONE',  ( -29.20710678118657810, -29.70710678118654613, 0.8736619824217130015 ) ) ;
#44 = DIRECTION ( 'NONE',  ( -4.625929269271483942E-16, 0.000000000000000000, -1.000000000000000000 ) ) ;
#45 = CARTESIAN_POINT ( 'NONE',  ( -68.83423717065093683, -23.91746993060008109, 3.436147234126699868 ) ) ;
#46 = TOROIDAL_SURFACE ( 'NONE', #470, 0.4999999999999971689, 1.000000000000000000 ) ;
#47 = CARTESIAN_POINT ( 'NONE',  ( -86.49719775620752671, -18.20307789578524549, 3.679023161887807536 ) ) ;
#48 = CARTESIAN_POINT ( 'NONE',  ( -99.98999999999999488, -2.000000000000000000, -0.9283818807201814627 ) ) ;
#49 = B_SPLINE_CURVE_WITH_KNOTS ( 'NONE', 1,
 ( #1579, #2633 ),
 .UNSPECIFIED., .F., .F.,
 ( 2, 2 ),
 ( 0.000000000000000000, 1.000000000000000000 ),
 .UNSPECIFIED. ) ;
#50 = LINE ( 'NONE', #2814, #4273 ) ;
#51 = FACE_OUTER_BOUND ( 'NONE', #4429, .T. ) ;
#52 = ORIENTED_EDGE ( 'NONE', *, *, #598, .F. ) ;
#53 = CARTESIAN_POINT ( 'NONE',  ( -60.03873571656639996, -7.443050613009775773, 3.033324808300702724 ) ) ;
#54 = EDGE_CURVE ( 'NONE', #689, #400, #15, .T. ) ;
#55 = CARTESIAN_POINT ( 'NONE',  ( -23.95776596341831066, -10.23401482524366379, 3.524015629809286398 ) ) ;
#56 = CARTESIAN_POINT ( 'NONE',  ( -21.49999999999999289, -30.00000000000000000, 6.000000000000010658 ) ) ;
#57 = VECTOR ( 'NONE', #2601, 1000.000000000000000 ) ;
#58 = ORIENTED_EDGE ( 'NONE', *, *, #690, .T. ) ;
#59 = CARTESIAN_POINT ( 'NONE',  ( -66.36358403214866541, -24.71678581524510321, 4.833333333333341919 ) ) ;
#60 = AXIS2_PLACEMENT_3D ( 'NONE', #1661, #3336, #264 ) ;
#61 = DIRECTION ( 'NONE',  ( 0.000000000000000000, 1.000000000000000000, 0.000000000000000000 ) ) ;
#62 = CARTESIAN_POINT ( 'NONE',  ( -26.81672183648786856, -12.74947928103716954, 1.821427453771479188 ) ) ;
#63 = CARTESIAN_POINT ( 'NONE',  ( -61.23205011561360323, -12.15750249503878599, 3.557287331313755185 ) ) ;
#64 = ORIENTED_EDGE ( 'NONE', *, *, #3046, .F. ) ;
#65 = ORIENTED_EDGE ( 'NONE', *, *, #1315, .T. ) ;
#66 = DIRECTION ( 'NONE',  ( 0.000000000000000000, 0.000000000000000000, 1.000000000000000000 ) ) ;
#67 = CARTESIAN_POINT ( 'NONE',  ( -102.6932524404071216, -12.00000000000000000, -5.134618469814155262 ) ) ;
#68 = CARTESIAN_POINT ( 'NONE',  ( -76.94662347499790656, -21.29291732164632478, 1.505579267572212609 ) ) ;
#69 = CARTESIAN_POINT ( 'NONE',  ( -86.46934517034073053, -18.21208887618007211, 3.664864261709471549 ) ) ;
#70 = CARTESIAN_POINT ( 'NONE',  ( -64.15000000000000568, -15.84999999999999964, -1.999999999999992228 ) ) ;
#71 = DIRECTION ( 'NONE',  ( 1.000000000000000000, 0.000000000000000000, 8.672384569055758038E-16 ) ) ;
#72 = FACE_OUTER_BOUND ( 'NONE', #1162, .T. ) ;
#73 = VERTEX_POINT ( 'NONE', #735 ) ;
#74 = CARTESIAN_POINT ( 'NONE',  ( -56.75433581192684329, -8.398601734214130587, 1.795004277553675642 ) ) ;
#75 = B_SPLINE_SURFACE_WITH_KNOTS ( 'NONE', 1, 3, ( 
 ( #736, #1770, #3490, #1092, #2467, #1792, #82, #3530, #3830, #458, #1455, #2823, #39, #2108, #4177, #1111, #2513, #439 ),
 ( #3098, #2488, #3849, #780, #2780, #396, #3873, #2155, #2449, #1048, #3511, #1812, #3179, #797, #4118, #2174, #1387, #2759 ) ),
 .UNSPECIFIED., .F., .F., .F.,
 ( 2, 2 ),
 ( 4, 2, 2, 2, 2, 2, 2, 2, 4 ),
 ( 0.000000000000000000, 1.000000000000000000 ),
 ( 1.032381437177147809, 1.172893991311510398, 1.313406545445872764, 1.453919099580235130, 1.594431653714597719, 1.734944207848960307, 1.875456761983322673, 2.015969316117685040, 2.156481870252047628 ),
 .UNSPECIFIED. ) ;
#76 = CARTESIAN_POINT ( 'NONE',  ( -25.24390118921902015, -12.60940363111354046, 2.963792246107422645 ) ) ;
#77 = EDGE_CURVE ( 'NONE', #477, #3251, #2206, .T. ) ;
#78 = CARTESIAN_POINT ( 'NONE',  ( -104.9899999999999949, -12.52814894056790074, -0.9283818807201814627 ) ) ;
#79 = ORIENTED_EDGE ( 'NONE', *, *, #2808, .F. ) ;
#80 = DIRECTION ( 'NONE',  ( -1.000000000000000000, 0.000000000000000000, 0.000000000000000000 ) ) ;
#81 = EDGE_CURVE ( 'NONE', #675, #73, #669, .T. ) ;
#82 = CARTESIAN_POINT ( 'NONE',  ( -80.68158712387879916, -20.08456651070579113, 1.745683280028334394 ) ) ;
#83 = CARTESIAN_POINT ( 'NONE',  ( -27.34166656383205307, -12.73999024847548256, 2.150273852610777414 ) ) ;
#84 = CARTESIAN_POINT ( 'NONE',  ( -58.70776654197986488, -12.74000691576371658, 1.941856313170242432 ) ) ;
#85 = ORIENTED_EDGE ( 'NONE', *, *, #4083, .T. ) ;
#86 = EDGE_CURVE ( 'NONE', #169, #2809, #1054, .T. ) ;
#87 = ORIENTED_EDGE ( 'NONE', *, *, #1669, .T. ) ;
#88 = CARTESIAN_POINT ( 'NONE',  ( -89.98999999999999488, -0.2707826932425814181, -0.4999999999999997780 ) ) ;
#89 = CARTESIAN_POINT ( 'NONE',  ( -103.8260861399567858, -1.475539835403133715, -4.135753994087919772 ) ) ;
#90 = CARTESIAN_POINT ( 'NONE',  ( -74.69809850254898720, -22.02036384252280143, 1.685601043735335036 ) ) ;
#91 = CARTESIAN_POINT ( 'NONE',  ( -99.98999999999999488, 0.000000000000000000, -3.499999999999993339 ) ) ;
#92 = DIRECTION ( 'NONE',  ( 0.7071067811865474617, 0.000000000000000000, 0.7071067811865474617 ) ) ;
#93 = VERTEX_POINT ( 'NONE', #3138 ) ;
#94 = EDGE_CURVE ( 'NONE', #1774, #3488, #3290, .T. ) ;
#95 = CARTESIAN_POINT ( 'NONE',  ( -29.74999999999999645, -10.00000000000000000, 17.00000000000000000 ) ) ;
#96 = CARTESIAN_POINT ( 'NONE',  ( -23.99999999999999289, 0.000000000000000000, -1.999999999999995781 ) ) ;
#97 = ORIENTED_EDGE ( 'NONE', *, *, #3102, .T. ) ;
#98 = CARTESIAN_POINT ( 'NONE',  ( -60.50000000000000000, -10.00000000000000000, -8.999999999999992895 ) ) ;
#99 = EDGE_CURVE ( 'NONE', #1268, #2102, #1810, .T. ) ;
#100 = AXIS2_PLACEMENT_3D ( 'NONE', #640, #4002, #1696 ) ;
#101 = CARTESIAN_POINT ( 'NONE',  ( -64.59738882735278764, -25.18401401961559216, 5.000000000000011546 ) ) ;
#102 = CARTESIAN_POINT ( 'NONE',  ( -29.37292055775796484, -11.40192877286795792, 0.8237938141187751695 ) ) ;
#103 = CARTESIAN_POINT ( 'NONE',  ( -58.70006120554894125, -12.74545930815115646, 2.494405521717704133 ) ) ;
#104 = VERTEX_POINT ( 'NONE', #98 ) ;
#105 = EDGE_LOOP ( 'NONE', ( #2563, #1168, #2695, #2378, #637, #974 ) ) ;
#106 = B_SPLINE_CURVE_WITH_KNOTS ( 'NONE', 3,
 ( #3953, #1518, #837, #1834, #2912, #1176, #4225, #4285, #187, #3616 ),
 .UNSPECIFIED., .F., .F.,
 ( 4, 2, 2, 2, 4 ),
 ( 0.000000000000000000, 0.2500000000000000000, 0.5000000000000000000, 0.7500000000000000000, 1.000000000000000000 ),
 .UNSPECIFIED. ) ;
#107 = EDGE_CURVE ( 'NONE', #3257, #3289, #773, .T. ) ;
#108 = PLANE ( 'NONE',  #1925 ) ;
#109 = CARTESIAN_POINT ( 'NONE',  ( -88.28418398719998095, -17.72897067645555325, 4.466320967358241134 ) ) ;
#110 = CARTESIAN_POINT ( 'NONE',  ( -72.78857525508779247, -22.63814468687085579, 2.043397017539164917 ) ) ;
#111 = CARTESIAN_POINT ( 'NONE',  ( -51.13888189854448996, -29.98450112536345102, -0.2195802316975928314 ) ) ;
#112 = FACE_OUTER_BOUND ( 'NONE', #4269, .T. ) ;
#113 = B_SPLINE_CURVE_WITH_KNOTS ( 'NONE', 3,
 ( #1290, #1332, #4069, #4043, #4022, #613, #278, #2303, #3022, #1986, #233, #969, #2010, #947, #2033, #1602, #3066, #4425, #3375, #300, #2324, #2374, #3734, #662, #4328, #1264, #2732, #3396, #4093, #1650 ),
 .UNSPECIFIED., .F., .F.,
 ( 4, 2, 2, 2, 2, 2, 2, 2, 2, 2, 2, 2, 2, 2, 4 ),
 ( 0.0005318676269027316529, 0.001069276999321112920, 0.001606686371739494187, 0.002144095744157875454, 0.002681505116576256720, 0.003756323861413016219, 0.004831142606249776150, 0.005368551978668154381, 0.005905961351086534347, 0.006443370723504912578, 0.006980780095923292544, 0.007518189468341672510, 0.008055598840760050741, 0.008593008213178430707, 0.009130417585596808938 ),
 .UNSPECIFIED. ) ;
#114 = CARTESIAN_POINT ( 'NONE',  ( -51.23683130670848129, -29.95368956931272564, -0.2108035128375308764 ) ) ;
#115 = ORIENTED_EDGE ( 'NONE', *, *, #821, .T. ) ;
#116 = CARTESIAN_POINT ( 'NONE',  ( -56.32454161014270255, -9.339033666350355034, 1.652595393569275206 ) ) ;
#117 =( GEOMETRIC_REPRESENTATION_CONTEXT ( 3 ) GLOBAL_UNCERTAINTY_ASSIGNED_CONTEXT ( ( #1734 ) ) GLOBAL_UNIT_ASSIGNED_CONTEXT ( ( #2564, #2526, #3926 ) ) REPRESENTATION_CONTEXT ( 'NONE', 'WORKASPACE' ) );
#118 = CARTESIAN_POINT ( 'NONE',  ( -25.05626148078830440, -7.543543959491852746, 3.042617159171923991 ) ) ;
#119 = DIRECTION ( 'NONE',  ( 0.000000000000000000, 0.000000000000000000, 1.000000000000000000 ) ) ;
#120 = ORIENTED_EDGE ( 'NONE', *, *, #3668, .T. ) ;
#121 = CARTESIAN_POINT ( 'NONE',  ( -55.66516904541840915, -9.374276008891587963, 1.451165873919126659 ) ) ;
#122 = VECTOR ( 'NONE', #2558, 1000.000000000000114 ) ;
#123 = CARTESIAN_POINT ( 'NONE',  ( -63.40397272091692571, -25.48513654000937123, 4.615703220710960508 ) ) ;
#124 = CARTESIAN_POINT ( 'NONE',  ( -28.17254464301495531, -13.09533216144685497, 1.860816011830244587 ) ) ;
#125 = VECTOR ( 'NONE', #1148, 1000.000000000000000 ) ;
#126 = DIRECTION ( 'NONE',  ( -0.000000000000000000, 1.000000000000000000, -0.000000000000000000 ) ) ;
#127 = ORIENTED_EDGE ( 'NONE', *, *, #3431, .T. ) ;
#128 = VERTEX_POINT ( 'NONE', #519 ) ;
#129 = AXIS2_PLACEMENT_3D ( 'NONE', #802, #3878, #2810 ) ;
#130 = VECTOR ( 'NONE', #3560, 1000.000000000000114 ) ;
#131 = CARTESIAN_POINT ( 'NONE',  ( -104.9899999999999949, -30.00000000000000000, 2.840000000000012736 ) ) ;
#132 = DIRECTION ( 'NONE',  ( 0.000000000000000000, 1.000000000000000000, 0.000000000000000000 ) ) ;
#133 = CARTESIAN_POINT ( 'NONE',  ( -68.98761389458218218, -23.86784832749332352, 3.363917783152114094 ) ) ;
#134 = VECTOR ( 'NONE', #2840, 999.9999999999998863 ) ;
#135 = CARTESIAN_POINT ( 'NONE',  ( -64.48920969777324785, -25.77390417695461977, 4.484770170369425379 ) ) ;
#136 = EDGE_CURVE ( 'NONE', #830, #281, #3930, .T. ) ;
#137 = ADVANCED_FACE ( 'NONE', ( #146 ), #4357, .T. ) ;
#138 = CARTESIAN_POINT ( 'NONE',  ( -84.44426424301109080, -0.001179593729263911026, -6.984190189904575519 ) ) ;
#139 = DIRECTION ( 'NONE',  ( -0.9536895693127208640, 0.3007926285401902322, -8.270762704577074533E-16 ) ) ;
#140 = EDGE_CURVE ( 'NONE', #734, #3970, #1473, .T. ) ;
#141 = ORIENTED_EDGE ( 'NONE', *, *, #3529, .F. ) ;
#142 = SURFACE_STYLE_FILL_AREA ( #2211 ) ;
#143 = CARTESIAN_POINT ( 'NONE',  ( -104.4798416651228621, -12.66083383426494180, -3.138838484246378346 ) ) ;
#144 = LINE ( 'NONE', #2253, #2438 ) ;
#145 = ORIENTED_EDGE ( 'NONE', *, *, #2955, .F. ) ;
#146 = FACE_OUTER_BOUND ( 'NONE', #436, .T. ) ;
#147 = DIRECTION ( 'NONE',  ( 0.000000000000000000, 0.000000000000000000, 1.000000000000000000 ) ) ;
#148 = CARTESIAN_POINT ( 'NONE',  ( -21.49999999999999289, -0.5047271171895393316, 4.731159986743394441 ) ) ;
#149 = CARTESIAN_POINT ( 'NONE',  ( -61.36498095626978255, -11.99576246318865458, 3.618286534911925756 ) ) ;
#150 = VERTEX_POINT ( 'NONE', #121 ) ;
#151 = B_SPLINE_CURVE_WITH_KNOTS ( 'NONE', 3,
 ( #2656, #4017, #943, #3347 ),
 .UNSPECIFIED., .F., .F.,
 ( 4, 4 ),
 ( 0.000000000000000000, 1.000000000000000000 ),
 .UNSPECIFIED. ) ;
#152 = ORIENTED_EDGE ( 'NONE', *, *, #1761, .T. ) ;
#153 = DIRECTION ( 'NONE',  ( 0.000000000000000000, 0.000000000000000000, -1.000000000000000000 ) ) ;
#154 = DIRECTION ( 'NONE',  ( -1.000000000000000000, 0.000000000000000000, 8.163404592832032733E-17 ) ) ;
#155 = CYLINDRICAL_SURFACE ( 'NONE', #1410, 1.000000000000000000 ) ;
#156 = EDGE_CURVE ( 'NONE', #36, #2254, #3085, .T. ) ;
#157 = CARTESIAN_POINT ( 'NONE',  ( -64.52912401176401147, -25.76131524675346185, 4.484764829063734304 ) ) ;
#158 = CARTESIAN_POINT ( 'NONE',  ( -18.35247065561925695, -20.19999999999999929, -8.999999999999996447 ) ) ;
#159 = EDGE_LOOP ( 'NONE', ( #1701, #4097, #2037, #1141 ) ) ;
#160 = DIRECTION ( 'NONE',  ( 0.000000000000000000, 0.000000000000000000, -1.000000000000000000 ) ) ;
#161 = EDGE_CURVE ( 'NONE', #3638, #4030, #1670, .T. ) ;
#162 = CARTESIAN_POINT ( 'NONE',  ( -29.68467862523021950, -7.963123675737928231, 1.380471529945743514 ) ) ;
#163 = CARTESIAN_POINT ( 'NONE',  ( -27.04837506158645155, -7.245590297146747183, 1.721314258231232408 ) ) ;
#164 = VERTEX_POINT ( 'NONE', #4302 ) ;
#165 = CARTESIAN_POINT ( 'NONE',  ( -102.5922917232967535, -0.8834366418714952873, -4.591241297829762757 ) ) ;
#166 = CARTESIAN_POINT ( 'NONE',  ( -61.04253911110117770, -26.23845836773049101, 3.471580362758559968 ) ) ;
#167 = CARTESIAN_POINT ( 'NONE',  ( -84.24821675665589282, -0.5053113379763773949, 2.702079942434849169 ) ) ;
#168 = CARTESIAN_POINT ( 'NONE',  ( -22.47739051213318362, -21.99789485176267334, 4.198652092187202811 ) ) ;
#169 = VERTEX_POINT ( 'NONE', #2029 ) ;
#170 = ORIENTED_EDGE ( 'NONE', *, *, #1564, .T. ) ;
#171 = CIRCLE ( 'NONE', #1105, 1.000000000000000000 ) ;
#172 = CARTESIAN_POINT ( 'NONE',  ( -21.99999999999998579, -6.649999999999999467, -8.999999999999996447 ) ) ;
#173 = DIRECTION ( 'NONE',  ( 0.000000000000000000, 0.000000000000000000, 1.000000000000000000 ) ) ;
#174 = CARTESIAN_POINT ( 'NONE',  ( -29.86621722490194486, -29.42864580091257309, 1.326873338220138532 ) ) ;
#175 = B_SPLINE_CURVE_WITH_KNOTS ( 'NONE', 3,
 ( #1948, #1927, #1881, #3979 ),
 .UNSPECIFIED., .F., .F.,
 ( 4, 4 ),
 ( 0.000000000000000000, 1.000000000000000000 ),
 .UNSPECIFIED. ) ;
#176 = CARTESIAN_POINT ( 'NONE',  ( -28.87163549459619816, -7.972866522059523398, 1.629958061081328458 ) ) ;
#177 = DIRECTION ( 'NONE',  ( 0.000000000000000000, 0.000000000000000000, -1.000000000000000000 ) ) ;
#178 = ORIENTED_EDGE ( 'NONE', *, *, #2863, .T. ) ;
#179 = CARTESIAN_POINT ( 'NONE',  ( -56.25423415132718219, -9.823321787943994465, 0.9558936436882152776 ) ) ;
#180 = DIRECTION ( 'NONE',  ( 0.000000000000000000, 1.000000000000000000, 0.000000000000000000 ) ) ;
#181 = CARTESIAN_POINT ( 'NONE',  ( -18.35247065561925695, -20.19999999999999929, -1.999999999999995781 ) ) ;
#182 = AXIS2_PLACEMENT_3D ( 'NONE', #3632, #3276, #1214 ) ;
#183 = DIRECTION ( 'NONE',  ( 0.000000000000000000, 0.000000000000000000, 1.000000000000000000 ) ) ;
#184 = ORIENTED_EDGE ( 'NONE', *, *, #2149, .T. ) ;
#185 = CARTESIAN_POINT ( 'NONE',  ( -119.0994063887556393, -17.07751876621569664, 1.466441029314006439 ) ) ;
#186 = CARTESIAN_POINT ( 'NONE',  ( -88.17877124546255629, -17.74508768249267376, 4.476613141282208552 ) ) ;
#187 = CARTESIAN_POINT ( 'NONE',  ( -86.44783433429705610, -18.84817841033301633, 2.901459254734326088 ) ) ;
#188 = FACE_OUTER_BOUND ( 'NONE', #3153, .T. ) ;
#189 = LINE ( 'NONE', #3934, #1495 ) ;
#190 = STYLED_ITEM ( 'NONE', ( #1190 ), #336 ) ;
#191 = ORIENTED_EDGE ( 'NONE', *, *, #567, .F. ) ;
#192 = ORIENTED_EDGE ( 'NONE', *, *, #2965, .T. ) ;
#193 = AXIS2_PLACEMENT_3D ( 'NONE', #1524, #935, #3669 ) ;
#194 = PLANE ( 'NONE',  #634 ) ;
#195 = FACE_BOUND ( 'NONE', #2577, .T. ) ;
#196 = VECTOR ( 'NONE', #2923, 1000.000000000000000 ) ;
#197 = CARTESIAN_POINT ( 'NONE',  ( -29.93741843648894019, -29.45430036113174666, 1.306005661630787573 ) ) ;
#198 = AXIS2_PLACEMENT_3D ( 'NONE', #22, #3363, #1029 ) ;
#199 = CARTESIAN_POINT ( 'NONE',  ( -25.28452580580533393, -7.839451771236521260, 2.946333169938793350 ) ) ;
#200 = CARTESIAN_POINT ( 'NONE',  ( -64.00000000000000000, -15.35000000000001208, -8.999999999999992895 ) ) ;
#201 = ORIENTED_EDGE ( 'NONE', *, *, #3535, .F. ) ;
#202 = B_SPLINE_CURVE_WITH_KNOTS ( 'NONE', 3,
 ( #3030, #1347, #4386, #1321, #2697, #3879, #465, #3856, #2474, #2114, #2518, #3836, #2787, #786, #1820, #2878, #762, #1442, #2136, #2829, #2811, #89, #1461, #4231, #3497, #2433, #4183, #3168, #3815 ),
 .UNSPECIFIED., .F., .F.,
 ( 4, 2, 1, 2, 2, 2, 2, 1, 2, 2, 2, 2, 1, 2, 2, 4 ),
 ( 0.000000000000000000, 0.1249999999999835965, 0.1874999999999759082, 0.2187499999999720779, 0.2499999999999682476, 0.3749999999999469313, 0.4374999999999346079, 0.4687499999999285571, 0.4843749999999273914, 0.4999999999999262257, 0.6249999999999367173, 0.6874999999999396039, 0.7187499999999412692, 0.7343749999999423794, 0.7499999999999433786, 1.000000000000000000 ),
 .UNSPECIFIED. ) ;
#203 = LINE ( 'NONE', #631, #624 ) ;
#204 = CARTESIAN_POINT ( 'NONE',  ( -55.77120846434426227, -8.945808738264217297, 1.483506666448840772 ) ) ;
#205 = CARTESIAN_POINT ( 'NONE',  ( -103.7956561226753109, -12.83878118451118944, -4.178456691497203224 ) ) ;
#206 = CARTESIAN_POINT ( 'NONE',  ( -24.30352777969217115, -9.460057813179798103, 3.040565293240729439 ) ) ;
#207 = ORIENTED_EDGE ( 'NONE', *, *, #2031, .F. ) ;
#208 = PLANE ( 'NONE',  #3556 ) ;
#209 = CARTESIAN_POINT ( 'NONE',  ( -88.07173868175567577, -17.76145235005564160, 4.469958214375856720 ) ) ;
#210 = CARTESIAN_POINT ( 'NONE',  ( -54.58290527998790509, -28.29914696283494635, 1.136290541486616013 ) ) ;
#211 = EDGE_CURVE ( 'NONE', #224, #2001, #4395, .T. ) ;
#212 = CARTESIAN_POINT ( 'NONE',  ( -21.49999999999999645, -30.00000000000000000, 0.5000000000000038858 ) ) ;
#213 = FACE_BOUND ( 'NONE', #276, .T. ) ;
#214 = ORIENTED_EDGE ( 'NONE', *, *, #1507, .F. ) ;
#215 = ORIENTED_EDGE ( 'NONE', *, *, #99, .T. ) ;
#216 = ADVANCED_FACE ( 'NONE', ( #4066 ), #2275, .F. ) ;
#217 = DIRECTION ( 'NONE',  ( 0.000000000000000000, 1.000000000000000000, 0.000000000000000000 ) ) ;
#218 = EDGE_CURVE ( 'NONE', #1027, #3545, #1330, .T. ) ;
#219 = DIRECTION ( 'NONE',  ( -0.9941318082362631259, -0.04832920798426169895, -0.09677931343273528386 ) ) ;
#220 = ADVANCED_FACE ( 'NONE', ( #3323 ), #3202, .T. ) ;
#221 = CARTESIAN_POINT ( 'NONE',  ( -99.98999999999999488, 0.000000000000000000, -1.499999999999998446 ) ) ;
#222 = CARTESIAN_POINT ( 'NONE',  ( -25.06125859835358938, -7.539149217830869887, 3.040506510364902049 ) ) ;
#223 = CARTESIAN_POINT ( 'NONE',  ( -56.32498152629786858, -12.06125946747072142, 1.657413060288790874 ) ) ;
#224 = VERTEX_POINT ( 'NONE', #4041 ) ;
#225 = DIRECTION ( 'NONE',  ( -4.625929269271483942E-16, 0.000000000000000000, -1.000000000000000000 ) ) ;
#226 = CARTESIAN_POINT ( 'NONE',  ( -100.4620315065512273, -13.82836703952931678, -6.295814203954227750 ) ) ;
#227 = CARTESIAN_POINT ( 'NONE',  ( -57.47848468603669403, -12.96127494427860150, 2.045057753448015436 ) ) ;
#228 = DIRECTION ( 'NONE',  ( 0.000000000000000000, -1.000000000000000000, -0.000000000000000000 ) ) ;
#229 = ORIENTED_EDGE ( 'NONE', *, *, #354, .T. ) ;
#230 = CARTESIAN_POINT ( 'NONE',  ( -61.72421923257471832, -9.576199739733885608, 3.784446492323700895 ) ) ;
#231 = ADVANCED_FACE ( 'NONE', ( #3681 ), #208, .F. ) ;
#232 = CARTESIAN_POINT ( 'NONE',  ( -23.99999999999999289, -30.00000000000000000, 0.5000000000000047740 ) ) ;
#233 = CARTESIAN_POINT ( 'NONE',  ( -60.06861950570917230, -12.55458253591269013, 2.584070960674635042 ) ) ;
#234 = CARTESIAN_POINT ( 'NONE',  ( -84.23258276290701474, -0.5047271418549799105, 2.696405684125131597 ) ) ;
#235 = CARTESIAN_POINT ( 'NONE',  ( -104.6570598645764392, -1.159204278400317589, -0.9283818807201850154 ) ) ;
#236 = ORIENTED_EDGE ( 'NONE', *, *, #3610, .F. ) ;
#237 = ORIENTED_EDGE ( 'NONE', *, *, #2662, .F. ) ;
#238 = EDGE_CURVE ( 'NONE', #2645, #1293, #865, .T. ) ;
#239 = DIRECTION ( 'NONE',  ( 0.000000000000000000, 0.000000000000000000, 1.000000000000000000 ) ) ;
#240 = FACE_OUTER_BOUND ( 'NONE', #594, .T. ) ;
#241 = ORIENTED_EDGE ( 'NONE', *, *, #156, .F. ) ;
#242 = EDGE_CURVE ( 'NONE', #4394, #4064, #1908, .T. ) ;
#243 = CYLINDRICAL_SURFACE ( 'NONE', #843, 1.000000000000000000 ) ;
#244 = CARTESIAN_POINT ( 'NONE',  ( -29.06506503762887306, -7.365694703509968910, 1.570112558193832220 ) ) ;
#245 = ORIENTED_EDGE ( 'NONE', *, *, #3787, .T. ) ;
#246 = CARTESIAN_POINT ( 'NONE',  ( -102.4355381593809682, -0.8758161477579410326, -4.691979387968038928 ) ) ;
#247 = CARTESIAN_POINT ( 'NONE',  ( -56.41930385292664596, -7.827612580251978258, 1.687741998664731513 ) ) ;
#248 = CARTESIAN_POINT ( 'NONE',  ( -60.26036103834667301, -12.91235265329751059, 3.127693299434748830 ) ) ;
#249 = DIRECTION ( 'NONE',  ( 0.000000000000000000, 0.000000000000000000, 1.000000000000000000 ) ) ;
#250 = ORIENTED_EDGE ( 'NONE', *, *, #1940, .F. ) ;
#251 = CARTESIAN_POINT ( 'NONE',  ( -64.36969411118725759, 0.000000000000000000, 4.000000000000012434 ) ) ;
#252 = CARTESIAN_POINT ( 'NONE',  ( -88.09814568666480739, -18.32767204687751672, 3.887207663213919862 ) ) ;
#253 = CARTESIAN_POINT ( 'NONE',  ( -65.81081323375609315, 0.000000000000000000, 4.497630881310140438 ) ) ;
#254 = PLANE ( 'NONE',  #3562 ) ;
#255 = CARTESIAN_POINT ( 'NONE',  ( -24.59414415915225760, -11.34301378888867440, 2.886816658244529155 ) ) ;
#256 = EDGE_LOOP ( 'NONE', ( #3527, #3847 ) ) ;
#257 = ORIENTED_EDGE ( 'NONE', *, *, #2504, .F. ) ;
#258 = B_SPLINE_CURVE_WITH_KNOTS ( 'NONE', 3,
 ( #3746, #959, #673, #2362 ),
 .UNSPECIFIED., .F., .F.,
 ( 4, 4 ),
 ( 0.000000000000000000, 1.000000000000000000 ),
 .UNSPECIFIED. ) ;
#259 = CARTESIAN_POINT ( 'NONE',  ( -104.4906027955703252, -0.9757220610389013560, -1.675313891990590109 ) ) ;
#260 = CARTESIAN_POINT ( 'NONE',  ( -0.9769454751738085863, 0.000000000000000000, -13.17269573268893268 ) ) ;
#261 = ORIENTED_EDGE ( 'NONE', *, *, #4310, .T. ) ;
#262 = CARTESIAN_POINT ( 'NONE',  ( -59.00000000000000000, -10.00000000000000000, 8.000000000000008882 ) ) ;
#263 = VECTOR ( 'NONE', #2958, 1000.000000000000000 ) ;
#264 = DIRECTION ( 'NONE',  ( 0.000000000000000000, 0.000000000000000000, 1.000000000000000000 ) ) ;
#265 = CARTESIAN_POINT ( 'NONE',  ( -26.71662632756070721, -6.775953095849199137, 2.379968187582620409 ) ) ;
#266 = VECTOR ( 'NONE', #1674, 1000.000000000000114 ) ;
#267 = ORIENTED_EDGE ( 'NONE', *, *, #4318, .F. ) ;
#268 = CARTESIAN_POINT ( 'NONE',  ( -64.15000000000000568, -19.10000000000000497, -5.249999999999997335 ) ) ;
#269 = EDGE_CURVE ( 'NONE', #1301, #3137, #3414, .T. ) ;
#270 = CARTESIAN_POINT ( 'NONE',  ( -99.98999999999999488, -0.7569275644141899573, -3.499999999999992895 ) ) ;
#271 = AXIS2_PLACEMENT_3D ( 'NONE', #3540, #132, #724 ) ;
#272 = CARTESIAN_POINT ( 'NONE',  ( -89.98999999999999488, 1.000000000000000000, -1.499999999999999778 ) ) ;
#273 = EDGE_CURVE ( 'NONE', #2177, #2645, #3775, .T. ) ;
#274 = DIRECTION ( 'NONE',  ( -1.000000000000000000, 0.000000000000000000, 7.575620348129778241E-17 ) ) ;
#275 = VECTOR ( 'NONE', #454, 1000.000000000000227 ) ;
#276 = EDGE_LOOP ( 'NONE', ( #115, #2690 ) ) ;
#277 = DIRECTION ( 'NONE',  ( -1.000000000000000000, 0.000000000000000000, 0.000000000000000000 ) ) ;
#278 = CARTESIAN_POINT ( 'NONE',  ( -61.11238666972767675, -11.76858509646699247, 3.128430472906525317 ) ) ;
#279 = CARTESIAN_POINT ( 'NONE',  ( -104.1673733745319481, -12.74210313115369253, -3.683906990666604653 ) ) ;
#280 = CARTESIAN_POINT ( 'NONE',  ( -84.44426424301110501, -0.001179593729265939568, -6.984190189904586177 ) ) ;
#281 = VERTEX_POINT ( 'NONE', #2008 ) ;
#282 = ORIENTED_EDGE ( 'NONE', *, *, #2769, .T. ) ;
#283 = DIRECTION ( 'NONE',  ( -0.000000000000000000, -1.000000000000000000, -0.000000000000000000 ) ) ;
#284 = DIRECTION ( 'NONE',  ( 0.000000000000000000, 0.000000000000000000, 1.000000000000000000 ) ) ;
#285 = VERTEX_POINT ( 'NONE', #3704 ) ;
#286 = LINE ( 'NONE', #334, #2859 ) ;
#287 = B_SPLINE_CURVE_WITH_KNOTS ( 'NONE', 3,
 ( #4347, #656, #3390, #4419 ),
 .UNSPECIFIED., .F., .F.,
 ( 4, 4 ),
 ( 0.000000000000000000, 1.000000000000000000 ),
 .UNSPECIFIED. ) ;
#288 = CARTESIAN_POINT ( 'NONE',  ( -77.06860541396564201, -21.25344748027784547, 1.502983938248682927 ) ) ;
#289 = VERTEX_POINT ( 'NONE', #1286 ) ;
#290 = PLANE ( 'NONE',  #2628 ) ;
#291 = CARTESIAN_POINT ( 'NONE',  ( -88.26001627540193795, -0.1866804217502124885, 3.966315571230540016 ) ) ;
#292 = ADVANCED_FACE ( 'NONE', ( #4372 ), #1486, .T. ) ;
#293 = CARTESIAN_POINT ( 'NONE',  ( -61.97366676070343061, -10.62470045515076045, 3.904041035623806444 ) ) ;
#294 = CARTESIAN_POINT ( 'NONE',  ( -29.73239774719028006, -9.642650619187424610, 0.7021418699943628994 ) ) ;
#295 = ORIENTED_EDGE ( 'NONE', *, *, #1006, .T. ) ;
#296 = CARTESIAN_POINT ( 'NONE',  ( -61.74785713472429194, -9.775806264975990700, 3.795598856514414532 ) ) ;
#297 = EDGE_CURVE ( 'NONE', #4192, #2320, #4080, .T. ) ;
#298 = EDGE_CURVE ( 'NONE', #4030, #506, #1551, .T. ) ;
#299 = CARTESIAN_POINT ( 'NONE',  ( -79.99000000000000909, 0.000000000000000000, -1.999999999999997780 ) ) ;
#300 = CARTESIAN_POINT ( 'NONE',  ( -57.27351828944768641, -12.14717580309379841, 1.338984984824759694 ) ) ;
#301 = FACE_OUTER_BOUND ( 'NONE', #3238, .T. ) ;
#302 = CARTESIAN_POINT ( 'NONE',  ( -29.20482460245290213, -11.65276485377553861, 0.8823221971515932127 ) ) ;
#303 = VERTEX_POINT ( 'NONE', #1849 ) ;
#304 = ORIENTED_EDGE ( 'NONE', *, *, #3891, .T. ) ;
#305 = CARTESIAN_POINT ( 'NONE',  ( -26.99999999999999645, -10.00000000000000000, -8.999999999999996447 ) ) ;
#306 = DIRECTION ( 'NONE',  ( 0.000000000000000000, 0.000000000000000000, -1.000000000000000000 ) ) ;
#307 = CARTESIAN_POINT ( 'NONE',  ( -56.98579247069363163, -11.88113790561207317, 1.227034817743327011 ) ) ;
#308 = CARTESIAN_POINT ( 'NONE',  ( -29.68755746950686358, -29.97451547307858633, 0.8071340326644023122 ) ) ;
#309 = DIRECTION ( 'NONE',  ( -0.000000000000000000, -1.000000000000000000, -0.000000000000000000 ) ) ;
#310 = CARTESIAN_POINT ( 'NONE',  ( -77.66419186585441992, -21.06076670037876042, 1.501502195871614376 ) ) ;
#311 = VERTEX_POINT ( 'NONE', #3523 ) ;
#312 = CARTESIAN_POINT ( 'NONE',  ( -84.74557293452191686, -18.76977145532875468, 2.888815919922077757 ) ) ;
#313 = CARTESIAN_POINT ( 'NONE',  ( -29.65867618762737479, -29.96707136400383931, 0.8110960357676300081 ) ) ;
#314 = B_SPLINE_CURVE_WITH_KNOTS ( 'NONE', 3,
 ( #4115, #2421, #2734, #2398 ),
 .UNSPECIFIED., .F., .F.,
 ( 4, 4 ),
 ( 0.000000000000000000, 1.000000000000000000 ),
 .UNSPECIFIED. ) ;
#315 = VECTOR ( 'NONE', #4352, 1000.000000000000000 ) ;
#316 = CARTESIAN_POINT ( 'NONE',  ( -58.68000783164708167, -13.25351303326020691, 2.486562526725705879 ) ) ;
#317 = CARTESIAN_POINT ( 'NONE',  ( -56.38771325067055074, -9.122762163196362906, 1.003938024131743489 ) ) ;
#318 = EDGE_LOOP ( 'NONE', ( #145, #1095, #3112, #3907, #3062 ) ) ;
#319 = CARTESIAN_POINT ( 'NONE',  ( -61.30958533334914762, -8.493321675760064693, 3.591877629612309608 ) ) ;
#320 = CARTESIAN_POINT ( 'NONE',  ( -64.00000000000000000, -20.19999999999999929, -8.999999999999992895 ) ) ;
#321 = CARTESIAN_POINT ( 'NONE',  ( -23.99999999999999289, -15.84999999999999964, -1.999999999999995337 ) ) ;
#322 = DIRECTION ( 'NONE',  ( -1.000000000000000000, 0.000000000000000000, 7.575620348129778241E-17 ) ) ;
#323 = DIRECTION ( 'NONE',  ( -4.625929269271483942E-16, 0.000000000000000000, -1.000000000000000000 ) ) ;
#324 = EDGE_LOOP ( 'NONE', ( #1752, #1269, #352, #236 ) ) ;
#325 = ORIENTED_EDGE ( 'NONE', *, *, #1828, .F. ) ;
#326 = EDGE_CURVE ( 'NONE', #164, #3165, #496, .T. ) ;
#327 = CARTESIAN_POINT ( 'NONE',  ( -84.44426424301110501, -0.001179593729265939568, 11.00000000000001066 ) ) ;
#328 = CARTESIAN_POINT ( 'NONE',  ( -24.13739221614351749, -11.09581209048346295, 3.442846499218465972 ) ) ;
#329 = CARTESIAN_POINT ( 'NONE',  ( -57.25164031760775174, -12.13048121607075913, 1.330393020902329582 ) ) ;
#330 = VERTEX_POINT ( 'NONE', #4256 ) ;
#331 = AXIS2_PLACEMENT_3D ( 'NONE', #3819, #1326, #1740 ) ;
#332 = PLANE ( 'NONE',  #344 ) ;
#333 = AXIS2_PLACEMENT_3D ( 'NONE', #4014, #1932, #1909 ) ;
#334 = CARTESIAN_POINT ( 'NONE',  ( -99.98999999999999488, 1.000000000000000000, -0.4999999999999985012 ) ) ;
#335 = CARTESIAN_POINT ( 'NONE',  ( -83.91239685478878130, -19.03932381355942383, 2.583427851523564467 ) ) ;
#336 = MANIFOLD_SOLID_BREP ( '\X2\976253d6308a\X0\7', #621 ) ;
#337 = AXIS2_PLACEMENT_3D ( 'NONE', #2282, #3644, #1941 ) ;
#338 = CARTESIAN_POINT ( 'NONE',  ( -25.57314342730307999, -25.12909333248099841, 2.828484990908886942 ) ) ;
#339 = CARTESIAN_POINT ( 'NONE',  ( -18.35247065561925695, -4.150000000000000355, -1.999999999999995781 ) ) ;
#340 = VECTOR ( 'NONE', #139, 1000.000000000000114 ) ;
#341 = CARTESIAN_POINT ( 'NONE',  ( -87.95662649225440077, -0.1719312830459061026, 3.898253459400119247 ) ) ;
#342 = CARTESIAN_POINT ( 'NONE',  ( -58.46735552205859676, -7.297085859503068761, 1.835559589662566715 ) ) ;
#343 = ORIENTED_EDGE ( 'NONE', *, *, #3254, .F. ) ;
#344 = AXIS2_PLACEMENT_3D ( 'NONE', #2384, #1660, #697 ) ;
#345 = VECTOR ( 'NONE', #2618, 1000.000000000000000 ) ;
#346 = CARTESIAN_POINT ( 'NONE',  ( -58.00938177925005590, -6.847934556385219196, 2.235337834409227842 ) ) ;
#347 = DIRECTION ( 'NONE',  ( 0.000000000000000000, 1.000000000000000000, 0.000000000000000000 ) ) ;
#348 = LINE ( 'NONE', #3213, #678 ) ;
#349 = AXIS2_PLACEMENT_3D ( 'NONE', #2299, #249, #2051 ) ;
#350 = CARTESIAN_POINT ( 'NONE',  ( -104.9900577047700807, -12.52813393233034844, -1.344882218177404054 ) ) ;
#351 = CARTESIAN_POINT ( 'NONE',  ( -27.84749444228602044, -12.62132811538501542, 1.390831384556724837 ) ) ;
#352 = ORIENTED_EDGE ( 'NONE', *, *, #3881, .F. ) ;
#353 = DIRECTION ( 'NONE',  ( -1.000000000000000000, 0.000000000000000000, 8.163404592832032733E-17 ) ) ;
#354 = EDGE_CURVE ( 'NONE', #3536, #3361, #853, .T. ) ;
#355 = DIRECTION ( 'NONE',  ( -0.000000000000000000, -0.000000000000000000, -1.000000000000000000 ) ) ;
#356 = CARTESIAN_POINT ( 'NONE',  ( -61.75000000000000000, -10.00000000000000000, -2.000000000000000000 ) ) ;
#357 = CARTESIAN_POINT ( 'NONE',  ( -56.56011730720612007, -11.28202105050099391, 1.066999058439855874 ) ) ;
#358 = EDGE_CURVE ( 'NONE', #1659, #2102, #498, .T. ) ;
#359 = ORIENTED_EDGE ( 'NONE', *, *, #3106, .F. ) ;
#360 = CARTESIAN_POINT ( 'NONE',  ( -29.65611773009160856, -29.96666357349112886, 0.8114486603785154850 ) ) ;
#361 = DIRECTION ( 'NONE',  ( 0.000000000000000000, -0.7071067811865489050, 0.7071067811865462405 ) ) ;
#362 = EDGE_CURVE ( 'NONE', #1831, #1204, #1262, .T. ) ;
#363 = CARTESIAN_POINT ( 'NONE',  ( -82.91693560171063382, -19.36137942551479085, 2.269875234564643129 ) ) ;
#364 = CARTESIAN_POINT ( 'NONE',  ( -99.98999999999999488, -0.7569275644141899573, -0.4999999999999985012 ) ) ;
#365 = FACE_OUTER_BOUND ( 'NONE', #1899, .T. ) ;
#366 = DIRECTION ( 'NONE',  ( -0.000000000000000000, -1.000000000000000000, -0.000000000000000000 ) ) ;
#367 = DIRECTION ( 'NONE',  ( -0.000000000000000000, -1.000000000000000000, -0.000000000000000000 ) ) ;
#368 = VERTEX_POINT ( 'NONE', #433 ) ;
#369 = CARTESIAN_POINT ( 'NONE',  ( -60.67312369580164955, -7.806016874973187747, 3.306310097088976274 ) ) ;
#370 = FACE_OUTER_BOUND ( 'NONE', #2536, .T. ) ;
#371 = CARTESIAN_POINT ( 'NONE',  ( -103.1176638564392647, -13.01512303747768584, -4.829454741868336676 ) ) ;
#372 = CARTESIAN_POINT ( 'NONE',  ( -106.3591576200138888, -1.569517738812777674, 2.706711704274693098 ) ) ;
#373 = ORIENTED_EDGE ( 'NONE', *, *, #933, .T. ) ;
#374 = CARTESIAN_POINT ( 'NONE',  ( -66.19805235200129800, -24.74210330337643882, 4.922337010330180007 ) ) ;
#375 = CARTESIAN_POINT ( 'NONE',  ( -64.44841515518150743, -25.78677073027670019, 4.484775629466694724 ) ) ;
#376 = CARTESIAN_POINT ( 'NONE',  ( -29.09378667910948479, -12.61291941467138500, 1.561102964567950391 ) ) ;
#377 = CARTESIAN_POINT ( 'NONE',  ( -87.97334631832356422, -0.6832923736550204907, 4.447879059503461185 ) ) ;
#378 = EDGE_LOOP ( 'NONE', ( #3749, #2132, #2506, #3590 ) ) ;
#379 = CARTESIAN_POINT ( 'NONE',  ( -29.84871559526711948, -29.99839134070312241, 0.7851031690136178742 ) ) ;
#380 = FACE_OUTER_BOUND ( 'NONE', #1653, .T. ) ;
#381 = CARTESIAN_POINT ( 'NONE',  ( -79.76686010697528673, -20.38050276867466337, 1.638287720748673904 ) ) ;
#382 = EDGE_CURVE ( 'NONE', #2178, #1244, #4237, .T. ) ;
#383 = CARTESIAN_POINT ( 'NONE',  ( -24.66408898275704686, -24.20963530107214012, 3.207770773915151974 ) ) ;
#384 = CARTESIAN_POINT ( 'NONE',  ( -29.52656008300019863, -29.92183244358938055, 0.8292877270353193886 ) ) ;
#385 = CIRCLE ( 'NONE', #1530, 2.749999999999999112 ) ;
#386 = FACE_OUTER_BOUND ( 'NONE', #2516, .T. ) ;
#387 = DIRECTION ( 'NONE',  ( -1.000000000000000000, 0.000000000000000000, 0.000000000000000000 ) ) ;
#388 = ORIENTED_EDGE ( 'NONE', *, *, #3334, .F. ) ;
#389 = AXIS2_PLACEMENT_3D ( 'NONE', #1985, #685, #968 ) ;
#390 = CARTESIAN_POINT ( 'NONE',  ( -57.22176354184556857, -7.888956598576462476, 1.954511662826756258 ) ) ;
#391 = CARTESIAN_POINT ( 'NONE',  ( -30.32310368922825106, -10.63600990913604605, 1.195181419792731958 ) ) ;
#392 = FACE_OUTER_BOUND ( 'NONE', #2014, .T. ) ;
#393 = VERTEX_POINT ( 'NONE', #1468 ) ;
#394 = ORIENTED_EDGE ( 'NONE', *, *, #81, .T. ) ;
#395 = B_SPLINE_SURFACE_WITH_KNOTS ( 'NONE', 1, 3, ( 
 ( #848, #4361, #1298, #3920, #2623, #511, #197, #1882, #3941, #174, #2920, #4274, #2245, #3602, #623, #3051, #3718, #3454 ),
 ( #20, #4410, #379, #2672, #3743, #308, #360, #1344, #958, #1684, #2721, #1028, #3407, #4079, #649, #2334, #1320, #43 ) ),
 .UNSPECIFIED., .F., .F., .F.,
 ( 2, 2 ),
 ( 4, 2, 2, 2, 2, 2, 2, 2, 4 ),
 ( 0.000000000000000000, 1.000000000000000000 ),
 ( 0.000000000000000000, 4.744534647705200223E-05, 9.489069295410400447E-05, 0.0001423360394311559999, 0.0001897813859082080089, 0.0002372267323852600179, 0.0002846720788623119999, 0.0003321174253393640360, 0.0003795627718164160179 ),
 .UNSPECIFIED. ) ;
#396 = CARTESIAN_POINT ( 'NONE',  ( -81.87150011872559219, -20.29154912767467778, 1.415983457264938572 ) ) ;
#397 = CARTESIAN_POINT ( 'NONE',  ( -26.75213132244771685, -13.22879713240298472, 2.366642883247440210 ) ) ;
#398 = CARTESIAN_POINT ( 'NONE',  ( -61.34085258577251665, -11.45762064894385190, 3.606216463600302902 ) ) ;
#399 = VERTEX_POINT ( 'NONE', #2838 ) ;
#400 = VERTEX_POINT ( 'NONE', #4193 ) ;
#401 = DIRECTION ( 'NONE',  ( 0.000000000000000000, -1.000000000000000000, 0.000000000000000000 ) ) ;
#402 = CARTESIAN_POINT ( 'NONE',  ( -71.44636975155546565, -23.07238203397462328, 2.412624975474335187 ) ) ;
#403 = AXIS2_PLACEMENT_3D ( 'NONE', #3419, #347, #1723 ) ;
#404 = CARTESIAN_POINT ( 'NONE',  ( -25.82626221248580833, -25.38511139444794296, 2.726042725746028683 ) ) ;
#405 = CARTESIAN_POINT ( 'NONE',  ( -84.96519856249861391, -12.00000000000000000, -1.066874950121532439 ) ) ;
#406 = ADVANCED_FACE ( 'NONE', ( #1128 ), #3292, .T. ) ;
#407 = EDGE_CURVE ( 'NONE', #1204, #3443, #3033, .T. ) ;
#408 = CARTESIAN_POINT ( 'NONE',  ( -64.29926439942920524, -25.83381271261045597, 4.426803816893065679 ) ) ;
#409 = DIRECTION ( 'NONE',  ( -8.163404592832033966E-17, -0.000000000000000000, -1.000000000000000000 ) ) ;
#410 = ADVANCED_FACE ( 'NONE', ( #3299 ), #2339, .T. ) ;
#411 = ORIENTED_EDGE ( 'NONE', *, *, #2965, .F. ) ;
#412 = CARTESIAN_POINT ( 'NONE',  ( -60.20621550920435539, -7.517505014319429080, 3.104279754538097791 ) ) ;
#413 = CIRCLE ( 'NONE', #1707, 1.499999999999997113 ) ;
#414 = ADVANCED_FACE ( 'NONE', ( #940 ), #1616, .T. ) ;
#415 = CARTESIAN_POINT ( 'NONE',  ( -21.49999999999999289, -0.5047271171895393316, 4.731159986743394441 ) ) ;
#416 = CARTESIAN_POINT ( 'NONE',  ( -69.99000000000000909, 1.000000000000000000, -2.500000000000003109 ) ) ;
#417 = VERTEX_POINT ( 'NONE', #584 ) ;
#418 = CARTESIAN_POINT ( 'NONE',  ( -65.92447090832428103, -24.78392382855691878, 4.994054299588619905 ) ) ;
#419 = VECTOR ( 'NONE', #4122, 1000.000000000000114 ) ;
#420 = CARTESIAN_POINT ( 'NONE',  ( -29.69682802813460043, -10.53816223080742454, 0.7140167689015415320 ) ) ;
#421 = CARTESIAN_POINT ( 'NONE',  ( -27.36651702635060701, -13.25058798019474615, 2.141218281576510840 ) ) ;
#422 = CARTESIAN_POINT ( 'NONE',  ( -42.55799999999999272, -30.00000000000000000, 44.50000000000000711 ) ) ;
#423 = VERTEX_POINT ( 'NONE', #1954 ) ;
#424 = ORIENTED_EDGE ( 'NONE', *, *, #1346, .F. ) ;
#425 = CARTESIAN_POINT ( 'NONE',  ( -64.15000000000000568, 5.545013348348540205, -1.999999999999992228 ) ) ;
#426 = CARTESIAN_POINT ( 'NONE',  ( -74.24328904441863131, -22.16751086151518635, 1.753705944665302052 ) ) ;
#427 = ADVANCED_FACE ( 'NONE', ( #874, #3318, #4343 ), #290, .T. ) ;
#428 = FACE_OUTER_BOUND ( 'NONE', #2007, .T. ) ;
#429 = DIRECTION ( 'NONE',  ( 0.9960911728825841971, 0.04842446149161808155, -0.07387453441237035179 ) ) ;
#430 = CARTESIAN_POINT ( 'NONE',  ( -84.24821675665587861, -0.5053113379763808366, 2.702079942434841620 ) ) ;
#431 = ORIENTED_EDGE ( 'NONE', *, *, #1759, .T. ) ;
#432 = ADVANCED_FACE ( 'NONE', ( #2989 ), #1595, .T. ) ;
#433 = CARTESIAN_POINT ( 'NONE',  ( -69.99000000000000909, 0.000000000000000000, -3.500000000000003109 ) ) ;
#434 = CARTESIAN_POINT ( 'NONE',  ( -84.96519856249859970, -2.000000000000000000, -5.566874950121314392 ) ) ;
#435 = CARTESIAN_POINT ( 'NONE',  ( -62.68471300997478579, -25.80682874671480675, -9.097547510360485035 ) ) ;
#436 = EDGE_LOOP ( 'NONE', ( #1002, #237, #2699, #359 ) ) ;
#437 = EDGE_CURVE ( 'NONE', #3165, #93, #2855, .T. ) ;
#438 = CARTESIAN_POINT ( 'NONE',  ( -65.97985297627866430, -24.77545673141649729, 4.985648153209998767 ) ) ;
#439 = CARTESIAN_POINT ( 'NONE',  ( -66.36358403214865120, -24.71678581523790896, 4.833333333333349913 ) ) ;
#440 = CARTESIAN_POINT ( 'NONE',  ( -27.85690528885707096, -12.61912721398130444, 1.387047301137197763 ) ) ;
#441 = CARTESIAN_POINT ( 'NONE',  ( -61.17795550029519802, -11.68872208322846440, 3.164045274478755498 ) ) ;
#442 = EDGE_LOOP ( 'NONE', ( #2576, #1768, #4336, #2980, #2569, #2617 ) ) ;
#443 = VERTEX_POINT ( 'NONE', #2269 ) ;
#444 = DIRECTION ( 'NONE',  ( 0.9972611121283910807, 0.000000000000000000, -0.07396130229007839840 ) ) ;
#445 = FACE_OUTER_BOUND ( 'NONE', #1742, .T. ) ;
#446 = CARTESIAN_POINT ( 'NONE',  ( -24.62368839321989000, -8.604148490558847229, 2.871359159839765418 ) ) ;
#447 = CARTESIAN_POINT ( 'NONE',  ( -75.55562779513000748, -21.74293735161898766, 1.586992217042289210 ) ) ;
#448 = FACE_OUTER_BOUND ( 'NONE', #3173, .T. ) ;
#449 = CARTESIAN_POINT ( 'NONE',  ( -69.99000000000000909, 0.000000000000000000, -2.000000000000006217 ) ) ;
#450 = LINE ( 'NONE', #4277, #3705 ) ;
#451 = ORIENTED_EDGE ( 'NONE', *, *, #3412, .F. ) ;
#452 = CARTESIAN_POINT ( 'NONE',  ( -56.28437652471920671, -9.557560238906519956, 0.9667020225609143091 ) ) ;
#453 = CARTESIAN_POINT ( 'NONE',  ( -102.9958843703074507, -13.04679497798483112, -4.924300994390462982 ) ) ;
#454 = DIRECTION ( 'NONE',  ( -0.9513129661531343206, 0.3000430505492260314, 0.07055358421823695880 ) ) ;
#455 = VECTOR ( 'NONE', #4098, 1000.000000000000114 ) ;
#456 = VERTEX_POINT ( 'NONE', #2629 ) ;
#457 = CARTESIAN_POINT ( 'NONE',  ( -88.03179087394714486, -17.76755968783361439, 4.458894712483999712 ) ) ;
#458 = CARTESIAN_POINT ( 'NONE',  ( -76.00984737218639964, -21.59598698777209691, 1.527724398922978510 ) ) ;
#459 = CARTESIAN_POINT ( 'NONE',  ( -29.16567260565495090, -11.70470479049632573, 0.8960607974549139598 ) ) ;
#460 = CARTESIAN_POINT ( 'NONE',  ( -58.68423531263538706, -13.25362595610874727, 2.488191036194248085 ) ) ;
#461 = ORIENTED_EDGE ( 'NONE', *, *, #2030, .T. ) ;
#462 = ORIENTED_EDGE ( 'NONE', *, *, #4055, .T. ) ;
#463 = EDGE_CURVE ( 'NONE', #2102, #506, #3676, .T. ) ;
#464 = DIRECTION ( 'NONE',  ( 1.000000000000000000, 0.000000000000000000, 8.672384569055758038E-16 ) ) ;
#465 = CARTESIAN_POINT ( 'NONE',  ( -104.8597728766294210, -1.520505061410310166, -2.063302291009245781 ) ) ;
#466 = ADVANCED_FACE ( 'NONE', ( #2605 ), #2500, .T. ) ;
#467 = CARTESIAN_POINT ( 'NONE',  ( -70.28064129582786279, -23.44952061483268224, 2.817132539702098537 ) ) ;
#468 = B_SPLINE_SURFACE_WITH_KNOTS ( 'NONE', 1, 3, ( 
 ( #2856, #1823, #3189, #4214 ),
 ( #1185, #111, #2163, #788 ) ),
 .UNSPECIFIED., .F., .F., .F.,
 ( 2, 2 ),
 ( 4, 4 ),
 ( 0.000000000000000000, 1.000000000000000000 ),
 ( 0.000000000000000000, 0.0001454999562618816613 ),
 .UNSPECIFIED. ) ;
#469 = PLANE ( 'NONE',  #2985 ) ;
#470 = AXIS2_PLACEMENT_3D ( 'NONE', #299, #4396, #3065 ) ;
#471 = DIRECTION ( 'NONE',  ( 0.000000000000000000, 0.000000000000000000, 1.000000000000000000 ) ) ;
#472 = DIRECTION ( 'NONE',  ( 4.625929269271483942E-16, 0.000000000000000000, 1.000000000000000000 ) ) ;
#473 = ORIENTED_EDGE ( 'NONE', *, *, #4292, .F. ) ;
#474 = CARTESIAN_POINT ( 'NONE',  ( -64.15000000000000568, -15.84999999999999964, -1.999999999999992228 ) ) ;
#475 = CARTESIAN_POINT ( 'NONE',  ( -55.66516904541840915, -9.374276008891587963, 1.451165873919126659 ) ) ;
#476 = CARTESIAN_POINT ( 'NONE',  ( -84.28174036313360773, -0.3364847447930262025, 2.536110861405432626 ) ) ;
#477 = VERTEX_POINT ( 'NONE', #1643 ) ;
#478 = CARTESIAN_POINT ( 'NONE',  ( -87.67451566768410487, -17.82218547975442746, 4.329548684152602078 ) ) ;
#479 = AXIS2_PLACEMENT_3D ( 'NONE', #579, #2919, #3649 ) ;
#480 = DIRECTION ( 'NONE',  ( 0.000000000000000000, 0.000000000000000000, -1.000000000000000000 ) ) ;
#481 = CARTESIAN_POINT ( 'NONE',  ( -66.15848797332633069, -25.24741566703992746, 4.456875830873515021 ) ) ;
#482 = VECTOR ( 'NONE', #1447, 1000.000000000000000 ) ;
#483 = CARTESIAN_POINT ( 'NONE',  ( -61.06422578290459313, -11.82557903436568481, 3.102368301325709954 ) ) ;
#484 = ORIENTED_EDGE ( 'NONE', *, *, #1146, .F. ) ;
#485 = ORIENTED_EDGE ( 'NONE', *, *, #3342, .F. ) ;
#486 = EDGE_CURVE ( 'NONE', #801, #606, #2676, .T. ) ;
#487 = CIRCLE ( 'NONE', #2568, 5.000000000000000000 ) ;
#488 = LINE ( 'NONE', #2691, #2113 ) ;
#489 = CARTESIAN_POINT ( 'NONE',  ( -68.90987398896238858, -23.89299938691803860, 3.400398042049841418 ) ) ;
#490 = AXIS2_PLACEMENT_3D ( 'NONE', #1872, #2273, #1891 ) ;
#491 = EDGE_CURVE ( 'NONE', #2801, #3536, #203, .T. ) ;
#492 = FACE_OUTER_BOUND ( 'NONE', #378, .T. ) ;
#493 = EDGE_CURVE ( 'NONE', #3045, #3137, #2428, .T. ) ;
#494 = CARTESIAN_POINT ( 'NONE',  ( -65.81081323375609315, -24.80130131258649584, 5.000000000000009770 ) ) ;
#495 = CARTESIAN_POINT ( 'NONE',  ( -50.93603867816828767, -29.49999999999999645, -8.999999999999994671 ) ) ;
#496 = B_SPLINE_CURVE_WITH_KNOTS ( 'NONE', 3,
 ( #1804, #3946, #1513, #2544 ),
 .UNSPECIFIED., .F., .F.,
 ( 4, 4 ),
 ( 0.000000000000000000, 1.000000000000000000 ),
 .UNSPECIFIED. ) ;
#497 = ORIENTED_EDGE ( 'NONE', *, *, #1374, .F. ) ;
#498 = LINE ( 'NONE', #3505, #3844 ) ;
#499 = CARTESIAN_POINT ( 'NONE',  ( -104.1694261217109272, -12.74158540084878233, -3.674818948584286371 ) ) ;
#500 = DIRECTION ( 'NONE',  ( -1.000000000000000000, 0.000000000000000000, 0.000000000000000000 ) ) ;
#501 = ORIENTED_EDGE ( 'NONE', *, *, #1698, .T. ) ;
#502 = CARTESIAN_POINT ( 'NONE',  ( -103.7914041238116738, -1.474032745896023622, -4.183023739552146125 ) ) ;
#503 = LINE ( 'NONE', #1158, #4387 ) ;
#504 = DIRECTION ( 'NONE',  ( -0.000000000000000000, -0.000000000000000000, -1.000000000000000000 ) ) ;
#505 = DIRECTION ( 'NONE',  ( 0.000000000000000000, 0.000000000000000000, 1.000000000000000000 ) ) ;
#506 = VERTEX_POINT ( 'NONE', #3631 ) ;
#507 = VERTEX_POINT ( 'NONE', #2296 ) ;
#508 = CARTESIAN_POINT ( 'NONE',  ( -50.93603867816828767, -29.49999999999999645, -8.999999999999994671 ) ) ;
#509 = LINE ( 'NONE', #3600, #3700 ) ;
#510 = ADVANCED_FACE ( 'NONE', ( #2002 ), #2949, .F. ) ;
#511 = CARTESIAN_POINT ( 'NONE',  ( -29.95202682764580260, -29.45799049792395863, 1.301739875759083009 ) ) ;
#512 = CARTESIAN_POINT ( 'NONE',  ( -28.30545827962965788, -7.567727661190937205, 1.815753707583428689 ) ) ;
#513 = CARTESIAN_POINT ( 'NONE',  ( -50.93603867816828767, -28.99999999999999645, 11.00000000000001066 ) ) ;
#514 = EDGE_LOOP ( 'NONE', ( #431, #2042, #2351, #2290, #3680, #795, #2195, #4116 ) ) ;
#515 = CARTESIAN_POINT ( 'NONE',  ( -55.70717535606212323, -9.157798997173419053, 1.463955623647736015 ) ) ;
#516 = CARTESIAN_POINT ( 'NONE',  ( -25.55991398157284422, -7.179932602235617800, 2.833469569067586846 ) ) ;
#517 = FACE_OUTER_BOUND ( 'NONE', #2948, .T. ) ;
#518 = EDGE_LOOP ( 'NONE', ( #1364, #2592, #1432, #2644 ) ) ;
#519 = CARTESIAN_POINT ( 'NONE',  ( -84.43268775238313140, -0.4999999999999993339, -7.484621352348252543 ) ) ;
#520 = DIRECTION ( 'NONE',  ( -0.000000000000000000, -0.000000000000000000, 1.000000000000000000 ) ) ;
#521 = CARTESIAN_POINT ( 'NONE',  ( -87.67451566768410487, -17.82218547975442746, 4.329548684152602078 ) ) ;
#522 = AXIS2_PLACEMENT_3D ( 'NONE', #2957, #1198, #147 ) ;
#523 = CARTESIAN_POINT ( 'NONE',  ( -104.3278297678061506, -13.20884775412421597, 2.402312363191096534 ) ) ;
#524 = CARTESIAN_POINT ( 'NONE',  ( -100.0014193964166793, -14.03336767169333044, 3.325641241753654942 ) ) ;
#525 = ORIENTED_EDGE ( 'NONE', *, *, #99, .F. ) ;
#526 = EDGE_LOOP ( 'NONE', ( #2925, #4378, #715, #3265 ) ) ;
#527 = B_SPLINE_CURVE_WITH_KNOTS ( 'NONE', 3,
 ( #3196, #794, #1830, #3136 ),
 .UNSPECIFIED., .F., .F.,
 ( 4, 4 ),
 ( 0.000000000000000000, 1.000000000000000000 ),
 .UNSPECIFIED. ) ;
#528 = AXIS2_PLACEMENT_3D ( 'NONE', #3232, #2207, #471 ) ;
#529 = CARTESIAN_POINT ( 'NONE',  ( -21.50000000000000000, -30.00000000000000000, -8.999999999999996447 ) ) ;
#530 = CARTESIAN_POINT ( 'NONE',  ( -23.99999999999999289, -6.649999999999999467, -1.999999999999993117 ) ) ;
#531 = CYLINDRICAL_SURFACE ( 'NONE', #4125, 1.500000000000001332 ) ;
#532 = CARTESIAN_POINT ( 'NONE',  ( -25.33152890070141439, -7.806838032087300761, 2.512019176683702337 ) ) ;
#533 = DIRECTION ( 'NONE',  ( 0.000000000000000000, -0.7071067811865500152, 0.7071067811865451302 ) ) ;
#534 = ORIENTED_EDGE ( 'NONE', *, *, #2554, .F. ) ;
#535 = CARTESIAN_POINT ( 'NONE',  ( -101.0173464882880268, -0.8068714870339314116, -5.530005822220893208 ) ) ;
#536 = CARTESIAN_POINT ( 'NONE',  ( -56.28016327025105880, -7.995484603058041984, 1.643049807199983947 ) ) ;
#537 = EDGE_CURVE ( 'NONE', #104, #1203, #1267, .T. ) ;
#538 = EDGE_CURVE ( 'NONE', #909, #1203, #3724, .T. ) ;
#539 = LINE ( 'NONE', #181, #1129 ) ;
#540 = AXIS2_PLACEMENT_3D ( 'NONE', #221, #1572, #1903 ) ;
#541 = DIRECTION ( 'NONE',  ( 0.000000000000000000, 0.000000000000000000, -1.000000000000000000 ) ) ;
#542 = ORIENTED_EDGE ( 'NONE', *, *, #298, .F. ) ;
#543 = CARTESIAN_POINT ( 'NONE',  ( -104.9250680867681780, -1.523345530276165594, -1.758122756389169483 ) ) ;
#544 = EDGE_CURVE ( 'NONE', #4402, #2826, #1445, .T. ) ;
#545 = EDGE_CURVE ( 'NONE', #689, #830, #3458, .T. ) ;
#546 = CARTESIAN_POINT ( 'NONE',  ( -24.30352777969215694, -9.460057813179798103, 3.040565293240703681 ) ) ;
#547 = CARTESIAN_POINT ( 'NONE',  ( -58.57843062070762841, -27.02453753139910475, 2.446527644603356144 ) ) ;
#548 = FACE_OUTER_BOUND ( 'NONE', #2916, .T. ) ;
#549 = CARTESIAN_POINT ( 'NONE',  ( -29.20710678118659231, -29.70710678118656745, 0.8736619824217043417 ) ) ;
#550 = AXIS2_PLACEMENT_3D ( 'NONE', #894, #2048, #3438 ) ;
#551 = ORIENTED_EDGE ( 'NONE', *, *, #140, .T. ) ;
#552 = ORIENTED_EDGE ( 'NONE', *, *, #684, .T. ) ;
#553 = VECTOR ( 'NONE', #126, 1000.000000000000000 ) ;
#554 = FACE_OUTER_BOUND ( 'NONE', #2399, .T. ) ;
#555 = CARTESIAN_POINT ( 'NONE',  ( -100.5876410673108694, -15.00000000000000000, -6.286498442434115042 ) ) ;
#556 = AXIS2_PLACEMENT_3D ( 'NONE', #887, #912, #4271 ) ;
#557 = VECTOR ( 'NONE', #1406, 1000.000000000000000 ) ;
#558 = CARTESIAN_POINT ( 'NONE',  ( -102.4338682849278115, -13.80620109751812663, -4.396960764953208312 ) ) ;
#559 = VECTOR ( 'NONE', #44, 1000.000000000000000 ) ;
#560 = CARTESIAN_POINT ( 'NONE',  ( -30.20483827643097996, -8.904386940049093369, 1.228676121857183778 ) ) ;
#561 = CARTESIAN_POINT ( 'NONE',  ( -57.87701017273229098, -13.11431595713789733, 2.187228660405042380 ) ) ;
#562 = EDGE_CURVE ( 'NONE', #2530, #1837, #4339, .T. ) ;
#563 = VERTEX_POINT ( 'NONE', #1688 ) ;
#564 = CARTESIAN_POINT ( 'NONE',  ( -101.2297752410642033, -1.357320034894407002, -5.999404664779291352 ) ) ;
#565 = CARTESIAN_POINT ( 'NONE',  ( -60.73052677829294765, -7.378671096463324197, 3.332113660896595331 ) ) ;
#566 = CARTESIAN_POINT ( 'NONE',  ( -27.94055561067960625, -6.837594967207909491, 1.939726349176727593 ) ) ;
#567 = EDGE_CURVE ( 'NONE', #3045, #4301, #413, .T. ) ;
#568 = CARTESIAN_POINT ( 'NONE',  ( -24.89160209156995407, -8.226655454030064263, 2.733046463138043336 ) ) ;
#569 = VERTEX_POINT ( 'NONE', #364 ) ;
#570 = DIRECTION ( 'NONE',  ( 0.000000000000000000, 0.000000000000000000, -1.000000000000000000 ) ) ;
#571 = DIRECTION ( 'NONE',  ( 0.000000000000000000, 0.000000000000000000, 1.000000000000000000 ) ) ;
#572 = DIRECTION ( 'NONE',  ( 0.000000000000000000, 0.000000000000000000, 1.000000000000000000 ) ) ;
#573 = CARTESIAN_POINT ( 'NONE',  ( -84.39570710123810215, 0.000000000000000000, 2.221185267176262190 ) ) ;
#574 = EDGE_CURVE ( 'NONE', #3289, #1774, #2317, .T. ) ;
#575 = CARTESIAN_POINT ( 'NONE',  ( -23.99999999999999289, -20.19999999999999929, -1.999999999999995337 ) ) ;
#576 = ORIENTED_EDGE ( 'NONE', *, *, #1399, .T. ) ;
#577 = ORIENTED_EDGE ( 'NONE', *, *, #1806, .F. ) ;
#578 = CARTESIAN_POINT ( 'NONE',  ( -84.44078538550512292, -0.4999999917080754641, -7.484020796000585563 ) ) ;
#579 = CARTESIAN_POINT ( 'NONE',  ( -26.99999999999999645, -10.00000000000000000, 8.000000000000005329 ) ) ;
#580 = ORIENTED_EDGE ( 'NONE', *, *, #2993, .F. ) ;
#581 = CARTESIAN_POINT ( 'NONE',  ( -59.00000000000000000, -10.00000000000000000, -2.000000000000000000 ) ) ;
#582 = CARTESIAN_POINT ( 'NONE',  ( -28.62050607053383544, -7.770972441482374649, 1.093113808509331930 ) ) ;
#583 = EDGE_LOOP ( 'NONE', ( #3784, #1763, #3226, #325, #2422 ) ) ;
#584 = CARTESIAN_POINT ( 'NONE',  ( -21.50000000000000000, -13.34999999999999964, -8.500000000000008882 ) ) ;
#585 = CARTESIAN_POINT ( 'NONE',  ( -100.5876410673108694, -13.75536320523436906, -6.286498442434115042 ) ) ;
#586 = CARTESIAN_POINT ( 'NONE',  ( -88.28418398719996674, -17.72897067645556035, 4.466320967358239358 ) ) ;
#587 = CARTESIAN_POINT ( 'NONE',  ( -29.61403504014623422, -9.128168761701259015, 0.7417041800100404592 ) ) ;
#588 = ORIENTED_EDGE ( 'NONE', *, *, #3072, .F. ) ;
#589 = CARTESIAN_POINT ( 'NONE',  ( -61.57367283849875861, -9.010648746482248228, 3.713921089581908141 ) ) ;
#590 = CARTESIAN_POINT ( 'NONE',  ( -24.06201752628115642, -9.145913379851375424, 3.476825626654625356 ) ) ;
#591 = CARTESIAN_POINT ( 'NONE',  ( -60.50000000000000000, -10.00000000000000000, -2.000000000000000000 ) ) ;
#592 = CARTESIAN_POINT ( 'NONE',  ( -104.9376893319227833, -12.54175424618584600, -1.761338698134757408 ) ) ;
#593 = CARTESIAN_POINT ( 'NONE',  ( 0.000000000000000000, 0.000000000000000000, 0.000000000000000000 ) ) ;
#594 = EDGE_LOOP ( 'NONE', ( #893, #2740, #814, #1709 ) ) ;
#595 = VERTEX_POINT ( 'NONE', #2115 ) ;
#596 = CARTESIAN_POINT ( 'NONE',  ( -103.5863201392812272, -0.9317608234944637635, -3.726123281920277197 ) ) ;
#597 = CARTESIAN_POINT ( 'NONE',  ( -93.49999999999998579, -2.000000000000000000, 9.170000000000007034 ) ) ;
#598 = EDGE_CURVE ( 'NONE', #443, #477, #175, .T. ) ;
#599 = ORIENTED_EDGE ( 'NONE', *, *, #1966, .T. ) ;
#600 = VECTOR ( 'NONE', #934, 1000.000000000000114 ) ;
#601 = DIRECTION ( 'NONE',  ( -8.163404592832033966E-17, -0.000000000000000000, -1.000000000000000000 ) ) ;
#602 = EDGE_CURVE ( 'NONE', #164, #3945, #1183, .T. ) ;
#603 = CARTESIAN_POINT ( 'NONE',  ( -42.55799999999999272, -30.00000000000000000, 44.50000000000000711 ) ) ;
#604 = ADVANCED_FACE ( 'NONE', ( #1544 ), #866, .T. ) ;
#605 = CARTESIAN_POINT ( 'NONE',  ( -26.77817408054513137, -7.247934971534539805, 2.356942635177281975 ) ) ;
#606 = VERTEX_POINT ( 'NONE', #2289 ) ;
#607 = LINE ( 'NONE', #1977, #4258 ) ;
#608 = DIRECTION ( 'NONE',  ( -0.7071067811865482389, -0.7071067811865469066, 5.772398745160943660E-17 ) ) ;
#609 = CARTESIAN_POINT ( 'NONE',  ( -28.74475356241568846, -7.846435164909332904, 1.046635576840718063 ) ) ;
#610 = ORIENTED_EDGE ( 'NONE', *, *, #574, .F. ) ;
#611 = DIRECTION ( 'NONE',  ( -1.000000000000000000, 0.000000000000000000, 0.000000000000000000 ) ) ;
#612 = PLANE ( 'NONE',  #389 ) ;
#613 = CARTESIAN_POINT ( 'NONE',  ( -61.21645714645432435, -11.63684262021221549, 3.185040511967828891 ) ) ;
#614 = TOROIDAL_SURFACE ( 'NONE', #403, 0.4999999999999971689, 1.000000000000000000 ) ;
#615 = CARTESIAN_POINT ( 'NONE',  ( -89.98999999999999488, 1.000000000000000000, -1.999999999999997113 ) ) ;
#616 = CARTESIAN_POINT ( 'NONE',  ( -27.36794664354657769, -12.73010855285218312, 1.586347986599140558 ) ) ;
#617 = ORIENTED_EDGE ( 'NONE', *, *, #1531, .T. ) ;
#618 = ORIENTED_EDGE ( 'NONE', *, *, #326, .T. ) ;
#619 = CARTESIAN_POINT ( 'NONE',  ( -93.49999999999998579, -12.00000000000000000, 9.170000000000007034 ) ) ;
#620 = CARTESIAN_POINT ( 'NONE',  ( -25.08920614677660765, -12.48522058754915776, 3.028711124018207634 ) ) ;
#621 = CLOSED_SHELL ( 'NONE', ( #2881, #1639, #4313, #2472, #3421, #4268, #432, #292, #3532, #4212, #2172, #4203, #4265, #3482, #2491, #869, #2450, #1011, #427, #1039, #746, #1889, #1426, #3786, #1833, #2094, #510, #3670, #1013, #4050, #3942, #3372, #1071, #2666, #3915, #414, #4131, #682, #1840, #2942, #925, #764, #1537, #982, #2744, #1613, #3989, #3725, #2649, #847, #1690, #604, #3640, #1287, #1567, #2799, #231, #4024, #4229, #2203, #2886, #4259, #2746, #1077, #3721, #2475, #2828, #3722, #3727, #4238, #466, #1348, #2277, #1916, #719, #2962, #1229, #1756, #410, #2685, #2333, #2197, #4186, #1074, #818, #216, #3586, #3161, #948, #3134, #3999, #4000, #3993, #2162, #4216, #1817, #1671, #3480, #1435, #406, #137, #2364, #2005, #3966, #1405, #931, #3233, #628, #4346, #220, #3603 ) ) ;
#622 = EDGE_CURVE ( 'NONE', #2080, #863, #509, .T. ) ;
#623 = CARTESIAN_POINT ( 'NONE',  ( -29.77482442076914992, -29.37343521710623762, 1.353846357311501603 ) ) ;
#624 = VECTOR ( 'NONE', #4036, 1000.000000000000000 ) ;
#625 = DIRECTION ( 'NONE',  ( -1.000000000000000000, 0.000000000000000000, 0.000000000000000000 ) ) ;
#626 = CARTESIAN_POINT ( 'NONE',  ( -79.80584828214186643, -20.36788923447999267, 1.642926049965191648 ) ) ;
#627 = AXIS2_PLACEMENT_3D ( 'NONE', #679, #3301, #2655 ) ;
#628 = ADVANCED_FACE ( 'NONE', ( #913 ), #2782, .T. ) ;
#629 = ORIENTED_EDGE ( 'NONE', *, *, #4111, .T. ) ;
#630 = EDGE_CURVE ( 'NONE', #1774, #3807, #655, .T. ) ;
#631 = CARTESIAN_POINT ( 'NONE',  ( -84.96519856249861391, -12.00000000000000000, -1.066874950121532439 ) ) ;
#632 = CARTESIAN_POINT ( 'NONE',  ( -59.82366340949640460, -6.905909535025820389, 2.943547946644442970 ) ) ;
#633 = AXIS2_PLACEMENT_3D ( 'NONE', #2093, #3029, #66 ) ;
#634 = AXIS2_PLACEMENT_3D ( 'NONE', #3293, #217, #1570 ) ;
#635 = CARTESIAN_POINT ( 'NONE',  ( -55.60722775496211057, -10.24948059246227317, 1.433566904271394549 ) ) ;
#636 = CARTESIAN_POINT ( 'NONE',  ( -29.10380306912105297, -8.220564901581919770, 0.9178609923776810398 ) ) ;
#637 = ORIENTED_EDGE ( 'NONE', *, *, #2597, .T. ) ;
#638 = CARTESIAN_POINT ( 'NONE',  ( -61.73481752163061742, -10.34429759680952188, 3.473377976250176857 ) ) ;
#639 = LINE ( 'NONE', #3092, #2325 ) ;
#640 = CARTESIAN_POINT ( 'NONE',  ( -18.35247065561925695, -20.19999999999999929, -1.999999999999995781 ) ) ;
#641 = CARTESIAN_POINT ( 'NONE',  ( -24.01924625598385532, -9.361886506485214809, 3.496163476831489092 ) ) ;
#642 = CARTESIAN_POINT ( 'NONE',  ( -24.24999999999999645, -10.00000000000094857, 3.069224771916217342 ) ) ;
#643 = ORIENTED_EDGE ( 'NONE', *, *, #3864, .T. ) ;
#644 = ORIENTED_EDGE ( 'NONE', *, *, #1590, .T. ) ;
#645 = CARTESIAN_POINT ( 'NONE',  ( -100.5876410673108694, -1.327066598364385897, -6.286498442434115042 ) ) ;
#646 = CARTESIAN_POINT ( 'NONE',  ( -69.99000000000000909, 0.000000000000000000, -2.000000000000006217 ) ) ;
#647 = CARTESIAN_POINT ( 'NONE',  ( -87.96599336179738771, -0.6831144658620816879, 4.446239604798146061 ) ) ;
#648 = EDGE_LOOP ( 'NONE', ( #885, #411, #3842, #2719, #784 ) ) ;
#649 = CARTESIAN_POINT ( 'NONE',  ( -29.30618778709256844, -29.79459813885260644, 0.8598371162596355477 ) ) ;
#650 = DIRECTION ( 'NONE',  ( 0.9896557080369854376, 0.000000000000000000, -0.1434628159134375969 ) ) ;
#651 = CARTESIAN_POINT ( 'NONE',  ( -78.67691782340021689, -20.73312957474444573, 1.539499511621855055 ) ) ;
#652 = EDGE_LOOP ( 'NONE', ( #808, #2329, #3738, #52 ) ) ;
#653 = CARTESIAN_POINT ( 'NONE',  ( -84.95958019819553897, -18.70053251209124312, 2.974582017465002615 ) ) ;
#654 = CARTESIAN_POINT ( 'NONE',  ( -29.81194034694679118, -30.00000000000000000, 0.7900921844591712873 ) ) ;
#655 = B_SPLINE_CURVE_WITH_KNOTS ( 'NONE', 1,
 ( #3294, #2620 ),
 .UNSPECIFIED., .F., .F.,
 ( 2, 2 ),
 ( 0.000000000000000000, 1.000000000000000000 ),
 .UNSPECIFIED. ) ;
#656 = CARTESIAN_POINT ( 'NONE',  ( -23.96787028308883549, -24.46787028308881773, 2.696752065111875485 ) ) ;
#657 = CARTESIAN_POINT ( 'NONE',  ( -56.52113197994771099, -8.796338244271209916, 1.052663147793607257 ) ) ;
#658 = EDGE_CURVE ( 'NONE', #2371, #1958, #3418, .T. ) ;
#659 = ORIENTED_EDGE ( 'NONE', *, *, #2546, .F. ) ;
#660 = CARTESIAN_POINT ( 'NONE',  ( -61.72688103377780777, -9.598686133267118947, 3.468876355743578443 ) ) ;
#661 = FACE_OUTER_BOUND ( 'NONE', #3717, .T. ) ;
#662 = CARTESIAN_POINT ( 'NONE',  ( -56.60284393716980134, -11.35897994747013584, 1.082730155062144872 ) ) ;
#663 = CARTESIAN_POINT ( 'NONE',  ( -103.0436634302757710, -13.03436506886764690, -4.909485903064941148 ) ) ;
#664 = CARTESIAN_POINT ( 'NONE',  ( -29.09734167784506198, -11.78686152619093974, 0.9201561098415117490 ) ) ;
#665 = EDGE_LOOP ( 'NONE', ( #1677, #985 ) ) ;
#666 = ORIENTED_EDGE ( 'NONE', *, *, #354, .F. ) ;
#667 = CARTESIAN_POINT ( 'NONE',  ( -24.24999999999996092, -9.909831012201061995, 3.069224771916239991 ) ) ;
#668 = CARTESIAN_POINT ( 'NONE',  ( -24.42117488367249578, -10.97520264084200647, 3.315542208638598165 ) ) ;
#669 = B_SPLINE_CURVE_WITH_KNOTS ( 'NONE', 3,
 ( #2758, #4117, #1748, #1434 ),
 .UNSPECIFIED., .F., .F.,
 ( 4, 4 ),
 ( 0.000000000000000000, 1.000000000000000000 ),
 .UNSPECIFIED. ) ;
#670 = DIRECTION ( 'NONE',  ( -0.9972611121283910807, -0.000000000000000000, 0.07396130229007839840 ) ) ;
#671 = ORIENTED_EDGE ( 'NONE', *, *, #3668, .F. ) ;
#672 = CARTESIAN_POINT ( 'NONE',  ( -89.98999999999999488, 0.000000000000000000, -1.999999999999997113 ) ) ;
#673 = CARTESIAN_POINT ( 'NONE',  ( -100.5098288126838639, -1.294946196525577742, -6.292269343972690443 ) ) ;
#674 = CARTESIAN_POINT ( 'NONE',  ( -77.02427034043934384, -21.26779268325454098, 1.503872951539068969 ) ) ;
#675 = VERTEX_POINT ( 'NONE', #2263 ) ;
#676 = CARTESIAN_POINT ( 'NONE',  ( -22.14479532233158210, -21.66149060782080937, 4.389734399654055430 ) ) ;
#677 = CARTESIAN_POINT ( 'NONE',  ( -88.07173868183949139, -0.6856726742843126665, 4.469958214394663898 ) ) ;
#678 = VECTOR ( 'NONE', #1382, 1000.000000000000000 ) ;
#679 = CARTESIAN_POINT ( 'NONE',  ( -23.99999999999999289, -30.00000000000000000, 0.5000000000000047740 ) ) ;
#680 = CARTESIAN_POINT ( 'NONE',  ( -61.75000000000000000, -10.00000000000000000, 3.482014481449722254 ) ) ;
#681 = ORIENTED_EDGE ( 'NONE', *, *, #2808, .T. ) ;
#682 = ADVANCED_FACE ( 'NONE', ( #1208 ), #2983, .F. ) ;
#683 = CARTESIAN_POINT ( 'NONE',  ( -56.95067065550863106, -8.157340101548557598, 1.213585841964621936 ) ) ;
#684 = EDGE_CURVE ( 'NONE', #3696, #830, #1226, .T. ) ;
#685 = DIRECTION ( 'NONE',  ( 8.672384569055758038E-16, 0.000000000000000000, -1.000000000000000000 ) ) ;
#686 = CYLINDRICAL_SURFACE ( 'NONE', #1534, 1.500000000000001332 ) ;
#687 = CARTESIAN_POINT ( 'NONE',  ( -102.9883816268547179, -13.63130820674342125, -3.989310453742698215 ) ) ;
#688 = DIRECTION ( 'NONE',  ( -0.09689253613166090573, 0.000000000000000000, 0.9952948489980116831 ) ) ;
#689 = VERTEX_POINT ( 'NONE', #2579 ) ;
#690 = EDGE_CURVE ( 'NONE', #3166, #2493, #1902, .T. ) ;
#691 = CARTESIAN_POINT ( 'NONE',  ( -99.98999999999999488, 1.000000000000000000, -1.999999999999995781 ) ) ;
#692 = DIRECTION ( 'NONE',  ( -0.9812909978356393337, -0.1925304588025886776, 0.000000000000000000 ) ) ;
#693 = CARTESIAN_POINT ( 'NONE',  ( -24.34785140983704110, -10.75052398141497001, 3.016891810539520158 ) ) ;
#694 = FACE_OUTER_BOUND ( 'NONE', #318, .T. ) ;
#695 = ORIENTED_EDGE ( 'NONE', *, *, #3460, .T. ) ;
#696 = B_SPLINE_CURVE_WITH_KNOTS ( 'NONE', 1,
 ( #1465, #430 ),
 .UNSPECIFIED., .F., .F.,
 ( 2, 2 ),
 ( 0.000000000000000000, 1.000000000000000000 ),
 .UNSPECIFIED. ) ;
#697 = DIRECTION ( 'NONE',  ( 0.9896557080369854376, 0.000000000000000000, -0.1434628159134375969 ) ) ;
#698 = CARTESIAN_POINT ( 'NONE',  ( -29.71453295646182369, -10.44943964082315979, 0.7081051162329455861 ) ) ;
#699 = CARTESIAN_POINT ( 'NONE',  ( -81.20026329747135208, -19.91676357338758763, 1.860695439221300429 ) ) ;
#700 = VECTOR ( 'NONE', #2648, 1000.000000000000114 ) ;
#701 = CARTESIAN_POINT ( 'NONE',  ( -87.27696565944253848, -17.95080323159362834, 4.096685464054966808 ) ) ;
#702 = DIRECTION ( 'NONE',  ( 0.000000000000000000, -1.000000000000000000, 0.000000000000000000 ) ) ;
#703 = VECTOR ( 'NONE', #3782, 1000.000000000000114 ) ;
#704 = CARTESIAN_POINT ( 'NONE',  ( -85.66437801125893259, -0.06049479879722162445, 2.673083901227133019 ) ) ;
#705 = CARTESIAN_POINT ( 'NONE',  ( -104.3279248120706626, -13.20881777726898321, -1.614390475109128920 ) ) ;
#706 = EDGE_LOOP ( 'NONE', ( #3834, #1975, #617, #552, #3777 ) ) ;
#707 =( GEOMETRIC_REPRESENTATION_CONTEXT ( 3 ) GLOBAL_UNCERTAINTY_ASSIGNED_CONTEXT ( ( #2407 ) ) GLOBAL_UNIT_ASSIGNED_CONTEXT ( ( #2454, #1116, #2537 ) ) REPRESENTATION_CONTEXT ( 'NONE', 'WORKASPACE' ) );
#708 = VECTOR ( 'NONE', #409, 1000.000000000000000 ) ;
#709 = CARTESIAN_POINT ( 'NONE',  ( -60.63086417999942057, -7.778824601631613156, 2.872460352526507332 ) ) ;
#710 = DIRECTION ( 'NONE',  ( 0.000000000000000000, 0.000000000000000000, 1.000000000000000000 ) ) ;
#711 = DIRECTION ( 'NONE',  ( 0.000000000000000000, 0.000000000000000000, 1.000000000000000000 ) ) ;
#712 = VECTOR ( 'NONE', #2952, 1000.000000000000000 ) ;
#713 = CARTESIAN_POINT ( 'NONE',  ( -102.6932524404071216, -13.12550228396373164, -5.134618469814157038 ) ) ;
#714 = CARTESIAN_POINT ( 'NONE',  ( -26.55681882169253072, -12.71889329841578942, 1.936301965209310305 ) ) ;
#715 = ORIENTED_EDGE ( 'NONE', *, *, #1097, .F. ) ;
#716 = VERTEX_POINT ( 'NONE', #2310 ) ;
#717 =( BOUNDED_CURVE ( )  B_SPLINE_CURVE ( 3, ( #1624, #1239, #3260, #4351 ),
 .UNSPECIFIED., .F., .F. ) 
 B_SPLINE_CURVE_WITH_KNOTS ( ( 4, 4 ),
 ( 1.570796326794896558, 4.712388980384689674 ),
 .UNSPECIFIED. ) 
 CURVE ( )  GEOMETRIC_REPRESENTATION_ITEM ( )  RATIONAL_B_SPLINE_CURVE ( ( 1.000000000000000000, 0.3333333333333333703, 0.3333333333333333703, 1.000000000000000000 ) ) 
 REPRESENTATION_ITEM ( '' )  );
#718 = LINE ( 'NONE', #1072, #2321 ) ;
#719 = ADVANCED_FACE ( 'NONE', ( #240 ), #1057, .T. ) ;
#720 = FACE_OUTER_BOUND ( 'NONE', #1873, .T. ) ;
#721 = CARTESIAN_POINT ( 'NONE',  ( -57.69898867918434604, -12.43559907222423710, 2.122768830783505756 ) ) ;
#722 = VERTEX_POINT ( 'NONE', #3268 ) ;
#723 = LINE ( 'NONE', #3516, #3990 ) ;
#724 = DIRECTION ( 'NONE',  ( 0.000000000000000000, -0.000000000000000000, 1.000000000000000000 ) ) ;
#725 = CARTESIAN_POINT ( 'NONE',  ( -77.97683247813706942, -20.95962151452985722, 1.507695213785391175 ) ) ;
#726 = CARTESIAN_POINT ( 'NONE',  ( -86.55032129100821692, -18.18589117251810450, 3.706184741722128528 ) ) ;
#727 = PLANE ( 'NONE',  #331 ) ;
#728 = CARTESIAN_POINT ( 'NONE',  ( -84.44426424301110501, -0.001179593729265428909, 2.229905215808757113 ) ) ;
#729 = CARTESIAN_POINT ( 'NONE',  ( -99.98999999999999488, 1.000000000000000000, -1.999999999999995781 ) ) ;
#730 = ORIENTED_EDGE ( 'NONE', *, *, #1256, .F. ) ;
#731 = CARTESIAN_POINT ( 'NONE',  ( -57.43042345883955591, -7.061689035536753423, 2.028219954260343183 ) ) ;
#732 = CARTESIAN_POINT ( 'NONE',  ( -103.4699924600292888, -12.92348672787424491, -4.518975553813880275 ) ) ;
#733 = CARTESIAN_POINT ( 'NONE',  ( -23.99999999999999289, -15.84999999999999964, -1.999999999999993561 ) ) ;
#734 = VERTEX_POINT ( 'NONE', #4291 ) ;
#735 = CARTESIAN_POINT ( 'NONE',  ( -50.84119878171939888, -29.46996739464493942, 0.2689179655016582515 ) ) ;
#736 = CARTESIAN_POINT ( 'NONE',  ( -87.67451566768410487, -17.82218547975475076, 4.329548684152602078 ) ) ;
#737 = CARTESIAN_POINT ( 'NONE',  ( -26.64166278100818630, -12.73205911218702902, 1.898494470957782454 ) ) ;
#738 = CARTESIAN_POINT ( 'NONE',  ( -59.40378694358771838, -12.72570710906134828, 2.262134239396873969 ) ) ;
#739 = ORIENTED_EDGE ( 'NONE', *, *, #598, .T. ) ;
#740 = DIRECTION ( 'NONE',  ( 0.000000000000000000, 0.000000000000000000, 1.000000000000000000 ) ) ;
#741 = DIRECTION ( 'NONE',  ( 1.000000000000000000, 0.000000000000000000, 0.000000000000000000 ) ) ;
#742 = EDGE_CURVE ( 'NONE', #595, #330, #846, .T. ) ;
#743 = CARTESIAN_POINT ( 'NONE',  ( -66.36358403214866541, -24.71678581524510321, 4.833333333333341919 ) ) ;
#744 = CARTESIAN_POINT ( 'NONE',  ( -27.63402280916380604, -27.21357136882935635, 2.046784972391544777 ) ) ;
#745 = CARTESIAN_POINT ( 'NONE',  ( -60.11636546293545535, -27.15309438089234106, 2.425561392355076062 ) ) ;
#746 = ADVANCED_FACE ( 'NONE', ( #2595, #195, #3623 ), #3958, .T. ) ;
#747 = CARTESIAN_POINT ( 'NONE',  ( -85.43843410293862917, -0.5646265430443321298, 3.134399429858736319 ) ) ;
#748 = CARTESIAN_POINT ( 'NONE',  ( -84.39570710123810215, 0.000000000000000000, -6.985990796284057502 ) ) ;
#749 = ORIENTED_EDGE ( 'NONE', *, *, #956, .F. ) ;
#750 = CIRCLE ( 'NONE', #2832, 1.500000000000001332 ) ;
#751 = CARTESIAN_POINT ( 'NONE',  ( -56.89049268883444910, -7.391456488644875478, 1.843059542506569448 ) ) ;
#752 = CARTESIAN_POINT ( 'NONE',  ( -24.13434681616989508, -11.08700430496126543, 3.444215195123290663 ) ) ;
#753 = CARTESIAN_POINT ( 'NONE',  ( -100.4132827256848941, -0.7775052370289153858, -5.799857030906565569 ) ) ;
#754 = B_SPLINE_CURVE_WITH_KNOTS ( 'NONE', 3,
 ( #953, #667, #2331, #1271, #1339, #2716 ),
 .UNSPECIFIED., .F., .F.,
 ( 4, 2, 4 ),
 ( 0.009077510333417793814, 0.009349704469852209571, 0.009621898606286625327 ),
 .UNSPECIFIED. ) ;
#755 = VERTEX_POINT ( 'NONE', #3579 ) ;
#756 = CARTESIAN_POINT ( 'NONE',  ( -66.02075186810999696, -24.76920451536229351, 4.977790701382931893 ) ) ;
#757 = DIRECTION ( 'NONE',  ( -0.000000000000000000, -1.000000000000000000, -0.000000000000000000 ) ) ;
#758 = CARTESIAN_POINT ( 'NONE',  ( -30.04937652507470958, -11.46266163965946561, 1.273365985337149286 ) ) ;
#759 = CARTESIAN_POINT ( 'NONE',  ( -61.60867543460739171, -10.88916373788767622, 3.402146414696819665 ) ) ;
#760 = ORIENTED_EDGE ( 'NONE', *, *, #3940, .T. ) ;
#761 = ORIENTED_EDGE ( 'NONE', *, *, #1867, .T. ) ;
#762 = CARTESIAN_POINT ( 'NONE',  ( -104.3905078207488799, -1.500092902591960264, -3.302443440864622382 ) ) ;
#763 = CARTESIAN_POINT ( 'NONE',  ( -73.15590633586319314, -22.51930216444288035, 1.959054061822178783 ) ) ;
#764 = ADVANCED_FACE ( 'NONE', ( #4309, #1249 ), #4334, .F. ) ;
#765 = CARTESIAN_POINT ( 'NONE',  ( -51.23683130670848129, -29.95368956931272564, -0.2108035128375308764 ) ) ;
#766 = EDGE_CURVE ( 'NONE', #801, #2931, #2712, .T. ) ;
#767 = CARTESIAN_POINT ( 'NONE',  ( -18.35247065561925695, -4.150000000000000355, -8.500000000000008882 ) ) ;
#768 = EDGE_CURVE ( 'NONE', #1472, #1343, #1559, .T. ) ;
#769 = CARTESIAN_POINT ( 'NONE',  ( -102.4338682849278115, -13.80620109751812485, -4.396960764953208312 ) ) ;
#770 = ORIENTED_EDGE ( 'NONE', *, *, #2201, .T. ) ;
#771 = CARTESIAN_POINT ( 'NONE',  ( -61.84805817705755260, -8.890079348011330040, 3.844091275960745513 ) ) ;
#772 = AXIS2_PLACEMENT_3D ( 'NONE', #906, #4304, #1242 ) ;
#773 = B_SPLINE_CURVE_WITH_KNOTS ( 'NONE', 3,
 ( #2736, #2400, #2173, #3572, #4242, #2932, #457, #1157, #1175, #2570, #3221, #1874, #1135, #3283, #835, #3239, #3591, #2531, #478 ),
 .UNSPECIFIED., .F., .F.,
 ( 4, 2, 2, 1, 1, 1, 2, 2, 1, 1, 2, 4 ),
 ( 0.1527099599711608247, 0.3645324699779537436, 0.3777713768533970118, 0.3910102837288402799, 0.4174880974797881561, 0.4704437249816861288, 0.5763549799854836841, 0.6028327937364148514, 0.6293106074873459077, 0.6822662349891537303, 0.7881774899927691536, 1.000000000000000000 ),
 .UNSPECIFIED. ) ;
#774 = CARTESIAN_POINT ( 'NONE',  ( -29.70558466493056571, -12.01034629064360537, 1.374239306181070930 ) ) ;
#775 = CARTESIAN_POINT ( 'NONE',  ( -63.89552684790057668, -25.32832614548735606, 4.880434782608703337 ) ) ;
#776 = VECTOR ( 'NONE', #2839, 1000.000000000000000 ) ;
#777 = ORIENTED_EDGE ( 'NONE', *, *, #1091, .T. ) ;
#778 = CARTESIAN_POINT ( 'NONE',  ( -84.96519856249859970, -2.000000000000000000, -5.566874950121314392 ) ) ;
#779 = VECTOR ( 'NONE', #1163, 1000.000000000000000 ) ;
#780 = CARTESIAN_POINT ( 'NONE',  ( -84.64196837218898395, -19.41774652454150285, 2.215171853322766449 ) ) ;
#781 = CARTESIAN_POINT ( 'NONE',  ( -29.94451054083352659, -11.65682491249481423, 1.303752124161710935 ) ) ;
#782 = CARTESIAN_POINT ( 'NONE',  ( -59.88400926550306025, -13.07336921937608309, 2.968680802796957785 ) ) ;
#783 = VERTEX_POINT ( 'NONE', #4405 ) ;
#784 = ORIENTED_EDGE ( 'NONE', *, *, #1149, .F. ) ;
#785 = DIRECTION ( 'NONE',  ( 1.000000000000000000, 0.000000000000000000, 0.000000000000000000 ) ) ;
#786 = CARTESIAN_POINT ( 'NONE',  ( -104.4644097758730510, -1.503306887298321959, -3.160986131237296437 ) ) ;
#787 = CARTESIAN_POINT ( 'NONE',  ( -71.51349960479603851, -23.05066372716165546, 2.391717671205892515 ) ) ;
#788 = CARTESIAN_POINT ( 'NONE',  ( -50.93603867816828767, -30.00000000000000000, -0.2375133481148164472 ) ) ;
#789 = CARTESIAN_POINT ( 'NONE',  ( -84.44078379311170579, -0.4999999917097192048, -7.484020914099531296 ) ) ;
#790 = CYLINDRICAL_SURFACE ( 'NONE', #984, 1.000000000000000888 ) ;
#791 = ORIENTED_EDGE ( 'NONE', *, *, #1698, .F. ) ;
#792 = CARTESIAN_POINT ( 'NONE',  ( -56.33738811169329352, -9.287370299079732661, 0.9857772171693891528 ) ) ;
#793 = CARTESIAN_POINT ( 'NONE',  ( -29.56924890574392606, -12.17442250410666915, 1.414997460898204995 ) ) ;
#794 = CARTESIAN_POINT ( 'NONE',  ( -101.1118377924053107, -0.8114651333206222006, -5.478516246592387340 ) ) ;
#795 = ORIENTED_EDGE ( 'NONE', *, *, #3106, .T. ) ;
#796 = CARTESIAN_POINT ( 'NONE',  ( -103.3561642559673714, -1.455100425157280108, -4.631394862555564096 ) ) ;
#797 = CARTESIAN_POINT ( 'NONE',  ( -70.50785557895389388, -23.87562996582159514, 2.217750360779423779 ) ) ;
#798 = CARTESIAN_POINT ( 'NONE',  ( -27.85273575089431830, -12.62597676146473269, 1.969973229155483674 ) ) ;
#799 = CARTESIAN_POINT ( 'NONE',  ( -59.22867786540581392, -12.75191385419526391, 2.701329690953022222 ) ) ;
#800 = ORIENTED_EDGE ( 'NONE', *, *, #242, .F. ) ;
#801 = VERTEX_POINT ( 'NONE', #17 ) ;
#802 = CARTESIAN_POINT ( 'NONE',  ( -23.81326010327255460, -9.361886506485216586, 3.040565293240703681 ) ) ;
#803 = CARTESIAN_POINT ( 'NONE',  ( -50.93603867816828767, -28.99999999999999645, -8.999999999999991118 ) ) ;
#804 = CARTESIAN_POINT ( 'NONE',  ( -72.86805969863426924, -22.61242936933559022, 2.024623407436997091 ) ) ;
#805 = CARTESIAN_POINT ( 'NONE',  ( -59.03841350108927344, -27.49307922971210161, 1.995802123044444931 ) ) ;
#806 = CARTESIAN_POINT ( 'NONE',  ( -30.38640815083867608, -10.20071382716813702, 1.177345955900307217 ) ) ;
#807 = CYLINDRICAL_SURFACE ( 'NONE', #2997, 2.499999999999998668 ) ;
#808 = ORIENTED_EDGE ( 'NONE', *, *, #2423, .T. ) ;
#809 = DIRECTION ( 'NONE',  ( -0.9945446062016577438, -0.07375983417548280519, 0.07375983417548293009 ) ) ;
#810 = CARTESIAN_POINT ( 'NONE',  ( -24.01924625598385532, -9.361886506485214809, 3.496163476831489092 ) ) ;
#811 = EDGE_CURVE ( 'NONE', #4402, #2446, #2427, .T. ) ;
#812 = CARTESIAN_POINT ( 'NONE',  ( -104.9899999999999949, -12.52814894056790074, -0.9283818807201814627 ) ) ;
#813 = CIRCLE ( 'NONE', #2681, 0.5000000000000019984 ) ;
#814 = ORIENTED_EDGE ( 'NONE', *, *, #2624, .F. ) ;
#815 = CARTESIAN_POINT ( 'NONE',  ( -103.9237708778606759, -1.479790513113473649, -4.021731783703841323 ) ) ;
#816 = CARTESIAN_POINT ( 'NONE',  ( -59.78094871793962284, -26.64092347474046818, 2.922378051400981391 ) ) ;
#817 = LINE ( 'NONE', #3306, #4418 ) ;
#818 = ADVANCED_FACE ( 'NONE', ( #2717 ), #1318, .F. ) ;
#819 = CARTESIAN_POINT ( 'NONE',  ( -61.60176463492155108, -11.64111766868968978, 3.728048157332846557 ) ) ;
#820 = ORIENTED_EDGE ( 'NONE', *, *, #2631, .F. ) ;
#821 = EDGE_CURVE ( 'NONE', #4046, #368, #4198, .T. ) ;
#822 = ORIENTED_EDGE ( 'NONE', *, *, #1949, .T. ) ;
#823 = FACE_OUTER_BOUND ( 'NONE', #834, .T. ) ;
#824 = CARTESIAN_POINT ( 'NONE',  ( -101.9830723623276185, -2.000000000000000000, -5.566874950121314392 ) ) ;
#825 = CARTESIAN_POINT ( 'NONE',  ( -71.43403324303608315, -23.07637320904085598, 2.416488756814159533 ) ) ;
#826 = CARTESIAN_POINT ( 'NONE',  ( -62.23630861839203021, -26.48446666952385087, 3.366136621382017857 ) ) ;
#827 = AXIS2_PLACEMENT_3D ( 'NONE', #4312, #3009, #1251 ) ;
#828 = CARTESIAN_POINT ( 'NONE',  ( -86.84252552811810233, -0.1177698360776861380, 3.232734357510276713 ) ) ;
#829 = FACE_OUTER_BOUND ( 'NONE', #3116, .T. ) ;
#830 = VERTEX_POINT ( 'NONE', #4099 ) ;
#831 = CARTESIAN_POINT ( 'NONE',  ( -56.49578762039976709, -8.847114805144270733, 1.708860111349323141 ) ) ;
#832 = CARTESIAN_POINT ( 'NONE',  ( -30.27094898605995965, -9.113787917022447616, 1.209925746526006929 ) ) ;
#833 = CARTESIAN_POINT ( 'NONE',  ( -18.35247065561925695, -4.150000000000000355, -1.999999999999995781 ) ) ;
#834 = EDGE_LOOP ( 'NONE', ( #4152, #1140, #2938, #424 ) ) ;
#835 = CARTESIAN_POINT ( 'NONE',  ( -87.84045327733532815, -17.79680811295255793, 4.409475804010669187 ) ) ;
#836 = VECTOR ( 'NONE', #219, 1000.000000000000114 ) ;
#837 = CARTESIAN_POINT ( 'NONE',  ( -69.59256771466694147, -24.16431073934439056, 2.505614104381638452 ) ) ;
#838 = DIRECTION ( 'NONE',  ( -0.000000000000000000, 0.000000000000000000, -1.000000000000000000 ) ) ;
#839 = VECTOR ( 'NONE', #3606, 1000.000000000000000 ) ;
#840 = CARTESIAN_POINT ( 'NONE',  ( -29.72878669534976837, -29.33231713169000798, 1.367514725165837275 ) ) ;
#841 = ORIENTED_EDGE ( 'NONE', *, *, #1224, .F. ) ;
#842 = VERTEX_POINT ( 'NONE', #356 ) ;
#843 = AXIS2_PLACEMENT_3D ( 'NONE', #3651, #2650, #4010 ) ;
#844 = AXIS2_PLACEMENT_3D ( 'NONE', #864, #1926, #153 ) ;
#845 = PLANE ( 'NONE',  #1785 ) ;
#846 = LINE ( 'NONE', #1589, #700 ) ;
#847 = ADVANCED_FACE ( 'NONE', ( #2738 ), #3804, .T. ) ;
#848 = CARTESIAN_POINT ( 'NONE',  ( -30.05734197733148250, -29.46996739464493942, 1.271149113117829854 ) ) ;
#849 = CARTESIAN_POINT ( 'NONE',  ( -26.11416904309442089, -6.902777316657976669, 2.609843372263080497 ) ) ;
#850 = LINE ( 'NONE', #3191, #57 ) ;
#851 = APPLICATION_CONTEXT ( 'automotive_design' ) ;
#852 = ORIENTED_EDGE ( 'NONE', *, *, #1205, .T. ) ;
#853 = LINE ( 'NONE', #2885, #1340 ) ;
#854 = CARTESIAN_POINT ( 'NONE',  ( -29.23675271578461121, -7.500782597970455434, 1.516627151870624468 ) ) ;
#855 = DIRECTION ( 'NONE',  ( -0.000000000000000000, -1.000000000000000000, -0.000000000000000000 ) ) ;
#856 = ORIENTED_EDGE ( 'NONE', *, *, #2499, .T. ) ;
#857 = CARTESIAN_POINT ( 'NONE',  ( -103.7545314579124351, -0.9399383304770222436, -3.393932073936718474 ) ) ;
#858 = CARTESIAN_POINT ( 'NONE',  ( -24.53726190181302513, -8.762815166479466455, 2.916678848374369082 ) ) ;
#859 = CARTESIAN_POINT ( 'NONE',  ( -57.68343673703675734, -27.31004567647561032, 2.118146517461645395 ) ) ;
#860 = CARTESIAN_POINT ( 'NONE',  ( -66.15548934913776691, -25.24836142977101616, 4.450466515495302033 ) ) ;
#861 = CARTESIAN_POINT ( 'NONE',  ( -21.10758026813472199, -20.61240073187046562, 4.941442223877716700 ) ) ;
#862 = ORIENTED_EDGE ( 'NONE', *, *, #2499, .F. ) ;
#863 = VERTEX_POINT ( 'NONE', #1138 ) ;
#864 = CARTESIAN_POINT ( 'NONE',  ( -42.55799999999999272, -30.00000000000000000, 44.50000000000000711 ) ) ;
#865 = B_SPLINE_CURVE_WITH_KNOTS ( 'NONE', 3,
 ( #2322, #4350, #2706, #3639 ),
 .UNSPECIFIED., .F., .F.,
 ( 4, 4 ),
 ( 0.000000000000000000, 1.000000000000000000 ),
 .UNSPECIFIED. ) ;
#866 = CYLINDRICAL_SURFACE ( 'NONE', #4338, 2.499999999999998668 ) ;
#867 = EDGE_CURVE ( 'NONE', #863, #1796, #2156, .T. ) ;
#868 = DIRECTION ( 'NONE',  ( -8.163404592832033966E-17, -0.000000000000000000, -1.000000000000000000 ) ) ;
#869 = ADVANCED_FACE ( 'NONE', ( #720 ), #1813, .T. ) ;
#870 = CARTESIAN_POINT ( 'NONE',  ( -25.22080600746072321, -7.408081309895111488, 2.973425559703558818 ) ) ;
#871 = DIRECTION ( 'NONE',  ( 0.000000000000000000, 1.000000000000000000, 0.000000000000000000 ) ) ;
#872 = ORIENTED_EDGE ( 'NONE', *, *, #107, .T. ) ;
#873 = EDGE_CURVE ( 'NONE', #1922, #285, #2514, .T. ) ;
#874 = FACE_BOUND ( 'NONE', #2393, .T. ) ;
#875 = CARTESIAN_POINT ( 'NONE',  ( -21.49999999999999645, -5.185533905932738996, -0.9644660940672581395 ) ) ;
#876 = CARTESIAN_POINT ( 'NONE',  ( -26.91783662464293414, -6.753529486006190297, 2.304828718217291961 ) ) ;
#877 = CARTESIAN_POINT ( 'NONE',  ( -42.55799999999999272, -30.00000000000000000, 44.50000000000000711 ) ) ;
#878 = ORIENTED_EDGE ( 'NONE', *, *, #896, .T. ) ;
#879 = CARTESIAN_POINT ( 'NONE',  ( -103.4181269535913685, -0.9235841980355503633, -3.840524773168126682 ) ) ;
#880 = CARTESIAN_POINT ( 'NONE',  ( -24.63125022652563345, -7.996513385404184326, 3.224723047727569014 ) ) ;
#881 = CARTESIAN_POINT ( 'NONE',  ( -57.63000519181640158, -27.32709083841114150, 2.099116108730948671 ) ) ;
#882 = CARTESIAN_POINT ( 'NONE',  ( -65.90843018481048432, -24.78637623841124693, 5.000021711432757421 ) ) ;
#883 = CARTESIAN_POINT ( 'NONE',  ( -66.36358403214866541, -24.71678581524510321, 4.833333333333341919 ) ) ;
#884 = EDGE_LOOP ( 'NONE', ( #1477, #1279, #229, #588, #79, #4384 ) ) ;
#885 = ORIENTED_EDGE ( 'NONE', *, *, #4373, .F. ) ;
#886 = VECTOR ( 'NONE', #3973, 999.9999999999998863 ) ;
#887 = CARTESIAN_POINT ( 'NONE',  ( -42.55799999999999272, -0.5047271171895393316, 44.50000000000000711 ) ) ;
#888 = DIRECTION ( 'NONE',  ( -4.625929269271483942E-16, -0.000000000000000000, -1.000000000000000000 ) ) ;
#889 = CARTESIAN_POINT ( 'NONE',  ( -99.40626218765611100, -14.76110469034964545, -5.919482774949045734 ) ) ;
#890 = EDGE_CURVE ( 'NONE', #755, #3357, #2574, .T. ) ;
#891 = CARTESIAN_POINT ( 'NONE',  ( -27.82398271194820083, -7.364739879207157891, 1.979934363546840714 ) ) ;
#892 = CARTESIAN_POINT ( 'NONE',  ( -58.19380272090658224, -12.63519042391509473, 1.717086756757596255 ) ) ;
#893 = ORIENTED_EDGE ( 'NONE', *, *, #1433, .T. ) ;
#894 = CARTESIAN_POINT ( 'NONE',  ( -59.00000000000000000, -10.00000000000000000, -8.999999999999992895 ) ) ;
#895 = DIRECTION ( 'NONE',  ( 0.000000000000000000, -1.000000000000000000, -0.000000000000000000 ) ) ;
#896 = EDGE_CURVE ( 'NONE', #1609, #722, #2209, .T. ) ;
#897 = PRODUCT_RELATED_PRODUCT_CATEGORY ( 'part', '', ( #38 ) ) ;
#898 = CARTESIAN_POINT ( 'NONE',  ( -30.03435184898637900, -8.507423393488448227, 1.277711881581081732 ) ) ;
#899 = AXIS2_PLACEMENT_3D ( 'NONE', #2731, #10, #3039 ) ;
#900 = CARTESIAN_POINT ( 'NONE',  ( -24.60023984151290577, -8.646268739300031925, 2.883631983965904588 ) ) ;
#901 = ORIENTED_EDGE ( 'NONE', *, *, #567, .T. ) ;
#902 = CARTESIAN_POINT ( 'NONE',  ( -61.74806941610732025, -9.787498294794687581, 3.480919136432524930 ) ) ;
#903 = AXIS2_PLACEMENT_3D ( 'NONE', #3654, #3275, #4389 ) ;
#904 = CARTESIAN_POINT ( 'NONE',  ( -87.67451566768410487, -0.6760630272930195916, 4.329548684152602078 ) ) ;
#905 = CARTESIAN_POINT ( 'NONE',  ( -100.4709947216695696, -1.279103574132490762, -6.295149452210881513 ) ) ;
#906 = CARTESIAN_POINT ( 'NONE',  ( -65.81081323375609315, 0.000000000000000000, 4.000000000000010658 ) ) ;
#907 = CARTESIAN_POINT ( 'NONE',  ( -29.91421356237312779, -28.99999999999999645, -8.999999999999996447 ) ) ;
#908 = VECTOR ( 'NONE', #3939, 1000.000000000000000 ) ;
#909 = VERTEX_POINT ( 'NONE', #3910 ) ;
#910 = EDGE_LOOP ( 'NONE', ( #820, #127, #1687, #3607 ) ) ;
#911 = CIRCLE ( 'NONE', #2432, 1.500000000000001332 ) ;
#912 = DIRECTION ( 'NONE',  ( 0.000000000000000000, 1.000000000000000000, 0.000000000000000000 ) ) ;
#913 = FACE_OUTER_BOUND ( 'NONE', #1541, .T. ) ;
#914 = VECTOR ( 'NONE', #323, 1000.000000000000000 ) ;
#915 = DIRECTION ( 'NONE',  ( 0.000000000000000000, 0.000000000000000000, 1.000000000000000000 ) ) ;
#916 = CIRCLE ( 'NONE', #3633, 2.749999999999999112 ) ;
#917 = CARTESIAN_POINT ( 'NONE',  ( -30.27053503544989965, -9.111991025380046239, 1.210042904742482106 ) ) ;
#918 = VERTEX_POINT ( 'NONE', #3223 ) ;
#919 = CARTESIAN_POINT ( 'NONE',  ( -102.6932524404071216, -15.00000000000000000, -5.134618469814157038 ) ) ;
#920 = CARTESIAN_POINT ( 'NONE',  ( -42.55799999999999272, -30.00000000000000000, -1.015235170936282127 ) ) ;
#921 = DIRECTION ( 'NONE',  ( 0.000000000000000000, 0.000000000000000000, 1.000000000000000000 ) ) ;
#922 = CARTESIAN_POINT ( 'NONE',  ( -61.74999999999997868, -9.819820049506068571, 3.482014481449721810 ) ) ;
#923 = ORIENTED_EDGE ( 'NONE', *, *, #3210, .T. ) ;
#924 = CARTESIAN_POINT ( 'NONE',  ( -61.97366676070343061, -10.62470045515076045, 3.904041035623803779 ) ) ;
#925 = ADVANCED_FACE ( 'NONE', ( #548 ), #2220, .F. ) ;
#926 = CARTESIAN_POINT ( 'NONE',  ( -79.99000000000000909, 1.000000000000000000, -1.999999999999997780 ) ) ;
#927 = CARTESIAN_POINT ( 'NONE',  ( -21.99999999999998579, -30.00000000000000000, -8.999999999999996447 ) ) ;
#928 = CARTESIAN_POINT ( 'NONE',  ( -64.36969411118725759, 0.000000000000000000, 4.497630881310141326 ) ) ;
#929 = CARTESIAN_POINT ( 'NONE',  ( -88.20853548424688029, -0.1841777094918214952, 3.971341996381597461 ) ) ;
#930 = VERTEX_POINT ( 'NONE', #523 ) ;
#931 = ADVANCED_FACE ( 'NONE', ( #4245 ), #1247, .T. ) ;
#932 = ORIENTED_EDGE ( 'NONE', *, *, #3159, .F. ) ;
#933 = EDGE_CURVE ( 'NONE', #1254, #3807, #4020, .T. ) ;
#934 = DIRECTION ( 'NONE',  ( 0.9513129661531343206, -0.3000430505492260869, -0.07055358421823697268 ) ) ;
#935 = DIRECTION ( 'NONE',  ( 0.000000000000000000, 0.000000000000000000, -1.000000000000000000 ) ) ;
#936 = ORIENTED_EDGE ( 'NONE', *, *, #1507, .T. ) ;
#937 = CARTESIAN_POINT ( 'NONE',  ( -99.50103047937426481, -14.08040587679525402, -6.739922475789160927 ) ) ;
#938 = CARTESIAN_POINT ( 'NONE',  ( -29.14698879902348949, -8.271919214480506710, 0.9026450249897962630 ) ) ;
#939 = ORIENTED_EDGE ( 'NONE', *, *, #658, .T. ) ;
#940 = FACE_OUTER_BOUND ( 'NONE', #4181, .T. ) ;
#941 = CARTESIAN_POINT ( 'NONE',  ( -102.9899999999999807, -0.9027710257656725856, -3.499999999999993783 ) ) ;
#942 = CARTESIAN_POINT ( 'NONE',  ( -56.07011746486845993, -11.69776571593877179, 1.576352775157306318 ) ) ;
#943 = CARTESIAN_POINT ( 'NONE',  ( -29.81569541733580664, -29.42021567298290208, 1.341664822817549174 ) ) ;
#944 = ORIENTED_EDGE ( 'NONE', *, *, #3, .F. ) ;
#945 = CARTESIAN_POINT ( 'NONE',  ( -62.03555895193765224, -10.18813722582570414, 3.933699913242486357 ) ) ;
#946 = CARTESIAN_POINT ( 'NONE',  ( -88.29070543305680019, -18.26693891721770768, 3.955273265103556923 ) ) ;
#947 = CARTESIAN_POINT ( 'NONE',  ( -58.63411298676816585, -12.73044596090845282, 1.909090433825142874 ) ) ;
#948 = ADVANCED_FACE ( 'NONE', ( #188 ), #4317, .T. ) ;
#949 = DIRECTION ( 'NONE',  ( 0.000000000000000000, 0.000000000000000000, 1.000000000000000000 ) ) ;
#950 = DIRECTION ( 'NONE',  ( -0.000000000000000000, -1.000000000000000000, -0.000000000000000000 ) ) ;
#951 = ORIENTED_EDGE ( 'NONE', *, *, #954, .F. ) ;
#952 = EDGE_LOOP ( 'NONE', ( #1085, #3522, #760, #939 ) ) ;
#953 = CARTESIAN_POINT ( 'NONE',  ( -24.24999999999999645, -10.00000000000094857, 3.069224771916217342 ) ) ;
#954 = EDGE_CURVE ( 'NONE', #456, #2904, #3286, .T. ) ;
#955 = CARTESIAN_POINT ( 'NONE',  ( -25.80023303304462345, -12.49914842319240371, 2.283772461306392110 ) ) ;
#956 = EDGE_CURVE ( 'NONE', #3251, #3332, #4270, .T. ) ;
#957 = CIRCLE ( 'NONE', #3604, 1.000000000000000888 ) ;
#958 = CARTESIAN_POINT ( 'NONE',  ( -29.56335022477504637, -29.93699356666223821, 0.8242109677934070788 ) ) ;
#959 = CARTESIAN_POINT ( 'NONE',  ( -100.5487116210270813, -1.310933871269539308, -6.289385622641550988 ) ) ;
#960 = CARTESIAN_POINT ( 'NONE',  ( -79.78246640044440596, -20.37545378180324462, 1.640138763836761715 ) ) ;
#961 = ORIENTED_EDGE ( 'NONE', *, *, #3868, .T. ) ;
#962 = CARTESIAN_POINT ( 'NONE',  ( -89.98999999999999488, 0.000000000000000000, -2.499999999999994227 ) ) ;
#963 = CARTESIAN_POINT ( 'NONE',  ( -56.88474107988990625, -7.395792941334527804, 1.841127637936440964 ) ) ;
#964 = CARTESIAN_POINT ( 'NONE',  ( -61.86906946493988357, -11.04873572851990637, 3.854081008832520805 ) ) ;
#965 = CARTESIAN_POINT ( 'NONE',  ( -57.69378430765694077, -7.574344846603985992, 1.507832489306244028 ) ) ;
#966 = ORIENTED_EDGE ( 'NONE', *, *, #3477, .F. ) ;
#967 = CARTESIAN_POINT ( 'NONE',  ( -63.89552684790057668, -30.00000000000000000, 4.880434782608703337 ) ) ;
#968 = DIRECTION ( 'NONE',  ( -1.000000000000000000, 0.000000000000000000, -8.672384569055758038E-16 ) ) ;
#969 = CARTESIAN_POINT ( 'NONE',  ( -59.44454822922905635, -12.73316967140013922, 2.280131867712762883 ) ) ;
#970 = CIRCLE ( 'NONE', #3058, 1.000000000000000000 ) ;
#971 = CARTESIAN_POINT ( 'NONE',  ( -103.7914063078827809, -12.83988714025424116, -4.183023166485920541 ) ) ;
#972 = CARTESIAN_POINT ( 'NONE',  ( -84.41189918235569678, 9.914790156097688260E-19, -6.985390594157563804 ) ) ;
#973 = ORIENTED_EDGE ( 'NONE', *, *, #3886, .F. ) ;
#974 = ORIENTED_EDGE ( 'NONE', *, *, #3342, .T. ) ;
#975 = CARTESIAN_POINT ( 'NONE',  ( -65.81081323375609315, -30.00000000000000000, 5.000000000000009770 ) ) ;
#976 = DIRECTION ( 'NONE',  ( -0.9972611121283910807, 0.000000000000000000, 0.07396130229007839840 ) ) ;
#977 = VECTOR ( 'NONE', #353, 1000.000000000000000 ) ;
#978 = CARTESIAN_POINT ( 'NONE',  ( -87.99244902916755962, -0.6837548515576150621, 4.452027607235971907 ) ) ;
#979 = ORIENTED_EDGE ( 'NONE', *, *, #4078, .F. ) ;
#980 = CARTESIAN_POINT ( 'NONE',  ( -24.24999999999999645, -10.00000000000094857, 3.069224771916217342 ) ) ;
#981 = DIRECTION ( 'NONE',  ( -0.000000000000000000, -0.000000000000000000, 1.000000000000000000 ) ) ;
#982 = ADVANCED_FACE ( 'NONE', ( #2614 ), #3974, .T. ) ;
#983 = CARTESIAN_POINT ( 'NONE',  ( -83.08714699651405056, -19.30631291774847114, 2.319650144411805393 ) ) ;
#984 = AXIS2_PLACEMENT_3D ( 'NONE', #513, #177, #2184 ) ;
#985 = ORIENTED_EDGE ( 'NONE', *, *, #1149, .T. ) ;
#986 = CARTESIAN_POINT ( 'NONE',  ( -26.12375967909474284, -25.68601721645833180, 2.607583403480029816 ) ) ;
#987 = CARTESIAN_POINT ( 'NONE',  ( -29.33147725097759917, -29.81283576591946627, 0.8563183221244606846 ) ) ;
#988 = VECTOR ( 'NONE', #3796, 1000.000000000000000 ) ;
#989 = CARTESIAN_POINT ( 'NONE',  ( -65.97024313433283282, -25.30678787970949628, 4.484764829063732527 ) ) ;
#990 = CARTESIAN_POINT ( 'NONE',  ( -57.99474792702599757, -7.434952119764351330, 1.632742325325056809 ) ) ;
#991 = ORIENTED_EDGE ( 'NONE', *, *, #3839, .F. ) ;
#992 = CARTESIAN_POINT ( 'NONE',  ( -77.41899999999999693, -0.5047271171895393316, 21.50000000000000711 ) ) ;
#993 = FACE_OUTER_BOUND ( 'NONE', #2890, .T. ) ;
#994 = CARTESIAN_POINT ( 'NONE',  ( -86.65996590970128466, -0.6255041656439765951, 3.723581447342990902 ) ) ;
#995 = CARTESIAN_POINT ( 'NONE',  ( -104.7831904278470603, -12.58193734620257054, -2.366681341558523499 ) ) ;
#996 = CARTESIAN_POINT ( 'NONE',  ( -25.50306186476635872, -12.31272586373799527, 2.428037343360262224 ) ) ;
#997 = ORIENTED_EDGE ( 'NONE', *, *, #3402, .F. ) ;
#998 = VERTEX_POINT ( 'NONE', #2193 ) ;
#999 = CARTESIAN_POINT ( 'NONE',  ( -102.0487558323338106, -1.395902935722577398, -5.548821758598630360 ) ) ;
#1000 = CARTESIAN_POINT ( 'NONE',  ( -24.30918384564343171, -9.431811409979372840, 3.365076192528307253 ) ) ;
#1001 = CARTESIAN_POINT ( 'NONE',  ( -55.57997352065105190, -9.813326054604305071, 1.425226213352037474 ) ) ;
#1002 = ORIENTED_EDGE ( 'NONE', *, *, #1401, .T. ) ;
#1003 = FACE_OUTER_BOUND ( 'NONE', #4090, .T. ) ;
#1004 = CARTESIAN_POINT ( 'NONE',  ( -87.95662649225438656, -0.1719312830459059083, 3.898253459400116139 ) ) ;
#1005 = CARTESIAN_POINT ( 'NONE',  ( -79.33572754981311448, -20.51999276791326210, 1.590680591059821403 ) ) ;
#1006 = EDGE_CURVE ( 'NONE', #3044, #3545, #817, .T. ) ;
#1007 = ORIENTED_EDGE ( 'NONE', *, *, #2692, .F. ) ;
#1008 = CARTESIAN_POINT ( 'NONE',  ( -29.72878669534976837, -29.33231713169000798, 1.367514725165837275 ) ) ;
#1009 = EDGE_CURVE ( 'NONE', #2875, #1127, #2637, .T. ) ;
#1010 = CARTESIAN_POINT ( 'NONE',  ( -88.20755963982983872, -0.1841302693159833082, 3.971437274810921014 ) ) ;
#1011 = ADVANCED_FACE ( 'NONE', ( #1519 ), #4329, .T. ) ;
#1012 = FACE_OUTER_BOUND ( 'NONE', #2603, .T. ) ;
#1013 = ADVANCED_FACE ( 'NONE', ( #4426, #2011, #4003 ), #2375, .F. ) ;
#1014 = CARTESIAN_POINT ( 'NONE',  ( -59.43533375783688655, -7.279892927237972877, 2.277148348709799208 ) ) ;
#1015 = VERTEX_POINT ( 'NONE', #641 ) ;
#1016 = CARTESIAN_POINT ( 'NONE',  ( -57.09388859632921509, -8.004699670597712924, 1.910416930697791837 ) ) ;
#1017 = CARTESIAN_POINT ( 'NONE',  ( -88.28418398719996674, -0.6908121659973220918, 4.466320967358239358 ) ) ;
#1018 = CARTESIAN_POINT ( 'NONE',  ( -50.93603867816828767, -28.99999999999999645, -8.499999999999996447 ) ) ;
#1019 = CARTESIAN_POINT ( 'NONE',  ( -104.2846929458974046, -13.22245305973552831, -1.615261081858549774 ) ) ;
#1020 = CARTESIAN_POINT ( 'NONE',  ( -26.87939642908065707, -12.75213464489980808, 1.794207743623566609 ) ) ;
#1021 = EDGE_LOOP ( 'NONE', ( #8, #4180, #3425, #2111 ) ) ;
#1022 = CARTESIAN_POINT ( 'NONE',  ( -66.11233910856124396, -24.75519997686435758, 4.953481263554236236 ) ) ;
#1023 =( BOUNDED_CURVE ( )  B_SPLINE_CURVE ( 3, ( #1167, #3250, #1488, #2862 ),
 .UNSPECIFIED., .F., .F. ) 
 B_SPLINE_CURVE_WITH_KNOTS ( ( 4, 4 ),
 ( 1.570796326794896558, 4.712388980384689674 ),
 .UNSPECIFIED. ) 
 CURVE ( )  GEOMETRIC_REPRESENTATION_ITEM ( )  RATIONAL_B_SPLINE_CURVE ( ( 1.000000000000000000, 0.3333333333333333703, 0.3333333333333333703, 1.000000000000000000 ) ) 
 REPRESENTATION_ITEM ( '' )  );
#1024 = LINE ( 'NONE', #4007, #2401 ) ;
#1025 = CARTESIAN_POINT ( 'NONE',  ( -24.35825658588255394, -10.78982278037538123, 3.343340001430688435 ) ) ;
#1026 = CARTESIAN_POINT ( 'NONE',  ( -88.12827398370326648, -0.6870405007970874500, 4.471026118431371543 ) ) ;
#1027 = VERTEX_POINT ( 'NONE', #928 ) ;
#1028 = CARTESIAN_POINT ( 'NONE',  ( -29.41501474823319739, -29.86710326841732766, 0.8447161238676618167 ) ) ;
#1029 = DIRECTION ( 'NONE',  ( 0.9806647375034924785, 0.1956953566572441350, 0.000000000000000000 ) ) ;
#1030 = CARTESIAN_POINT ( 'NONE',  ( -78.25763014434984655, -20.86877532268021795, 1.517371253943325282 ) ) ;
#1031 = VECTOR ( 'NONE', #1704, 1000.000000000000000 ) ;
#1032 = CARTESIAN_POINT ( 'NONE',  ( -21.49999999999999289, -21.00931307366496981, 4.731159986743394441 ) ) ;
#1033 = CARTESIAN_POINT ( 'NONE',  ( -64.21026421061050371, -25.30611269279961562, 5.000000000000011546 ) ) ;
#1034 = EDGE_CURVE ( 'NONE', #1914, #3666, #3422, .T. ) ;
#1035 = LINE ( 'NONE', #2794, #4136 ) ;
#1036 = DIRECTION ( 'NONE',  ( 0.000000000000000000, 0.000000000000000000, 1.000000000000000000 ) ) ;
#1037 = ORIENTED_EDGE ( 'NONE', *, *, #1705, .T. ) ;
#1038 = CARTESIAN_POINT ( 'NONE',  ( -60.76914778746083101, -7.887152630746341764, 2.945064743911575356 ) ) ;
#1039 = ADVANCED_FACE ( 'NONE', ( #4399 ), #3376, .T. ) ;
#1040 = PRODUCT_DEFINITION ( 'UNKNOWN', '', #3921, #21 ) ;
#1041 = LINE ( 'NONE', #2395, #3692 ) ;
#1042 = CARTESIAN_POINT ( 'NONE',  ( -84.44426424301110501, -0.001179593729265939568, 2.229905215808757113 ) ) ;
#1043 = LINE ( 'NONE', #95, #557 ) ;
#1044 = DIRECTION ( 'NONE',  ( 0.3345009352257083957, -0.7087604465928983855, 0.6211020477172505272 ) ) ;
#1045 = ORIENTED_EDGE ( 'NONE', *, *, #3643, .F. ) ;
#1046 = DIRECTION ( 'NONE',  ( 0.000000000000000000, 0.000000000000000000, 1.000000000000000000 ) ) ;
#1047 = CIRCLE ( 'NONE', #2341, 5.000000000000000000 ) ;
#1048 = CARTESIAN_POINT ( 'NONE',  ( -76.13297502300855513, -22.10147355489525722, 1.013203457257637830 ) ) ;
#1049 = CARTESIAN_POINT ( 'NONE',  ( -25.35911656719053653, -12.21374625103398515, 2.498423799973588100 ) ) ;
#1050 = PLANE ( 'NONE',  #2503 ) ;
#1051 = ORIENTED_EDGE ( 'NONE', *, *, #81, .F. ) ;
#1052 =( BOUNDED_CURVE ( )  B_SPLINE_CURVE ( 3, ( #4190, #2142, #3110, #3502 ),
 .UNSPECIFIED., .F., .T. ) 
 B_SPLINE_CURVE_WITH_KNOTS ( ( 4, 4 ),
 ( 4.712388980384689674, 7.853981633974482790 ),
 .UNSPECIFIED. ) 
 CURVE ( )  GEOMETRIC_REPRESENTATION_ITEM ( )  RATIONAL_B_SPLINE_CURVE ( ( 1.000000000000000000, 0.3333333333333333703, 0.3333333333333333703, 1.000000000000000000 ) ) 
 REPRESENTATION_ITEM ( '' )  );
#1053 = FACE_OUTER_BOUND ( 'NONE', #1860, .T. ) ;
#1054 = CIRCLE ( 'NONE', #1416, 0.4999999999999971689 ) ;
#1055 = DIRECTION ( 'NONE',  ( -4.625929269271483942E-16, -0.000000000000000000, -1.000000000000000000 ) ) ;
#1056 = CARTESIAN_POINT ( 'NONE',  ( -83.64212010848228829, -19.12676467190262386, 2.491489430861207666 ) ) ;
#1057 = CONICAL_SURFACE ( 'NONE', #2138, 2.000000000000011990, 0.7853981633974500554 ) ;
#1058 = CARTESIAN_POINT ( 'NONE',  ( -87.67451566768410487, -17.82218547975442746, 4.329548684152602078 ) ) ;
#1059 = LINE ( 'NONE', #2458, #2917 ) ;
#1060 = AXIS2_PLACEMENT_3D ( 'NONE', #2835, #3151, #3820 ) ;
#1061 = CARTESIAN_POINT ( 'NONE',  ( -102.4338682849278115, -13.80620109751812485, -4.396960764953208312 ) ) ;
#1062 = DIRECTION ( 'NONE',  ( -0.9536895693127208640, 0.3007926285401902322, 7.785353810263469817E-17 ) ) ;
#1063 = ORIENTED_EDGE ( 'NONE', *, *, #1153, .T. ) ;
#1064 = AXIS2_PLACEMENT_3D ( 'NONE', #729, #367, #1741 ) ;
#1065 = CARTESIAN_POINT ( 'NONE',  ( -58.12828231175310378, -7.379352276999232352, 2.278964124392393487 ) ) ;
#1066 = CIRCLE ( 'NONE', #1718, 2.750000000000002665 ) ;
#1067 = CARTESIAN_POINT ( 'NONE',  ( -103.2780903013686213, -12.97339932155189679, -4.696644647501362790 ) ) ;
#1068 = CARTESIAN_POINT ( 'NONE',  ( -50.87281208053573067, -29.64664492976329058, 0.1001075276295063238 ) ) ;
#1069 = ORIENTED_EDGE ( 'NONE', *, *, #3758, .F. ) ;
#1070 = CARTESIAN_POINT ( 'NONE',  ( -66.00233487804338495, -24.77202006089528652, 4.981637323545580642 ) ) ;
#1071 = ADVANCED_FACE ( 'NONE', ( #301 ), #254, .T. ) ;
#1072 = CARTESIAN_POINT ( 'NONE',  ( -64.00000000000000000, -30.00000000000000000, -8.999999999999992895 ) ) ;
#1073 = CARTESIAN_POINT ( 'NONE',  ( -28.48400318773621365, -12.32695751111118732, 1.756375848682114604 ) ) ;
#1074 = ADVANCED_FACE ( 'NONE', ( #4071 ), #2976, .T. ) ;
#1075 = CARTESIAN_POINT ( 'NONE',  ( -60.77670293488455400, -12.58620935973414490, 3.352540172684547404 ) ) ;
#1076 = ORIENTED_EDGE ( 'NONE', *, *, #1006, .F. ) ;
#1077 = ADVANCED_FACE ( 'NONE', ( #3067 ), #4023, .T. ) ;
#1078 = CARTESIAN_POINT ( 'NONE',  ( -65.86395653394833971, -24.96979683496097735, 4.828254943021250689 ) ) ;
#1079 = DIRECTION ( 'NONE',  ( 1.000000000000000000, 0.000000000000000000, 0.000000000000000000 ) ) ;
#1080 = CARTESIAN_POINT ( 'NONE',  ( -69.17050453992200687, -23.80867765879914444, 3.279527434968497968 ) ) ;
#1081 = CARTESIAN_POINT ( 'NONE',  ( -85.55215552614588148, -18.50882167781334786, 3.227714309334177134 ) ) ;
#1082 = CARTESIAN_POINT ( 'NONE',  ( -29.71851886029557832, -29.98066527098426803, 0.8028932584819918894 ) ) ;
#1083 = CARTESIAN_POINT ( 'NONE',  ( -65.47087944377965130, 0.4224090791436312387, -8.890913063940217853 ) ) ;
#1084 = FACE_OUTER_BOUND ( 'NONE', #3379, .T. ) ;
#1085 = ORIENTED_EDGE ( 'NONE', *, *, #1510, .F. ) ;
#1086 = CARTESIAN_POINT ( 'NONE',  ( -59.69018021115215333, -7.332299305608778184, 2.399279424782425174 ) ) ;
#1087 = CARTESIAN_POINT ( 'NONE',  ( -24.06884963567664215, -10.87877057056302910, 3.473744041169884333 ) ) ;
#1088 = CARTESIAN_POINT ( 'NONE',  ( -64.15004179622837910, -25.28940836788914837, 4.975630858763052444 ) ) ;
#1089 = ORIENTED_EDGE ( 'NONE', *, *, #3394, .T. ) ;
#1090 = ORIENTED_EDGE ( 'NONE', *, *, #2857, .T. ) ;
#1091 = EDGE_CURVE ( 'NONE', #3298, #417, #1711, .T. ) ;
#1092 = CARTESIAN_POINT ( 'NONE',  ( -84.30513941079253470, -18.91225995741845978, 2.699505649345427472 ) ) ;
#1093 = CARTESIAN_POINT ( 'NONE',  ( -28.76392018797687911, -12.12205598505566506, 1.664679371817172626 ) ) ;
#1094 = LINE ( 'NONE', #2783, #553 ) ;
#1095 = ORIENTED_EDGE ( 'NONE', *, *, #297, .F. ) ;
#1096 = ORIENTED_EDGE ( 'NONE', *, *, #3339, .F. ) ;
#1097 = EDGE_CURVE ( 'NONE', #3251, #2177, #2348, .T. ) ;
#1098 = CARTESIAN_POINT ( 'NONE',  ( -61.74134256253672248, -10.26647157093918317, 3.477100241476207110 ) ) ;
#1099 = EDGE_CURVE ( 'NONE', #3970, #2254, #1626, .T. ) ;
#1100 = CARTESIAN_POINT ( 'NONE',  ( -74.16390776481738101, -22.19319296055967072, 1.766667308621583610 ) ) ;
#1101 = CARTESIAN_POINT ( 'NONE',  ( -64.29926439942923366, -25.83381271261044532, 4.426803816893060350 ) ) ;
#1102 = LINE ( 'NONE', #3171, #482 ) ;
#1103 = FACE_OUTER_BOUND ( 'NONE', #1654, .T. ) ;
#1104 = ORIENTED_EDGE ( 'NONE', *, *, #3154, .F. ) ;
#1105 = AXIS2_PLACEMENT_3D ( 'NONE', #3520, #1845, #1123 ) ;
#1106 = CARTESIAN_POINT ( 'NONE',  ( -56.83113313436434311, -8.299311246272175424, 1.168192092415090588 ) ) ;
#1107 = CARTESIAN_POINT ( 'NONE',  ( -28.56173640041961903, -12.93760645696275802, 1.731480885572173500 ) ) ;
#1108 = CARTESIAN_POINT ( 'NONE',  ( -64.13199222390035459, -25.29217154432592807, 4.971339773042020127 ) ) ;
#1109 = ORIENTED_EDGE ( 'NONE', *, *, #407, .F. ) ;
#1110 = DIRECTION ( 'NONE',  ( 0.000000000000000000, 0.000000000000000000, 1.000000000000000000 ) ) ;
#1111 = CARTESIAN_POINT ( 'NONE',  ( -67.96126734292327853, -24.19989673320008805, 3.852654681195454067 ) ) ;
#1112 = CARTESIAN_POINT ( 'NONE',  ( -28.34476685942290430, -12.40543272512154260, 1.196890908502143303 ) ) ;
#1113 = CARTESIAN_POINT ( 'NONE',  ( -60.38314267992193862, -12.38330962412323544, 2.744508689766925080 ) ) ;
#1114 = EDGE_LOOP ( 'NONE', ( #3823, #576 ) ) ;
#1115 = ORIENTED_EDGE ( 'NONE', *, *, #1510, .T. ) ;
#1116 =( NAMED_UNIT ( * ) PLANE_ANGLE_UNIT ( ) SI_UNIT ( $, .RADIAN. ) );
#1117 = DIRECTION ( 'NONE',  ( -1.000000000000000000, 0.000000000000000000, 8.163404592832033966E-17 ) ) ;
#1118 = CARTESIAN_POINT ( 'NONE',  ( -74.17708234263432132, -22.18893063969216328, 1.764498626307179352 ) ) ;
#1119 = CIRCLE ( 'NONE', #1333, 2.750000000000002665 ) ;
#1120 = CARTESIAN_POINT ( 'NONE',  ( -64.36969411118725759, -30.00000000000000000, 4.000000000000012434 ) ) ;
#1121 = VECTOR ( 'NONE', #1982, 1000.000000000000000 ) ;
#1122 = EDGE_CURVE ( 'NONE', #3970, #2671, #1563, .T. ) ;
#1123 = DIRECTION ( 'NONE',  ( 0.000000000000000000, 0.000000000000000000, 1.000000000000000000 ) ) ;
#1124 = CARTESIAN_POINT ( 'NONE',  ( -29.20710678118657810, -29.70710678118654613, 0.8736619824217130015 ) ) ;
#1125 = VECTOR ( 'NONE', #3410, 1000.000000000000000 ) ;
#1126 = DIRECTION ( 'NONE',  ( 0.000000000000000000, 0.000000000000000000, -1.000000000000000000 ) ) ;
#1127 = VERTEX_POINT ( 'NONE', #415 ) ;
#1128 = FACE_OUTER_BOUND ( 'NONE', #1557, .T. ) ;
#1129 = VECTOR ( 'NONE', #2928, 1000.000000000000000 ) ;
#1130 = DIRECTION ( 'NONE',  ( 1.000000000000000000, -0.000000000000000000, 1.224646799147353207E-16 ) ) ;
#1131 = CARTESIAN_POINT ( 'NONE',  ( -64.20582375574839773, -25.28086447451896035, 4.986696615498892982 ) ) ;
#1132 = AXIS2_PLACEMENT_3D ( 'NONE', #4151, #2121, #1638 ) ;
#1133 = VECTOR ( 'NONE', #1243, 1000.000000000000114 ) ;
#1134 = ORIENTED_EDGE ( 'NONE', *, *, #1403, .T. ) ;
#1135 = CARTESIAN_POINT ( 'NONE',  ( -87.89764539867880444, -17.78806911127554002, 4.428179595857795192 ) ) ;
#1136 = AXIS2_PLACEMENT_3D ( 'NONE', #3821, #4191, #1424 ) ;
#1137 = CARTESIAN_POINT ( 'NONE',  ( -89.98999999999999488, 1.000000000000000000, -2.499999999999994227 ) ) ;
#1138 = CARTESIAN_POINT ( 'NONE',  ( -21.50000000000000000, -21.99999999999997868, -8.499999999999994671 ) ) ;
#1139 = CARTESIAN_POINT ( 'NONE',  ( -59.29127744670977052, -13.22129022042593149, 2.726286610327320226 ) ) ;
#1140 = ORIENTED_EDGE ( 'NONE', *, *, #2167, .F. ) ;
#1141 = ORIENTED_EDGE ( 'NONE', *, *, #86, .F. ) ;
#1142 = CARTESIAN_POINT ( 'NONE',  ( -64.15000000000000568, 0.000000000000000000, -8.487502130457366789 ) ) ;
#1143 = FACE_OUTER_BOUND ( 'NONE', #1313, .T. ) ;
#1144 = CARTESIAN_POINT ( 'NONE',  ( -75.58512279336765971, -21.73339485274601657, 1.584248892454342972 ) ) ;
#1145 = CARTESIAN_POINT ( 'NONE',  ( -63.96801440389132409, -25.31724321226474927, 4.919486220681954514 ) ) ;
#1146 = EDGE_CURVE ( 'NONE', #3220, #1790, #1043, .T. ) ;
#1147 = DIRECTION ( 'NONE',  ( 0.000000000000000000, 0.000000000000000000, 1.000000000000000000 ) ) ;
#1148 = DIRECTION ( 'NONE',  ( -1.000000000000000000, 0.000000000000000000, 7.575620348129778241E-17 ) ) ;
#1149 = EDGE_CURVE ( 'NONE', #1015, #2772, #3440, .T. ) ;
#1150 = VERTEX_POINT ( 'NONE', #434 ) ;
#1151 = CARTESIAN_POINT ( 'NONE',  ( -56.24999999999999289, -10.00000000000075850, 0.9543786816630747127 ) ) ;
#1152 = EDGE_CURVE ( 'NONE', #1542, #3289, #3175, .T. ) ;
#1153 = EDGE_CURVE ( 'NONE', #4074, #169, #2786, .T. ) ;
#1154 = CARTESIAN_POINT ( 'NONE',  ( -104.3290461024457159, -12.70005611451356842, -3.412998845311260965 ) ) ;
#1155 = FACE_OUTER_BOUND ( 'NONE', #3865, .T. ) ;
#1156 = EDGE_LOOP ( 'NONE', ( #4169, #3235, #3647, #1245, #1605 ) ) ;
#1157 = CARTESIAN_POINT ( 'NONE',  ( -88.01107886538217429, -17.77072594709057896, 4.455503689602654305 ) ) ;
#1158 = CARTESIAN_POINT ( 'NONE',  ( -104.9899999999999949, -2.000000000000001776, 2.840000000000012736 ) ) ;
#1159 = DIRECTION ( 'NONE',  ( -2.670781508866054364E-16, 0.8164965809277269226, -0.5773502691896245098 ) ) ;
#1160 = CARTESIAN_POINT ( 'NONE',  ( -61.11855212404587689, -11.76638380566369513, 3.504950865821018891 ) ) ;
#1161 = ORIENTED_EDGE ( 'NONE', *, *, #1152, .T. ) ;
#1162 = EDGE_LOOP ( 'NONE', ( #1950, #3534, #1453, #1599, #3309 ) ) ;
#1163 = DIRECTION ( 'NONE',  ( 1.000000000000000000, -0.000000000000000000, -7.575620348129778241E-17 ) ) ;
#1164 = CARTESIAN_POINT ( 'NONE',  ( -72.82754614503051016, -22.62553659779321080, 2.034164717240444897 ) ) ;
#1165 = CARTESIAN_POINT ( 'NONE',  ( -63.89552684790054826, -25.32832614548767936, 4.880434782608692679 ) ) ;
#1166 = CARTESIAN_POINT ( 'NONE',  ( -29.73581745227133766, -10.33012163941732986, 1.360444060996046423 ) ) ;
#1167 = CARTESIAN_POINT ( 'NONE',  ( -89.98999999999999488, -0.2707826932425814181, -3.499999999999994227 ) ) ;
#1168 = ORIENTED_EDGE ( 'NONE', *, *, #3, .T. ) ;
#1169 = CARTESIAN_POINT ( 'NONE',  ( -56.39285016633705538, -9.105835536588724466, 1.005790367640909233 ) ) ;
#1170 = CARTESIAN_POINT ( 'NONE',  ( -103.6312327183735675, -12.88154622957250517, -4.355062944904755540 ) ) ;
#1171 = CARTESIAN_POINT ( 'NONE',  ( -26.40425526916990862, -7.310436005700086781, 2.004891560242034299 ) ) ;
#1172 = AXIS2_PLACEMENT_3D ( 'NONE', #101, #16, #2844 ) ;
#1173 = ORIENTED_EDGE ( 'NONE', *, *, #3154, .T. ) ;
#1174 = EDGE_CURVE ( 'NONE', #330, #1914, #2509, .T. ) ;
#1175 = CARTESIAN_POINT ( 'NONE',  ( -87.97144699337988527, -17.77678474367279193, 4.447911112111513354 ) ) ;
#1176 = CARTESIAN_POINT ( 'NONE',  ( -79.01342543602028456, -21.19298270106967408, 0.9450613123254724135 ) ) ;
#1177 = B_SPLINE_CURVE_WITH_KNOTS ( 'NONE', 3,
 ( #2550, #123, #2893, #1499, #1896, #3573, #166, #1240, #2532, #3240, #4263, #816, #2573, #547, #3932, #3261, #2192, #859, #1918, #881, #2238, #1561, #2934, #2589, #2257, #210, #1583, #4303, #3553, #4375, #3325, #2684, #3351 ),
 .UNSPECIFIED., .F., .F.,
 ( 4, 2, 1, 1, 1, 2, 2, 2, 1, 1, 1, 1, 2, 2, 2, 1, 1, 1, 1, 2, 2, 4 ),
 ( 0.000000000000000000, 0.1249999999999507061, 0.1874999999999260036, 0.2187499999999136524, 0.2343749999999074629, 0.2421874999999051037, 0.2499999999999027445, 0.3749999999998709366, 0.4374999999998556710, 0.4687499999998480660, 0.4843749999998450129, 0.4921874999998434586, 0.4960937499998432920, 0.4999999999998430145, 0.6249999999998694378, 0.6874999999998826494, 0.7187499999998890887, 0.7343749999998916422, 0.7421874999998925304, 0.7460937499998928635, 0.7499999999998931965, 1.000000000000000000 ),
 .UNSPECIFIED. ) ;
#1178 = DIRECTION ( 'NONE',  ( -0.07396130229007841228, 0.000000000000000000, -0.9972611121283913027 ) ) ;
#1179 = CARTESIAN_POINT ( 'NONE',  ( -29.61083267719680023, -10.88122504576713467, 0.7427821755813150961 ) ) ;
#1180 = VERTEX_POINT ( 'NONE', #2169 ) ;
#1181 = ORIENTED_EDGE ( 'NONE', *, *, #4373, .T. ) ;
#1182 = LINE ( 'NONE', #2918, #2789 ) ;
#1183 = LINE ( 'NONE', #555, #908 ) ;
#1184 = B_SPLINE_SURFACE_WITH_KNOTS ( 'NONE', 1, 3, ( 
 ( #4233, #2540, #2205, #2522, #2559, #1864, #3900, #1799, #2118, #3882 ),
 ( #1101, #4252, #826, #745, #805, #1463, #2833, #2182, #3542, #3479 ) ),
 .UNSPECIFIED., .F., .F., .F.,
 ( 2, 2 ),
 ( 4, 2, 2, 2, 4 ),
 ( 0.000000000000000000, 1.000000000000000000 ),
 ( 1.076778360650786581, 1.153210982121620543, 1.229643603592454282, 1.306076225063288021, 1.382508846534121982 ),
 .UNSPECIFIED. ) ;
#1185 = CARTESIAN_POINT ( 'NONE',  ( -51.23683130670848129, -29.95368956931271853, -0.2108088983730667387 ) ) ;
#1186 = CIRCLE ( 'NONE', #4409, 0.4999999999999971689 ) ;
#1187 = DIRECTION ( 'NONE',  ( 0.000000000000000000, 0.000000000000000000, 1.000000000000000000 ) ) ;
#1188 = CARTESIAN_POINT ( 'NONE',  ( -50.93603867816828767, -30.00000000000000000, -0.2375133481148164472 ) ) ;
#1189 = ORIENTED_EDGE ( 'NONE', *, *, #1678, .T. ) ;
#1190 = PRESENTATION_STYLE_ASSIGNMENT (( #4219 ) ) ;
#1191 = CIRCLE ( 'NONE', #3697, 0.4999999999999971689 ) ;
#1192 = CARTESIAN_POINT ( 'NONE',  ( -103.5792052292979974, -12.89507893675037842, -4.409511071671007976 ) ) ;
#1193 = CARTESIAN_POINT ( 'NONE',  ( -27.85486697032423464, -7.381098397148617707, 1.387893879305937439 ) ) ;
#1194 = ORIENTED_EDGE ( 'NONE', *, *, #538, .T. ) ;
#1195 = CARTESIAN_POINT ( 'NONE',  ( -104.2786074594449275, -1.495225404236077971, -3.507376452367597430 ) ) ;
#1196 = VECTOR ( 'NONE', #3107, 999.9999999999998863 ) ;
#1197 = FACE_OUTER_BOUND ( 'NONE', #3329, .T. ) ;
#1198 = DIRECTION ( 'NONE',  ( 0.000000000000000000, 1.000000000000000000, 0.000000000000000000 ) ) ;
#1199 = EDGE_CURVE ( 'NONE', #3165, #1994, #3337, .T. ) ;
#1200 = CARTESIAN_POINT ( 'NONE',  ( -84.44426424301110501, -0.001179593729264778387, 2.229905215808765107 ) ) ;
#1201 = VECTOR ( 'NONE', #71, 1000.000000000000000 ) ;
#1202 = DIRECTION ( 'NONE',  ( 0.000000000000000000, 0.000000000000000000, -1.000000000000000000 ) ) ;
#1203 = VERTEX_POINT ( 'NONE', #3569 ) ;
#1204 = VERTEX_POINT ( 'NONE', #3905 ) ;
#1205 = EDGE_CURVE ( 'NONE', #1831, #3638, #539, .T. ) ;
#1206 = VECTOR ( 'NONE', #1055, 1000.000000000000000 ) ;
#1207 = DIRECTION ( 'NONE',  ( 0.000000000000000000, 1.000000000000000000, 0.000000000000000000 ) ) ;
#1208 = FACE_OUTER_BOUND ( 'NONE', #952, .T. ) ;
#1209 = EDGE_CURVE ( 'NONE', #368, #2022, #1991, .T. ) ;
#1210 = CARTESIAN_POINT ( 'NONE',  ( -100.4651960341087431, -14.42711813395454890, -5.520166107756603324 ) ) ;
#1211 = CARTESIAN_POINT ( 'NONE',  ( -27.98842282805565773, -7.422390910858626789, 1.923267020413734096 ) ) ;
#1212 = LINE ( 'NONE', #1885, #1350 ) ;
#1213 = ORIENTED_EDGE ( 'NONE', *, *, #211, .F. ) ;
#1214 = DIRECTION ( 'NONE',  ( 0.000000000000000000, 0.000000000000000000, 1.000000000000000000 ) ) ;
#1215 = DIRECTION ( 'NONE',  ( 0.000000000000000000, 0.000000000000000000, -1.000000000000000000 ) ) ;
#1216 = FACE_OUTER_BOUND ( 'NONE', #37, .T. ) ;
#1217 = ORIENTED_EDGE ( 'NONE', *, *, #2619, .T. ) ;
#1218 = CARTESIAN_POINT ( 'NONE',  ( -102.4355381593809682, -0.8758161477579425869, -4.691979387968045145 ) ) ;
#1219 = CARTESIAN_POINT ( 'NONE',  ( -64.15000000000000568, -20.19999999999999929, -1.999999999999992228 ) ) ;
#1220 = DIRECTION ( 'NONE',  ( -0.000000000000000000, 1.000000000000000000, -0.000000000000000000 ) ) ;
#1221 = CARTESIAN_POINT ( 'NONE',  ( -66.19877840664624102, -25.23470810922102103, 4.430137274878189757 ) ) ;
#1222 = CARTESIAN_POINT ( 'NONE',  ( -84.39570710123810215, 0.000000000000000000, 0.000000000000000000 ) ) ;
#1223 = EDGE_LOOP ( 'NONE', ( #2735, #872, #3755, #1189 ) ) ;
#1224 = EDGE_CURVE ( 'NONE', #2772, #1015, #2224, .T. ) ;
#1225 = CARTESIAN_POINT ( 'NONE',  ( -84.96519856249861391, -12.00000000000000000, -1.066874950121532439 ) ) ;
#1226 = LINE ( 'NONE', #2899, #836 ) ;
#1227 = EDGE_CURVE ( 'NONE', #150, #716, #3713, .T. ) ;
#1228 = CARTESIAN_POINT ( 'NONE',  ( -99.77209375822278048, -14.47150677563383248, -6.008593026285964811 ) ) ;
#1229 = ADVANCED_FACE ( 'NONE', ( #2004 ), #1666, .F. ) ;
#1230 = CARTESIAN_POINT ( 'NONE',  ( -27.93690245729863975, -6.836746414289426532, 1.940985598322743755 ) ) ;
#1231 = FACE_OUTER_BOUND ( 'NONE', #2610, .T. ) ;
#1232 = VERTEX_POINT ( 'NONE', #3035 ) ;
#1233 = DIRECTION ( 'NONE',  ( 0.000000000000000000, 0.000000000000000000, 1.000000000000000000 ) ) ;
#1234 = CARTESIAN_POINT ( 'NONE',  ( -58.00547421655277702, -6.848906220574908055, 2.233905131488131524 ) ) ;
#1235 = CARTESIAN_POINT ( 'NONE',  ( -30.36021828051850591, -9.540227458367541047, 1.184687781174422749 ) ) ;
#1236 = CARTESIAN_POINT ( 'NONE',  ( -100.4709947216695696, -1.279103574132490762, -6.295149452210881513 ) ) ;
#1237 = ORIENTED_EDGE ( 'NONE', *, *, #3580, .T. ) ;
#1238 = DIRECTION ( 'NONE',  ( 0.000000000000000000, -1.000000000000000000, 0.000000000000000000 ) ) ;
#1239 = CARTESIAN_POINT ( 'NONE',  ( -96.99000000000000909, -0.6110841030627074399, -3.499999999999993783 ) ) ;
#1240 = CARTESIAN_POINT ( 'NONE',  ( -60.94213627824904478, -26.27048769187277344, 3.426591565706546660 ) ) ;
#1241 = CIRCLE ( 'NONE', #3537, 1.499999999999997113 ) ;
#1242 = DIRECTION ( 'NONE',  ( 0.000000000000000000, 0.000000000000000000, 1.000000000000000000 ) ) ;
#1243 = DIRECTION ( 'NONE',  ( 0.9496057016700026887, -0.2995045812317262968, 0.09244467089578572994 ) ) ;
#1244 = VERTEX_POINT ( 'NONE', #4392 ) ;
#1245 = ORIENTED_EDGE ( 'NONE', *, *, #2940, .F. ) ;
#1246 = VECTOR ( 'NONE', #3781, 1000.000000000000000 ) ;
#1247 = B_SPLINE_SURFACE_WITH_KNOTS ( 'NONE', 1, 3, ( 
 ( #2913, #234, #1897, #167 ),
 ( #573, #4264, #4286, #1200 ) ),
 .UNSPECIFIED., .F., .F., .F.,
 ( 2, 2 ),
 ( 4, 4 ),
 ( 0.000000000000000000, 1.000000000000000000 ),
 ( 0.000000000000000000, 2.558778870366823979E-05 ),
 .UNSPECIFIED. ) ;
#1248 = CARTESIAN_POINT ( 'NONE',  ( -99.98999999999999488, 1.000000000000000000, -1.999999999999995781 ) ) ;
#1249 = FACE_BOUND ( 'NONE', #3768, .T. ) ;
#1250 = ORIENTED_EDGE ( 'NONE', *, *, #3758, .T. ) ;
#1251 = DIRECTION ( 'NONE',  ( -1.000000000000000000, 0.000000000000000000, 0.000000000000000000 ) ) ;
#1252 = CARTESIAN_POINT ( 'NONE',  ( -26.78410081335306359, -7.252982606940212129, 1.835705856505579048 ) ) ;
#1253 = CARTESIAN_POINT ( 'NONE',  ( -58.18323816715157903, -12.63819476708347800, 2.299308081746073817 ) ) ;
#1254 = VERTEX_POINT ( 'NONE', #989 ) ;
#1255 = CARTESIAN_POINT ( 'NONE',  ( -84.42000000000000171, 5.198510791855874161E-15, 11.00000000000001066 ) ) ;
#1256 = EDGE_CURVE ( 'NONE', #2080, #1400, #287, .T. ) ;
#1257 = CARTESIAN_POINT ( 'NONE',  ( -23.99999999999999289, -4.150000000000000355, -1.999999999999995337 ) ) ;
#1258 = CARTESIAN_POINT ( 'NONE',  ( -55.60312706627626511, -9.812140638200702369, 1.432324599365151441 ) ) ;
#1259 = CARTESIAN_POINT ( 'NONE',  ( -25.94244912449861218, -7.456317212976846243, 2.217838539874574355 ) ) ;
#1260 = ORIENTED_EDGE ( 'NONE', *, *, #1174, .T. ) ;
#1261 = CARTESIAN_POINT ( 'NONE',  ( -61.63707309390152034, -9.194701814959934438, 3.743580043965809789 ) ) ;
#1262 = CIRCLE ( 'NONE', #1844, 2.500000000000000000 ) ;
#1263 = LINE ( 'NONE', #4210, #2901 ) ;
#1264 = CARTESIAN_POINT ( 'NONE',  ( -56.38738335675120084, -10.87614417870689465, 1.003819044028209095 ) ) ;
#1265 = CARTESIAN_POINT ( 'NONE',  ( -21.49999999999999289, 0.000000000000000000, 4.163586780509327845 ) ) ;
#1266 = LINE ( 'NONE', #3263, #1850 ) ;
#1267 = CIRCLE ( 'NONE', #550, 1.500000000000001332 ) ;
#1268 = VERTEX_POINT ( 'NONE', #3728 ) ;
#1269 = ORIENTED_EDGE ( 'NONE', *, *, #1615, .F. ) ;
#1270 = VECTOR ( 'NONE', #2078, 1000.000000000000114 ) ;
#1271 = CARTESIAN_POINT ( 'NONE',  ( -24.27243150448839515, -9.637876702401038997, 3.057198843885772899 ) ) ;
#1272 = DIRECTION ( 'NONE',  ( -1.000000000000000000, 0.000000000000000000, 0.000000000000000000 ) ) ;
#1273 = ORIENTED_EDGE ( 'NONE', *, *, #1555, .T. ) ;
#1274 = AXIS2_PLACEMENT_3D ( 'NONE', #672, #4053, #4385 ) ;
#1275 = AXIS2_PLACEMENT_3D ( 'NONE', #3010, #1372, #2045 ) ;
#1276 = DIRECTION ( 'NONE',  ( -1.000000000000000000, 0.000000000000000000, 0.000000000000000000 ) ) ;
#1277 = AXIS2_PLACEMENT_3D ( 'NONE', #1789, #3870, #119 ) ;
#1278 = CARTESIAN_POINT ( 'NONE',  ( -29.65185262345790207, -9.248607790902058312, 0.7290433816137036338 ) ) ;
#1279 = ORIENTED_EDGE ( 'NONE', *, *, #491, .T. ) ;
#1280 = CARTESIAN_POINT ( 'NONE',  ( -89.98999999999999488, 1.000000000000000000, -1.999999999999997113 ) ) ;
#1281 = CARTESIAN_POINT ( 'NONE',  ( -56.03943186496793061, -8.354093348071433667, 1.566715248961034757 ) ) ;
#1282 = EDGE_CURVE ( 'NONE', #2232, #689, #1283, .T. ) ;
#1283 = LINE ( 'NONE', #2727, #1781 ) ;
#1284 = CARTESIAN_POINT ( 'NONE',  ( -59.90547339843543284, -7.398364231579506622, 2.504579700146992494 ) ) ;
#1285 = ORIENTED_EDGE ( 'NONE', *, *, #4243, .F. ) ;
#1286 = CARTESIAN_POINT ( 'NONE',  ( -88.28418398719996674, -17.72897067645556035, 4.466320967358239358 ) ) ;
#1287 = ADVANCED_FACE ( 'NONE', ( #1012 ), #2390, .T. ) ;
#1288 = EDGE_CURVE ( 'NONE', #998, #722, #3277, .T. ) ;
#1289 = CARTESIAN_POINT ( 'NONE',  ( -24.41116947354728950, -9.051800660669412579, 3.319948961866026949 ) ) ;
#1290 = CARTESIAN_POINT ( 'NONE',  ( -61.69872002347361928, -10.52859269281987409, 3.452974824908512819 ) ) ;
#1291 = CARTESIAN_POINT ( 'NONE',  ( -103.6494691282491658, -13.42280194470804311, -3.200664004867658008 ) ) ;
#1292 = DIRECTION ( 'NONE',  ( 0.000000000000000000, 1.000000000000000000, 0.000000000000000000 ) ) ;
#1293 = VERTEX_POINT ( 'NONE', #2298 ) ;
#1294 = ORIENTED_EDGE ( 'NONE', *, *, #4055, .F. ) ;
#1295 = PLANE ( 'NONE',  #4034 ) ;
#1296 = CARTESIAN_POINT ( 'NONE',  ( -24.78928433449091528, -12.19265215608965569, 3.156326925152880492 ) ) ;
#1297 = ORIENTED_EDGE ( 'NONE', *, *, #3809, .T. ) ;
#1298 = CARTESIAN_POINT ( 'NONE',  ( -30.02690852141724775, -29.46921137722630135, 1.279958402796088190 ) ) ;
#1299 = CARTESIAN_POINT ( 'NONE',  ( -23.99999999999999645, -6.649999999999999467, -8.999999999999996447 ) ) ;
#1300 = CARTESIAN_POINT ( 'NONE',  ( -77.24422742120768248, -21.19662745433565476, 1.500420866799415220 ) ) ;
#1301 = VERTEX_POINT ( 'NONE', #272 ) ;
#1302 = DIRECTION ( 'NONE',  ( 0.000000000000000000, 0.000000000000000000, 1.000000000000000000 ) ) ;
#1303 = CARTESIAN_POINT ( 'NONE',  ( -22.53553390593273065, -4.150000000000000355, -1.999999999999995781 ) ) ;
#1304 = CARTESIAN_POINT ( 'NONE',  ( -56.93541029452169511, -12.64175685417995076, 1.858175264518317826 ) ) ;
#1305 = CARTESIAN_POINT ( 'NONE',  ( -60.34768451356741537, -7.597383567772542534, 2.726394664468201778 ) ) ;
#1306 = B_SPLINE_CURVE_WITH_KNOTS ( 'NONE', 1,
 ( #840, #3664 ),
 .UNSPECIFIED., .F., .F.,
 ( 2, 2 ),
 ( 0.000000000000000000, 1.000000000000000000 ),
 .UNSPECIFIED. ) ;
#1307 = ORIENTED_EDGE ( 'NONE', *, *, #2140, .F. ) ;
#1308 = CARTESIAN_POINT ( 'NONE',  ( -61.69312044193318201, -10.55718125076159986, 3.769865270962964754 ) ) ;
#1309 = LINE ( 'NONE', #2683, #2556 ) ;
#1310 = LINE ( 'NONE', #927, #4176 ) ;
#1311 = CARTESIAN_POINT ( 'NONE',  ( -103.3394362993956435, -13.52058595380841410, -3.612248991007616983 ) ) ;
#1312 = CARTESIAN_POINT ( 'NONE',  ( -24.38495540037065723, -10.86829941385581577, 2.997106255599842228 ) ) ;
#1313 = EDGE_LOOP ( 'NONE', ( #1329, #739, #577, #1440 ) ) ;
#1314 = ORIENTED_EDGE ( 'NONE', *, *, #2857, .F. ) ;
#1315 = EDGE_CURVE ( 'NONE', #289, #3453, #1469, .T. ) ;
#1316 = AXIS2_PLACEMENT_3D ( 'NONE', #305, #1679, #1366 ) ;
#1317 = CARTESIAN_POINT ( 'NONE',  ( -89.98999999999999488, 0.000000000000000000, -3.499999999999994227 ) ) ;
#1318 = PLANE ( 'NONE',  #2924 ) ;
#1319 = VERTEX_POINT ( 'NONE', #3320 ) ;
#1320 = CARTESIAN_POINT ( 'NONE',  ( -29.23073809569432058, -29.73073668234258449, 0.8703586587950300490 ) ) ;
#1321 = CARTESIAN_POINT ( 'NONE',  ( -104.9382866878004137, -1.523918291055101237, -1.653158101968936755 ) ) ;
#1322 = CARTESIAN_POINT ( 'NONE',  ( -82.53952248178975992, -19.48347963469740662, 2.166596794463113262 ) ) ;
#1323 = ORIENTED_EDGE ( 'NONE', *, *, #2668, .T. ) ;
#1324 = B_SPLINE_CURVE_WITH_KNOTS ( 'NONE', 3,
 ( #2262, #3228, #578, #3938 ),
 .UNSPECIFIED., .F., .F.,
 ( 4, 4 ),
 ( 0.000000000000000000, 1.000000000000000000 ),
 .UNSPECIFIED. ) ;
#1325 = DIRECTION ( 'NONE',  ( 5.772398745160939962E-17, -0.7071067811865474617, 0.7071067811865476838 ) ) ;
#1326 = DIRECTION ( 'NONE',  ( -1.000000000000000000, 0.000000000000000000, 8.163404592832033966E-17 ) ) ;
#1327 = CARTESIAN_POINT ( 'NONE',  ( -59.88574636103618332, -13.07280379067773701, 2.969402194223011993 ) ) ;
#1328 = CARTESIAN_POINT ( 'NONE',  ( -29.48208018916418638, -8.803109514723889362, 0.7864410699347499367 ) ) ;
#1329 = ORIENTED_EDGE ( 'NONE', *, *, #3078, .F. ) ;
#1330 = LINE ( 'NONE', #1959, #3341 ) ;
#1331 = FACE_OUTER_BOUND ( 'NONE', #3274, .T. ) ;
#1332 = CARTESIAN_POINT ( 'NONE',  ( -61.66427944944933870, -10.70442839392163137, 3.433508204831725585 ) ) ;
#1333 = AXIS2_PLACEMENT_3D ( 'NONE', #581, #1611, #4293 ) ;
#1334 = DIRECTION ( 'NONE',  ( 0.9536895693127208640, -0.3007926285401902322, 0.000000000000000000 ) ) ;
#1335 = CARTESIAN_POINT ( 'NONE',  ( -25.93475831171308954, -12.54052586937170943, 2.221449732914130060 ) ) ;
#1336 = ORIENTED_EDGE ( 'NONE', *, *, #2911, .F. ) ;
#1337 = ORIENTED_EDGE ( 'NONE', *, *, #1209, .T. ) ;
#1338 = B_SPLINE_CURVE_WITH_KNOTS ( 'NONE', 3,
 ( #1591, #3625, #3269, #3581 ),
 .UNSPECIFIED., .F., .F.,
 ( 4, 4 ),
 ( 0.000000000000000000, 0.1527099599711608247 ),
 .UNSPECIFIED. ) ;
#1339 = CARTESIAN_POINT ( 'NONE',  ( -24.28582602556595660, -9.548460404081540176, 3.050023809474825764 ) ) ;
#1340 = VECTOR ( 'NONE', #2148, 1000.000000000000000 ) ;
#1341 = CARTESIAN_POINT ( 'NONE',  ( -87.95817513048233138, -0.6829253650485465066, 4.444445493594720631 ) ) ;
#1342 = EDGE_CURVE ( 'NONE', #2884, #4394, #3016, .T. ) ;
#1343 = VERTEX_POINT ( 'NONE', #2459 ) ;
#1344 = CARTESIAN_POINT ( 'NONE',  ( -29.59402300945718878, -29.94790814276690227, 0.8199858899732186401 ) ) ;
#1345 = AXIS2_PLACEMENT_3D ( 'NONE', #3574, #504, #3241 ) ;
#1346 = EDGE_CURVE ( 'NONE', #3332, #1027, #1464, .T. ) ;
#1347 = CARTESIAN_POINT ( 'NONE',  ( -104.9899999999999807, -1.526170133773669058, -1.135515696674993080 ) ) ;
#1348 = ADVANCED_FACE ( 'NONE', ( #3840 ), #1423, .T. ) ;
#1349 = CARTESIAN_POINT ( 'NONE',  ( -77.65245599926805653, -21.06456352571863988, 1.501362264083573095 ) ) ;
#1350 = VECTOR ( 'NONE', #1511, 1000.000000000000000 ) ;
#1351 = ORIENTED_EDGE ( 'NONE', *, *, #3864, .F. ) ;
#1352 = CARTESIAN_POINT ( 'NONE',  ( -57.49999999999999289, -10.00000000000000000, 8.000000000000008882 ) ) ;
#1353 = CARTESIAN_POINT ( 'NONE',  ( -29.71491192240643642, -29.97994082352560952, 0.8033873190893465743 ) ) ;
#1354 = AXIS2_PLACEMENT_3D ( 'NONE', #2538, #4290, #2288 ) ;
#1355 = CARTESIAN_POINT ( 'NONE',  ( -61.70598525904728859, -11.44555048123864616, 3.776999189210166641 ) ) ;
#1356 = CARTESIAN_POINT ( 'NONE',  ( -56.33581587935607615, -9.295383667191192245, 0.9852114798414434160 ) ) ;
#1357 = ORIENTED_EDGE ( 'NONE', *, *, #27, .F. ) ;
#1358 = CARTESIAN_POINT ( 'NONE',  ( -59.02487322246977897, -6.730510102342803336, 2.618871128424358208 ) ) ;
#1359 = LINE ( 'NONE', #920, #2128 ) ;
#1360 = LINE ( 'NONE', #3305, #315 ) ;
#1361 = CARTESIAN_POINT ( 'NONE',  ( -42.55799999999999272, -30.00000000000000000, 44.50000000000000711 ) ) ;
#1362 = FACE_OUTER_BOUND ( 'NONE', #706, .T. ) ;
#1363 = ORIENTED_EDGE ( 'NONE', *, *, #622, .T. ) ;
#1364 = ORIENTED_EDGE ( 'NONE', *, *, #4406, .T. ) ;
#1365 = EDGE_CURVE ( 'NONE', #4192, #2328, #1102, .T. ) ;
#1366 = DIRECTION ( 'NONE',  ( -1.000000000000000000, 0.000000000000000000, 0.000000000000000000 ) ) ;
#1367 = CARTESIAN_POINT ( 'NONE',  ( -24.90592382338979149, -11.79515800786364998, 3.105622808452756622 ) ) ;
#1368 = CARTESIAN_POINT ( 'NONE',  ( -57.54738028948678163, -12.34759560099621822, 2.068776010086113004 ) ) ;
#1369 = EDGE_LOOP ( 'NONE', ( #1528, #2616, #2222, #2091 ) ) ;
#1370 = EDGE_CURVE ( 'NONE', #2185, #3348, #50, .T. ) ;
#1371 = DIRECTION ( 'NONE',  ( -1.000000000000000000, 0.000000000000000000, 0.000000000000000000 ) ) ;
#1372 = DIRECTION ( 'NONE',  ( 0.000000000000000000, 1.000000000000000000, 0.000000000000000000 ) ) ;
#1373 = CARTESIAN_POINT ( 'NONE',  ( -83.88195208254794011, -19.04917338530551518, 2.573007567655457795 ) ) ;
#1374 = EDGE_CURVE ( 'NONE', #1466, #595, #3855, .T. ) ;
#1375 = DIRECTION ( 'NONE',  ( -8.163404592832033966E-17, -0.000000000000000000, -1.000000000000000000 ) ) ;
#1376 = CARTESIAN_POINT ( 'NONE',  ( -29.50123798891447180, -29.91078295252285812, 0.8327840580107368496 ) ) ;
#1377 = DIRECTION ( 'NONE',  ( -8.163404592832032733E-17, 0.000000000000000000, -1.000000000000000000 ) ) ;
#1378 = CARTESIAN_POINT ( 'NONE',  ( -61.66332485609361669, -9.292497223113578286, 3.432970137041172709 ) ) ;
#1379 = ORIENTED_EDGE ( 'NONE', *, *, #3315, .F. ) ;
#1380 = CARTESIAN_POINT ( 'NONE',  ( -59.52531248824436005, -7.289643645014573181, 2.820787672350940412 ) ) ;
#1381 = CARTESIAN_POINT ( 'NONE',  ( -88.09814568666480739, -18.32767204687751672, 3.887207663213919862 ) ) ;
#1382 = DIRECTION ( 'NONE',  ( 0.000000000000000000, -1.000000000000000000, 0.000000000000000000 ) ) ;
#1383 = CARTESIAN_POINT ( 'NONE',  ( -103.0576324222726470, -13.03073604379744310, -4.877336147107544484 ) ) ;
#1384 = LINE ( 'NONE', #4354, #2861 ) ;
#1385 = ORIENTED_EDGE ( 'NONE', *, *, #2366, .F. ) ;
#1386 = DIRECTION ( 'NONE',  ( 0.000000000000000000, -1.000000000000000000, -0.000000000000000000 ) ) ;
#1387 = CARTESIAN_POINT ( 'NONE',  ( -67.03893059166975377, -24.96972504529894721, 3.872802206101835676 ) ) ;
#1388 = CARTESIAN_POINT ( 'NONE',  ( -25.21893790842515415, -12.10287895888754583, 2.567919025754437534 ) ) ;
#1389 = CARTESIAN_POINT ( 'NONE',  ( -88.01517839370995944, -0.6843058715614319665, 4.456322574121277746 ) ) ;
#1390 = EDGE_LOOP ( 'NONE', ( #191, #1489, #3903, #1314 ) ) ;
#1391 = FACE_OUTER_BOUND ( 'NONE', #1390, .T. ) ;
#1392 = LINE ( 'NONE', #2765, #2215 ) ;
#1393 = CARTESIAN_POINT ( 'NONE',  ( -78.58140461438824786, -20.76402863245449737, 1.533623094822669231 ) ) ;
#1394 = CARTESIAN_POINT ( 'NONE',  ( -25.18131558851733587, -24.73277857402506896, 2.988632217342014563 ) ) ;
#1395 = DIRECTION ( 'NONE',  ( 0.000000000000000000, 0.000000000000000000, 1.000000000000000000 ) ) ;
#1396 = B_SPLINE_CURVE_WITH_KNOTS ( 'NONE', 3,
 ( #3040, #1961, #994, #4397 ),
 .UNSPECIFIED., .F., .F.,
 ( 4, 4 ),
 ( 0.000000000000000000, 1.000000000000000000 ),
 .UNSPECIFIED. ) ;
#1397 = FACE_OUTER_BOUND ( 'NONE', #1702, .T. ) ;
#1398 = LINE ( 'NONE', #2413, #2571 ) ;
#1399 = EDGE_CURVE ( 'NONE', #4355, #311, #1052, .T. ) ;
#1400 = VERTEX_POINT ( 'NONE', #1124 ) ;
#1401 = EDGE_CURVE ( 'NONE', #1319, #606, #2441, .T. ) ;
#1402 = CARTESIAN_POINT ( 'NONE',  ( -61.40930754909285127, -8.657993726064118434, 3.637771983411145271 ) ) ;
#1403 = EDGE_CURVE ( 'NONE', #4301, #4355, #2479, .T. ) ;
#1404 = DIRECTION ( 'NONE',  ( -0.000000000000000000, -1.000000000000000000, -0.000000000000000000 ) ) ;
#1405 = ADVANCED_FACE ( 'NONE', ( #386 ), #2293, .T. ) ;
#1406 = DIRECTION ( 'NONE',  ( -0.000000000000000000, -0.000000000000000000, -1.000000000000000000 ) ) ;
#1407 = CARTESIAN_POINT ( 'NONE',  ( -100.2130535017091404, -13.97043193113996296, -6.314279515852736502 ) ) ;
#1408 = ORIENTED_EDGE ( 'NONE', *, *, #3839, .T. ) ;
#1409 = LINE ( 'NONE', #2424, #977 ) ;
#1410 = AXIS2_PLACEMENT_3D ( 'NONE', #1120, #3211, #1843 ) ;
#1411 = CARTESIAN_POINT ( 'NONE',  ( -89.98999999999999488, 0.000000000000000000, -1.999999999999997113 ) ) ;
#1412 = CARTESIAN_POINT ( 'NONE',  ( -29.70392699976387973, -10.50258800325143937, 1.370117208511310691 ) ) ;
#1413 = CARTESIAN_POINT ( 'NONE',  ( -56.89167943034052399, -11.77959000441889792, 1.841317526051835740 ) ) ;
#1414 = ORIENTED_EDGE ( 'NONE', *, *, #3273, .T. ) ;
#1415 = PLANE ( 'NONE',  #3147 ) ;
#1416 = AXIS2_PLACEMENT_3D ( 'NONE', #691, #3510, #1046 ) ;
#1417 = CARTESIAN_POINT ( 'NONE',  ( -64.36969411118725759, -0.5047271171895393316, 4.000000000000012434 ) ) ;
#1418 = CARTESIAN_POINT ( 'NONE',  ( -74.52810019636194738, -22.07536407740735385, 1.709486838093539074 ) ) ;
#1419 = AXIS2_PLACEMENT_3D ( 'NONE', #2244, #1608, #1272 ) ;
#1420 = CARTESIAN_POINT ( 'NONE',  ( -27.91146245489091982, -27.49418798977873735, 1.950106724723972951 ) ) ;
#1421 = DIRECTION ( 'NONE',  ( 0.000000000000000000, 0.000000000000000000, 1.000000000000000000 ) ) ;
#1422 = VECTOR ( 'NONE', #2483, 1000.000000000000000 ) ;
#1423 = PLANE ( 'NONE',  #3424 ) ;
#1424 = DIRECTION ( 'NONE',  ( 0.000000000000000000, 0.000000000000000000, -1.000000000000000000 ) ) ;
#1425 = EDGE_LOOP ( 'NONE', ( #961, #4278 ) ) ;
#1426 = ADVANCED_FACE ( 'NONE', ( #1397 ), #3088, .T. ) ;
#1427 = VECTOR ( 'NONE', #4081, 1000.000000000000000 ) ;
#1428 = CARTESIAN_POINT ( 'NONE',  ( -57.65251620409733846, -7.590050668335346806, 2.106146287972025632 ) ) ;
#1429 = AXIS2_PLACEMENT_3D ( 'NONE', #3089, #7, #1620 ) ;
#1430 = CARTESIAN_POINT ( 'NONE',  ( -26.14781259457289764, -13.10833701597123735, 2.596677661711204621 ) ) ;
#1431 = DIRECTION ( 'NONE',  ( 4.625929269271483942E-16, 0.000000000000000000, 1.000000000000000000 ) ) ;
#1432 = ORIENTED_EDGE ( 'NONE', *, *, #4371, .F. ) ;
#1433 = EDGE_CURVE ( 'NONE', #399, #417, #1035, .T. ) ;
#1434 = CARTESIAN_POINT ( 'NONE',  ( -50.84119878171939888, -29.46996739464493942, 0.2689179655016582515 ) ) ;
#1435 = ADVANCED_FACE ( 'NONE', ( #4150 ), #2412, .F. ) ;
#1436 = DIRECTION ( 'NONE',  ( 0.000000000000000000, 0.000000000000000000, 1.000000000000000000 ) ) ;
#1437 = CARTESIAN_POINT ( 'NONE',  ( -27.56946069998425486, -13.23155325887965716, 2.069009311258630301 ) ) ;
#1438 = CARTESIAN_POINT ( 'NONE',  ( -61.93143487001916725, -10.84271026074214106, 3.883842958349176921 ) ) ;
#1439 = ORIENTED_EDGE ( 'NONE', *, *, #3205, .F. ) ;
#1440 = ORIENTED_EDGE ( 'NONE', *, *, #1945, .T. ) ;
#1441 = CARTESIAN_POINT ( 'NONE',  ( -65.91709983414060048, -25.13829235733523504, 4.656509886042492496 ) ) ;
#1442 = CARTESIAN_POINT ( 'NONE',  ( -104.2816159214388989, -1.495356345104178697, -3.501866790296515042 ) ) ;
#1443 = CARTESIAN_POINT ( 'NONE',  ( -76.94645967353898186, -21.29297031922875760, 1.505583138121298958 ) ) ;
#1444 = B_SPLINE_SURFACE_WITH_KNOTS ( 'NONE', 1, 3, ( 
 ( #252, #1821, #2998, #946, #3304, #2612 ),
 ( #2323, #3187, #1938, #209, #186, #109 ) ),
 .UNSPECIFIED., .F., .F., .F.,
 ( 2, 2 ),
 ( 4, 2, 4 ),
 ( 0.000000000000000000, 1.000000000000000000 ),
 ( 4.173974090766956024, 4.491703929269547757, 4.809433767772139490 ),
 .UNSPECIFIED. ) ;
#1445 = LINE ( 'NONE', #2023, #1125 ) ;
#1446 = CARTESIAN_POINT ( 'NONE',  ( -69.99000000000000909, 0.000000000000000000, -0.5000000000000088818 ) ) ;
#1447 = DIRECTION ( 'NONE',  ( -0.000000000000000000, -0.000000000000000000, -1.000000000000000000 ) ) ;
#1448 = CARTESIAN_POINT ( 'NONE',  ( -104.1523624845272451, -13.26418993994501427, -2.301901751060889012 ) ) ;
#1449 = EDGE_LOOP ( 'NONE', ( #932, #4408, #3004, #1351 ) ) ;
#1450 = CARTESIAN_POINT ( 'NONE',  ( -61.44235252039285911, -8.722680756038649008, 3.309324153428686355 ) ) ;
#1451 = CARTESIAN_POINT ( 'NONE',  ( -27.36458450419110733, -13.25077821564411806, 2.141905262890497319 ) ) ;
#1452 = CARTESIAN_POINT ( 'NONE',  ( -64.12795027883908006, -25.29278992798577974, 4.970344282869517016 ) ) ;
#1453 = ORIENTED_EDGE ( 'NONE', *, *, #545, .F. ) ;
#1454 = CARTESIAN_POINT ( 'NONE',  ( -64.15000000000000568, -30.00000000000000000, -8.988875335447660930 ) ) ;
#1455 = CARTESIAN_POINT ( 'NONE',  ( -75.07492536707825082, -21.89845680374770609, 1.615764587765873506 ) ) ;
#1456 = CARTESIAN_POINT ( 'NONE',  ( -29.69682802813459688, -10.53816223080742454, 0.7140167689015416430 ) ) ;
#1457 = CARTESIAN_POINT ( 'NONE',  ( -59.75660820635182802, -12.65498912207331728, 2.915626227705946594 ) ) ;
#1458 = ORIENTED_EDGE ( 'NONE', *, *, #382, .F. ) ;
#1459 = ORIENTED_EDGE ( 'NONE', *, *, #2887, .T. ) ;
#1460 = EDGE_CURVE ( 'NONE', #1180, #4402, #2100, .T. ) ;
#1461 = CARTESIAN_POINT ( 'NONE',  ( -103.7747259642345199, -1.473306435386668944, -4.196533533699041030 ) ) ;
#1462 = CARTESIAN_POINT ( 'NONE',  ( -72.53621290846643888, -22.71978995584197136, 2.103659580193482537 ) ) ;
#1463 = CARTESIAN_POINT ( 'NONE',  ( -56.85283897392354646, -28.18240700265861420, 1.219848045775790757 ) ) ;
#1464 = LINE ( 'NONE', #1801, #1201 ) ;
#1465 = CARTESIAN_POINT ( 'NONE',  ( -84.44426424301110501, -0.001179593729265939568, 2.229905215808757113 ) ) ;
#1466 = VERTEX_POINT ( 'NONE', #3441 ) ;
#1467 = AXIS2_PLACEMENT_3D ( 'NONE', #4215, #3420, #1187 ) ;
#1468 = CARTESIAN_POINT ( 'NONE',  ( -24.24999999999999645, -10.00000000000000000, -2.000000000000000000 ) ) ;
#1469 = B_SPLINE_CURVE_WITH_KNOTS ( 'NONE', 1,
 ( #586, #1956 ),
 .UNSPECIFIED., .F., .F.,
 ( 2, 2 ),
 ( 0.000000000000000000, 1.000000000000000000 ),
 .UNSPECIFIED. ) ;
#1470 = CARTESIAN_POINT ( 'NONE',  ( -87.67451566768410487, -30.00000000000000000, 4.329548684152602078 ) ) ;
#1471 = CARTESIAN_POINT ( 'NONE',  ( -104.3278297678061506, -13.20884775412421597, -0.9283818807201814627 ) ) ;
#1472 = VERTEX_POINT ( 'NONE', #1760 ) ;
#1473 = LINE ( 'NONE', #4197, #2921 ) ;
#1474 = FACE_OUTER_BOUND ( 'NONE', #2067, .T. ) ;
#1475 = DIRECTION ( 'NONE',  ( -0.000000000000000000, 1.000000000000000000, -0.000000000000000000 ) ) ;
#1476 = CARTESIAN_POINT ( 'NONE',  ( -60.43597895740499837, -12.81663864783253004, 3.203360242403571867 ) ) ;
#1477 = ORIENTED_EDGE ( 'NONE', *, *, #2604, .T. ) ;
#1478 = EDGE_LOOP ( 'NONE', ( #2036, #2816, #4332, #1336 ) ) ;
#1479 = EDGE_CURVE ( 'NONE', #93, #1965, #4089, .T. ) ;
#1480 = CARTESIAN_POINT ( 'NONE',  ( -61.75000000000000000, -10.00000000000000000, 3.482014481449722254 ) ) ;
#1481 = DIRECTION ( 'NONE',  ( 0.000000000000000000, 1.000000000000000000, 0.000000000000000000 ) ) ;
#1482 = EDGE_CURVE ( 'NONE', #2001, #303, #1623, .T. ) ;
#1483 = CARTESIAN_POINT ( 'NONE',  ( -71.60803061966112182, -23.02008017846826959, 2.362647881500126168 ) ) ;
#1484 = EDGE_CURVE ( 'NONE', #3443, #2461, #1782, .T. ) ;
#1485 = CARTESIAN_POINT ( 'NONE',  ( -64.52912401176401147, -25.76131524675346185, 4.484764829063734304 ) ) ;
#1486 =( BOUNDED_SURFACE ( )  B_SPLINE_SURFACE ( 3, 2, ( 
 ( #3971, #1308, #924 ),
 ( #638, #2682, #2301 ),
 ( #2658, #1937, #945 ),
 ( #902, #296, #3732 ),
 ( #660, #230, #1600 ),
 ( #2975, #1261, #2635 ),
 ( #3998, #589, #771 ),
 ( #1450, #1402, #3091 ),
 ( #2103, #319, #2817 ),
 ( #3444, #9, #3485 ),
 ( #3756, #1764, #2797 ),
 ( #1038, #369, #3133 ),
 ( #709, #1743, #4091 ),
 ( #3113, #412, #2394 ),
 ( #32, #53, #2081 ),
 ( #3063, #3393, #2773 ),
 ( #1086, #1380, #2417 ),
 ( #4132, #2753, #1358 ),
 ( #3778, #1694, #3824 ),
 ( #4110, #1065, #346 ),
 ( #2443, #3803, #2730 ),
 ( #4153, #1428, #731 ),
 ( #3464, #2053, #2462 ),
 ( #4422, #390, #751 ),
 ( #2123, #1016, #4170 ),
 ( #683, #1786, #3155 ),
 ( #1106, #74, #2482 ),
 ( #3843, #3417, #1722 ),
 ( #3587, #831, #3193 ),
 ( #1169, #3887, #2168 ),
 ( #792, #116, #515 ),
 ( #3904, #2866, #1529 ) ),
 .UNSPECIFIED., .F., .F., .F. ) 
 B_SPLINE_SURFACE_WITH_KNOTS ( ( 4, 2, 2, 2, 2, 2, 2, 2, 2, 2, 2, 2, 2, 2, 2, 4 ),
 ( 3, 3 ),
 ( 0.000000000000000000, 0.0006582135300905857331, 0.001316427060181171466, 0.001974640590271757416, 0.002632854120362342933, 0.003291067650452928883, 0.003949281180543514833, 0.004607494710634100349, 0.005265708240724685865, 0.006582135300905857765, 0.007240348830996444149, 0.007898562361087029665, 0.008556775891177615181, 0.009214989421268200698, 0.009873202951358786214, 0.01053141648144937173 ),
 ( 0.000000000000000000, 1.000000000000000000 ),
 .UNSPECIFIED. ) 
 GEOMETRIC_REPRESENTATION_ITEM ( )  RATIONAL_B_SPLINE_SURFACE ( (
 ( 1.000000000000000000, 0.8436272063283519751, 1.000000000000000000),
 ( 1.000000000000000000, 0.8455747416469198141, 1.000000000000000000),
 ( 1.000000000000000000, 0.8464921239051510504, 1.000000000000000000),
 ( 1.000000000000000000, 0.8462970089248520456, 1.000000000000000000),
 ( 1.000000000000000000, 0.8451484355140073124, 1.000000000000000000),
 ( 1.000000000000000000, 0.8409004213787316662, 1.000000000000000000),
 ( 1.000000000000000000, 0.8378252947237873061, 1.000000000000000000),
 ( 1.000000000000000000, 0.8298363503345355108, 1.000000000000000000),
 ( 1.000000000000000000, 0.8250142930252019058, 1.000000000000000000),
 ( 1.000000000000000000, 0.8140203559499118446, 1.000000000000000000),
 ( 1.000000000000000000, 0.8077575306198824245, 1.000000000000000000),
 ( 1.000000000000000000, 0.7943457253998166268, 1.000000000000000000),
 ( 1.000000000000000000, 0.7871886969538064438, 1.000000000000000000),
 ( 1.000000000000000000, 0.7720688715783647904, 1.000000000000000000),
 ( 1.000000000000000000, 0.7641299337302023265, 1.000000000000000000),
 ( 1.000000000000000000, 0.7481054282045507264, 1.000000000000000000),
 ( 1.000000000000000000, 0.7399497411151265691, 1.000000000000000000),
 ( 1.000000000000000000, 0.7151357461086796929, 1.000000000000000000),
 ( 1.000000000000000000, 0.6989333988820728427, 1.000000000000000000),
 ( 1.000000000000000000, 0.6757638239524464963, 1.000000000000000000),
 ( 1.000000000000000000, 0.6684502484162900826, 1.000000000000000000),
 ( 1.000000000000000000, 0.6546124804278404818, 1.000000000000000000),
 ( 1.000000000000000000, 0.6480484372803054782, 1.000000000000000000),
 ( 1.000000000000000000, 0.6358979446937502722, 1.000000000000000000),
 ( 1.000000000000000000, 0.6304280128421814178, 1.000000000000000000),
 ( 1.000000000000000000, 0.6205908931367346559, 1.000000000000000000),
 ( 1.000000000000000000, 0.6161806486683584216, 1.000000000000000000),
 ( 1.000000000000000000, 0.6086989331218973787, 1.000000000000000000),
 ( 1.000000000000000000, 0.6056166589297851122, 1.000000000000000000),
 ( 1.000000000000000000, 0.6006549948736747968, 1.000000000000000000),
 ( 1.000000000000000000, 0.5987735596754013567, 1.000000000000000000),
 ( 1.000000000000000000, 0.5975696426974592690, 1.000000000000000000) ) ) 
 REPRESENTATION_ITEM ( '' )  SURFACE ( )  );
#1487 = CARTESIAN_POINT ( 'NONE',  ( -88.39369144536047429, -18.23445724357832276, 3.953510055702749160 ) ) ;
#1488 = CARTESIAN_POINT ( 'NONE',  ( -86.99000000000000909, -0.1249392318910989563, -0.4999999999999999445 ) ) ;
#1489 = ORIENTED_EDGE ( 'NONE', *, *, #493, .T. ) ;
#1490 = SURFACE_SIDE_STYLE ('',( #142 ) ) ;
#1491 = CIRCLE ( 'NONE', #2069, 45.51523517093628612 ) ;
#1492 = CARTESIAN_POINT ( 'NONE',  ( -24.39090061378422547, -8.354846780055144251, 3.329948183705823794 ) ) ;
#1493 = DIRECTION ( 'NONE',  ( 0.9896557080369854376, 0.000000000000000000, -0.1434628159134375969 ) ) ;
#1494 = AXIS2_PLACEMENT_3D ( 'NONE', #2722, #981, #625 ) ;
#1495 = VECTOR ( 'NONE', #3575, 1000.000000000000000 ) ;
#1496 = ORIENTED_EDGE ( 'NONE', *, *, #3457, .T. ) ;
#1497 = CARTESIAN_POINT ( 'NONE',  ( -30.05734197733148250, -29.46996739464493942, 1.271149113117829854 ) ) ;
#1498 = VECTOR ( 'NONE', #1431, 1000.000000000000000 ) ;
#1499 = CARTESIAN_POINT ( 'NONE',  ( -62.12901895983041101, -25.89186434146945004, 3.977692942845569402 ) ) ;
#1500 = CARTESIAN_POINT ( 'NONE',  ( -28.55842129072707181, -12.93915119415523840, 1.732569249864051253 ) ) ;
#1501 = CARTESIAN_POINT ( 'NONE',  ( -59.74271776275377732, -12.65346819560542357, 2.424796721708572633 ) ) ;
#1502 = EDGE_CURVE ( 'NONE', #3434, #2461, #450, .T. ) ;
#1503 = ORIENTED_EDGE ( 'NONE', *, *, #867, .T. ) ;
#1504 = VERTEX_POINT ( 'NONE', #2165 ) ;
#1505 = CARTESIAN_POINT ( 'NONE',  ( -65.81081323375609315, -0.5047271171895393316, 5.000000000000009770 ) ) ;
#1506 = CARTESIAN_POINT ( 'NONE',  ( -76.40852810538979156, -21.46699200545332431, 1.524169845094859532 ) ) ;
#1507 = EDGE_CURVE ( 'NONE', #1990, #4282, #850, .T. ) ;
#1508 = CARTESIAN_POINT ( 'NONE',  ( -64.28735663206806805, -25.26841760983184670, 5.000011018344109104 ) ) ;
#1509 = CARTESIAN_POINT ( 'NONE',  ( -21.50000000000000000, -20.19999999999999929, -8.999999999999996447 ) ) ;
#1510 = EDGE_CURVE ( 'NONE', #1472, #1958, #1212, .T. ) ;
#1511 = DIRECTION ( 'NONE',  ( -8.163404592832033966E-17, -0.000000000000000000, -1.000000000000000000 ) ) ;
#1512 = ORIENTED_EDGE ( 'NONE', *, *, #2694, .F. ) ;
#1513 = CARTESIAN_POINT ( 'NONE',  ( -102.0492329956450988, -13.31814041767510837, -5.548515096607942176 ) ) ;
#1514 = CARTESIAN_POINT ( 'NONE',  ( -104.5686426321608593, -12.63775353243980426, -2.948133971736226489 ) ) ;
#1515 = CARTESIAN_POINT ( 'NONE',  ( -25.24398384749292745, -7.877290461660043874, 2.555443400600013515 ) ) ;
#1516 = ORIENTED_EDGE ( 'NONE', *, *, #2662, .T. ) ;
#1517 = CARTESIAN_POINT ( 'NONE',  ( -104.7831897291366658, -1.517174021710393728, -2.366679194314386780 ) ) ;
#1518 = CARTESIAN_POINT ( 'NONE',  ( -67.83893162507052921, -24.71740560990352975, 3.342113053961033753 ) ) ;
#1519 = FACE_OUTER_BOUND ( 'NONE', #2667, .T. ) ;
#1520 = CARTESIAN_POINT ( 'NONE',  ( -26.99999999999999645, -10.00000000000000000, 17.00000000000000000 ) ) ;
#1521 = VERTEX_POINT ( 'NONE', #1825 ) ;
#1522 = ORIENTED_EDGE ( 'NONE', *, *, #54, .F. ) ;
#1523 = DIRECTION ( 'NONE',  ( 0.000000000000000000, 0.000000000000000000, 1.000000000000000000 ) ) ;
#1524 = CARTESIAN_POINT ( 'NONE',  ( -59.00000000000000000, -10.00000000000000000, -2.000000000000000000 ) ) ;
#1525 = CARTESIAN_POINT ( 'NONE',  ( -64.37189383472882298, -25.81090546956604470, 4.460292041441364042 ) ) ;
#1526 = CARTESIAN_POINT ( 'NONE',  ( -64.00000000000000000, -25.39198869420221527, -8.999999999999992895 ) ) ;
#1527 = DIRECTION ( 'NONE',  ( 0.000000000000000000, 1.000000000000000000, 0.000000000000000000 ) ) ;
#1528 = ORIENTED_EDGE ( 'NONE', *, *, #298, .T. ) ;
#1529 = CARTESIAN_POINT ( 'NONE',  ( -55.66516904541828126, -9.374276008892211465, 1.451165873919075588 ) ) ;
#1530 = AXIS2_PLACEMENT_3D ( 'NONE', #2280, #1538, #3642 ) ;
#1531 = EDGE_CURVE ( 'NONE', #289, #3696, #4217, .T. ) ;
#1532 = CARTESIAN_POINT ( 'NONE',  ( -28.52675688542687382, -7.045785249749469514, 1.742943249891254265 ) ) ;
#1533 = CARTESIAN_POINT ( 'NONE',  ( -27.37368256229104091, -7.270627489624173379, 1.583955560329734835 ) ) ;
#1534 = AXIS2_PLACEMENT_3D ( 'NONE', #2902, #2882, #4234 ) ;
#1535 = EDGE_LOOP ( 'NONE', ( #2190, #3177, #1294, #1550 ) ) ;
#1536 = CARTESIAN_POINT ( 'NONE',  ( -102.8684418900609501, -1.433885189731968657, -5.022032509216877827 ) ) ;
#1537 = ADVANCED_FACE ( 'NONE', ( #2231 ), #3566, .T. ) ;
#1538 = DIRECTION ( 'NONE',  ( 0.000000000000000000, 0.000000000000000000, -1.000000000000000000 ) ) ;
#1539 = CARTESIAN_POINT ( 'NONE',  ( -66.06493769616928091, -25.27692132031766903, 4.484785890514516815 ) ) ;
#1540 = CARTESIAN_POINT ( 'NONE',  ( -61.75000000000000000, -10.00000000000000000, 3.482014481449722254 ) ) ;
#1541 = EDGE_LOOP ( 'NONE', ( #4026, #3650, #2848, #749 ) ) ;
#1542 = VERTEX_POINT ( 'NONE', #3521 ) ;
#1543 = DIRECTION ( 'NONE',  ( -0.000000000000000000, -1.000000000000000000, -0.000000000000000000 ) ) ;
#1544 = FACE_OUTER_BOUND ( 'NONE', #1449, .T. ) ;
#1545 = B_SPLINE_SURFACE_WITH_KNOTS ( 'NONE', 1, 3, ( 
 ( #291, #1010, #2003, #2099, #2389, #3459 ),
 ( #2701, #3751, #677, #1665, #3034, #4060 ) ),
 .UNSPECIFIED., .F., .F., .F.,
 ( 2, 2 ),
 ( 4, 2, 4 ),
 ( 0.000000000000000000, 1.000000000000000000 ),
 ( 4.615344192997242523, 4.933074031499840473, 5.250803870002439311 ),
 .UNSPECIFIED. ) ;
#1546 = CARTESIAN_POINT ( 'NONE',  ( -100.2130535017091404, -13.97043193113996296, -6.314279515852736502 ) ) ;
#1547 = VECTOR ( 'NONE', #4374, 1000.000000000000000 ) ;
#1548 = CARTESIAN_POINT ( 'NONE',  ( -29.54003876450846633, -7.792963827070642502, 1.423802699236120128 ) ) ;
#1549 = CARTESIAN_POINT ( 'NONE',  ( -104.3278297678061506, -13.20884775412421597, 11.00000000000001066 ) ) ;
#1550 = ORIENTED_EDGE ( 'NONE', *, *, #3312, .F. ) ;
#1551 = LINE ( 'NONE', #474, #2492 ) ;
#1552 = CARTESIAN_POINT ( 'NONE',  ( -79.99000000000000909, 0.000000000000000000, -1.999999999999997780 ) ) ;
#1553 = VECTOR ( 'NONE', #2236, 1000.000000000000114 ) ;
#1554 = CARTESIAN_POINT ( 'NONE',  ( -26.31163712604833194, -6.861378275642274538, 2.534510768185224361 ) ) ;
#1555 = EDGE_CURVE ( 'NONE', #3494, #1254, #3544, .T. ) ;
#1556 = CARTESIAN_POINT ( 'NONE',  ( -84.39570710123810215, 0.000000000000000000, 2.221185254827423350 ) ) ;
#1557 = EDGE_LOOP ( 'NONE', ( #1907, #64, #4005, #4255, #1981 ) ) ;
#1558 = CARTESIAN_POINT ( 'NONE',  ( -104.4789337386435619, -0.9751547758212676387, -1.301045838396744037 ) ) ;
#1559 = CIRCLE ( 'NONE', #4061, 1.500000000000001332 ) ;
#1560 = CARTESIAN_POINT ( 'NONE',  ( -84.96519856249859970, -12.00000000000000000, -5.566874950121314392 ) ) ;
#1561 = CARTESIAN_POINT ( 'NONE',  ( -56.56306821323252620, -27.66746128889041501, 1.731008034042879729 ) ) ;
#1562 = CARTESIAN_POINT ( 'NONE',  ( -66.01756439892444916, -25.29186280553402000, 4.484775354002714209 ) ) ;
#1563 = CIRCLE ( 'NONE', #1631, 1.000000000000000888 ) ;
#1564 = EDGE_CURVE ( 'NONE', #1922, #3691, #3822, .T. ) ;
#1565 = DIRECTION ( 'NONE',  ( 0.000000000000000000, 0.000000000000000000, 1.000000000000000000 ) ) ;
#1566 = ORIENTED_EDGE ( 'NONE', *, *, #3130, .F. ) ;
#1567 = ADVANCED_FACE ( 'NONE', ( #2903 ), #807, .T. ) ;
#1568 = ORIENTED_EDGE ( 'NONE', *, *, #2149, .F. ) ;
#1569 = VECTOR ( 'NONE', #3578, 1000.000000000000000 ) ;
#1570 = DIRECTION ( 'NONE',  ( 0.000000000000000000, -0.000000000000000000, 1.000000000000000000 ) ) ;
#1571 = DIRECTION ( 'NONE',  ( 4.625929269271483942E-16, 0.000000000000000000, 1.000000000000000000 ) ) ;
#1572 = DIRECTION ( 'NONE',  ( -1.000000000000000000, 0.000000000000000000, 0.000000000000000000 ) ) ;
#1573 = CARTESIAN_POINT ( 'NONE',  ( -24.94336746763509893, -8.165881905990124423, 2.706607763446637449 ) ) ;
#1574 = LINE ( 'NONE', #2947, #4423 ) ;
#1575 = ORIENTED_EDGE ( 'NONE', *, *, #2803, .F. ) ;
#1576 = DIRECTION ( 'NONE',  ( 1.000000000000000000, -0.000000000000000000, 1.224646799147353207E-16 ) ) ;
#1577 = CARTESIAN_POINT ( 'NONE',  ( -62.00632278140567877, -9.524533071557019781, 3.919643864499834152 ) ) ;
#1578 = CARTESIAN_POINT ( 'NONE',  ( -103.9295550079826285, -12.80397625617118429, -4.014361984558120433 ) ) ;
#1579 = CARTESIAN_POINT ( 'NONE',  ( -84.39570710123810215, 0.000000000000000000, -6.985990796284057502 ) ) ;
#1580 = ORIENTED_EDGE ( 'NONE', *, *, #2580, .T. ) ;
#1581 = DIRECTION ( 'NONE',  ( -0.000000000000000000, 0.000000000000000000, -1.000000000000000000 ) ) ;
#1582 = CARTESIAN_POINT ( 'NONE',  ( -24.66244581520905399, -8.537262599138374597, 3.210177037869275551 ) ) ;
#1583 = CARTESIAN_POINT ( 'NONE',  ( -54.45752984458699331, -28.33914264681639850, 1.101801745222580564 ) ) ;
#1584 = CARTESIAN_POINT ( 'NONE',  ( -66.00602725096737800, -24.77145420452303526, 4.985606694924402227 ) ) ;
#1585 = FACE_OUTER_BOUND ( 'NONE', #3567, .T. ) ;
#1586 = EDGE_LOOP ( 'NONE', ( #1580, #761, #3981, #3687, #484 ) ) ;
#1587 = ORIENTED_EDGE ( 'NONE', *, *, #2271, .T. ) ;
#1588 = DIRECTION ( 'NONE',  ( -0.000000000000000000, 1.000000000000000000, -0.000000000000000000 ) ) ;
#1589 = CARTESIAN_POINT ( 'NONE',  ( -24.02679460304592141, -38.01142524142208146, -8.999999999999996447 ) ) ;
#1590 = EDGE_CURVE ( 'NONE', #1466, #285, #2561, .T. ) ;
#1591 = CARTESIAN_POINT ( 'NONE',  ( -88.28418398719996674, -17.72897067645556035, 4.466320967358239358 ) ) ;
#1592 = CARTESIAN_POINT ( 'NONE',  ( -24.76711082704989053, -7.832405889526465437, 3.165875810306693072 ) ) ;
#1593 = CARTESIAN_POINT ( 'NONE',  ( -88.18729145428430627, -0.6884681953169763391, 4.471023372145932484 ) ) ;
#1594 = ORIENTED_EDGE ( 'NONE', *, *, #3015, .F. ) ;
#1595 = CYLINDRICAL_SURFACE ( 'NONE', #3345, 1.499999999999997335 ) ;
#1596 = CARTESIAN_POINT ( 'NONE',  ( -62.01563579876332000, -10.40804752143917256, 3.924113399426158555 ) ) ;
#1597 = CARTESIAN_POINT ( 'NONE',  ( -59.08860605551929268, -13.24515826151032627, 2.645643855368559727 ) ) ;
#1598 = DIRECTION ( 'NONE',  ( -1.000000000000000000, -0.000000000000000000, -8.672384569055758038E-16 ) ) ;
#1599 = ORIENTED_EDGE ( 'NONE', *, *, #1282, .F. ) ;
#1600 = CARTESIAN_POINT ( 'NONE',  ( -62.00658222598194413, -9.525719975949661134, 3.919767824523594513 ) ) ;
#1601 = CARTESIAN_POINT ( 'NONE',  ( -42.55799999999999272, -0.5047271171895393316, 44.50000000000000711 ) ) ;
#1602 = CARTESIAN_POINT ( 'NONE',  ( -58.15604619036703582, -12.62241631946823617, 1.701002672715360875 ) ) ;
#1603 = CARTESIAN_POINT ( 'NONE',  ( -66.36358403214866541, -24.71678581523790186, 4.833333333333341919 ) ) ;
#1604 = DIRECTION ( 'NONE',  ( -0.000000000000000000, 1.000000000000000000, 0.000000000000000000 ) ) ;
#1605 = ORIENTED_EDGE ( 'NONE', *, *, #690, .F. ) ;
#1606 = VERTEX_POINT ( 'NONE', #1866 ) ;
#1607 = DIRECTION ( 'NONE',  ( -1.000000000000000000, 0.000000000000000000, 0.000000000000000000 ) ) ;
#1608 = DIRECTION ( 'NONE',  ( -8.163404592832032733E-17, 0.000000000000000000, -1.000000000000000000 ) ) ;
#1609 = VERTEX_POINT ( 'NONE', #2883 ) ;
#1610 = EDGE_CURVE ( 'NONE', #311, #4355, #1023, .T. ) ;
#1611 = DIRECTION ( 'NONE',  ( 0.000000000000000000, 0.000000000000000000, -1.000000000000000000 ) ) ;
#1612 = CARTESIAN_POINT ( 'NONE',  ( -27.30803930705697624, -7.261622106424764134, 1.611295097830677481 ) ) ;
#1613 = ADVANCED_FACE ( 'NONE', ( #829 ), #790, .T. ) ;
#1614 = ORIENTED_EDGE ( 'NONE', *, *, #2750, .T. ) ;
#1615 = EDGE_CURVE ( 'NONE', #930, #1647, #3884, .T. ) ;
#1616 = PLANE ( 'NONE',  #903 ) ;
#1617 = LINE ( 'NONE', #2926, #1904 ) ;
#1618 = CIRCLE ( 'NONE', #2198, 2.000000000000011990 ) ;
#1619 = DIRECTION ( 'NONE',  ( 0.000000000000000000, 1.000000000000000000, 0.000000000000000000 ) ) ;
#1620 = DIRECTION ( 'NONE',  ( 0.000000000000000000, 0.000000000000000000, 1.000000000000000000 ) ) ;
#1621 = ORIENTED_EDGE ( 'NONE', *, *, #2294, .F. ) ;
#1622 = DIRECTION ( 'NONE',  ( 0.000000000000000000, 0.000000000000000000, 1.000000000000000000 ) ) ;
#1623 = B_SPLINE_CURVE_WITH_KNOTS ( 'NONE', 1,
 ( #4128, #408 ),
 .UNSPECIFIED., .F., .F.,
 ( 2, 2 ),
 ( 0.000000000000000000, 1.000000000000000000 ),
 .UNSPECIFIED. ) ;
#1624 = CARTESIAN_POINT ( 'NONE',  ( -99.98999999999999488, -0.7569275644141899573, -3.499999999999992895 ) ) ;
#1625 = CARTESIAN_POINT ( 'NONE',  ( -88.09814568666480739, -18.32767204687751672, 3.887207663213919862 ) ) ;
#1626 = LINE ( 'NONE', #3825, #1422 ) ;
#1627 = FACE_OUTER_BOUND ( 'NONE', #3877, .T. ) ;
#1628 = AXIS2_PLACEMENT_3D ( 'NONE', #646, #1993, #284 ) ;
#1629 = ORIENTED_EDGE ( 'NONE', *, *, #2030, .F. ) ;
#1630 = VERTEX_POINT ( 'NONE', #2542 ) ;
#1631 = AXIS2_PLACEMENT_3D ( 'NONE', #1765, #2818, #3446 ) ;
#1632 = CARTESIAN_POINT ( 'NONE',  ( -104.4905897968646542, -0.9757214291134931328, -0.9283818807201918988 ) ) ;
#1633 = DIRECTION ( 'NONE',  ( -1.000000000000000000, 0.000000000000000000, 0.000000000000000000 ) ) ;
#1634 = ORIENTED_EDGE ( 'NONE', *, *, #4111, .F. ) ;
#1635 = VECTOR ( 'NONE', #444, 1000.000000000000114 ) ;
#1636 = AXIS2_PLACEMENT_3D ( 'NONE', #1417, #401, #1777 ) ;
#1637 = CARTESIAN_POINT ( 'NONE',  ( -102.6932524404071216, -13.12550228396373342, -5.134618469814160591 ) ) ;
#1638 = DIRECTION ( 'NONE',  ( 0.000000000000000000, 0.000000000000000000, 1.000000000000000000 ) ) ;
#1639 = ADVANCED_FACE ( 'NONE', ( #2208 ), #3496, .T. ) ;
#1640 = AXIS2_PLACEMENT_3D ( 'NONE', #56, #2800, #4155 ) ;
#1641 = CARTESIAN_POINT ( 'NONE',  ( -30.03212232742551890, -8.502907932943273295, 1.278356541340499808 ) ) ;
#1642 = ORIENTED_EDGE ( 'NONE', *, *, #2087, .F. ) ;
#1643 = CARTESIAN_POINT ( 'NONE',  ( -84.39570710123810215, 0.000000000000000000, 2.221185254827423350 ) ) ;
#1644 = CARTESIAN_POINT ( 'NONE',  ( -69.99000000000000909, 1.000000000000000000, -2.000000000000006217 ) ) ;
#1645 = CARTESIAN_POINT ( 'NONE',  ( -56.45657799948183708, -12.21395712570547509, 1.699812053602084649 ) ) ;
#1646 = CARTESIAN_POINT ( 'NONE',  ( -56.30144975595198531, -9.470541238292881303, 0.9728454947404479025 ) ) ;
#1647 = VERTEX_POINT ( 'NONE', #3271 ) ;
#1648 = CARTESIAN_POINT ( 'NONE',  ( -84.96519856249859970, -12.00000000000000000, -5.566874950121314392 ) ) ;
#1649 = LINE ( 'NONE', #3021, #1547 ) ;
#1650 = CARTESIAN_POINT ( 'NONE',  ( -56.24999999999999289, -10.00000000000075850, 0.9543786816630747127 ) ) ;
#1651 = CARTESIAN_POINT ( 'NONE',  ( -104.9899999999999949, -12.99999999999999645, -8.499999999999989342 ) ) ;
#1652 = CARTESIAN_POINT ( 'NONE',  ( -64.36969411118725759, -25.25582867963069233, 5.000000000000011546 ) ) ;
#1653 = EDGE_LOOP ( 'NONE', ( #4035, #1773 ) ) ;
#1654 = EDGE_LOOP ( 'NONE', ( #2387, #2553, #3264, #2657 ) ) ;
#1655 =( BOUNDED_SURFACE ( )  B_SPLINE_SURFACE ( 3, 2, ( 
 ( #1751, #4432, #3077 ),
 ( #2090, #2066, #1001 ),
 ( #1731, #2626, #3382 ),
 ( #3433, #2040, #2404 ),
 ( #3405, #2356, #3121 ),
 ( #357, #3716, #18 ),
 ( #3767, #2761, #3297 ),
 ( #3741, #41, #223 ),
 ( #307, #1413, #1681 ),
 ( #329, #3100, #2968 ),
 ( #4120, #2429, #1708 ),
 ( #3049, #1368, #2739 ),
 ( #3792, #721, #3963 ),
 ( #892, #2267, #561 ),
 ( #4316, #1253, #3984 ),
 ( #84, #3181, #2452 ),
 ( #2157, #103, #460 ),
 ( #1794, #3555, #2490 ),
 ( #738, #799, #1139 ),
 ( #1501, #3812, #2515 ),
 ( #3224, #1457, #782 ),
 ( #4142, #1859, #3533 ),
 ( #1113, #2874, #1476 ),
 ( #1836, #3832, #1075 ),
 ( #2846, #1772, #3895 ),
 ( #483, #2534, #63 ),
 ( #441, #1160, #149 ),
 ( #1815, #398, #819 ),
 ( #2825, #4202, #3201 ),
 ( #759, #2110, #3875 ),
 ( #2806, #4160, #1438 ),
 ( #2194, #3472, #2176 ) ),
 .UNSPECIFIED., .F., .F., .F. ) 
 B_SPLINE_SURFACE_WITH_KNOTS ( ( 4, 2, 2, 2, 2, 2, 2, 2, 2, 2, 2, 2, 2, 2, 2, 4 ),
 ( 3, 3 ),
 ( 0.01053141648144873682, 0.01184784354162982979, 0.01250605707172037714, 0.01316427060181092276, 0.01382248413190146838, 0.01448069766199201573, 0.01513891119208256308, 0.01579712472217310870, 0.01645533825226365432, 0.01711355178235419994, 0.01777176531244474555, 0.01842997884253529117, 0.01908819237262583679, 0.01974640590271638241, 0.02040461943280692803, 0.02106283296289747711 ),
 ( 0.000000000000000000, 1.000000000000000000 ),
 .UNSPECIFIED. ) 
 GEOMETRIC_REPRESENTATION_ITEM ( )  RATIONAL_B_SPLINE_SURFACE ( (
 ( 1.000000000000000000, 0.5975696426974586029, 1.000000000000000000),
 ( 1.000000000000000000, 0.5951634329705201010, 1.000000000000000000),
 ( 1.000000000000000000, 0.5952549865172990229, 1.000000000000000000),
 ( 1.000000000000000000, 0.5992986854770080418, 1.000000000000000000),
 ( 1.000000000000000000, 0.6012619093243453117, 1.000000000000000000),
 ( 1.000000000000000000, 0.6064552124500911523, 1.000000000000000000),
 ( 1.000000000000000000, 0.6097356019223149071, 1.000000000000000000),
 ( 1.000000000000000000, 0.6174601345366202976, 1.000000000000000000),
 ( 1.000000000000000000, 0.6219034087245220999, 1.000000000000000000),
 ( 1.000000000000000000, 0.6320655323754436061, 1.000000000000000000),
 ( 1.000000000000000000, 0.6377431467498944073, 1.000000000000000000),
 ( 1.000000000000000000, 0.6499932900525047241, 1.000000000000000000),
 ( 1.000000000000000000, 0.6566592300653143477, 1.000000000000000000),
 ( 1.000000000000000000, 0.6708351228150609691, 1.000000000000000000),
 ( 1.000000000000000000, 0.6782329902527263199, 1.000000000000000000),
 ( 1.000000000000000000, 0.6936296256778796687, 1.000000000000000000),
 ( 1.000000000000000000, 0.7017071045243035154, 1.000000000000000000),
 ( 1.000000000000000000, 0.7179347193020038098, 1.000000000000000000),
 ( 1.000000000000000000, 0.7261070374506539693, 1.000000000000000000),
 ( 1.000000000000000000, 0.7425194133400045970, 1.000000000000000000),
 ( 1.000000000000000000, 0.7508062637119858884, 1.000000000000000000),
 ( 1.000000000000000000, 0.7667646170223330060, 1.000000000000000000),
 ( 1.000000000000000000, 0.7745100026774152102, 1.000000000000000000),
 ( 1.000000000000000000, 0.7894479455416516522, 1.000000000000000000),
 ( 1.000000000000000000, 0.7966461535066829969, 1.000000000000000000),
 ( 1.000000000000000000, 0.8097629561162650313, 1.000000000000000000),
 ( 1.000000000000000000, 0.8157686824274074100, 1.000000000000000000),
 ( 1.000000000000000000, 0.8265287272616220760, 1.000000000000000000),
 ( 1.000000000000000000, 0.8312264809363529849, 1.000000000000000000),
 ( 1.000000000000000000, 0.8387638241699921782, 1.000000000000000000),
 ( 1.000000000000000000, 0.8416705535920764314, 1.000000000000000000),
 ( 1.000000000000000000, 0.8436272063283519751, 1.000000000000000000) ) ) 
 REPRESENTATION_ITEM ( '' )  SURFACE ( )  );
#1656 = B_SPLINE_CURVE_WITH_KNOTS ( 'NONE', 1,
 ( #2234, #3949 ),
 .UNSPECIFIED., .F., .F.,
 ( 2, 2 ),
 ( 0.000000000000000000, 1.000000000000000000 ),
 .UNSPECIFIED. ) ;
#1657 = CARTESIAN_POINT ( 'NONE',  ( -18.35247065561925695, -15.84999999999999964, -8.500000000000008882 ) ) ;
#1658 = CARTESIAN_POINT ( 'NONE',  ( -24.58105105629305953, -11.32397454890137745, 3.245588715262805568 ) ) ;
#1659 = VERTEX_POINT ( 'NONE', #200 ) ;
#1660 = DIRECTION ( 'NONE',  ( 0.1434628159134376246, 0.000000000000000000, 0.9896557080369855486 ) ) ;
#1661 = CARTESIAN_POINT ( 'NONE',  ( -88.18729145106830458, -30.00000000000000000, 3.471026118360230672 ) ) ;
#1662 = CARTESIAN_POINT ( 'NONE',  ( -76.97906997716421529, -21.28241827921354812, 1.504833366896151770 ) ) ;
#1663 = ORIENTED_EDGE ( 'NONE', *, *, #3582, .F. ) ;
#1664 = CARTESIAN_POINT ( 'NONE',  ( -102.6932524404071074, -1.426264695618415290, -5.134618469814165032 ) ) ;
#1665 = CARTESIAN_POINT ( 'NONE',  ( -87.86504799738213478, -0.6806723987633990225, 4.423589466133284631 ) ) ;
#1666 = PLANE ( 'NONE',  #4201 ) ;
#1667 = CARTESIAN_POINT ( 'NONE',  ( -28.01034266323463484, -7.436841575062587140, 1.326369562000325075 ) ) ;
#1668 = ORIENTED_EDGE ( 'NONE', *, *, #1009, .F. ) ;
#1669 = EDGE_CURVE ( 'NONE', #2178, #2826, #1574, .T. ) ;
#1670 = LINE ( 'NONE', #3038, #1121 ) ;
#1671 = ADVANCED_FACE ( 'NONE', ( #1231 ), #1050, .F. ) ;
#1672 = LINE ( 'NONE', #2708, #3333 ) ;
#1673 = CARTESIAN_POINT ( 'NONE',  ( -22.53553390593273065, -15.84999999999999964, -1.999999999999995781 ) ) ;
#1674 = DIRECTION ( 'NONE',  ( 0.9536895693127208640, -0.3007926285401902322, -7.785353810263469817E-17 ) ) ;
#1675 = CARTESIAN_POINT ( 'NONE',  ( -28.30760609264473615, -12.42493117417105530, 1.211076564844278503 ) ) ;
#1676 = ORIENTED_EDGE ( 'NONE', *, *, #2659, .F. ) ;
#1677 = ORIENTED_EDGE ( 'NONE', *, *, #1224, .T. ) ;
#1678 = EDGE_CURVE ( 'NONE', #1542, #3071, #2763, .T. ) ;
#1679 = DIRECTION ( 'NONE',  ( -8.163404592832032733E-17, 0.000000000000000000, -1.000000000000000000 ) ) ;
#1680 = CARTESIAN_POINT ( 'NONE',  ( -24.24893762392009933, -9.830759052934435971, 3.069794734737996134 ) ) ;
#1681 = CARTESIAN_POINT ( 'NONE',  ( -56.46505014003788148, -12.22316297979677202, 1.702561908045538974 ) ) ;
#1682 = ORIENTED_EDGE ( 'NONE', *, *, #4188, .F. ) ;
#1683 = AXIS2_PLACEMENT_3D ( 'NONE', #1824, #1404, #1147 ) ;
#1684 = CARTESIAN_POINT ( 'NONE',  ( -29.50288062722292182, -29.91207561587491881, 0.8325552649887025813 ) ) ;
#1685 = DIRECTION ( 'NONE',  ( -0.000000000000000000, -0.000000000000000000, -1.000000000000000000 ) ) ;
#1686 = CARTESIAN_POINT ( 'NONE',  ( -82.56883677585986447, -19.47399580992760448, 2.174384584795748143 ) ) ;
#1687 = ORIENTED_EDGE ( 'NONE', *, *, #2774, .T. ) ;
#1688 = CARTESIAN_POINT ( 'NONE',  ( -84.44426424301110501, -0.001179593729265939568, -6.984190189904586177 ) ) ;
#1689 = DIRECTION ( 'NONE',  ( 0.000000000000000000, 1.000000000000000000, 0.000000000000000000 ) ) ;
#1690 = ADVANCED_FACE ( 'NONE', ( #694 ), #1655, .T. ) ;
#1691 = CARTESIAN_POINT ( 'NONE',  ( -55.62326097351931509, -9.590246756768447511, 1.438406035147624440 ) ) ;
#1692 = CARTESIAN_POINT ( 'NONE',  ( -57.54613113464592544, -7.659607882767174303, 1.447826645628612185 ) ) ;
#1693 = EDGE_LOOP ( 'NONE', ( #1795, #1104, #1090, #1721 ) ) ;
#1694 = CARTESIAN_POINT ( 'NONE',  ( -58.63549607233198913, -7.246297316242271691, 2.468608218150037725 ) ) ;
#1695 = DIRECTION ( 'NONE',  ( -0.000000000000000000, 1.000000000000000000, 0.000000000000000000 ) ) ;
#1696 = DIRECTION ( 'NONE',  ( 0.000000000000000000, -0.000000000000000000, -1.000000000000000000 ) ) ;
#1697 = CIRCLE ( 'NONE', #2415, 0.4999999999999971689 ) ;
#1698 = EDGE_CURVE ( 'NONE', #1837, #1127, #1094, .T. ) ;
#1699 = CARTESIAN_POINT ( 'NONE',  ( -104.4782099822066783, -12.66125868394042264, -3.141826729234462157 ) ) ;
#1700 = CARTESIAN_POINT ( 'NONE',  ( -28.45224899711802991, -12.34139073044797819, 1.156183263533020478 ) ) ;
#1701 = ORIENTED_EDGE ( 'NONE', *, *, #1153, .F. ) ;
#1702 = EDGE_LOOP ( 'NONE', ( #4130, #3802, #3576, #3997, #4162, #3646, #4414, #3515, #42 ) ) ;
#1703 = AXIS2_PLACEMENT_3D ( 'NONE', #3349, #1622, #277 ) ;
#1704 = DIRECTION ( 'NONE',  ( -0.000000000000000000, -0.000000000000000000, -1.000000000000000000 ) ) ;
#1705 = EDGE_CURVE ( 'NONE', #1774, #2177, #3513, .T. ) ;
#1706 = CARTESIAN_POINT ( 'NONE',  ( -24.54989642596543575, -11.26206115224949045, 2.910045256674560044 ) ) ;
#1707 = AXIS2_PLACEMENT_3D ( 'NONE', #3798, #2117, #2410 ) ;
#1708 = CARTESIAN_POINT ( 'NONE',  ( -56.94506223663960043, -12.64872332985018843, 1.861431028161330437 ) ) ;
#1709 = ORIENTED_EDGE ( 'NONE', *, *, #4184, .F. ) ;
#1710 = DIRECTION ( 'NONE',  ( 0.000000000000000000, 1.000000000000000000, 0.000000000000000000 ) ) ;
#1711 = CIRCLE ( 'NONE', #3069, 2.499999999999998668 ) ;
#1712 = DIRECTION ( 'NONE',  ( -0.7071067811865482389, -0.7071067811865469066, 5.772398745160943660E-17 ) ) ;
#1713 = CARTESIAN_POINT ( 'NONE',  ( -81.15315110861608616, -19.93200541257412794, 1.851684592097237791 ) ) ;
#1714 = TOROIDAL_SURFACE ( 'NONE', #3073, 0.4999999999999971689, 1.000000000000000000 ) ;
#1715 = VECTOR ( 'NONE', #505, 1000.000000000000000 ) ;
#1716 = CARTESIAN_POINT ( 'NONE',  ( -29.36423734017346732, -28.96359270911247208, 1.475945329334120038 ) ) ;
#1717 = CARTESIAN_POINT ( 'NONE',  ( -29.68850228471488251, -29.97426557803263236, 0.8070060066507120933 ) ) ;
#1718 = AXIS2_PLACEMENT_3D ( 'NONE', #2608, #541, #1935 ) ;
#1719 = CARTESIAN_POINT ( 'NONE',  ( -86.58740755505739628, -0.6218863335715942853, 3.680154025982291355 ) ) ;
#1720 = FACE_OUTER_BOUND ( 'NONE', #2915, .T. ) ;
#1721 = ORIENTED_EDGE ( 'NONE', *, *, #2599, .F. ) ;
#1722 = CARTESIAN_POINT ( 'NONE',  ( -56.04215283161262562, -8.349318435308530795, 1.567567583062235537 ) ) ;
#1723 = DIRECTION ( 'NONE',  ( 0.000000000000000000, 0.000000000000000000, 1.000000000000000000 ) ) ;
#1724 = LINE ( 'NONE', #2541, #1246 ) ;
#1725 = DIRECTION ( 'NONE',  ( -0.000000000000000000, -1.000000000000000000, -0.000000000000000000 ) ) ;
#1726 = CARTESIAN_POINT ( 'NONE',  ( -28.85992710434863540, -12.03282743830279422, 1.005351453002306661 ) ) ;
#1727 = ORIENTED_EDGE ( 'NONE', *, *, #3886, .T. ) ;
#1728 = LINE ( 'NONE', #778, #3060 ) ;
#1729 = CARTESIAN_POINT ( 'NONE',  ( -84.96519856249861391, -2.000000000000000000, -1.066874950121532439 ) ) ;
#1730 = CARTESIAN_POINT ( 'NONE',  ( -24.96233813580455774, -11.85532105496070088, 2.696952779518551946 ) ) ;
#1731 = CARTESIAN_POINT ( 'NONE',  ( -56.23280972776471742, -10.21638923374041674, 0.9481172239720473405 ) ) ;
#1732 = ORIENTED_EDGE ( 'NONE', *, *, #1807, .T. ) ;
#1733 = LINE ( 'NONE', #3384, #3352 ) ;
#1734 = UNCERTAINTY_MEASURE_WITH_UNIT (LENGTH_MEASURE( 1.000000000000000082E-05 ), #2564, 'distance_accuracy_value', 'NONE');
#1735 = CARTESIAN_POINT ( 'NONE',  ( -29.69682802813460043, -10.53816223080742454, 0.7140167689015415320 ) ) ;
#1736 = CARTESIAN_POINT ( 'NONE',  ( -81.17010399752126659, -19.92652076693354246, 1.854912711937190428 ) ) ;
#1737 = EDGE_CURVE ( 'NONE', #1203, #104, #911, .T. ) ;
#1738 = EDGE_CURVE ( 'NONE', #4421, #1922, #1491, .T. ) ;
#1739 = CARTESIAN_POINT ( 'NONE',  ( -86.24012679052903252, -18.28624665079542311, 3.548959626219374552 ) ) ;
#1740 = DIRECTION ( 'NONE',  ( 8.163404592832033966E-17, 0.000000000000000000, 1.000000000000000000 ) ) ;
#1741 = DIRECTION ( 'NONE',  ( 0.000000000000000000, 0.000000000000000000, -1.000000000000000000 ) ) ;
#1742 = EDGE_LOOP ( 'NONE', ( #644, #997, #4018, #497 ) ) ;
#1743 = CARTESIAN_POINT ( 'NONE',  ( -60.52337900233229107, -7.699594110659550239, 3.240793206374716906 ) ) ;
#1744 = CARTESIAN_POINT ( 'NONE',  ( -87.95662649225438656, -0.1719312830459059083, 3.898253459400116139 ) ) ;
#1745 = CARTESIAN_POINT ( 'NONE',  ( -26.95258680150562469, -13.24917356136643320, 2.291954047948545625 ) ) ;
#1746 = CARTESIAN_POINT ( 'NONE',  ( -64.16199941129984552, -25.28757640861374156, 4.978231364872873321 ) ) ;
#1747 = EDGE_LOOP ( 'NONE', ( #3598, #1173, #1237, #1809 ) ) ;
#1748 = CARTESIAN_POINT ( 'NONE',  ( -50.88888557793386980, -29.46993085763293507, 0.2778483193193580503 ) ) ;
#1749 = FACE_OUTER_BOUND ( 'NONE', #518, .T. ) ;
#1750 = CARTESIAN_POINT ( 'NONE',  ( -30.28020390396450878, -10.85337710248304610, 1.207301882172321372 ) ) ;
#1751 = CARTESIAN_POINT ( 'NONE',  ( -56.30144975595198531, -9.470541238292879527, 0.9728454947404343578 ) ) ;
#1752 = ORIENTED_EDGE ( 'NONE', *, *, #2025, .T. ) ;
#1753 = VECTOR ( 'NONE', #4158, 1000.000000000000000 ) ;
#1754 = DIRECTION ( 'NONE',  ( 8.163404592832033966E-17, 0.000000000000000000, 1.000000000000000000 ) ) ;
#1755 = CARTESIAN_POINT ( 'NONE',  ( -77.65324290815166819, -21.06430894247118957, 1.501371670451904450 ) ) ;
#1756 = ADVANCED_FACE ( 'NONE', ( #3851 ), #4341, .T. ) ;
#1757 = CARTESIAN_POINT ( 'NONE',  ( -25.55299269489329816, -25.10871183254613115, 2.836703389799654751 ) ) ;
#1758 = CARTESIAN_POINT ( 'NONE',  ( -29.45557591134567943, -29.88877465218057594, 0.8390970749658521743 ) ) ;
#1759 = EDGE_CURVE ( 'NONE', #400, #2548, #2061, .T. ) ;
#1760 = CARTESIAN_POINT ( 'NONE',  ( -25.49999999999999645, -10.00000000000000000, -2.000000000000000000 ) ) ;
#1761 = EDGE_CURVE ( 'NONE', #1900, #423, #1266, .T. ) ;
#1762 = CARTESIAN_POINT ( 'NONE',  ( -84.44426424301110501, -0.001179593729265939568, -6.984190189904586177 ) ) ;
#1763 = ORIENTED_EDGE ( 'NONE', *, *, #3259, .F. ) ;
#1764 = CARTESIAN_POINT ( 'NONE',  ( -60.95216215206686883, -8.051398234107940866, 3.430015025522006322 ) ) ;
#1765 = CARTESIAN_POINT ( 'NONE',  ( -29.91421356237312779, -28.99999999999999645, -8.499999999999994671 ) ) ;
#1766 = CARTESIAN_POINT ( 'NONE',  ( -21.49999999999999645, -21.99999999999997513, -8.499999999999994671 ) ) ;
#1767 = ORIENTED_EDGE ( 'NONE', *, *, #3254, .T. ) ;
#1768 = ORIENTED_EDGE ( 'NONE', *, *, #1460, .T. ) ;
#1769 = AXIS2_PLACEMENT_3D ( 'NONE', #3395, #1695, #4424 ) ;
#1770 = CARTESIAN_POINT ( 'NONE',  ( -86.87030504786122265, -18.08236701025076343, 3.849185183389295606 ) ) ;
#1771 = CARTESIAN_POINT ( 'NONE',  ( -29.13183320812368393, -11.75026505219220496, 1.547018267941928205 ) ) ;
#1772 = CARTESIAN_POINT ( 'NONE',  ( -60.72112578673461059, -12.15632663019552950, 3.327440698498047578 ) ) ;
#1773 = ORIENTED_EDGE ( 'NONE', *, *, #3662, .T. ) ;
#1774 = VERTEX_POINT ( 'NONE', #883 ) ;
#1775 = CARTESIAN_POINT ( 'NONE',  ( 0.000000000000000000, 0.000000000000000000, 0.000000000000000000 ) ) ;
#1776 = COLOUR_RGB ( '',1.000000000000000000, 0.000000000000000000, 0.000000000000000000 ) ;
#1777 = DIRECTION ( 'NONE',  ( 1.387778780781445676E-14, 0.000000000000000000, 1.000000000000000000 ) ) ;
#1778 = CARTESIAN_POINT ( 'NONE',  ( -75.78921235803227319, -21.66736253040683380, 1.566446045870278692 ) ) ;
#1779 = CARTESIAN_POINT ( 'NONE',  ( -85.22396590081331169, -18.61499748455236869, 3.085782606023449670 ) ) ;
#1780 = FACE_OUTER_BOUND ( 'NONE', #2058, .T. ) ;
#1781 = VECTOR ( 'NONE', #4087, 1000.000000000000000 ) ;
#1782 = LINE ( 'NONE', #158, #125 ) ;
#1783 = CARTESIAN_POINT ( 'NONE',  ( -103.4946269243376378, -13.47163900345566034, -3.506839942348974226 ) ) ;
#1784 = ORIENTED_EDGE ( 'NONE', *, *, #954, .T. ) ;
#1785 = AXIS2_PLACEMENT_3D ( 'NONE', #1248, #1207, #2898 ) ;
#1786 = CARTESIAN_POINT ( 'NONE',  ( -56.86029933973412653, -8.258650386214061001, 1.830691066060178285 ) ) ;
#1787 = EDGE_CURVE ( 'NONE', #3416, #909, #3634, .T. ) ;
#1788 = CARTESIAN_POINT ( 'NONE',  ( -24.30235858445671937, -11.48185575814068038, 3.369232695104029673 ) ) ;
#1789 = CARTESIAN_POINT ( 'NONE',  ( -42.55799999999999272, -29.46996739464493942, 44.50000000000000711 ) ) ;
#1790 = VERTEX_POINT ( 'NONE', #3975 ) ;
#1791 = CARTESIAN_POINT ( 'NONE',  ( -65.87583808822432729, -24.79135938379561566, 5.000000000000009770 ) ) ;
#1792 = CARTESIAN_POINT ( 'NONE',  ( -81.60425079764318923, -19.78606256055157075, 1.920388676618639323 ) ) ;
#1793 = CARTESIAN_POINT ( 'NONE',  ( -29.66012470970073878, -10.72208918110542264, 0.7262719602960507892 ) ) ;
#1794 = CARTESIAN_POINT ( 'NONE',  ( -59.23214813071538742, -12.74569627538423511, 2.181422128239757452 ) ) ;
#1795 = ORIENTED_EDGE ( 'NONE', *, *, #493, .F. ) ;
#1796 = VERTEX_POINT ( 'NONE', #3242 ) ;
#1797 = DIRECTION ( 'NONE',  ( 0.000000000000000000, 0.000000000000000000, 1.000000000000000000 ) ) ;
#1798 = CARTESIAN_POINT ( 'NONE',  ( -76.94691077673309110, -21.29282436392792377, 1.505572480325256368 ) ) ;
#1799 = CARTESIAN_POINT ( 'NONE',  ( -53.22520846509593895, -28.73226548138378078, 0.7675737962587216856 ) ) ;
#1800 =( BOUNDED_CURVE ( )  B_SPLINE_CURVE ( 3, ( #3707, #3683, #1673, #321 ),
 .UNSPECIFIED., .F., .F. ) 
 B_SPLINE_CURVE_WITH_KNOTS ( ( 4, 4 ),
 ( 4.712388980384689674, 6.283185307179585344 ),
 .UNSPECIFIED. ) 
 CURVE ( )  GEOMETRIC_REPRESENTATION_ITEM ( )  RATIONAL_B_SPLINE_CURVE ( ( 1.000000000000000000, 0.8047378541243649375, 0.8047378541243649375, 1.000000000000000000 ) ) 
 REPRESENTATION_ITEM ( '' )  );
#1801 = CARTESIAN_POINT ( 'NONE',  ( -64.36969411118725759, 0.000000000000000000, 4.497630881310141326 ) ) ;
#1802 = CARTESIAN_POINT ( 'NONE',  ( -28.49999999999999645, -10.00000000000000000, -8.999999999999996447 ) ) ;
#1803 = VERTEX_POINT ( 'NONE', #1540 ) ;
#1804 = CARTESIAN_POINT ( 'NONE',  ( -100.5876410673108694, -13.75536320523436906, -6.286498442434115042 ) ) ;
#1805 = CARTESIAN_POINT ( 'NONE',  ( -28.74652167688977755, -12.84069783652194552, 1.671538962370070713 ) ) ;
#1806 = EDGE_CURVE ( 'NONE', #2446, #477, #2259, .T. ) ;
#1807 = EDGE_CURVE ( 'NONE', #2995, #417, #189, .T. ) ;
#1808 = LINE ( 'NONE', #3526, #3216 ) ;
#1809 = ORIENTED_EDGE ( 'NONE', *, *, #1399, .F. ) ;
#1810 = LINE ( 'NONE', #1454, #3980 ) ;
#1811 = EDGE_CURVE ( 'NONE', #2232, #2377, #2867, .T. ) ;
#1812 = CARTESIAN_POINT ( 'NONE',  ( -73.27803205374247852, -23.00191938935765634, 1.417551176568339066 ) ) ;
#1813 = CYLINDRICAL_SURFACE ( 'NONE', #2991, 5.000000000000000000 ) ;
#1814 = EDGE_CURVE ( 'NONE', #2530, #1400, #1306, .T. ) ;
#1815 = CARTESIAN_POINT ( 'NONE',  ( -61.38053709524542256, -11.38863802836090322, 3.275026469902069692 ) ) ;
#1816 = EDGE_LOOP ( 'NONE', ( #3308, #1063, #1357, #979 ) ) ;
#1817 = ADVANCED_FACE ( 'NONE', ( #2591 ), #3230, .T. ) ;
#1818 = ORIENTED_EDGE ( 'NONE', *, *, #574, .T. ) ;
#1819 = LINE ( 'NONE', #131, #3788 ) ;
#1820 = CARTESIAN_POINT ( 'NONE',  ( -104.4281449223921783, -1.501729807615754586, -3.231329327414169228 ) ) ;
#1821 = CARTESIAN_POINT ( 'NONE',  ( -88.14221766902177535, -18.31377179270183575, 3.913547806641582305 ) ) ;
#1822 = CARTESIAN_POINT ( 'NONE',  ( -75.94692521377136529, -21.61633444292215600, 1.553969822939802237 ) ) ;
#1823 = CARTESIAN_POINT ( 'NONE',  ( -50.93544934364575738, -29.46268342891206515, 0.2866480779737586859 ) ) ;
#1824 = CARTESIAN_POINT ( 'NONE',  ( -99.98999999999999488, 0.000000000000000000, -1.999999999999995781 ) ) ;
#1825 = CARTESIAN_POINT ( 'NONE',  ( -23.99999999999999645, -4.649999999999987921, -8.999999999999996447 ) ) ;
#1826 = ORIENTED_EDGE ( 'NONE', *, *, #2863, .F. ) ;
#1827 = DIRECTION ( 'NONE',  ( -8.163404592832033966E-17, -0.000000000000000000, -1.000000000000000000 ) ) ;
#1828 = EDGE_CURVE ( 'NONE', #3357, #289, #1942, .T. ) ;
#1829 = CARTESIAN_POINT ( 'NONE',  ( -24.64636523916743016, -12.02284905246046876, 3.218158289586440013 ) ) ;
#1830 = CARTESIAN_POINT ( 'NONE',  ( -101.7881553164166917, -0.8443439628787841045, -5.108065035636331963 ) ) ;
#1831 = VERTEX_POINT ( 'NONE', #575 ) ;
#1832 = CARTESIAN_POINT ( 'NONE',  ( -103.1641885349397825, -0.9112391120534603095, -4.113278599819169656 ) ) ;
#1833 = ADVANCED_FACE ( 'NONE', ( #1963, #213, #1585 ), #2959, .T. ) ;
#1834 = CARTESIAN_POINT ( 'NONE',  ( -73.25641205369818465, -23.00873831330482844, 1.353415218158494637 ) ) ;
#1835 = CARTESIAN_POINT ( 'NONE',  ( -29.67213415106650132, -10.67452648661636339, 1.379760750432271310 ) ) ;
#1836 = CARTESIAN_POINT ( 'NONE',  ( -60.67465097322492795, -12.18833099766395023, 2.895346174377729564 ) ) ;
#1837 = VERTEX_POINT ( 'NONE', #4330 ) ;
#1838 = ORIENTED_EDGE ( 'NONE', *, *, #362, .F. ) ;
#1839 = LINE ( 'NONE', #2179, #2640 ) ;
#1840 = ADVANCED_FACE ( 'NONE', ( #2643 ), #3327, .F. ) ;
#1841 = PLANE ( 'NONE',  #271 ) ;
#1842 = CARTESIAN_POINT ( 'NONE',  ( -69.65193138950863272, -23.65292266855232128, 3.068302057940120342 ) ) ;
#1843 = DIRECTION ( 'NONE',  ( 0.000000000000000000, 0.000000000000000000, 1.000000000000000000 ) ) ;
#1844 = AXIS2_PLACEMENT_3D ( 'NONE', #3546, #1870, #160 ) ;
#1845 = DIRECTION ( 'NONE',  ( 0.000000000000000000, -1.000000000000000000, 0.000000000000000000 ) ) ;
#1846 = CARTESIAN_POINT ( 'NONE',  ( -23.99999999999999289, -13.34999999999999964, -1.999999999999993117 ) ) ;
#1847 = VECTOR ( 'NONE', #1375, 1000.000000000000000 ) ;
#1848 = ORIENTED_EDGE ( 'NONE', *, *, #538, .F. ) ;
#1849 = CARTESIAN_POINT ( 'NONE',  ( -64.29926439942920524, -25.83381271261045597, 4.426803816893065679 ) ) ;
#1850 = VECTOR ( 'NONE', #1202, 1000.000000000000000 ) ;
#1851 = CARTESIAN_POINT ( 'NONE',  ( -104.9899999999999807, -12.52813397471286194, -1.343706042264481981 ) ) ;
#1852 = CYLINDRICAL_SURFACE ( 'NONE', #2792, 2.750000000000002665 ) ;
#1853 = CONICAL_SURFACE ( 'NONE', #3708, 0.5000000000000004441, 0.7853981633974579379 ) ;
#1854 = ORIENTED_EDGE ( 'NONE', *, *, #2527, .F. ) ;
#1855 = CARTESIAN_POINT ( 'NONE',  ( -102.6932524404071074, -1.426264695618417067, -5.134618469814163255 ) ) ;
#1856 = AXIS2_PLACEMENT_3D ( 'NONE', #877, #855, #3280 ) ;
#1857 = CARTESIAN_POINT ( 'NONE',  ( -100.4328997886334491, -0.9424857186190102043, -5.962685419223501704 ) ) ;
#1858 = CARTESIAN_POINT ( 'NONE',  ( -21.49999999999999289, -0.3366298559204750629, 4.541839974287752213 ) ) ;
#1859 = CARTESIAN_POINT ( 'NONE',  ( -60.09434020910103413, -12.53355482214001171, 3.056787333328277345 ) ) ;
#1860 = EDGE_LOOP ( 'NONE', ( #1408, #2481 ) ) ;
#1861 = ORIENTED_EDGE ( 'NONE', *, *, #1502, .F. ) ;
#1862 = LINE ( 'NONE', #2200, #130 ) ;
#1863 = CARTESIAN_POINT ( 'NONE',  ( -68.85818993883550831, -23.90972058240403797, 3.424786374578714376 ) ) ;
#1864 = CARTESIAN_POINT ( 'NONE',  ( -56.53339540137945107, -27.67692043553584469, 1.709781941679780148 ) ) ;
#1865 = CARTESIAN_POINT ( 'NONE',  ( -29.75085526799954039, -10.15839385207813805, 1.355905899132000991 ) ) ;
#1866 = CARTESIAN_POINT ( 'NONE',  ( -99.98999999999999488, 0.000000000000000000, -0.4999999999999985012 ) ) ;
#1867 = EDGE_CURVE ( 'NONE', #3117, #4230, #2330, .T. ) ;
#1868 = ORIENTED_EDGE ( 'NONE', *, *, #3919, .T. ) ;
#1869 = EDGE_CURVE ( 'NONE', #1504, #224, #1384, .T. ) ;
#1870 = DIRECTION ( 'NONE',  ( 0.000000000000000000, -1.000000000000000000, 0.000000000000000000 ) ) ;
#1871 = CARTESIAN_POINT ( 'NONE',  ( -104.3657296027883774, -12.69051338613107127, -3.347821979120880087 ) ) ;
#1872 = CARTESIAN_POINT ( 'NONE',  ( -62.68471300997478579, -25.80682874671479965, -9.097547510360485035 ) ) ;
#1873 = EDGE_LOOP ( 'NONE', ( #473, #3244, #4306, #681 ) ) ;
#1874 = CARTESIAN_POINT ( 'NONE',  ( -87.90940741905312450, -17.78627140659335382, 4.431660325486699747 ) ) ;
#1875 = CARTESIAN_POINT ( 'NONE',  ( -23.99999999999999645, -15.84999999999999964, -8.500000000000008882 ) ) ;
#1876 = DIRECTION ( 'NONE',  ( 1.000000000000000000, -0.000000000000000000, 1.224646799147353207E-16 ) ) ;
#1877 = CARTESIAN_POINT ( 'NONE',  ( -29.66191194614436455, -10.71313301685207442, 0.7256752035170174198 ) ) ;
#1878 = ORIENTED_EDGE ( 'NONE', *, *, #161, .T. ) ;
#1879 = ORIENTED_EDGE ( 'NONE', *, *, #4406, .F. ) ;
#1880 = CARTESIAN_POINT ( 'NONE',  ( -99.98999999999999488, 1.000000000000000000, -1.499999999999998446 ) ) ;
#1881 = CARTESIAN_POINT ( 'NONE',  ( -84.41189918235569678, 9.914790156100542488E-19, 2.224091916720429829 ) ) ;
#1882 = CARTESIAN_POINT ( 'NONE',  ( -29.90856628998119859, -29.44548592021892830, 1.314446249278305556 ) ) ;
#1883 = EDGE_CURVE ( 'NONE', #4282, #4064, #3377, .T. ) ;
#1884 = CARTESIAN_POINT ( 'NONE',  ( -29.44787730829065708, -8.733229789092574080, 0.7981160587576157095 ) ) ;
#1885 = CARTESIAN_POINT ( 'NONE',  ( -25.49999999999999645, -10.00000000000000000, 8.000000000000005329 ) ) ;
#1886 = ORIENTED_EDGE ( 'NONE', *, *, #107, .F. ) ;
#1887 = CARTESIAN_POINT ( 'NONE',  ( -56.24999999999995026, -9.911785282543089437, 0.9543786816630555059 ) ) ;
#1888 = EDGE_CURVE ( 'NONE', #3691, #303, #314, .T. ) ;
#1889 = ADVANCED_FACE ( 'NONE', ( #1362 ), #3685, .T. ) ;
#1890 = CARTESIAN_POINT ( 'NONE',  ( -104.9379778671888062, -12.54167878685262139, -1.760217984161213334 ) ) ;
#1891 = DIRECTION ( 'NONE',  ( -0.9513129661531344317, 0.3000430505492260869, 0.07055358421823698656 ) ) ;
#1892 = VECTOR ( 'NONE', #2279, 1000.000000000000000 ) ;
#1893 = ORIENTED_EDGE ( 'NONE', *, *, #3582, .T. ) ;
#1894 = CARTESIAN_POINT ( 'NONE',  ( -104.1117253461610801, -0.9573031281556133587, -2.739771369214599961 ) ) ;
#1895 = CARTESIAN_POINT ( 'NONE',  ( -24.82713117639596589, -8.304742095037850547, 2.766108859726338132 ) ) ;
#1896 = CARTESIAN_POINT ( 'NONE',  ( -61.73874790884244845, -26.01636361321500956, 3.790704758099808558 ) ) ;
#1897 = CARTESIAN_POINT ( 'NONE',  ( -84.24040268063627934, -0.5049219434288657604, 2.699241116718817501 ) ) ;
#1898 = CARTESIAN_POINT ( 'NONE',  ( -88.05257286516945214, -0.1765956667559241411, 3.945401161093441633 ) ) ;
#1899 = EDGE_LOOP ( 'NONE', ( #215, #3032, #542, #2665, #4222 ) ) ;
#1900 = VERTEX_POINT ( 'NONE', #3783 ) ;
#1901 = LINE ( 'NONE', #2557, #1569 ) ;
#1902 = LINE ( 'NONE', #3311, #122 ) ;
#1903 = DIRECTION ( 'NONE',  ( 0.000000000000000000, 0.000000000000000000, 1.000000000000000000 ) ) ;
#1904 = VECTOR ( 'NONE', #3699, 1000.000000000000000 ) ;
#1905 = CARTESIAN_POINT ( 'NONE',  ( -28.52138407138077270, -7.043320138515183793, 1.744709380709672963 ) ) ;
#1906 = DIRECTION ( 'NONE',  ( 0.000000000000000000, 0.000000000000000000, 1.000000000000000000 ) ) ;
#1907 = ORIENTED_EDGE ( 'NONE', *, *, #2602, .F. ) ;
#1908 = CIRCLE ( 'NONE', #1703, 2.499999999999998668 ) ;
#1909 = DIRECTION ( 'NONE',  ( 1.000000000000000000, 0.000000000000000000, -8.163404592832032733E-17 ) ) ;
#1910 = CARTESIAN_POINT ( 'NONE',  ( -66.23820697592702800, -25.22227238236067492, 4.403970690886448658 ) ) ;
#1911 = AXIS2_PLACEMENT_3D ( 'NONE', #2466, #1386, #2154 ) ;
#1912 = CARTESIAN_POINT ( 'NONE',  ( -24.62742129470521135, -8.001548117789750947, 3.226388406656025776 ) ) ;
#1913 = CARTESIAN_POINT ( 'NONE',  ( -24.39003235493941446, -9.116623508398015829, 2.994408750304706768 ) ) ;
#1914 = VERTEX_POINT ( 'NONE', #3423 ) ;
#1915 = CARTESIAN_POINT ( 'NONE',  ( -104.9899999999999949, -1.526169976973967835, -0.9283818807201780210 ) ) ;
#1916 = ADVANCED_FACE ( 'NONE', ( #1627 ), #4045, .F. ) ;
#1917 = CARTESIAN_POINT ( 'NONE',  ( -104.9899999999999949, -30.00000000000000000, -0.9283818807201814627 ) ) ;
#1918 = CARTESIAN_POINT ( 'NONE',  ( -57.64864286636638724, -27.32114524134314948, 2.105745212573505221 ) ) ;
#1919 = CARTESIAN_POINT ( 'NONE',  ( -66.06487602408152782, -25.27694077162548680, 4.477787460969666178 ) ) ;
#1920 = AXIS2_PLACEMENT_3D ( 'NONE', #1361, #3094, #4376 ) ;
#1921 = DIRECTION ( 'NONE',  ( 1.000000000000000000, 0.000000000000000000, 0.000000000000000000 ) ) ;
#1922 = VERTEX_POINT ( 'NONE', #3024 ) ;
#1923 = ORIENTED_EDGE ( 'NONE', *, *, #1009, .T. ) ;
#1924 = B_SPLINE_CURVE_WITH_KNOTS ( 'NONE', 3,
 ( #1652, #2349, #2012, #1131, #3826, #1746, #1088, #2125, #1108, #3157, #1452, #2484, #3846, #3889 ),
 .UNSPECIFIED., .F., .F.,
 ( 4, 2, 2, 1, 1, 2, 2, 4 ),
 ( 0.000000000000000000, 0.2500000000005766498, 0.3750000000009069412, 0.4375000000010218493, 0.4687500000010285661, 0.4843750000010289547, 0.5000000000010292878, 1.000000000000000000 ),
 .UNSPECIFIED. ) ;
#1925 = AXIS2_PLACEMENT_3D ( 'NONE', #425, #1117, #1754 ) ;
#1926 = DIRECTION ( 'NONE',  ( -0.000000000000000000, -1.000000000000000000, -0.000000000000000000 ) ) ;
#1927 = CARTESIAN_POINT ( 'NONE',  ( -84.42809126197086300, -0.0003933525508376280850, 2.226998566264597912 ) ) ;
#1928 = CARTESIAN_POINT ( 'NONE',  ( -56.24999999999999289, -10.00000000000075850, 0.9543786816630747127 ) ) ;
#1929 = CARTESIAN_POINT ( 'NONE',  ( -26.95478212944766838, -7.239700485512854833, 2.291301227647406513 ) ) ;
#1930 = CARTESIAN_POINT ( 'NONE',  ( -87.93983362232718548, -0.6824818465495301467, 4.440006457045069688 ) ) ;
#1931 = EDGE_LOOP ( 'NONE', ( #2909, #3158, #3387, #2430 ) ) ;
#1932 = DIRECTION ( 'NONE',  ( -5.772398745160957218E-17, -0.7071067811865451302, -0.7071067811865500152 ) ) ;
#1933 = DIRECTION ( 'NONE',  ( 0.000000000000000000, 0.000000000000000000, 1.000000000000000000 ) ) ;
#1934 = CARTESIAN_POINT ( 'NONE',  ( -26.71497249701607757, -6.776133073395734563, 2.380585561556383123 ) ) ;
#1935 = DIRECTION ( 'NONE',  ( -1.000000000000000000, 0.000000000000000000, 0.000000000000000000 ) ) ;
#1936 = ORIENTED_EDGE ( 'NONE', *, *, #3535, .T. ) ;
#1937 = CARTESIAN_POINT ( 'NONE',  ( -61.75185567438695955, -10.16791225622072226, 3.797482241851146689 ) ) ;
#1938 = CARTESIAN_POINT ( 'NONE',  ( -87.86504799746600725, -17.79305417495469044, 4.423589466152101579 ) ) ;
#1939 = FACE_OUTER_BOUND ( 'NONE', #2675, .T. ) ;
#1940 = EDGE_CURVE ( 'NONE', #73, #1232, #3358, .T. ) ;
#1941 = DIRECTION ( 'NONE',  ( -1.000000000000000000, 0.000000000000000000, 4.625929269271465206E-16 ) ) ;
#1942 = LINE ( 'NONE', #524, #1133 ) ;
#1943 = ORIENTED_EDGE ( 'NONE', *, *, #2140, .T. ) ;
#1944 = ORIENTED_EDGE ( 'NONE', *, *, #2358, .T. ) ;
#1945 = EDGE_CURVE ( 'NONE', #2446, #563, #4065, .T. ) ;
#1946 = CARTESIAN_POINT ( 'NONE',  ( -30.32310368922825106, -10.63600990913604605, 1.195181419792731958 ) ) ;
#1947 = EDGE_CURVE ( 'NONE', #3044, #2001, #1924, .T. ) ;
#1948 = CARTESIAN_POINT ( 'NONE',  ( -84.44426424301110501, -0.001179593729265939568, 2.229905215808757113 ) ) ;
#1949 = EDGE_CURVE ( 'NONE', #3434, #2052, #2819, .T. ) ;
#1950 = ORIENTED_EDGE ( 'NONE', *, *, #3688, .F. ) ;
#1951 = CARTESIAN_POINT ( 'NONE',  ( -99.55725644540207497, -14.71348628006564496, -5.861662529731708204 ) ) ;
#1952 = CARTESIAN_POINT ( 'NONE',  ( -28.74123810898506903, -7.859182093166263705, 1.672034909469037656 ) ) ;
#1953 = VERTEX_POINT ( 'NONE', #753 ) ;
#1954 = CARTESIAN_POINT ( 'NONE',  ( -104.9899999999999949, -12.00000000000000000, -0.9283818807201814627 ) ) ;
#1955 = CARTESIAN_POINT ( 'NONE',  ( -59.02537272564271120, -6.730326660902334446, 2.619049540359963846 ) ) ;
#1956 = CARTESIAN_POINT ( 'NONE',  ( -88.39369144536047429, -18.23445724357832276, 3.953510055702749160 ) ) ;
#1957 = CARTESIAN_POINT ( 'NONE',  ( -56.90320629316131829, -8.212460125288993495, 1.195503695069225047 ) ) ;
#1958 = VERTEX_POINT ( 'NONE', #3806 ) ;
#1959 = CARTESIAN_POINT ( 'NONE',  ( -64.36969411118725759, 0.000000000000000000, 4.497630881310141326 ) ) ;
#1960 = CARTESIAN_POINT ( 'NONE',  ( -24.01924625598384111, -9.361886506485216586, 3.496163476831465111 ) ) ;
#1961 = CARTESIAN_POINT ( 'NONE',  ( -85.51787510080389154, -0.5685869358717636768, 3.163342252974032043 ) ) ;
#1962 = CARTESIAN_POINT ( 'NONE',  ( -66.08588905332268837, 0.000000000000000000, 4.414692401091786067 ) ) ;
#1963 = FACE_BOUND ( 'NONE', #3365, .T. ) ;
#1964 = ORIENTED_EDGE ( 'NONE', *, *, #1883, .T. ) ;
#1965 = VERTEX_POINT ( 'NONE', #2464 ) ;
#1966 = EDGE_CURVE ( 'NONE', #73, #1922, #3368, .T. ) ;
#1967 = CARTESIAN_POINT ( 'NONE',  ( -104.3003972838115061, -0.9664753176378904076, -2.418752351811534140 ) ) ;
#1968 = CARTESIAN_POINT ( 'NONE',  ( -24.68032097536453762, -11.49094639557937469, 3.202439038727022513 ) ) ;
#1969 = B_SPLINE_CURVE_WITH_KNOTS ( 'NONE', 3,
 ( #1556, #3256, #476, #2929 ),
 .UNSPECIFIED., .F., .F.,
 ( 4, 4 ),
 ( 0.000000000000000000, 1.000000000000000000 ),
 .UNSPECIFIED. ) ;
#1970 = ORIENTED_EDGE ( 'NONE', *, *, #602, .F. ) ;
#1971 = EDGE_CURVE ( 'NONE', #3298, #507, #3466, .T. ) ;
#1972 = FACE_OUTER_BOUND ( 'NONE', #2383, .T. ) ;
#1973 = DIRECTION ( 'NONE',  ( -0.000000000000000000, 1.000000000000000000, 0.000000000000000000 ) ) ;
#1974 = CARTESIAN_POINT ( 'NONE',  ( -29.23114902756719857, -7.496056715290787764, 1.518362853636385346 ) ) ;
#1975 = ORIENTED_EDGE ( 'NONE', *, *, #1828, .T. ) ;
#1976 = DIRECTION ( 'NONE',  ( -0.9988204062707349840, -0.04855714177300606699, 0.000000000000000000 ) ) ;
#1977 = CARTESIAN_POINT ( 'NONE',  ( -106.3730129074532584, -11.10643712166968555, 3.558362260117473586 ) ) ;
#1978 = AXIS2_PLACEMENT_3D ( 'NONE', #4112, #2418, #710 ) ;
#1979 = CARTESIAN_POINT ( 'NONE',  ( -56.31722921572909257, -12.05159963375313481, 1.654925360595107975 ) ) ;
#1980 = CARTESIAN_POINT ( 'NONE',  ( -59.11447134156104966, -7.247656583933681063, 2.126833469617350758 ) ) ;
#1981 = ORIENTED_EDGE ( 'NONE', *, *, #3279, .T. ) ;
#1982 = DIRECTION ( 'NONE',  ( -0.000000000000000000, 1.000000000000000000, -0.000000000000000000 ) ) ;
#1983 = B_SPLINE_CURVE_WITH_KNOTS ( 'NONE', 3,
 ( #2309, #3667, #596, #1967, #259, #1632 ),
 .UNSPECIFIED., .F., .F.,
 ( 4, 2, 4 ),
 ( 0.000000000000000000, 0.5000000000000000000, 1.000000000000000000 ),
 .UNSPECIFIED. ) ;
#1984 = AXIS2_PLACEMENT_3D ( 'NONE', #2611, #3019, #3659 ) ;
#1985 = CARTESIAN_POINT ( 'NONE',  ( -66.11634544454267370, -30.00000000000000000, 5.000000000000009770 ) ) ;
#1986 = CARTESIAN_POINT ( 'NONE',  ( -60.36000234027370936, -12.41284103475936362, 2.731688713915146227 ) ) ;
#1987 = DIRECTION ( 'NONE',  ( 0.000000000000000000, 0.000000000000000000, -1.000000000000000000 ) ) ;
#1988 = CARTESIAN_POINT ( 'NONE',  ( -84.39570710123810215, 0.000000000000000000, -6.985990796284057502 ) ) ;
#1989 = ORIENTED_EDGE ( 'NONE', *, *, #1370, .T. ) ;
#1990 = VERTEX_POINT ( 'NONE', #96 ) ;
#1991 = CIRCLE ( 'NONE', #4067, 1.000000000000000000 ) ;
#1992 = CARTESIAN_POINT ( 'NONE',  ( -26.99999999999999645, -10.00000000000000000, -2.000000000000000000 ) ) ;
#1993 = DIRECTION ( 'NONE',  ( 0.000000000000000000, -1.000000000000000000, -0.000000000000000000 ) ) ;
#1994 = VERTEX_POINT ( 'NONE', #812 ) ;
#1995 = AXIS2_PLACEMENT_3D ( 'NONE', #2594, #1588, #3599 ) ;
#1996 = DIRECTION ( 'NONE',  ( -0.000000000000000000, -1.000000000000000000, -0.000000000000000000 ) ) ;
#1997 = CARTESIAN_POINT ( 'NONE',  ( -23.99999999999999289, 0.000000000000000000, -1.999999999999995781 ) ) ;
#1998 = AXIS2_PLACEMENT_3D ( 'NONE', #30, #4168, #1062 ) ;
#1999 = CARTESIAN_POINT ( 'NONE',  ( -78.35943603079876141, -20.83583870303960950, 1.522122297167682659 ) ) ;
#2000 = EDGE_CURVE ( 'NONE', #1244, #3166, #1808, .T. ) ;
#2001 = VERTEX_POINT ( 'NONE', #775 ) ;
#2002 = FACE_OUTER_BOUND ( 'NONE', #2621, .T. ) ;
#2003 = CARTESIAN_POINT ( 'NONE',  ( -88.15429693086186091, -0.1815409300370358914, 3.968125577678073945 ) ) ;
#2004 = FACE_OUTER_BOUND ( 'NONE', #2896, .T. ) ;
#2005 = ADVANCED_FACE ( 'NONE', ( #392 ), #2776, .F. ) ;
#2006 = CARTESIAN_POINT ( 'NONE',  ( -61.21475686901617053, -8.361007899043110925, 3.184115659826836531 ) ) ;
#2007 = EDGE_LOOP ( 'NONE', ( #1944, #671, #3658, #2897 ) ) ;
#2008 = CARTESIAN_POINT ( 'NONE',  ( -104.9899999999999949, -1.526169976973967835, 2.840000000000012736 ) ) ;
#2009 = DIRECTION ( 'NONE',  ( 0.000000000000000000, 0.000000000000000000, 1.000000000000000000 ) ) ;
#2010 = CARTESIAN_POINT ( 'NONE',  ( -59.12305822940049183, -12.76662076905180854, 2.129290344916421773 ) ) ;
#2011 = FACE_BOUND ( 'NONE', #1425, .T. ) ;
#2012 = CARTESIAN_POINT ( 'NONE',  ( -64.26693689152683930, -25.27151862682807248, 4.995558020168629376 ) ) ;
#2013 = ORIENTED_EDGE ( 'NONE', *, *, #238, .T. ) ;
#2014 = EDGE_LOOP ( 'NONE', ( #3192, #4356, #3551, #1522 ) ) ;
#2015 = CARTESIAN_POINT ( 'NONE',  ( -88.18729145428430627, -0.6884681953169763391, 4.471023372145932484 ) ) ;
#2016 = CARTESIAN_POINT ( 'NONE',  ( -24.27088135389263357, -10.38612149182796429, 3.058000719328847872 ) ) ;
#2017 = CARTESIAN_POINT ( 'NONE',  ( -87.74122361422232075, -0.6776765572276619576, 4.369391806403580603 ) ) ;
#2018 = ORIENTED_EDGE ( 'NONE', *, *, #3867, .F. ) ;
#2019 = CARTESIAN_POINT ( 'NONE',  ( -69.99000000000000909, 1.000000000000000000, -2.000000000000006217 ) ) ;
#2020 = CARTESIAN_POINT ( 'NONE',  ( -23.99999999999999645, -15.35000000000001208, -8.999999999999996447 ) ) ;
#2021 = CARTESIAN_POINT ( 'NONE',  ( -78.46717475224693317, -20.80098324447486036, 1.527437981340612927 ) ) ;
#2022 = VERTEX_POINT ( 'NONE', #416 ) ;
#2023 = CARTESIAN_POINT ( 'NONE',  ( -64.15000000000000568, 0.000000000000000000, 5.236824046301750484E-15 ) ) ;
#2024 = CARTESIAN_POINT ( 'NONE',  ( -29.91421356237312423, -30.00000000000000000, 0.7761930158715693029 ) ) ;
#2025 = EDGE_CURVE ( 'NONE', #1994, #1647, #3054, .T. ) ;
#2026 = CARTESIAN_POINT ( 'NONE',  ( -25.85355339059328372, -25.64644660940670562, -8.999999999999996447 ) ) ;
#2027 = CARTESIAN_POINT ( 'NONE',  ( -29.21090876402414693, -8.355504299812213986, 0.8801913352962850157 ) ) ;
#2028 = ORIENTED_EDGE ( 'NONE', *, *, #811, .T. ) ;
#2029 = CARTESIAN_POINT ( 'NONE',  ( -99.98999999999999488, 1.000000000000000000, -2.499999999999992895 ) ) ;
#2030 = EDGE_CURVE ( 'NONE', #2671, #863, #3447, .T. ) ;
#2031 = EDGE_CURVE ( 'NONE', #918, #3096, #2510, .T. ) ;
#2032 = PLANE ( 'NONE',  #1769 ) ;
#2033 = CARTESIAN_POINT ( 'NONE',  ( -58.47328006329272654, -12.70405094139929858, 1.838156891442580987 ) ) ;
#2034 = CARTESIAN_POINT ( 'NONE',  ( -104.5665770617635104, -12.63827558760545955, -2.952810031960531489 ) ) ;
#2035 = CARTESIAN_POINT ( 'NONE',  ( -24.77935772440007156, -11.63112729359319175, 2.790711057876465340 ) ) ;
#2036 = ORIENTED_EDGE ( 'NONE', *, *, #3334, .T. ) ;
#2037 = ORIENTED_EDGE ( 'NONE', *, *, #4078, .T. ) ;
#2038 = LINE ( 'NONE', #327, #1031 ) ;
#2039 = CARTESIAN_POINT ( 'NONE',  ( -23.97668520858198704, -9.576798114542803830, 3.515406280524348670 ) ) ;
#2040 = CARTESIAN_POINT ( 'NONE',  ( -56.33768353619382907, -10.71272608259357995, 1.656891405856743438 ) ) ;
#2041 = ADVANCED_BREP_SHAPE_REPRESENTATION ( 'FINGER PAD_t30_R_v2', ( #336, #2146 ), #707 ) ;
#2042 = ORIENTED_EDGE ( 'NONE', *, *, #3506, .T. ) ;
#2043 = CIRCLE ( 'NONE', #2609, 0.4999999999999971689 ) ;
#2044 = LINE ( 'NONE', #4102, #419 ) ;
#2045 = DIRECTION ( 'NONE',  ( 0.000000000000000000, 0.000000000000000000, 1.000000000000000000 ) ) ;
#2046 = EDGE_CURVE ( 'NONE', #1953, #1319, #527, .T. ) ;
#2047 = CARTESIAN_POINT ( 'NONE',  ( -78.35400161649269535, -20.83759686223598351, 1.521867441521222331 ) ) ;
#2048 = DIRECTION ( 'NONE',  ( -8.163404592832032733E-17, 0.000000000000000000, -1.000000000000000000 ) ) ;
#2049 = CARTESIAN_POINT ( 'NONE',  ( -29.71046144425949365, -29.97902514557577902, 0.8039969906077522044 ) ) ;
#2050 = CARTESIAN_POINT ( 'NONE',  ( -87.67451566768410487, -0.6760630272930195916, 4.329548684152599414 ) ) ;
#2051 = DIRECTION ( 'NONE',  ( 1.000000000000000000, 0.000000000000000000, 0.000000000000000000 ) ) ;
#2052 = VERTEX_POINT ( 'NONE', #1407 ) ;
#2053 = CARTESIAN_POINT ( 'NONE',  ( -57.50283404472654070, -7.680553950367180249, 2.052996529214636823 ) ) ;
#2054 = PLANE ( 'NONE',  #899 ) ;
#2055 = CARTESIAN_POINT ( 'NONE',  ( -29.74892619292446128, -9.799534471223358523, 0.6966679671961595322 ) ) ;
#2056 = CARTESIAN_POINT ( 'NONE',  ( -102.7228268669088607, -13.71506388242203833, -4.211310231361206746 ) ) ;
#2057 = DIRECTION ( 'NONE',  ( 0.9952948489980115720, 0.000000000000000000, 0.09689253613166089185 ) ) ;
#2058 = EDGE_LOOP ( 'NONE', ( #462, #2159, #2308, #1051 ) ) ;
#2059 = CARTESIAN_POINT ( 'NONE',  ( -69.99000000000000909, 0.000000000000000000, -1.500000000000008882 ) ) ;
#2060 = PRESENTATION_LAYER_ASSIGNMENT (  '', '', ( #190 ) ) ;
#2061 = B_SPLINE_CURVE_WITH_KNOTS ( 'NONE', 3,
 ( #4287, #929, #3911, #1898, #2575, #2306 ),
 .UNSPECIFIED., .F., .F.,
 ( 4, 2, 4 ),
 ( 0.000000000000000000, 0.5000000000000000000, 1.000000000000000000 ),
 .UNSPECIFIED. ) ;
#2062 = EDGE_CURVE ( 'NONE', #1232, #36, #3637, .T. ) ;
#2063 = DIRECTION ( 'NONE',  ( -0.2126925073717019499, -0.6743603616079045793, 0.7071067811865436870 ) ) ;
#2064 = CARTESIAN_POINT ( 'NONE',  ( -24.63997274994999032, -11.42316259018360114, 2.862867623746413681 ) ) ;
#2065 = AXIS2_PLACEMENT_3D ( 'NONE', #2964, #2227, #154 ) ;
#2066 = CARTESIAN_POINT ( 'NONE',  ( -56.23134948311269454, -9.856013301006942839, 1.622187024396740895 ) ) ;
#2067 = EDGE_LOOP ( 'NONE', ( #3935, #2122, #3924, #610 ) ) ;
#2068 = LINE ( 'NONE', #3795, #3499 ) ;
#2069 = AXIS2_PLACEMENT_3D ( 'NONE', #422, #3164, #4179 ) ;
#2070 = LINE ( 'NONE', #1, #1206 ) ;
#2071 = CARTESIAN_POINT ( 'NONE',  ( -79.75745220247972611, -20.38354644551418815, 1.637178433226501140 ) ) ;
#2072 = CIRCLE ( 'NONE', #129, 0.4999999999999987232 ) ;
#2073 = CIRCLE ( 'NONE', #1354, 0.4999999999999988343 ) ;
#2074 = AXIS2_PLACEMENT_3D ( 'NONE', #1520, #2895, #4246 ) ;
#2075 = CARTESIAN_POINT ( 'NONE',  ( -86.81389479889566019, -18.10061899143057929, 3.843258785040664982 ) ) ;
#2076 = CARTESIAN_POINT ( 'NONE',  ( -29.30443886821802835, -29.79275369021202380, 0.8600806629968820172 ) ) ;
#2077 = AXIS2_PLACEMENT_3D ( 'NONE', #372, #2529, #4195 ) ;
#2078 = DIRECTION ( 'NONE',  ( 5.780309126883122709E-17, 0.7061364462301571443, 0.7080757864137455782 ) ) ;
#2079 = FACE_OUTER_BOUND ( 'NONE', #910, .T. ) ;
#2080 = VERTEX_POINT ( 'NONE', #4221 ) ;
#2081 = CARTESIAN_POINT ( 'NONE',  ( -60.19623054529257900, -7.056170471716430193, 3.100308628270497913 ) ) ;
#2082 = FACE_OUTER_BOUND ( 'NONE', #4349, .T. ) ;
#2083 = CARTESIAN_POINT ( 'NONE',  ( -102.8700999695771543, -13.07950741684978446, -5.016885984650947705 ) ) ;
#2084 = CARTESIAN_POINT ( 'NONE',  ( -24.88325237668355783, -11.76344771737412032, 2.737312055069969663 ) ) ;
#2085 = ORIENTED_EDGE ( 'NONE', *, *, #658, .F. ) ;
#2086 = DIRECTION ( 'NONE',  ( -1.000000000000000000, 0.000000000000000000, 0.000000000000000000 ) ) ;
#2087 = EDGE_CURVE ( 'NONE', #1837, #2080, #2622, .T. ) ;
#2088 = DIRECTION ( 'NONE',  ( -0.000000000000000000, 1.000000000000000000, 0.000000000000000000 ) ) ;
#2089 = CARTESIAN_POINT ( 'NONE',  ( -29.62485035384288423, -10.84036765941852387, 1.394126985969254662 ) ) ;
#2090 = CARTESIAN_POINT ( 'NONE',  ( -56.22856248829643278, -9.842033728634712375, 0.9466184207746548562 ) ) ;
#2091 = ORIENTED_EDGE ( 'NONE', *, *, #2887, .F. ) ;
#2092 = B_SPLINE_CURVE_WITH_KNOTS ( 'NONE', 3,
 ( #3801, #705, #1448, #1783, #3841, #769 ),
 .UNSPECIFIED., .F., .F.,
 ( 4, 2, 4 ),
 ( 0.000000000000000000, 0.5000000000000000000, 1.000000000000000000 ),
 .UNSPECIFIED. ) ;
#2093 = CARTESIAN_POINT ( 'NONE',  ( -89.98999999999999488, 0.000000000000000000, -1.999999999999997113 ) ) ;
#2094 = ADVANCED_FACE ( 'NONE', ( #1155 ), #2445, .T. ) ;
#2095 =( BOUNDED_SURFACE ( )  B_SPLINE_SURFACE ( 3, 2, ( 
 ( #33, #2860, #2523 ),
 ( #3565, #1166, #3883 ),
 ( #2183, #1865, #806 ),
 ( #2055, #3093, #3543 ),
 ( #3760, #11, #2266 ),
 ( #1278, #3583, #917 ),
 ( #3011, #4294, #560 ),
 ( #1884, #3923, #1641 ),
 ( #3652, #4012, #2967 ),
 ( #938, #3316, #3605 ),
 ( #4315, #2625, #1548 ),
 ( #2292, #176, #1974 ),
 ( #582, #1952, #244 ),
 ( #3983, #2946, #2922 ),
 ( #2313, #512, #1905 ),
 ( #3627, #1211, #4276 ),
 ( #2651, #891, #1230 ),
 ( #1612, #3674, #3249 ),
 ( #3270, #2987, #4340 ),
 ( #1252, #1929, #3943 ),
 ( #3338, #605, #265 ),
 ( #2600, #4363, #849 ),
 ( #2560, #2230, #3296 ),
 ( #532, #2582, #870 ),
 ( #2246, #199, #222 ),
 ( #1573, #3962, #1592 ),
 ( #1895, #2302, #880 ),
 ( #446, #1582, #2588 ),
 ( #858, #2660, #3324 ),
 ( #4284, #1289, #2956 ),
 ( #2237, #3952, #590 ),
 ( #546, #2638, #1960 ) ),
 .UNSPECIFIED., .F., .F., .F. ) 
 B_SPLINE_SURFACE_WITH_KNOTS ( ( 4, 2, 2, 2, 2, 2, 2, 2, 2, 2, 2, 2, 2, 2, 2, 4 ),
 ( 3, 3 ),
 ( 0.000000000000000000, 0.0006559391592191442938, 0.001311878318438288588, 0.001967817477657432881, 0.002623756636876577175, 0.003279695796095721469, 0.003935634955314865763, 0.004591574114534010057, 0.005247513273753154350, 0.005903452432972298644, 0.006559391592191442938, 0.007871269910629731525, 0.008527209069848875819, 0.009183148229068020113, 0.009839087388287164407, 0.01049502654750630870 ),
 ( 0.000000000000000000, 1.000000000000000000 ),
 .UNSPECIFIED. ) 
 GEOMETRIC_REPRESENTATION_ITEM ( )  RATIONAL_B_SPLINE_SURFACE ( (
 ( 1.000000000000000000, 0.6055453797199374932, 1.000000000000000000),
 ( 1.000000000000000000, 0.6044373353681852246, 1.000000000000000000),
 ( 1.000000000000000000, 0.6039134650834283580, 1.000000000000000000),
 ( 1.000000000000000000, 0.6039752655950574312, 1.000000000000000000),
 ( 1.000000000000000000, 0.6045769003799806862, 1.000000000000000000),
 ( 1.000000000000000000, 0.6069099181553686551, 1.000000000000000000),
 ( 1.000000000000000000, 0.6086266146880157102, 1.000000000000000000),
 ( 1.000000000000000000, 0.6132646167874205023, 1.000000000000000000),
 ( 1.000000000000000000, 0.6161809055928719747, 1.000000000000000000),
 ( 1.000000000000000000, 0.6230979513804137948, 1.000000000000000000),
 ( 1.000000000000000000, 0.6271601864410399907, 1.000000000000000000),
 ( 1.000000000000000000, 0.6364198728330033861, 1.000000000000000000),
 ( 1.000000000000000000, 0.6415439260072540728, 1.000000000000000000),
 ( 1.000000000000000000, 0.6528466617583920106, 1.000000000000000000),
 ( 1.000000000000000000, 0.6590823600785237213, 1.000000000000000000),
 ( 1.000000000000000000, 0.6721966757691114625, 1.000000000000000000),
 ( 1.000000000000000000, 0.6791161751271687086, 1.000000000000000000),
 ( 1.000000000000000000, 0.6936916467261559083, 1.000000000000000000),
 ( 1.000000000000000000, 0.7012909695166087420, 1.000000000000000000),
 ( 1.000000000000000000, 0.7166300996306473881, 1.000000000000000000),
 ( 1.000000000000000000, 0.7244329197130259246, 1.000000000000000000),
 ( 1.000000000000000000, 0.7481739858948518451, 1.000000000000000000),
 ( 1.000000000000000000, 0.7636524662541420705, 1.000000000000000000),
 ( 1.000000000000000000, 0.7853822033802436708, 1.000000000000000000),
 ( 1.000000000000000000, 0.7921905920328380368, 1.000000000000000000),
 ( 1.000000000000000000, 0.8048608595169852720, 1.000000000000000000),
 ( 1.000000000000000000, 0.8107786762033292183, 1.000000000000000000),
 ( 1.000000000000000000, 0.8212069017285418271, 1.000000000000000000),
 ( 1.000000000000000000, 0.8256757638217486761, 1.000000000000000000),
 ( 1.000000000000000000, 0.8330316260976147191, 1.000000000000000000),
 ( 1.000000000000000000, 0.8359321690150777195, 1.000000000000000000),
 ( 1.000000000000000000, 0.8378405008883009764, 1.000000000000000000) ) ) 
 REPRESENTATION_ITEM ( '' )  SURFACE ( )  );
#2096 = CARTESIAN_POINT ( 'NONE',  ( -61.69872002347361928, -10.52859269281987409, 3.452974824908512819 ) ) ;
#2097 = CARTESIAN_POINT ( 'NONE',  ( -82.29551476927254328, -19.56242195120274374, 2.102349080950303151 ) ) ;
#2098 = CARTESIAN_POINT ( 'NONE',  ( -25.61522083397737504, -25.17165263937193487, 2.811359459927444959 ) ) ;
#2099 = CARTESIAN_POINT ( 'NONE',  ( -88.05144126340343291, -0.1765406545164486252, 3.945051056617005170 ) ) ;
#2100 = LINE ( 'NONE', #3774, #1270 ) ;
#2101 = DIRECTION ( 'NONE',  ( 3.083952846181139967E-15, 0.000000000000000000, -1.000000000000000000 ) ) ;
#2102 = VERTEX_POINT ( 'NONE', #4281 ) ;
#2103 = CARTESIAN_POINT ( 'NONE',  ( -61.35214316536234946, -8.563920998447914101, 3.259359858015200118 ) ) ;
#2104 = CARTESIAN_POINT ( 'NONE',  ( -103.5254693252609997, -12.90905639627073676, -4.464634851344811750 ) ) ;
#2105 = CARTESIAN_POINT ( 'NONE',  ( -21.49999999999999289, -21.32211446724096504, 4.486161024096284144 ) ) ;
#2106 = EDGE_LOOP ( 'NONE', ( #551, #3373, #2216, #1575 ) ) ;
#2107 = CARTESIAN_POINT ( 'NONE',  ( -66.32718132635062602, -24.72235075986760577, 4.857480156630494150 ) ) ;
#2108 = CARTESIAN_POINT ( 'NONE',  ( -70.52600144287049488, -23.37014339869850588, 2.702019398210103951 ) ) ;
#2109 = CARTESIAN_POINT ( 'NONE',  ( -28.78898052847002020, -12.09640306304449275, 1.031145363929622860 ) ) ;
#2110 = CARTESIAN_POINT ( 'NONE',  ( -61.59299221987524930, -10.93692810118728431, 3.722935266269418175 ) ) ;
#2111 = ORIENTED_EDGE ( 'NONE', *, *, #1199, .F. ) ;
#2112 = ORIENTED_EDGE ( 'NONE', *, *, #1146, .T. ) ;
#2113 = VECTOR ( 'NONE', #3330, 1000.000000000000000 ) ;
#2114 = CARTESIAN_POINT ( 'NONE',  ( -104.7207504840034034, -1.514455480779008267, -2.560364331700054841 ) ) ;
#2115 = CARTESIAN_POINT ( 'NONE',  ( -51.08643499243839159, -29.47684478465636460, -8.999999999999994671 ) ) ;
#2116 = AXIS2_PLACEMENT_3D ( 'NONE', #449, #2419, #711 ) ;
#2117 = DIRECTION ( 'NONE',  ( -0.000000000000000000, -1.000000000000000000, -0.000000000000000000 ) ) ;
#2118 = CARTESIAN_POINT ( 'NONE',  ( -52.10718879716341689, -29.08892504761693587, 0.5099119929396431772 ) ) ;
#2119 = EDGE_CURVE ( 'NONE', #2446, #128, #49, .T. ) ;
#2120 = DIRECTION ( 'NONE',  ( 0.9960911728825841971, 0.04842446149161808155, -0.07387453441237033791 ) ) ;
#2121 = DIRECTION ( 'NONE',  ( -0.000000000000000000, 1.000000000000000000, -0.000000000000000000 ) ) ;
#2122 = ORIENTED_EDGE ( 'NONE', *, *, #3287, .F. ) ;
#2123 = CARTESIAN_POINT ( 'NONE',  ( -57.20938309488035856, -7.905044782661387437, 1.313811616155954320 ) ) ;
#2124 = CARTESIAN_POINT ( 'NONE',  ( -25.75965099282834103, -12.94930314488389733, 2.751302302355498774 ) ) ;
#2125 = CARTESIAN_POINT ( 'NONE',  ( -64.13723629818264271, -25.29136907778386956, 4.972618370169633373 ) ) ;
#2126 = ORIENTED_EDGE ( 'NONE', *, *, #2905, .F. ) ;
#2127 = CARTESIAN_POINT ( 'NONE',  ( -65.96339341993309802, -24.77797296621235290, 4.988296761534019907 ) ) ;
#2128 = VECTOR ( 'NONE', #4279, 1000.000000000000000 ) ;
#2129 = LINE ( 'NONE', #2804, #1753 ) ;
#2130 = CARTESIAN_POINT ( 'NONE',  ( -29.60553404410959644, -10.89862623633499261, 0.7445551552722857735 ) ) ;
#2131 = CARTESIAN_POINT ( 'NONE',  ( -66.36358403214866541, -30.00000000000000000, 4.833333333333341919 ) ) ;
#2132 = ORIENTED_EDGE ( 'NONE', *, *, #3184, .F. ) ;
#2133 = VERTEX_POINT ( 'NONE', #206 ) ;
#2134 = LINE ( 'NONE', #4207, #1635 ) ;
#2135 = AXIS2_PLACEMENT_3D ( 'NONE', #992, #2954, #2372 ) ;
#2136 = CARTESIAN_POINT ( 'NONE',  ( -104.1725550513514520, -1.490609007149469756, -3.676035444148230802 ) ) ;
#2137 = CARTESIAN_POINT ( 'NONE',  ( -72.96319853881216488, -22.58164917831217977, 2.002530582993592656 ) ) ;
#2138 = AXIS2_PLACEMENT_3D ( 'NONE', #3246, #173, #4272 ) ;
#2139 = CARTESIAN_POINT ( 'NONE',  ( -64.29926439942920524, -25.83381271261045242, 4.426803816893065679 ) ) ;
#2140 = EDGE_CURVE ( 'NONE', #4282, #2178, #3550, .T. ) ;
#2141 = AXIS2_PLACEMENT_3D ( 'NONE', #6, #1377, #2749 ) ;
#2142 = CARTESIAN_POINT ( 'NONE',  ( -92.98999999999999488, -0.4166261545940638800, -0.4999999999999988343 ) ) ;
#2143 = CARTESIAN_POINT ( 'NONE',  ( -26.99999999999999645, -10.00000000000000000, -2.000000000000000000 ) ) ;
#2144 = EDGE_CURVE ( 'NONE', #3289, #3723, #1656, .T. ) ;
#2145 = ORIENTED_EDGE ( 'NONE', *, *, #24, .F. ) ;
#2146 = AXIS2_PLACEMENT_3D ( 'NONE', #1775, #740, #785 ) ;
#2147 = AXIS2_PLACEMENT_3D ( 'NONE', #1299, #3052, #2408 ) ;
#2148 = DIRECTION ( 'NONE',  ( -1.000000000000000000, 0.000000000000000000, 0.000000000000000000 ) ) ;
#2149 = EDGE_CURVE ( 'NONE', #1504, #2875, #4213, .T. ) ;
#2150 = B_SPLINE_CURVE_WITH_KNOTS ( 'NONE', 3,
 ( #2971, #4015, #226, #585 ),
 .UNSPECIFIED., .F., .F.,
 ( 4, 4 ),
 ( 0.000000000000000000, 1.000000000000000000 ),
 .UNSPECIFIED. ) ;
#2151 = CARTESIAN_POINT ( 'NONE',  ( -29.94682617374252942, -11.65280294159513907, 1.303077539139617214 ) ) ;
#2152 = CARTESIAN_POINT ( 'NONE',  ( -104.7692765892687135, -12.75504854508795205, -0.9283818807201814627 ) ) ;
#2153 = ORIENTED_EDGE ( 'NONE', *, *, #1370, .F. ) ;
#2154 = DIRECTION ( 'NONE',  ( 0.000000000000000000, 0.000000000000000000, 1.000000000000000000 ) ) ;
#2155 = CARTESIAN_POINT ( 'NONE',  ( -79.01640980797520797, -21.19204143347720404, 1.012677427913486028 ) ) ;
#2156 = LINE ( 'NONE', #3512, #3272 ) ;
#2157 = CARTESIAN_POINT ( 'NONE',  ( -58.88442867345527532, -12.75306811752528269, 2.021393158886935826 ) ) ;
#2158 = EDGE_LOOP ( 'NONE', ( #2876, #666, #120, #2593 ) ) ;
#2159 = ORIENTED_EDGE ( 'NONE', *, *, #1564, .F. ) ;
#2160 = FACE_OUTER_BOUND ( 'NONE', #442, .T. ) ;
#2161 = CARTESIAN_POINT ( 'NONE',  ( -70.63205628780274026, -23.33582870739626358, 2.686411665917647351 ) ) ;
#2162 = ADVANCED_FACE ( 'NONE', ( #1216 ), #2865, .F. ) ;
#2163 = CARTESIAN_POINT ( 'NONE',  ( -51.03861672953556905, -29.99992229569880564, -0.2284853184112186630 ) ) ;
#2164 = CARTESIAN_POINT ( 'NONE',  ( -84.41189918269522252, 1.658052759396738801E-08, -6.985390358035337144 ) ) ;
#2165 = CARTESIAN_POINT ( 'NONE',  ( -64.13373383806950301, 0.000000000000000000, 4.438131536805670407 ) ) ;
#2166 = ORIENTED_EDGE ( 'NONE', *, *, #1209, .F. ) ;
#2167 = EDGE_CURVE ( 'NONE', #3545, #2705, #144, .T. ) ;
#2168 = CARTESIAN_POINT ( 'NONE',  ( -55.77200069506404390, -8.943260180124145364, 1.483748715504565219 ) ) ;
#2169 = CARTESIAN_POINT ( 'NONE',  ( -64.15000000000000568, -0.5000000000000004441, -8.988875335447660930 ) ) ;
#2170 = CARTESIAN_POINT ( 'NONE',  ( -104.9899999999999949, -2.000000000000000000, 1.835967299967364408 ) ) ;
#2171 = ORIENTED_EDGE ( 'NONE', *, *, #1531, .F. ) ;
#2172 = ADVANCED_FACE ( 'NONE', ( #2585 ), #1852, .F. ) ;
#2173 = CARTESIAN_POINT ( 'NONE',  ( -88.08254640374015310, -17.75979961738105928, 4.465969129075235244 ) ) ;
#2174 = CARTESIAN_POINT ( 'NONE',  ( -67.87704941838734385, -24.70538330032309560, 3.398028032100534279 ) ) ;
#2175 = CARTESIAN_POINT ( 'NONE',  ( -28.64507903106018105, -12.21093181325293031, 1.084004108351548146 ) ) ;
#2176 = CARTESIAN_POINT ( 'NONE',  ( -61.97366676070343061, -10.62470045515076045, 3.904041035623803779 ) ) ;
#2177 = VERTEX_POINT ( 'NONE', #3570 ) ;
#2178 = VERTEX_POINT ( 'NONE', #2889 ) ;
#2179 = CARTESIAN_POINT ( 'NONE',  ( -23.99999999999999645, -15.84999999999999964, -8.500000000000008882 ) ) ;
#2180 = CARTESIAN_POINT ( 'NONE',  ( -84.39570710123810215, -1.000000000000000000, 0.000000000000000000 ) ) ;
#2181 = CARTESIAN_POINT ( 'NONE',  ( -69.87123333816956006, -23.58197426979424094, 2.977335620154333728 ) ) ;
#2182 = CARTESIAN_POINT ( 'NONE',  ( -53.50677438738215130, -29.23775204850655385, 0.2668519275799929313 ) ) ;
#2183 = CARTESIAN_POINT ( 'NONE',  ( -29.75098851159918922, -10.16983477683657888, 0.6959831331831249912 ) ) ;
#2184 = DIRECTION ( 'NONE',  ( -1.000000000000000000, 0.000000000000000000, 0.000000000000000000 ) ) ;
#2185 = VERTEX_POINT ( 'NONE', #1236 ) ;
#2186 = DIRECTION ( 'NONE',  ( -8.163404592832033966E-17, -0.000000000000000000, -1.000000000000000000 ) ) ;
#2187 = B_SPLINE_CURVE_WITH_KNOTS ( 'NONE', 3,
 ( #1480, #2851, #1098, #4209, #2096 ),
 .UNSPECIFIED., .F., .F.,
 ( 4, 1, 4 ),
 ( 0.000000000000000000, 0.0002659338134513658265, 0.0005318676269027316529 ),
 .UNSPECIFIED. ) ;
#2188 = CARTESIAN_POINT ( 'NONE',  ( -69.99000000000000909, 0.000000000000000000, -2.500000000000003109 ) ) ;
#2189 = CARTESIAN_POINT ( 'NONE',  ( -26.09304473006717728, -7.398827494746380573, 2.147470179985171868 ) ) ;
#2190 = ORIENTED_EDGE ( 'NONE', *, *, #1482, .T. ) ;
#2191 = CARTESIAN_POINT ( 'NONE',  ( -104.8861903959412700, -1.521654405527039566, -1.963121726520167698 ) ) ;
#2192 = CARTESIAN_POINT ( 'NONE',  ( -57.73559079336315136, -27.29340807202617114, 2.136771588406964462 ) ) ;
#2193 = CARTESIAN_POINT ( 'NONE',  ( -79.99000000000000909, 1.000000000000000000, -1.500000000000000666 ) ) ;
#2194 = CARTESIAN_POINT ( 'NONE',  ( -61.69872002347361928, -10.52859269281987409, 3.452974824908512819 ) ) ;
#2195 = ORIENTED_EDGE ( 'NONE', *, *, #1282, .T. ) ;
#2196 = ORIENTED_EDGE ( 'NONE', *, *, #4083, .F. ) ;
#2197 = ADVANCED_FACE ( 'NONE', ( #517 ), #3589, .F. ) ;
#2198 = AXIS2_PLACEMENT_3D ( 'NONE', #4337, #2228, #3314 ) ;
#2199 = CARTESIAN_POINT ( 'NONE',  ( -21.50000000000000000, -6.649999999999999467, -8.500000000000008882 ) ) ;
#2200 = CARTESIAN_POINT ( 'NONE',  ( -65.81081323375609315, 0.000000000000000000, 4.497630881310140438 ) ) ;
#2201 = EDGE_CURVE ( 'NONE', #2328, #842, #1066, .T. ) ;
#2202 = CARTESIAN_POINT ( 'NONE',  ( -71.18891799706590007, -23.15567396177748449, 2.493565257202165153 ) ) ;
#2203 = ADVANCED_FACE ( 'NONE', ( #3995 ), #3612, .T. ) ;
#2204 = B_SPLINE_CURVE_WITH_KNOTS ( 'NONE', 3,
 ( #3450, #3139, #375, #4140 ),
 .UNSPECIFIED., .F., .F.,
 ( 4, 4 ),
 ( 0.000000000000000000, 1.000000000000000000 ),
 .UNSPECIFIED. ) ;
#2205 = CARTESIAN_POINT ( 'NONE',  ( -61.85592384907979380, -25.97898010240108135, 3.831774402875556262 ) ) ;
#2206 = CIRCLE ( 'NONE', #1911, 20.50236911868988088 ) ;
#2207 = DIRECTION ( 'NONE',  ( -0.000000000000000000, 1.000000000000000000, 0.000000000000000000 ) ) ;
#2208 = FACE_OUTER_BOUND ( 'NONE', #1816, .T. ) ;
#2209 = CIRCLE ( 'NONE', #2270, 1.000000000000000000 ) ;
#2210 = ORIENTED_EDGE ( 'NONE', *, *, #1205, .F. ) ;
#2211 = FILL_AREA_STYLE ('',( #3217 ) ) ;
#2212 = AXIS2_PLACEMENT_3D ( 'NONE', #1083, #2770, #2120 ) ;
#2213 = CARTESIAN_POINT ( 'NONE',  ( -28.71669710511061169, -7.142587622543892678, 1.681162155636709343 ) ) ;
#2214 = DIRECTION ( 'NONE',  ( -0.000000000000000000, -0.000000000000000000, -1.000000000000000000 ) ) ;
#2215 = VECTOR ( 'NONE', #1712, 999.9999999999998863 ) ;
#2216 = ORIENTED_EDGE ( 'NONE', *, *, #1590, .F. ) ;
#2217 = CARTESIAN_POINT ( 'NONE',  ( -102.7427388606577949, -0.8907505522925479591, -4.480692809644970964 ) ) ;
#2218 = AXIS2_PLACEMENT_3D ( 'NONE', #4025, #950, #2327 ) ;
#2219 = CARTESIAN_POINT ( 'NONE',  ( -100.4132827256848941, -0.7775052370289153858, -5.799857030906565569 ) ) ;
#2220 = CYLINDRICAL_SURFACE ( 'NONE', #1345, 2.750000000000002665 ) ;
#2221 = CARTESIAN_POINT ( 'NONE',  ( -29.69682802813460043, -10.53816223080742454, 0.7140167689015415320 ) ) ;
#2222 = ORIENTED_EDGE ( 'NONE', *, *, #1971, .T. ) ;
#2223 = ORIENTED_EDGE ( 'NONE', *, *, #407, .T. ) ;
#2224 = B_SPLINE_CURVE_WITH_KNOTS ( 'NONE', 3,
 ( #2584, #2252, #3236, #3927, #1235, #832, #3968, #898, #2272, #162, #2528, #854, #2888, #2213, #1532, #3635, #566, #2907, #4257, #876, #1934, #1554, #2233, #4280, #516, #3948, #118, #3611, #1912, #1492, #3548, #2868, #3888, #810 ),
 .UNSPECIFIED., .F., .F.,
 ( 4, 2, 2, 2, 2, 2, 2, 2, 2, 2, 2, 2, 2, 2, 2, 2, 4 ),
 ( 0.02047817617858340225, 0.02113788223910930894, 0.02179758829963521563, 0.02245729436016111885, 0.02311700042068702554, 0.02377670648121292876, 0.02443641254173883198, 0.02509611860226473173, 0.02575582466279063495, 0.02641553072331653471, 0.02707523678384243793, 0.02773494284436833768, 0.02839464890489424090, 0.02905435496542014412, 0.02971406102594604387, 0.03037376708647195056, 0.03103347314699785378 ),
 .UNSPECIFIED. ) ;
#2225 = EDGE_CURVE ( 'NONE', #477, #2645, #1969, .T. ) ;
#2226 = CARTESIAN_POINT ( 'NONE',  ( -29.91421356237312779, -28.99999999999999645, -8.999999999999996447 ) ) ;
#2227 = DIRECTION ( 'NONE',  ( -8.163404592832032733E-17, 0.000000000000000000, -1.000000000000000000 ) ) ;
#2228 = DIRECTION ( 'NONE',  ( -8.163404592832032733E-17, 0.000000000000000000, -1.000000000000000000 ) ) ;
#2229 = EDGE_CURVE ( 'NONE', #2133, #3220, #3252, .T. ) ;
#2230 = CARTESIAN_POINT ( 'NONE',  ( -25.90918992178610480, -7.443905930637217061, 2.691293522287656170 ) ) ;
#2231 = FACE_OUTER_BOUND ( 'NONE', #4196, .T. ) ;
#2232 = VERTEX_POINT ( 'NONE', #3371 ) ;
#2233 = CARTESIAN_POINT ( 'NONE',  ( -26.11685459921496388, -6.922855039226876173, 2.610508373998795761 ) ) ;
#2234 = CARTESIAN_POINT ( 'NONE',  ( -87.67451566768410487, -17.82218547975442746, 4.329548684152602078 ) ) ;
#2235 = ORIENTED_EDGE ( 'NONE', *, *, #2659, .T. ) ;
#2236 = DIRECTION ( 'NONE',  ( -0.6705046089097337347, -0.7390283297998481160, -0.06527401614771274896 ) ) ;
#2237 = CARTESIAN_POINT ( 'NONE',  ( -24.34012054499011057, -9.277313479622034009, 3.021012808674389039 ) ) ;
#2238 = CARTESIAN_POINT ( 'NONE',  ( -57.09563804924736274, -27.49755928990892073, 1.909397406448777534 ) ) ;
#2239 = CARTESIAN_POINT ( 'NONE',  ( -104.9899999999999949, -21.86658731482021167, -5.906877198128785977 ) ) ;
#2240 = CARTESIAN_POINT ( 'NONE',  ( -21.87268450125920438, -22.37268450125919728, 3.737214939337320629 ) ) ;
#2241 = ORIENTED_EDGE ( 'NONE', *, *, #2294, .T. ) ;
#2242 = ORIENTED_EDGE ( 'NONE', *, *, #2336, .T. ) ;
#2243 = CYLINDRICAL_SURFACE ( 'NONE', #1995, 5.000000000000000000 ) ;
#2244 = CARTESIAN_POINT ( 'NONE',  ( -26.99999999999999645, -10.00000000000000000, -8.999999999999996447 ) ) ;
#2245 = CARTESIAN_POINT ( 'NONE',  ( -29.81233748111462489, -29.39961942249526672, 1.342749616890342335 ) ) ;
#2246 = CARTESIAN_POINT ( 'NONE',  ( -25.19502722879984802, -7.917741646389158561, 2.579845471899086640 ) ) ;
#2247 = CARTESIAN_POINT ( 'NONE',  ( -21.49999999999999289, -21.99999999999997868, 6.000000000000010658 ) ) ;
#2248 = ORIENTED_EDGE ( 'NONE', *, *, #3315, .T. ) ;
#2249 = DIRECTION ( 'NONE',  ( 0.000000000000000000, 0.000000000000000000, -1.000000000000000000 ) ) ;
#2250 = CARTESIAN_POINT ( 'NONE',  ( -60.20073434038596361, -7.058284051337230913, 3.102225117436220092 ) ) ;
#2251 = VECTOR ( 'NONE', #355, 1000.000000000000000 ) ;
#2252 = CARTESIAN_POINT ( 'NONE',  ( -30.36573833849675452, -10.41998610196660024, 1.183135866199659381 ) ) ;
#2253 = CARTESIAN_POINT ( 'NONE',  ( -65.81081323375609315, -0.5047271171895392206, 5.000000000000009770 ) ) ;
#2254 = VERTEX_POINT ( 'NONE', #4393 ) ;
#2255 = CARTESIAN_POINT ( 'NONE',  ( -104.3977044922013704, -0.9712058576665674181, -1.854231918352426955 ) ) ;
#2256 = LINE ( 'NONE', #1917, #3397 ) ;
#2257 = CARTESIAN_POINT ( 'NONE',  ( -54.83247501787625566, -28.21953287776596042, 1.205941620074157727 ) ) ;
#2258 = CARTESIAN_POINT ( 'NONE',  ( -66.19294948573443094, -24.74287486262793223, 4.929247520588295295 ) ) ;
#2259 = LINE ( 'NONE', #1222, #1715 ) ;
#2260 = EDGE_LOOP ( 'NONE', ( #1848, #4325, #3400, #3613 ) ) ;
#2261 = ORIENTED_EDGE ( 'NONE', *, *, #3729, .T. ) ;
#2262 = CARTESIAN_POINT ( 'NONE',  ( -84.45696632326962572, -0.5005897968646046969, -7.482820745968770559 ) ) ;
#2263 = CARTESIAN_POINT ( 'NONE',  ( -50.98096127518919474, -29.44820300218995968, 0.2953201192830365307 ) ) ;
#2264 = CARTESIAN_POINT ( 'NONE',  ( -101.6894829387213690, -13.42576433191487872, -5.779835980901283143 ) ) ;
#2265 = AXIS2_PLACEMENT_3D ( 'NONE', #339, #702, #2726 ) ;
#2266 = CARTESIAN_POINT ( 'NONE',  ( -30.36040540256782805, -9.540941244989785019, 1.184634751615259995 ) ) ;
#2267 = CARTESIAN_POINT ( 'NONE',  ( -58.01850223405447338, -12.58111492114534435, 2.238633003385479547 ) ) ;
#2268 = ORIENTED_EDGE ( 'NONE', *, *, #1610, .F. ) ;
#2269 = CARTESIAN_POINT ( 'NONE',  ( -84.44426424301110501, -0.001179593729265939568, 2.229905215808757113 ) ) ;
#2270 = AXIS2_PLACEMENT_3D ( 'NONE', #2551, #1876, #3262 ) ;
#2271 = EDGE_CURVE ( 'NONE', #2320, #1803, #4314, .T. ) ;
#2272 = CARTESIAN_POINT ( 'NONE',  ( -29.92834081954706349, -8.316016348154159132, 1.308474816423479181 ) ) ;
#2273 = DIRECTION ( 'NONE',  ( 0.2602710479378382846, 0.6593541428764640999, 0.7053446645980834262 ) ) ;
#2274 = EDGE_LOOP ( 'NONE', ( #141, #1337, #991, #3328 ) ) ;
#2275 = PLANE ( 'NONE',  #2425 ) ;
#2276 = VECTOR ( 'NONE', #366, 1000.000000000000000 ) ;
#2277 = ADVANCED_FACE ( 'NONE', ( #1720 ), #3568, .T. ) ;
#2278 = EDGE_CURVE ( 'NONE', #4074, #1606, #4144, .T. ) ;
#2279 = DIRECTION ( 'NONE',  ( -0.000000000000000000, -1.000000000000000000, -0.000000000000000000 ) ) ;
#2280 = CARTESIAN_POINT ( 'NONE',  ( -26.99999999999999645, -10.00000000000000000, -2.000000000000000000 ) ) ;
#2281 = CIRCLE ( 'NONE', #2435, 45.51523517093628612 ) ;
#2282 = CARTESIAN_POINT ( 'NONE',  ( -29.91421356237312423, -28.99999999999999645, 1.383810360854198302E-14 ) ) ;
#2283 = AXIS2_PLACEMENT_3D ( 'NONE', #593, #1604, #2979 ) ;
#2284 = CARTESIAN_POINT ( 'NONE',  ( -29.72878669534978258, -29.33231713169002930, 1.367514725165830836 ) ) ;
#2285 = ORIENTED_EDGE ( 'NONE', *, *, #1738, .F. ) ;
#2286 = ORIENTED_EDGE ( 'NONE', *, *, #3868, .F. ) ;
#2287 = AXIS2_PLACEMENT_3D ( 'NONE', #2567, #2547, #4324 ) ;
#2288 = DIRECTION ( 'NONE',  ( 0.9813527358085878394, 0.1922155246617718583, 0.000000000000000000 ) ) ;
#2289 = CARTESIAN_POINT ( 'NONE',  ( -102.6932524404071216, -1.426264695618382428, -5.134618469814157038 ) ) ;
#2290 = ORIENTED_EDGE ( 'NONE', *, *, #4243, .T. ) ;
#2291 = CARTESIAN_POINT ( 'NONE',  ( -29.56066017177985827, -29.35355339059326951, -8.999999999999996447 ) ) ;
#2292 = CARTESIAN_POINT ( 'NONE',  ( -28.76260014996226388, -7.881278760197520050, 1.040789107863432372 ) ) ;
#2293 = B_SPLINE_SURFACE_WITH_KNOTS ( 'NONE', 1, 3, ( 
 ( #3800, #747, #1719, #2050 ),
 ( #728, #704, #3413, #341 ) ),
 .UNSPECIFIED., .F., .F., .F.,
 ( 2, 2 ),
 ( 4, 4 ),
 ( 0.000000000000000000, 1.000000000000000000 ),
 ( 1.919267041141836438, 2.109211216412645307 ),
 .UNSPECIFIED. ) ;
#2294 = EDGE_CURVE ( 'NONE', #36, #2530, #151, .T. ) ;
#2295 = ORIENTED_EDGE ( 'NONE', *, *, #3787, .F. ) ;
#2296 = CARTESIAN_POINT ( 'NONE',  ( -23.99999999999999289, -15.84999999999999964, -1.999999999999995337 ) ) ;
#2297 = CARTESIAN_POINT ( 'NONE',  ( -57.80787815023493437, -6.908043014082228872, 2.162280566183431674 ) ) ;
#2298 = CARTESIAN_POINT ( 'NONE',  ( -84.24821675665587861, -0.5053113379763808366, 2.702079942434841620 ) ) ;
#2299 = CARTESIAN_POINT ( 'NONE',  ( -23.99999999999999645, -6.649999999999999467, -8.999999999999996447 ) ) ;
#2300 = ORIENTED_EDGE ( 'NONE', *, *, #4188, .T. ) ;
#2301 = CARTESIAN_POINT ( 'NONE',  ( -62.01585893902050373, -10.40689560896417198, 3.924220119823575548 ) ) ;
#2302 = CARTESIAN_POINT ( 'NONE',  ( -24.88491284163943718, -8.229678224760947458, 3.114582610438887400 ) ) ;
#2303 = CARTESIAN_POINT ( 'NONE',  ( -60.88424277150222963, -12.00990046119950350, 3.006065313790407867 ) ) ;
#2304 = CARTESIAN_POINT ( 'NONE',  ( -103.9057935814725084, -13.34195749749475546, -2.753649646892893710 ) ) ;
#2305 = EDGE_CURVE ( 'NONE', #1990, #2826, #2994, .T. ) ;
#2306 = CARTESIAN_POINT ( 'NONE',  ( -87.95662649225438656, -0.1719312830459059083, 3.898253459400116139 ) ) ;
#2307 = ORIENTED_EDGE ( 'NONE', *, *, #326, .F. ) ;
#2308 = ORIENTED_EDGE ( 'NONE', *, *, #1966, .F. ) ;
#2309 = CARTESIAN_POINT ( 'NONE',  ( -102.4355381593809682, -0.8758161477579424758, -4.691979387968045145 ) ) ;
#2310 = CARTESIAN_POINT ( 'NONE',  ( -61.97366676070343061, -10.62470045515076045, 3.904041035623806444 ) ) ;
#2311 = ORIENTED_EDGE ( 'NONE', *, *, #3580, .F. ) ;
#2312 = CYLINDRICAL_SURFACE ( 'NONE', #827, 2.749999999999999112 ) ;
#2313 = CARTESIAN_POINT ( 'NONE',  ( -28.15535679980762751, -7.498193962518539202, 1.269650595879048494 ) ) ;
#2314 = ORIENTED_EDGE ( 'NONE', *, *, #3259, .T. ) ;
#2315 = CARTESIAN_POINT ( 'NONE',  ( -102.4338682849278115, -13.80620109751812485, -4.396960764953208312 ) ) ;
#2316 = CARTESIAN_POINT ( 'NONE',  ( -58.61677633172524082, -6.729418831670685108, 2.460677418064250332 ) ) ;
#2317 = B_SPLINE_CURVE_WITH_KNOTS ( 'NONE', 3,
 ( #1058, #3772, #701, #4148, #2075, #4416, #726, #47, #69, #1739, #2767, #2790, #1081, #2457, #3478, #1779, #3149, #653, #312, #3388, #4082, #2698, #3386, #335, #1373, #1056, #3105, #983, #363, #4104, #2434, #1686, #1322, #2674, #2097, #4033, #3771, #3720, #3437, #3084, #699, #1736, #1713, #2363, #2723, #4056, #3053, #3747, #2, #626, #960, #381, #2071, #2409, #1005, #23, #2743, #651, #1393, #2021, #2337, #3695, #2766, #1999, #2047, #1030, #3364, #725, #4413, #4124, #3797, #3456, #310, #2386, #1755, #1349, #3125, #1300, #288, #674, #1662, #3409, #3031, #3518, #1798, #68, #1443, #3146, #2476, #1506, #4165, #1822, #1778, #3188, #3169, #1144, #4232, #447, #3858, #2812, #3476, #90, #1418, #2498, #426, #4147, #1118, #1100, #3837, #3498, #2879, #2539, #763, #2137, #804, #1164, #2456, #110, #1462, #3880, #3541, #3899, #1483, #787, #2831, #402, #825, #2202, #2519, #2161, #2853, #467, #4211, #4185, #3561, #2181, #1842, #3208, #1080, #133, #489, #1863, #45, #2788, #3817, #743 ),
 .UNSPECIFIED., .F., .F.,
 ( 4, 2, 1, 1, 2, 2, 2, 1, 1, 2, 2, 2, 1, 1, 2, 2, 2, 1, 1, 1, 2, 2, 2, 1, 1, 1, 2, 2, 2, 1, 1, 1, 1, 2, 2, 2, 2, 1, 1, 1, 1, 2, 2, 2, 1, 1, 1, 1, 1, 2, 2, 2, 2, 1, 1, 1, 1, 2, 2, 2, 2, 1, 1, 1, 2, 2, 2, 1, 1, 1, 1, 2, 2, 2, 1, 1, 1, 2, 2, 2, 1, 1, 1, 2, 2, 2, 1, 1, 2, 2, 2, 1, 1, 2, 2, 4 ),
 ( 0.000000000000000000, 0.03124999999911659554, 0.04687499999867480310, 0.05468749999845323034, 0.05859374999834326275, 0.06249999999823330210, 0.09374999999735425527, 0.1093749999969147318, 0.1171874999966949632, 0.1210937499965843017, 0.1249999999964736264, 0.1562499999955896668, 0.1718749999951485474, 0.1796874999949280016, 0.1835937499948185614, 0.1874999999947091489, 0.2187499999938336548, 0.2343749999933959771, 0.2421874999931763472, 0.2460937499930665184, 0.2480468749930123951, 0.2499999999929582994, 0.2812499999920956006, 0.2968749999916634463, 0.3046874999914473969, 0.3085937499913394833, 0.3105468749912847493, 0.3124999999912299598, 0.3437499999903335102, 0.3593749999898853686, 0.3671874999896613256, 0.3710937499895501368, 0.3730468749894938485, 0.3740234374894656488, 0.3749999999894375047, 0.4062499999884940372, 0.4218749999880231361, 0.4296874999877877133, 0.4335937499876698631, 0.4355468749876110213, 0.4365234374875823220, 0.4370117187375680001, 0.4374999999875536227, 0.4531249999870709533, 0.4609374999868287026, 0.4648437499867075218, 0.4667968749866462930, 0.4677734374866155398, 0.4682617187366001632, 0.4685058593615917255, 0.4687499999865833433, 0.4843749999860952893, 0.4921874999858513733, 0.4960937499857277500, 0.4980468749856629129, 0.4990234374856299948, 0.4995117187356143407, 0.4997558593606204469, 0.4999999999856266086, 0.5312499999865966105, 0.5468749999870824441, 0.5546874999873254719, 0.5585937499874470413, 0.5605468749875076595, 0.5615234374875381906, 0.5624999999875686107, 0.5937499999884994217, 0.6093749999889648272, 0.6171874999891966418, 0.6210937499893135483, 0.6230468749893709468, 0.6240234374893998126, 0.6249999999894285674, 0.6562499999903378400, 0.6718749999907916992, 0.6796874999910195170, 0.6835937499911325377, 0.6855468749911889370, 0.6874999999912454474, 0.7187499999921406202, 0.7343749999925881511, 0.7421874999928110839, 0.7460937499929235495, 0.7480468749929788386, 0.7499999999930342387, 0.7812499999938992135, 0.7968749999943308682, 0.8046874999945468065, 0.8085937499946548312, 0.8124999999947627449, 0.8437499999956310504, 0.8593749999960651476, 0.8671874999962821962, 0.8710937499963907760, 0.8749999999964992448, 1.000000000000000000 ),
 .UNSPECIFIED. ) ;
#2318 = CARTESIAN_POINT ( 'NONE',  ( -60.94279277853789978, -12.44873228152042977, 3.426587742528184766 ) ) ;
#2319 = CARTESIAN_POINT ( 'NONE',  ( -56.30144975595198531, -9.470541238292881303, 0.9728454947404479025 ) ) ;
#2320 = VERTEX_POINT ( 'NONE', #1646 ) ;
#2321 = VECTOR ( 'NONE', #61, 1000.000000000000000 ) ;
#2322 = CARTESIAN_POINT ( 'NONE',  ( -84.22475699408138894, -0.5047271171895393316, 2.693573658520017400 ) ) ;
#2323 = CARTESIAN_POINT ( 'NONE',  ( -87.67451566768411908, -17.82218547975474721, 4.329548684152612736 ) ) ;
#2324 = CARTESIAN_POINT ( 'NONE',  ( -57.14156375441642410, -12.03427374162624197, 1.287350959001524631 ) ) ;
#2325 = VECTOR ( 'NONE', #2346, 1000.000000000000000 ) ;
#2326 = CARTESIAN_POINT ( 'NONE',  ( -104.9899999999999949, -12.99999999999999645, 11.00000000000001066 ) ) ;
#2327 = DIRECTION ( 'NONE',  ( 7.093091546216276758E-15, 0.000000000000000000, 1.000000000000000000 ) ) ;
#2328 = VERTEX_POINT ( 'NONE', #4369 ) ;
#2329 = ORIENTED_EDGE ( 'NONE', *, *, #238, .F. ) ;
#2330 = B_SPLINE_CURVE_WITH_KNOTS ( 'NONE', 3,
 ( #2221, #1877, #1179, #2711, #4095, #302, #664, #1726, #2756, #1700, #1675, #4377, #351, #3043, #616, #3068, #1020, #714, #4400, #3710, #1335, #4072, #996, #2376, #3736, #2084, #2035, #255, #3399, #1312, #3762, #4427, #13, #642 ),
 .UNSPECIFIED., .F., .F.,
 ( 4, 2, 2, 2, 2, 2, 2, 2, 2, 2, 2, 2, 2, 2, 2, 2, 4 ),
 ( 0.0005410723849593975562, 0.001074599756738047309, 0.001608127128516697061, 0.002141654500295346597, 0.002675181872073996783, 0.003208709243852646102, 0.003742236615631296288, 0.004275763987409945607, 0.004809291359188595794, 0.005342818730967245980, 0.005876346102745895299, 0.006409873474524544618, 0.006943400846303194804, 0.007476928218081844990, 0.008010455589860493442, 0.008543982961639143628, 0.009077510333417793814 ),
 .UNSPECIFIED. ) ;
#2331 = CARTESIAN_POINT ( 'NONE',  ( -24.25447151604586082, -9.818791489802920935, 3.066824568557847908 ) ) ;
#2332 = CARTESIAN_POINT ( 'NONE',  ( -25.93761101810704517, -12.56755998013028375, 2.680009021879626641 ) ) ;
#2333 = ADVANCED_FACE ( 'NONE', ( #1103 ), #3483, .F. ) ;
#2334 = CARTESIAN_POINT ( 'NONE',  ( -29.25529727398656377, -29.75293467414713078, 0.8669302470325899179 ) ) ;
#2335 = CARTESIAN_POINT ( 'NONE',  ( -88.26213935136537714, -0.6902788753476796213, 4.468467025560255657 ) ) ;
#2336 = EDGE_CURVE ( 'NONE', #1647, #93, #2092, .T. ) ;
#2337 = CARTESIAN_POINT ( 'NONE',  ( -78.40936088398987636, -20.81968697832468962, 1.524523325614234759 ) ) ;
#2338 = ORIENTED_EDGE ( 'NONE', *, *, #766, .F. ) ;
#2339 = PLANE ( 'NONE',  #333 ) ;
#2340 = CARTESIAN_POINT ( 'NONE',  ( -61.67601051867747941, -8.494447722920591914, 3.762906298297729268 ) ) ;
#2341 = AXIS2_PLACEMENT_3D ( 'NONE', #48, #5, #1395 ) ;
#2342 = CARTESIAN_POINT ( 'NONE',  ( -55.96245135300687679, -11.50522616133607912, 1.542708773217379425 ) ) ;
#2343 = CARTESIAN_POINT ( 'NONE',  ( -58.95355624545869233, -7.245632119433930818, 2.052924418834499054 ) ) ;
#2344 = ORIENTED_EDGE ( 'NONE', *, *, #3610, .T. ) ;
#2345 = DIRECTION ( 'NONE',  ( 0.9496057016700027997, -0.2995045812317263523, 0.09244467089578574381 ) ) ;
#2346 = DIRECTION ( 'NONE',  ( -0.000000000000000000, 1.000000000000000000, -0.000000000000000000 ) ) ;
#2347 = PLANE ( 'NONE',  #100 ) ;
#2348 = LINE ( 'NONE', #1962, #2927 ) ;
#2349 = CARTESIAN_POINT ( 'NONE',  ( -64.31486466075375574, -25.26421178938653256, 5.000000000000013323 ) ) ;
#2350 = VECTOR ( 'NONE', #1325, 1000.000000000000000 ) ;
#2351 = ORIENTED_EDGE ( 'NONE', *, *, #3078, .T. ) ;
#2352 = ORIENTED_EDGE ( 'NONE', *, *, #358, .T. ) ;
#2353 = VECTOR ( 'NONE', #533, 1000.000000000000114 ) ;
#2354 = LINE ( 'NONE', #975, #4311 ) ;
#2355 = DIRECTION ( 'NONE',  ( -0.000000000000000000, -0.000000000000000000, 1.000000000000000000 ) ) ;
#2356 = CARTESIAN_POINT ( 'NONE',  ( -56.38709628212122738, -10.87747250268243882, 1.673052602394835775 ) ) ;
#2357 = ORIENTED_EDGE ( 'NONE', *, *, #3506, .F. ) ;
#2358 = EDGE_CURVE ( 'NONE', #3096, #1150, #1398, .T. ) ;
#2359 = AXIS2_PLACEMENT_3D ( 'NONE', #2431, #1996, #2406 ) ;
#2360 = PLANE ( 'NONE',  #3427 ) ;
#2361 = B_SPLINE_CURVE_WITH_KNOTS ( 'NONE', 3,
 ( #2768, #3057, #3367, #3773, #2076, #987, #3127, #26, #2791, #1758, #3726, #1376, #4106, #384, #4149, #2411, #4390, #313, #1717, #4127, #2049, #1353, #1082, #3087, #654, #2024 ),
 .UNSPECIFIED., .F., .F.,
 ( 4, 2, 2, 2, 2, 1, 2, 2, 2, 1, 1, 1, 2, 2, 4 ),
 ( 0.000000000000000000, 0.1250000000000129063, 0.1875000000000152101, 0.2500000000000175415, 0.3750000000000416334, 0.4375000000000479616, 0.4687500000000511258, 0.5000000000000542899, 0.6250000000000840439, 0.6875000000001008083, 0.7187500000001106892, 0.7343750000001215694, 0.7421875000001314504, 0.7500000000001414424, 1.000000000000000000 ),
 .UNSPECIFIED. ) ;
#2362 = CARTESIAN_POINT ( 'NONE',  ( -100.4709947216695696, -1.279103574132490762, -6.295149452210881513 ) ) ;
#2363 = CARTESIAN_POINT ( 'NONE',  ( -80.92727433842516405, -20.00508188844649737, 1.808915063135757784 ) ) ;
#2364 = ADVANCED_FACE ( 'NONE', ( #72 ), #2460, .F. ) ;
#2365 = ORIENTED_EDGE ( 'NONE', *, *, #2624, .T. ) ;
#2366 = EDGE_CURVE ( 'NONE', #393, #1790, #916, .T. ) ;
#2367 = CARTESIAN_POINT ( 'NONE',  ( -25.67840026196872216, -25.23555568557491569, 2.785701097466914522 ) ) ;
#2368 = CARTESIAN_POINT ( 'NONE',  ( -29.91421356237312779, -30.00000000000000000, -8.499999999999994671 ) ) ;
#2369 = CARTESIAN_POINT ( 'NONE',  ( -55.78960877979402966, -11.10703161834283392, 1.489155847435166935 ) ) ;
#2370 = CARTESIAN_POINT ( 'NONE',  ( -58.63075732128770312, -7.270099033289437074, 1.907609625290354716 ) ) ;
#2371 = VERTEX_POINT ( 'NONE', #1802 ) ;
#2372 = DIRECTION ( 'NONE',  ( 0.000000000000000000, 0.000000000000000000, 1.000000000000000000 ) ) ;
#2373 = LINE ( 'NONE', #320, #4052 ) ;
#2374 = CARTESIAN_POINT ( 'NONE',  ( -56.90267909404864355, -11.78698068042947966, 1.195300990986182255 ) ) ;
#2375 = CYLINDRICAL_SURFACE ( 'NONE', #1920, 45.00000000000000711 ) ;
#2376 = CARTESIAN_POINT ( 'NONE',  ( -25.23820268798648669, -12.11792231512427165, 2.558317156517184277 ) ) ;
#2377 = VERTEX_POINT ( 'NONE', #2815 ) ;
#2378 = ORIENTED_EDGE ( 'NONE', *, *, #2940, .T. ) ;
#2379 = DIRECTION ( 'NONE',  ( -0.000000000000000000, -1.000000000000000000, -0.000000000000000000 ) ) ;
#2380 = CARTESIAN_POINT ( 'NONE',  ( -23.95543958130999584, -9.799987971644247509, 3.525071715680188955 ) ) ;
#2381 =( BOUNDED_CURVE ( )  B_SPLINE_CURVE ( 3, ( #3947, #875, #1303, #1257 ),
 .UNSPECIFIED., .F., .F. ) 
 B_SPLINE_CURVE_WITH_KNOTS ( ( 4, 4 ),
 ( 4.712388980384689674, 6.283185307179585344 ),
 .UNSPECIFIED. ) 
 CURVE ( )  GEOMETRIC_REPRESENTATION_ITEM ( )  RATIONAL_B_SPLINE_CURVE ( ( 1.000000000000000000, 0.8047378541243649375, 0.8047378541243649375, 1.000000000000000000 ) ) 
 REPRESENTATION_ITEM ( '' )  );
#2382 = CARTESIAN_POINT ( 'NONE',  ( -87.82159691998256790, -0.6796242658556870264, 4.406916260219573722 ) ) ;
#2383 = EDGE_LOOP ( 'NONE', ( #2300, #3474, #2235, #2171 ) ) ;
#2384 = CARTESIAN_POINT ( 'NONE',  ( -104.9899999999999949, -12.00000000000000000, 1.835967299967364408 ) ) ;
#2385 = CARTESIAN_POINT ( 'NONE',  ( -29.74105457792614615, -10.27101764161243480, 0.6992798955962852281 ) ) ;
#2386 = CARTESIAN_POINT ( 'NONE',  ( -77.65762594449222433, -21.06289092780864181, 1.501423489107075904 ) ) ;
#2387 = ORIENTED_EDGE ( 'NONE', *, *, #3020, .T. ) ;
#2388 = CARTESIAN_POINT ( 'NONE',  ( -22.80887285473753678, -22.33317598984909935, 4.058175872222569147 ) ) ;
#2389 = CARTESIAN_POINT ( 'NONE',  ( -88.00186818081446916, -0.1741306845315722107, 3.925292691625480224 ) ) ;
#2390 = CYLINDRICAL_SURFACE ( 'NONE', #627, 2.500000000000000000 ) ;
#2391 = CARTESIAN_POINT ( 'NONE',  ( -58.14954799919554063, -7.379659108988406047, 1.698230508185787579 ) ) ;
#2392 = EDGE_CURVE ( 'NONE', #563, #3348, #2520, .T. ) ;
#2393 = EDGE_LOOP ( 'NONE', ( #1893, #4289 ) ) ;
#2394 = CARTESIAN_POINT ( 'NONE',  ( -60.37981663171318303, -7.151140156536896164, 3.179080148616710844 ) ) ;
#2395 = CARTESIAN_POINT ( 'NONE',  ( -104.9899999999999949, -1.526169976973967835, 2.840000000000012736 ) ) ;
#2396 = CARTESIAN_POINT ( 'NONE',  ( -104.9899999999999949, -12.45997490247410155, 2.840000000000012736 ) ) ;
#2397 = CARTESIAN_POINT ( 'NONE',  ( -104.1572888817042326, -13.26263615975931742, -2.114443347668088169 ) ) ;
#2398 = CARTESIAN_POINT ( 'NONE',  ( -64.29926439942920524, -25.83381271261045597, 4.426803816893065679 ) ) ;
#2399 = EDGE_LOOP ( 'NONE', ( #4428, #245, #4143, #241 ) ) ;
#2400 = CARTESIAN_POINT ( 'NONE',  ( -88.12827398005813961, -17.75280766416420875, 4.471026118407901428 ) ) ;
#2401 = VECTOR ( 'NONE', #2063, 1000.000000000000114 ) ;
#2402 = FACE_BOUND ( 'NONE', #3711, .T. ) ;
#2403 = DIRECTION ( 'NONE',  ( 0.000000000000000000, 0.000000000000000000, 1.000000000000000000 ) ) ;
#2404 = CARTESIAN_POINT ( 'NONE',  ( -55.72512289495194437, -10.90773342164150783, 1.469438058660699431 ) ) ;
#2405 = ORIENTED_EDGE ( 'NONE', *, *, #1346, .T. ) ;
#2406 = DIRECTION ( 'NONE',  ( 0.000000000000000000, 0.000000000000000000, -1.000000000000000000 ) ) ;
#2407 = UNCERTAINTY_MEASURE_WITH_UNIT (LENGTH_MEASURE( 1.000000000000000082E-05 ), #2454, 'distance_accuracy_value', 'NONE');
#2408 = DIRECTION ( 'NONE',  ( -1.000000000000000000, 0.000000000000000000, 0.000000000000000000 ) ) ;
#2409 = CARTESIAN_POINT ( 'NONE',  ( -79.55199599494183360, -20.45001646503337867, 1.613055338419485008 ) ) ;
#2410 = DIRECTION ( 'NONE',  ( 0.000000000000000000, 0.000000000000000000, 1.000000000000000000 ) ) ;
#2411 = CARTESIAN_POINT ( 'NONE',  ( -29.58792976456485135, -29.94582986076989073, 0.8208213461865685456 ) ) ;
#2412 = PLANE ( 'NONE',  #2212 ) ;
#2413 = CARTESIAN_POINT ( 'NONE',  ( -84.96519856249861391, -2.000000000000000000, -1.066874950121532439 ) ) ;
#2414 = ORIENTED_EDGE ( 'NONE', *, *, #3937, .F. ) ;
#2415 = AXIS2_PLACEMENT_3D ( 'NONE', #3439, #1689, #1421 ) ;
#2416 = EDGE_CURVE ( 'NONE', #3638, #1268, #3503, .T. ) ;
#2417 = CARTESIAN_POINT ( 'NONE',  ( -59.62602282436758827, -6.847262814560957978, 2.861924706016104381 ) ) ;
#2418 = DIRECTION ( 'NONE',  ( -0.000000000000000000, 1.000000000000000000, -0.000000000000000000 ) ) ;
#2419 = DIRECTION ( 'NONE',  ( 0.000000000000000000, -1.000000000000000000, -0.000000000000000000 ) ) ;
#2420 = CARTESIAN_POINT ( 'NONE',  ( -30.21705573961243729, -11.05990446332928734, 1.225197261717225761 ) ) ;
#2421 = CARTESIAN_POINT ( 'NONE',  ( -55.79461326151614742, -28.51617021436410226, 0.6576328243846838451 ) ) ;
#2422 = ORIENTED_EDGE ( 'NONE', *, *, #890, .F. ) ;
#2423 = EDGE_CURVE ( 'NONE', #443, #1293, #696, .T. ) ;
#2424 = CARTESIAN_POINT ( 'NONE',  ( -64.00000000000000000, -15.35000000000001208, -8.999999999999992895 ) ) ;
#2425 = AXIS2_PLACEMENT_3D ( 'NONE', #4019, #3374, #2345 ) ;
#2426 = CARTESIAN_POINT ( 'NONE',  ( -102.6932524404071216, -13.12550228396373164, -5.134618469814157038 ) ) ;
#2427 = LINE ( 'NONE', #260, #3779 ) ;
#2428 = CIRCLE ( 'NONE', #4415, 1.000000000000000000 ) ;
#2429 = CARTESIAN_POINT ( 'NONE',  ( -57.26473948737716313, -12.14654122575779560, 1.969442593857151591 ) ) ;
#2430 = ORIENTED_EDGE ( 'NONE', *, *, #3457, .F. ) ;
#2431 = CARTESIAN_POINT ( 'NONE',  ( -99.98999999999999488, 1.000000000000000000, -1.999999999999995781 ) ) ;
#2432 = AXIS2_PLACEMENT_3D ( 'NONE', #3142, #2469, #3492 ) ;
#2433 = CARTESIAN_POINT ( 'NONE',  ( -103.6663551756684427, -1.468593285056175590, -4.317338111146145962 ) ) ;
#2434 = CARTESIAN_POINT ( 'NONE',  ( -82.61274381892721408, -19.45979094141893029, 2.186102705787962730 ) ) ;
#2435 = AXIS2_PLACEMENT_3D ( 'NONE', #603, #1973, #4103 ) ;
#2436 = CARTESIAN_POINT ( 'NONE',  ( -27.65434154677838308, -27.23412274294794244, 2.039648171960647627 ) ) ;
#2437 = FACE_OUTER_BOUND ( 'NONE', #2777, .T. ) ;
#2438 = VECTOR ( 'NONE', #1598, 1000.000000000000000 ) ;
#2439 = DIRECTION ( 'NONE',  ( 1.000000000000000000, 0.000000000000000000, -8.163404592832032733E-17 ) ) ;
#2440 = CARTESIAN_POINT ( 'NONE',  ( -104.9899999999999949, -30.00000000000000000, 2.840000000000012736 ) ) ;
#2441 = B_SPLINE_CURVE_WITH_KNOTS ( 'NONE', 1,
 ( #28, #2505 ),
 .UNSPECIFIED., .F., .F.,
 ( 2, 2 ),
 ( 0.000000000000000000, 1.000000000000000000 ),
 .UNSPECIFIED. ) ;
#2442 = ORIENTED_EDGE ( 'NONE', *, *, #1814, .F. ) ;
#2443 = CARTESIAN_POINT ( 'NONE',  ( -58.13852592681017484, -7.382488007726546009, 1.693511203747292138 ) ) ;
#2444 = CARTESIAN_POINT ( 'NONE',  ( -103.3567128663257364, -12.95295122052547043, -4.626501168169177447 ) ) ;
#2445 = PLANE ( 'NONE',  #1640 ) ;
#2446 = VERTEX_POINT ( 'NONE', #748 ) ;
#2447 = CARTESIAN_POINT ( 'NONE',  ( -66.28704315054987717, -24.72849812537725001, 4.880674288346645184 ) ) ;
#2448 = B_SPLINE_SURFACE_WITH_KNOTS ( 'NONE', 1, 3, ( 
 ( #558, #2581, #1210, #889 ),
 ( #1637, #2264, #2986, #937 ) ),
 .UNSPECIFIED., .F., .F., .F.,
 ( 2, 2 ),
 ( 4, 4 ),
 ( 0.000000000000000000, 1.000000000000000000 ),
 ( 0.9995861669683236972, 1.210108865983850590 ),
 .UNSPECIFIED. ) ;
#2449 = CARTESIAN_POINT ( 'NONE',  ( -78.05420648551387330, -21.49551929028319819, 0.9677860660855250874 ) ) ;
#2450 = ADVANCED_FACE ( 'NONE', ( #51 ), #3462, .T. ) ;
#2451 = CARTESIAN_POINT ( 'NONE',  ( -28.89576974299649947, -12.00438846493043954, 1.622205887137835312 ) ) ;
#2452 = CARTESIAN_POINT ( 'NONE',  ( -58.47774710705312629, -13.23818999136878283, 2.409528221691616512 ) ) ;
#2453 = ORIENTED_EDGE ( 'NONE', *, *, #562, .T. ) ;
#2454 =( LENGTH_UNIT ( ) NAMED_UNIT ( * ) SI_UNIT ( .MILLI., .METRE. ) );
#2455 = DIRECTION ( 'NONE',  ( 0.000000000000000000, 0.000000000000000000, 1.000000000000000000 ) ) ;
#2456 = CARTESIAN_POINT ( 'NONE',  ( -72.80059492251454856, -22.63425602076919674, 2.040541469555283705 ) ) ;
#2457 = CARTESIAN_POINT ( 'NONE',  ( -85.36139107704224216, -18.57053756657313670, 3.144492496336343201 ) ) ;
#2458 = CARTESIAN_POINT ( 'NONE',  ( -28.49999999999999645, -10.00000000000000000, 8.000000000000005329 ) ) ;
#2459 = CARTESIAN_POINT ( 'NONE',  ( -28.49999999999999645, -10.00000000000000000, -2.000000000000000000 ) ) ;
#2460 = PLANE ( 'NONE',  #1136 ) ;
#2461 = VERTEX_POINT ( 'NONE', #3172 ) ;
#2462 = CARTESIAN_POINT ( 'NONE',  ( -57.24424947928462615, -7.158922031515900564, 1.963556894095566996 ) ) ;
#2463 = CARTESIAN_POINT ( 'NONE',  ( -24.78124146584000442, -12.18369245825435776, 3.159786596699031502 ) ) ;
#2464 = CARTESIAN_POINT ( 'NONE',  ( -99.55725644540207497, -14.71348628006564496, -5.861662529731708204 ) ) ;
#2465 = ORIENTED_EDGE ( 'NONE', *, *, #297, .T. ) ;
#2466 = CARTESIAN_POINT ( 'NONE',  ( -77.41899999999999693, 0.000000000000000000, 21.50000000000000711 ) ) ;
#2467 = CARTESIAN_POINT ( 'NONE',  ( -83.41603679579942821, -19.19990609567497586, 2.397302455315792891 ) ) ;
#2468 = CARTESIAN_POINT ( 'NONE',  ( -29.56552149072818381, -12.17861713747833363, 1.416120362765617591 ) ) ;
#2469 = DIRECTION ( 'NONE',  ( -8.163404592832032733E-17, 0.000000000000000000, -1.000000000000000000 ) ) ;
#2470 = ORIENTED_EDGE ( 'NONE', *, *, #2597, .F. ) ;
#2471 = ORIENTED_EDGE ( 'NONE', *, *, #2604, .F. ) ;
#2472 = ADVANCED_FACE ( 'NONE', ( #2795 ), #1714, .T. ) ;
#2473 = CONICAL_SURFACE ( 'NONE', #522, 20.00000000000000000, 0.7830567841858460110 ) ;
#2474 = CARTESIAN_POINT ( 'NONE',  ( -104.7840386756353155, -1.517211035902915395, -2.363353014883529557 ) ) ;
#2475 = ADVANCED_FACE ( 'NONE', ( #2079 ), #3442, .T. ) ;
#2476 = CARTESIAN_POINT ( 'NONE',  ( -76.66573460400651641, -21.38379165546266591, 1.512219402490365683 ) ) ;
#2477 = AXIS2_PLACEMENT_3D ( 'NONE', #232, #3931, #2977 ) ;
#2478 = CARTESIAN_POINT ( 'NONE',  ( -18.35247065561925695, -15.84999999999999964, -1.999999999999995781 ) ) ;
#2479 = LINE ( 'NONE', #3863, #2276 ) ;
#2480 = CARTESIAN_POINT ( 'NONE',  ( -84.45696632326962572, -0.5005897968646046969, -7.482820745968770559 ) ) ;
#2481 = ORIENTED_EDGE ( 'NONE', *, *, #3937, .T. ) ;
#2482 = CARTESIAN_POINT ( 'NONE',  ( -56.28427948838108108, -7.990095109607797674, 1.644365805321885032 ) ) ;
#2483 = DIRECTION ( 'NONE',  ( 4.625929269271483942E-16, 0.000000000000000000, 1.000000000000000000 ) ) ;
#2484 = CARTESIAN_POINT ( 'NONE',  ( -64.03683757211850036, -25.30672062746517881, 4.947369456411345290 ) ) ;
#2485 = ORIENTED_EDGE ( 'NONE', *, *, #3072, .T. ) ;
#2486 = ORIENTED_EDGE ( 'NONE', *, *, #1256, .T. ) ;
#2487 = CIRCLE ( 'NONE', #540, 1.000000000000000000 ) ;
#2488 = CARTESIAN_POINT ( 'NONE',  ( -87.27321718703326781, -18.58785357737353294, 3.394469153929243976 ) ) ;
#2489 = CARTESIAN_POINT ( 'NONE',  ( -27.51446645013358960, -12.71247285864398968, 2.088608612150510524 ) ) ;
#2490 = CARTESIAN_POINT ( 'NONE',  ( -59.09066065227938225, -13.24491378096613481, 2.646461445579404881 ) ) ;
#2491 = ADVANCED_FACE ( 'NONE', ( #1084 ), #4129, .T. ) ;
#2492 = VECTOR ( 'NONE', #1827, 1000.000000000000000 ) ;
#2493 = VERTEX_POINT ( 'NONE', #4054 ) ;
#2494 = ORIENTED_EDGE ( 'NONE', *, *, #1971, .F. ) ;
#2495 = CARTESIAN_POINT ( 'NONE',  ( -66.11634544454267370, -0.5047271171895393316, 5.000000000000009770 ) ) ;
#2496 = AXIS2_PLACEMENT_3D ( 'NONE', #3366, #4297, #1233 ) ;
#2497 = DIRECTION ( 'NONE',  ( 0.000000000000000000, 0.7071067811865482389, 0.7071067811865469066 ) ) ;
#2498 = CARTESIAN_POINT ( 'NONE',  ( -74.33701896156553346, -22.13718608842592772, 1.738760534926712342 ) ) ;
#2499 = EDGE_CURVE ( 'NONE', #507, #1831, #3385, .T. ) ;
#2500 = TOROIDAL_SURFACE ( 'NONE', #3626, 0.4999999999999971689, 1.000000000000000000 ) ;
#2501 = PLANE ( 'NONE',  #3549 ) ;
#2502 = CARTESIAN_POINT ( 'NONE',  ( -88.28896983046016089, -18.26748632434465591, 3.963734750140904151 ) ) ;
#2503 = AXIS2_PLACEMENT_3D ( 'NONE', #4407, #3628, #670 ) ;
#2504 = EDGE_CURVE ( 'NONE', #4230, #393, #4123, .T. ) ;
#2505 = CARTESIAN_POINT ( 'NONE',  ( -102.6932524404071216, -1.426264695618382428, -5.134618469814157038 ) ) ;
#2506 = ORIENTED_EDGE ( 'NONE', *, *, #1482, .F. ) ;
#2507 = AXIS2_PLACEMENT_3D ( 'NONE', #2226, #3648, #1607 ) ;
#2508 = CARTESIAN_POINT ( 'NONE',  ( -100.2662589375181312, -0.7703577509731650563, -5.866620494576587852 ) ) ;
#2509 = LINE ( 'NONE', #3869, #703 ) ;
#2510 = LINE ( 'NONE', #2170, #2646 ) ;
#2511 = ORIENTED_EDGE ( 'NONE', *, *, #3102, .F. ) ;
#2512 = CARTESIAN_POINT ( 'NONE',  ( -104.4905897968646542, -0.9757214291134931328, -0.9283818807201850154 ) ) ;
#2513 = CARTESIAN_POINT ( 'NONE',  ( -67.14419766788908817, -24.46423847817618125, 4.315505016612791955 ) ) ;
#2514 = LINE ( 'NONE', #3874, #4133 ) ;
#2515 = CARTESIAN_POINT ( 'NONE',  ( -59.68743035191116775, -13.13591695781661528, 2.887161592963781054 ) ) ;
#2516 = EDGE_LOOP ( 'NONE', ( #1936, #1096, #3929, #2357 ) ) ;
#2517 = EDGE_LOOP ( 'NONE', ( #4248, #3317, #2442, #1621 ) ) ;
#2518 = CARTESIAN_POINT ( 'NONE',  ( -104.6066821944224898, -1.509493581980991816, -2.851162999634549777 ) ) ;
#2519 = CARTESIAN_POINT ( 'NONE',  ( -70.96318602238839901, -23.22870114914804773, 2.569143978311780430 ) ) ;
#2520 = B_SPLINE_CURVE_WITH_KNOTS ( 'NONE', 3,
 ( #1762, #3111, #3152, #2480 ),
 .UNSPECIFIED., .F., .F.,
 ( 4, 4 ),
 ( 0.000000000000000000, 1.000000000000000000 ),
 .UNSPECIFIED. ) ;
#2521 = PRODUCT_DEFINITION_SHAPE ( 'NONE', 'NONE',  #1040 ) ;
#2522 = CARTESIAN_POINT ( 'NONE',  ( -59.75997857630966337, -26.64760781376956800, 2.901846541418755532 ) ) ;
#2523 = CARTESIAN_POINT ( 'NONE',  ( -30.32310368922825106, -10.63600990913604605, 1.195181419792733513 ) ) ;
#2524 = DIRECTION ( 'NONE',  ( 0.7071067811865469066, -0.7071067811865482389, -3.271025955591194217E-16 ) ) ;
#2525 = EDGE_LOOP ( 'NONE', ( #2241, #2453, #501, #4013, #3813, #2953, #394, #3712, #3448 ) ) ;
#2526 =( NAMED_UNIT ( * ) PLANE_ANGLE_UNIT ( ) SI_UNIT ( $, .RADIAN. ) );
#2527 = EDGE_CURVE ( 'NONE', #909, #3416, #4206, .T. ) ;
#2528 = CARTESIAN_POINT ( 'NONE',  ( -29.54495454362175977, -7.798372242195751980, 1.422318788510042342 ) ) ;
#2529 = DIRECTION ( 'NONE',  ( 0.1026876695276529028, -0.7029497565838146445, -0.7037875263499172585 ) ) ;
#2530 = VERTEX_POINT ( 'NONE', #3104 ) ;
#2531 = CARTESIAN_POINT ( 'NONE',  ( -87.70891805573140232, -17.81692644219183208, 4.350096439312604701 ) ) ;
#2532 = CARTESIAN_POINT ( 'NONE',  ( -60.87511116070378847, -26.29186928911699894, 3.396657242580118918 ) ) ;
#2533 = CARTESIAN_POINT ( 'NONE',  ( -26.15558665655084170, -13.11068501737510772, 2.593653191551421155 ) ) ;
#2534 = CARTESIAN_POINT ( 'NONE',  ( -60.99381341247307375, -11.90575492177195649, 3.448685488386122433 ) ) ;
#2535 = ORIENTED_EDGE ( 'NONE', *, *, #2993, .T. ) ;
#2536 = EDGE_LOOP ( 'NONE', ( #3143, #1826, #3493, #4156 ) ) ;
#2537 =( NAMED_UNIT ( * ) SI_UNIT ( $, .STERADIAN. ) SOLID_ANGLE_UNIT ( ) );
#2538 = CARTESIAN_POINT ( 'NONE',  ( -62.18939639137791175, -10.62470045515076045, 3.452974824908512819 ) ) ;
#2539 = CARTESIAN_POINT ( 'NONE',  ( -73.32525421706401403, -22.46451335514495184, 1.923101460610590063 ) ) ;
#2540 = CARTESIAN_POINT ( 'NONE',  ( -62.88611980886728503, -25.65033718609849345, 4.336802983463543981 ) ) ;
#2541 = CARTESIAN_POINT ( 'NONE',  ( -64.15000000000000568, -30.00000000000000000, -8.988875335447660930 ) ) ;
#2542 = CARTESIAN_POINT ( 'NONE',  ( -61.69872002347361928, -10.52859269281987409, 3.452974824908512819 ) ) ;
#2543 = ORIENTED_EDGE ( 'NONE', *, *, #890, .T. ) ;
#2544 = CARTESIAN_POINT ( 'NONE',  ( -102.6932524404071216, -13.12550228396373164, -5.134618469814157038 ) ) ;
#2545 = CARTESIAN_POINT ( 'NONE',  ( -104.7175523846208876, -12.59902135341523177, -2.559612589722533027 ) ) ;
#2546 = EDGE_CURVE ( 'NONE', #3117, #2772, #3212, .T. ) ;
#2547 = DIRECTION ( 'NONE',  ( 0.000000000000000000, 1.000000000000000000, 0.000000000000000000 ) ) ;
#2548 = VERTEX_POINT ( 'NONE', #1004 ) ;
#2549 = CARTESIAN_POINT ( 'NONE',  ( -103.8540599356462906, -0.9447768563756042681, -3.235978549491659972 ) ) ;
#2550 = CARTESIAN_POINT ( 'NONE',  ( -63.89552684790057668, -25.32832614548735606, 4.880434782608703337 ) ) ;
#2551 = CARTESIAN_POINT ( 'NONE',  ( -79.99000000000000909, 0.000000000000000000, -2.499999999999995115 ) ) ;
#2552 = CARTESIAN_POINT ( 'NONE',  ( -104.8235299322882241, -1.342687127687142823, -0.9283818807201850154 ) ) ;
#2553 = ORIENTED_EDGE ( 'NONE', *, *, #1034, .F. ) ;
#2554 = EDGE_CURVE ( 'NONE', #1796, #4174, #1392, .T. ) ;
#2555 = ORIENTED_EDGE ( 'NONE', *, *, #2229, .T. ) ;
#2556 = VECTOR ( 'NONE', #2009, 1000.000000000000000 ) ;
#2557 = CARTESIAN_POINT ( 'NONE',  ( -104.9899999999999949, -30.00000000000000000, -0.9283818807201814627 ) ) ;
#2558 = DIRECTION ( 'NONE',  ( 0.9945446062016577438, -0.07375983417548294396, -0.07375983417548291621 ) ) ;
#2559 = CARTESIAN_POINT ( 'NONE',  ( -58.69422909482496209, -26.98759266258933565, 2.476952172613477998 ) ) ;
#2560 = CARTESIAN_POINT ( 'NONE',  ( -25.77337052977771137, -7.513456002891678587, 2.296545639166003738 ) ) ;
#2561 = LINE ( 'NONE', #495, #2353 ) ;
#2562 = AXIS2_PLACEMENT_3D ( 'NONE', #2943, #4251, #4008 ) ;
#2563 = ORIENTED_EDGE ( 'NONE', *, *, #4184, .T. ) ;
#2564 =( LENGTH_UNIT ( ) NAMED_UNIT ( * ) SI_UNIT ( .MILLI., .METRE. ) );
#2565 = AXIS2_PLACEMENT_3D ( 'NONE', #2247, #2524, #472 ) ;
#2566 = CARTESIAN_POINT ( 'NONE',  ( -104.2910177316686315, -12.70994964954711293, -3.479023833110630459 ) ) ;
#2567 = CARTESIAN_POINT ( 'NONE',  ( -93.46519856249854286, -12.00000000000000000, 9.133125049878918489 ) ) ;
#2568 = AXIS2_PLACEMENT_3D ( 'NONE', #3957, #1543, #1523 ) ;
#2569 = ORIENTED_EDGE ( 'NONE', *, *, #382, .T. ) ;
#2570 = CARTESIAN_POINT ( 'NONE',  ( -87.94055984326884357, -17.78150876028890437, 4.440315375205741155 ) ) ;
#2571 = VECTOR ( 'NONE', #2101, 1000.000000000000000 ) ;
#2572 = CYLINDRICAL_SURFACE ( 'NONE', #2477, 2.500000000000000000 ) ;
#2573 = CARTESIAN_POINT ( 'NONE',  ( -58.98241432735991197, -26.89566412248478144, 2.603451617542956509 ) ) ;
#2574 = LINE ( 'NONE', #2239, #3141 ) ;
#2575 = CARTESIAN_POINT ( 'NONE',  ( -88.00281838424912451, -0.1741768781842011338, 3.925860591987919257 ) ) ;
#2576 = ORIENTED_EDGE ( 'NONE', *, *, #3525, .T. ) ;
#2577 = EDGE_LOOP ( 'NONE', ( #3577, #2634 ) ) ;
#2578 = CARTESIAN_POINT ( 'NONE',  ( -89.98999999999999488, 0.000000000000000000, -1.499999999999999778 ) ) ;
#2579 = CARTESIAN_POINT ( 'NONE',  ( -104.4905897968646542, -0.9757214291134926887, 2.386259738580442047 ) ) ;
#2580 = EDGE_CURVE ( 'NONE', #3220, #3117, #3109, .T. ) ;
#2581 = CARTESIAN_POINT ( 'NONE',  ( -101.4818609681885135, -14.10646314546926838, -5.008905828448035891 ) ) ;
#2582 = CARTESIAN_POINT ( 'NONE',  ( -25.43201328229873326, -7.730085154847476048, 2.885335478665667974 ) ) ;
#2583 = ORIENTED_EDGE ( 'NONE', *, *, #3643, .T. ) ;
#2584 = CARTESIAN_POINT ( 'NONE',  ( -30.32310368922825106, -10.63600990913604605, 1.195181419792731958 ) ) ;
#2585 = FACE_OUTER_BOUND ( 'NONE', #4342, .T. ) ;
#2586 = ORIENTED_EDGE ( 'NONE', *, *, #2822, .F. ) ;
#2587 = CARTESIAN_POINT ( 'NONE',  ( -104.7190674540758977, -1.514384793131768214, -2.565234945779403919 ) ) ;
#2588 = CARTESIAN_POINT ( 'NONE',  ( -24.39345995973869208, -8.350357306664669466, 3.328816751843302946 ) ) ;
#2589 = CARTESIAN_POINT ( 'NONE',  ( -55.32688701289170297, -28.06181383920356254, 1.347877949650781559 ) ) ;
#2590 = CARTESIAN_POINT ( 'NONE',  ( -65.97024313433283282, -25.30678787970949628, 4.484764829063732527 ) ) ;
#2591 = FACE_OUTER_BOUND ( 'NONE', #4040, .T. ) ;
#2592 = ORIENTED_EDGE ( 'NONE', *, *, #1555, .F. ) ;
#2593 = ORIENTED_EDGE ( 'NONE', *, *, #24, .T. ) ;
#2594 = CARTESIAN_POINT ( 'NONE',  ( -99.98999999999999488, -15.00000000000000000, -0.9283818807201814627 ) ) ;
#2595 = FACE_BOUND ( 'NONE', #2652, .T. ) ;
#2596 = EDGE_CURVE ( 'NONE', #1400, #2671, #2070, .T. ) ;
#2597 = EDGE_CURVE ( 'NONE', #1521, #2884, #3148, .T. ) ;
#2598 = CARTESIAN_POINT ( 'NONE',  ( -60.50000000000000000, -10.00000000000000000, 8.000000000000008882 ) ) ;
#2599 = EDGE_CURVE ( 'NONE', #3137, #1301, #3789, .T. ) ;
#2600 = CARTESIAN_POINT ( 'NONE',  ( -26.09585060821428826, -7.379273111997960655, 2.144397187469312183 ) ) ;
#2601 = DIRECTION ( 'NONE',  ( -0.000000000000000000, -1.000000000000000000, -0.000000000000000000 ) ) ;
#2602 = EDGE_CURVE ( 'NONE', #3945, #2185, #258, .T. ) ;
#2603 = EDGE_LOOP ( 'NONE', ( #1838, #862, #1379, #267 ) ) ;
#2604 = EDGE_CURVE ( 'NONE', #1900, #2801, #3673, .T. ) ;
#2605 = FACE_OUTER_BOUND ( 'NONE', #159, .T. ) ;
#2606 = CARTESIAN_POINT ( 'NONE',  ( -61.97366676070343061, -10.62470045515076045, 3.904041035623806444 ) ) ;
#2607 = DIRECTION ( 'NONE',  ( 1.000000000000000000, -0.000000000000000000, 1.224646799147353207E-16 ) ) ;
#2608 = CARTESIAN_POINT ( 'NONE',  ( -59.00000000000000000, -10.00000000000000000, -2.000000000000000000 ) ) ;
#2609 = AXIS2_PLACEMENT_3D ( 'NONE', #926, #3660, #4092 ) ;
#2610 = EDGE_LOOP ( 'NONE', ( #2939, #3852, #3956, #2988 ) ) ;
#2611 = CARTESIAN_POINT ( 'NONE',  ( -89.98999999999999488, 1.000000000000000000, -1.999999999999997113 ) ) ;
#2612 = CARTESIAN_POINT ( 'NONE',  ( -88.39369144536047429, -18.23445724357832276, 3.953510055702753601 ) ) ;
#2613 = CARTESIAN_POINT ( 'NONE',  ( -29.74999999999999645, -10.00000000000000000, 0.6963113881947181616 ) ) ;
#2614 = FACE_OUTER_BOUND ( 'NONE', #3833, .T. ) ;
#2615 = DIRECTION ( 'NONE',  ( -0.000000000000000000, -0.000000000000000000, 1.000000000000000000 ) ) ;
#2616 = ORIENTED_EDGE ( 'NONE', *, *, #4398, .T. ) ;
#2617 = ORIENTED_EDGE ( 'NONE', *, *, #2000, .T. ) ;
#2618 = DIRECTION ( 'NONE',  ( -1.000000000000000000, -0.000000000000000000, 8.163404592832032733E-17 ) ) ;
#2619 = EDGE_CURVE ( 'NONE', #2254, #4421, #2281, .T. ) ;
#2620 = CARTESIAN_POINT ( 'NONE',  ( -66.23820697592702800, -25.22227238236067492, 4.403970690886448658 ) ) ;
#2621 = EDGE_LOOP ( 'NONE', ( #1161, #1818, #1037, #3671, #2013, #2680 ) ) ;
#2622 = B_SPLINE_CURVE_WITH_KNOTS ( 'NONE', 3,
 ( #3115, #2105, #35, #4135 ),
 .UNSPECIFIED., .F., .F.,
 ( 4, 4 ),
 ( 0.000000000000000000, 1.000000000000000000 ),
 .UNSPECIFIED. ) ;
#2623 = CARTESIAN_POINT ( 'NONE',  ( -29.98160930099456678, -29.46393368221279374, 1.293118206352469546 ) ) ;
#2624 = EDGE_CURVE ( 'NONE', #3182, #3298, #3408, .T. ) ;
#2625 = CARTESIAN_POINT ( 'NONE',  ( -29.11220739489749576, -8.225875295320316027, 1.553214019795186474 ) ) ;
#2626 = CARTESIAN_POINT ( 'NONE',  ( -56.23486693815590343, -10.19782342603753733, 1.623321919645399625 ) ) ;
#2627 = ORIENTED_EDGE ( 'NONE', *, *, #4075, .F. ) ;
#2628 = AXIS2_PLACEMENT_3D ( 'NONE', #1255, #3343, #1976 ) ;
#2629 = CARTESIAN_POINT ( 'NONE',  ( -21.49999999999999645, -6.649999999999999467, 0.5000000000000035527 ) ) ;
#2630 = CARTESIAN_POINT ( 'NONE',  ( -62.03121696425307618, -9.745750759403415842, 3.931615423620408833 ) ) ;
#2631 = EDGE_CURVE ( 'NONE', #1606, #569, #286, .T. ) ;
#2632 = CARTESIAN_POINT ( 'NONE',  ( -61.36810750304190520, -11.99164167034922102, 3.619726570715333658 ) ) ;
#2633 = CARTESIAN_POINT ( 'NONE',  ( -84.43268775238313140, -0.4999999999999993339, -7.484621352348252543 ) ) ;
#2634 = ORIENTED_EDGE ( 'NONE', *, *, #1737, .F. ) ;
#2635 = CARTESIAN_POINT ( 'NONE',  ( -61.91467422501599316, -9.097078393112514760, 3.875847615452295614 ) ) ;
#2636 = AXIS2_PLACEMENT_3D ( 'NONE', #615, #1725, #1987 ) ;
#2637 = B_SPLINE_CURVE_WITH_KNOTS ( 'NONE', 3,
 ( #1265, #3894, #1858, #148 ),
 .UNSPECIFIED., .F., .F.,
 ( 4, 4 ),
 ( 0.000000000000000000, 0.0007595319659245956551 ),
 .UNSPECIFIED. ) ;
#2638 = CARTESIAN_POINT ( 'NONE',  ( -24.30918384564342460, -9.431811409979372840, 3.365076192528307697 ) ) ;
#2639 = DIRECTION ( 'NONE',  ( -1.000000000000000000, -1.040834085586083310E-14, 0.000000000000000000 ) ) ;
#2640 = VECTOR ( 'NONE', #4145, 1000.000000000000000 ) ;
#2641 = VECTOR ( 'NONE', #1685, 1000.000000000000000 ) ;
#2642 = CARTESIAN_POINT ( 'NONE',  ( -23.99999999999999645, -13.34999999999999964, -8.500000000000008882 ) ) ;
#2643 = FACE_OUTER_BOUND ( 'NONE', #4370, .T. ) ;
#2644 = ORIENTED_EDGE ( 'NONE', *, *, #3919, .F. ) ;
#2645 = VERTEX_POINT ( 'NONE', #3770 ) ;
#2646 = VECTOR ( 'NONE', #1493, 1000.000000000000114 ) ;
#2647 = CARTESIAN_POINT ( 'NONE',  ( -106.0946873208292800, -12.65158284871803751, -5.376822376736093645 ) ) ;
#2648 = DIRECTION ( 'NONE',  ( -0.9536895693127208640, 0.3007926285401902322, 7.785353810263469817E-17 ) ) ;
#2649 = ADVANCED_FACE ( 'NONE', ( #4412 ), #3436, .T. ) ;
#2650 = DIRECTION ( 'NONE',  ( -0.000000000000000000, 1.000000000000000000, -0.000000000000000000 ) ) ;
#2651 = CARTESIAN_POINT ( 'NONE',  ( -27.65530030733832234, -7.323400812613889421, 1.468107660348381360 ) ) ;
#2652 = EDGE_LOOP ( 'NONE', ( #2085, #3291 ) ) ;
#2653 = DIRECTION ( 'NONE',  ( -0.000000000000000000, -1.000000000000000000, -0.000000000000000000 ) ) ;
#2654 = CARTESIAN_POINT ( 'NONE',  ( -55.93752330579178533, -8.544119327353525861, 1.534945214192447560 ) ) ;
#2655 = DIRECTION ( 'NONE',  ( 0.000000000000000000, 0.000000000000000000, 1.000000000000000000 ) ) ;
#2656 = CARTESIAN_POINT ( 'NONE',  ( -30.05734197733148250, -29.46996739464493942, 1.271149113117829854 ) ) ;
#2657 = ORIENTED_EDGE ( 'NONE', *, *, #742, .F. ) ;
#2658 = CARTESIAN_POINT ( 'NONE',  ( -61.75167223109029635, -10.15919303724133904, 3.482963245604658642 ) ) ;
#2659 = EDGE_CURVE ( 'NONE', #3071, #3696, #2892, .T. ) ;
#2660 = CARTESIAN_POINT ( 'NONE',  ( -24.56714960216034527, -8.701863371131882019, 3.251646248867417821 ) ) ;
#2661 = CARTESIAN_POINT ( 'NONE',  ( -84.45696632326962572, -0.5005897968646046969, -7.482820745968770559 ) ) ;
#2662 = EDGE_CURVE ( 'NONE', #2377, #606, #202, .T. ) ;
#2663 = CARTESIAN_POINT ( 'NONE',  ( -102.4338682849278115, -13.80620109751812485, -4.396960764953202982 ) ) ;
#2664 = CARTESIAN_POINT ( 'NONE',  ( -21.50000000000000000, -30.00000000000000000, -8.500000000000008882 ) ) ;
#2665 = ORIENTED_EDGE ( 'NONE', *, *, #161, .F. ) ;
#2666 = ADVANCED_FACE ( 'NONE', ( #2160 ), #108, .F. ) ;
#2667 = EDGE_LOOP ( 'NONE', ( #2352, #525, #1069, #1861, #822, #3596, #3101, #2870, #1989, #178, #2864, #4247, #58, #1439 ) ) ;
#2668 = EDGE_CURVE ( 'NONE', #1521, #4064, #4146, .T. ) ;
#2669 = DIRECTION ( 'NONE',  ( -1.000000000000000000, 0.000000000000000000, 8.163404592832032733E-17 ) ) ;
#2670 = CARTESIAN_POINT ( 'NONE',  ( -25.46164448311672501, -12.29003497507470932, 2.873171131347855844 ) ) ;
#2671 = VERTEX_POINT ( 'NONE', #3517 ) ;
#2672 = CARTESIAN_POINT ( 'NONE',  ( -29.78345108909688577, -29.99195582487906364, 0.7940078414533159323 ) ) ;
#2673 = CARTESIAN_POINT ( 'NONE',  ( -88.22983912687898567, -0.6894975718597061709, 4.471026118308943254 ) ) ;
#2674 = CARTESIAN_POINT ( 'NONE',  ( -82.52355811093684679, -19.48864447667018140, 2.162376596280770169 ) ) ;
#2675 = EDGE_LOOP ( 'NONE', ( #1250, #4137, #2210, #3977, #2223, #3018 ) ) ;
#2676 = LINE ( 'NONE', #919, #3064 ) ;
#2677 = CARTESIAN_POINT ( 'NONE',  ( -99.98999999999999488, -0.7569275644141899573, -0.4999999999999985012 ) ) ;
#2678 = CARTESIAN_POINT ( 'NONE',  ( -57.86904516978893298, -13.11190626853825947, 2.184342375038017980 ) ) ;
#2679 = CARTESIAN_POINT ( 'NONE',  ( -29.39972495213270065, -8.645819869852381601, 0.8145879937960001094 ) ) ;
#2680 = ORIENTED_EDGE ( 'NONE', *, *, #3339, .T. ) ;
#2681 = AXIS2_PLACEMENT_3D ( 'NONE', #4028, #3359, #692 ) ;
#2682 = CARTESIAN_POINT ( 'NONE',  ( -61.73304449679281447, -10.36367584941672781, 3.788602141295986492 ) ) ;
#2683 = CARTESIAN_POINT ( 'NONE',  ( -51.23683130670848129, -29.95368956931272564, 0.3162362852597265794 ) ) ;
#2684 = CARTESIAN_POINT ( 'NONE',  ( -52.16941241729674061, -29.06907479626462987, 0.5217730191669044393 ) ) ;
#2685 = ADVANCED_FACE ( 'NONE', ( #445 ), #1853, .T. ) ;
#2686 = VECTOR ( 'NONE', #1220, 1000.000000000000000 ) ;
#2687 = CARTESIAN_POINT ( 'NONE',  ( -103.9237708778603206, -12.80546088470311439, -4.021731783704324492 ) ) ;
#2688 = CARTESIAN_POINT ( 'NONE',  ( -104.9899999999999949, -30.00000000000000000, 2.840000000000012736 ) ) ;
#2689 = EDGE_LOOP ( 'NONE', ( #2494, #777, #4027, #2248 ) ) ;
#2690 = ORIENTED_EDGE ( 'NONE', *, *, #3529, .T. ) ;
#2691 = CARTESIAN_POINT ( 'NONE',  ( -23.99999999999999645, -4.649999999999987921, -8.999999999999996447 ) ) ;
#2692 = EDGE_CURVE ( 'NONE', #2801, #3096, #3186, .T. ) ;
#2693 = CARTESIAN_POINT ( 'NONE',  ( -26.13128567793894774, -12.63211809131762919, 2.128027115664583580 ) ) ;
#2694 = EDGE_CURVE ( 'NONE', #1803, #1630, #2187, .T. ) ;
#2695 = ORIENTED_EDGE ( 'NONE', *, *, #3205, .T. ) ;
#2696 = FACE_OUTER_BOUND ( 'NONE', #1693, .T. ) ;
#2697 = CARTESIAN_POINT ( 'NONE',  ( -104.9140055839172163, -1.522862673630900554, -1.807733230380028866 ) ) ;
#2698 = CARTESIAN_POINT ( 'NONE',  ( -84.05432761472010839, -18.99340614147580908, 2.632601714613478805 ) ) ;
#2699 = ORIENTED_EDGE ( 'NONE', *, *, #1811, .F. ) ;
#2700 = CARTESIAN_POINT ( 'NONE',  ( -101.7431472428044827, -0.8421559184639931805, -5.136992607107771391 ) ) ;
#2701 = CARTESIAN_POINT ( 'NONE',  ( -88.28418398719998095, -0.6908121659973259776, 4.466320967358241134 ) ) ;
#2702 = VECTOR ( 'NONE', #2747, 1000.000000000000114 ) ;
#2703 = CARTESIAN_POINT ( 'NONE',  ( -55.72281386376762669, -10.89933446732642430, 1.468732465451580538 ) ) ;
#2704 = CARTESIAN_POINT ( 'NONE',  ( -29.74999999999998934, -9.821256532762376423, 0.6963113881947181616 ) ) ;
#2705 = VERTEX_POINT ( 'NONE', #1505 ) ;
#2706 = CARTESIAN_POINT ( 'NONE',  ( -84.24040145020354942, -0.5049218821133691915, 2.699240669705771367 ) ) ;
#2707 = MECHANICAL_DESIGN_GEOMETRIC_PRESENTATION_REPRESENTATION (  '', ( #190 ), #117 ) ;
#2708 = CARTESIAN_POINT ( 'NONE',  ( -29.91421356237312779, -30.00000000000000000, -8.499999999999994671 ) ) ;
#2709 = DIRECTION ( 'NONE',  ( 0.000000000000000000, -1.000000000000000000, 0.000000000000000000 ) ) ;
#2710 = DIRECTION ( 'NONE',  ( -0.3007926285401902877, -0.9536895693127209750, 0.000000000000000000 ) ) ;
#2711 = CARTESIAN_POINT ( 'NONE',  ( -29.47836868087452444, -11.20444739663720135, 0.7877075095879528810 ) ) ;
#2712 = CIRCLE ( 'NONE', #3916, 17.00405833911423059 ) ;
#2713 = ORIENTED_EDGE ( 'NONE', *, *, #3559, .T. ) ;
#2714 = VERTEX_POINT ( 'NONE', #67 ) ;
#2715 = AXIS2_PLACEMENT_3D ( 'NONE', #3944, #871, #1906 ) ;
#2716 = CARTESIAN_POINT ( 'NONE',  ( -24.30352777969217115, -9.460057813179798103, 3.040565293240729439 ) ) ;
#2717 = FACE_OUTER_BOUND ( 'NONE', #324, .T. ) ;
#2718 = CARTESIAN_POINT ( 'NONE',  ( -88.07681256646141321, -0.6857983204049785675, 4.465773552159420845 ) ) ;
#2719 = ORIENTED_EDGE ( 'NONE', *, *, #2546, .T. ) ;
#2720 = TOROIDAL_SURFACE ( 'NONE', #1274, 0.4999999999999971689, 1.000000000000000000 ) ;
#2721 = CARTESIAN_POINT ( 'NONE',  ( -29.47287941799907784, -29.89794566969995060, 0.8367028627627304260 ) ) ;
#2722 = CARTESIAN_POINT ( 'NONE',  ( -59.00000000000000000, -10.00000000000000000, -2.000000000000000000 ) ) ;
#2723 = CARTESIAN_POINT ( 'NONE',  ( -80.70527268543978039, -20.07690887324611850, 1.770447149913736640 ) ) ;
#2724 = ORIENTED_EDGE ( 'NONE', *, *, #562, .F. ) ;
#2725 = CARTESIAN_POINT ( 'NONE',  ( -26.72585149174600261, -26.29500647753643250, 2.374197877985801952 ) ) ;
#2726 = DIRECTION ( 'NONE',  ( 0.000000000000000000, -0.000000000000000000, -1.000000000000000000 ) ) ;
#2727 = CARTESIAN_POINT ( 'NONE',  ( -104.4905897968646542, -0.9757214291134926887, 11.00000000000001066 ) ) ;
#2728 = CARTESIAN_POINT ( 'NONE',  ( -56.60239882239685727, -8.641926322105357272, 1.082567362264942545 ) ) ;
#2729 = ORIENTED_EDGE ( 'NONE', *, *, #2599, .T. ) ;
#2730 = CARTESIAN_POINT ( 'NONE',  ( -57.81240093327166818, -6.906576735811571943, 2.163912179327070362 ) ) ;
#2731 = CARTESIAN_POINT ( 'NONE',  ( -89.98999999999999488, 1.000000000000000000, -1.999999999999997113 ) ) ;
#2732 = CARTESIAN_POINT ( 'NONE',  ( -56.33600924344781191, -10.70546326755359168, 0.9852811536594026087 ) ) ;
#2733 = DIRECTION ( 'NONE',  ( -7.575620348129778241E-17, 0.000000000000000000, -1.000000000000000000 ) ) ;
#2734 = CARTESIAN_POINT ( 'NONE',  ( -60.21427988426297162, -27.12221228140128915, 2.226772119485169288 ) ) ;
#2735 = ORIENTED_EDGE ( 'NONE', *, *, #3816, .F. ) ;
#2736 = CARTESIAN_POINT ( 'NONE',  ( -88.18729150932030336, -17.74378460194619223, 4.471023372155242370 ) ) ;
#2737 = LINE ( 'NONE', #3430, #2251 ) ;
#2738 = FACE_OUTER_BOUND ( 'NONE', #648, .T. ) ;
#2739 = CARTESIAN_POINT ( 'NONE',  ( -57.29971421552558297, -12.87163209958154297, 1.982744846886510315 ) ) ;
#2740 = ORIENTED_EDGE ( 'NONE', *, *, #1091, .F. ) ;
#2741 = CYLINDRICAL_SURFACE ( 'NONE', #2359, 1.499999999999996891 ) ;
#2742 = CARTESIAN_POINT ( 'NONE',  ( -104.9899999999999949, -12.00000000000000000, 1.835967299967364408 ) ) ;
#2743 = CARTESIAN_POINT ( 'NONE',  ( -78.86474355005759662, -20.67236655801993805, 1.551928073737154579 ) ) ;
#2744 = ADVANCED_FACE ( 'NONE', ( #1143 ), #3207, .T. ) ;
#2745 = CARTESIAN_POINT ( 'NONE',  ( -104.9829188020050879, -1.518365100083306274, 2.856423112968978995 ) ) ;
#2746 = ADVANCED_FACE ( 'NONE', ( #380 ), #1841, .T. ) ;
#2747 = DIRECTION ( 'NONE',  ( 0.9536895693127208640, -0.3007926285401902322, 8.270762704577072561E-16 ) ) ;
#2748 = EDGE_CURVE ( 'NONE', #2875, #2904, #3455, .T. ) ;
#2749 = DIRECTION ( 'NONE',  ( -1.000000000000000000, 0.000000000000000000, 8.163404592832032733E-17 ) ) ;
#2750 = EDGE_CURVE ( 'NONE', #224, #3545, #3922, .T. ) ;
#2751 = CARTESIAN_POINT ( 'NONE',  ( -29.66423324707821862, -9.296041738466897186, 0.7248984160679626809 ) ) ;
#2752 = ORIENTED_EDGE ( 'NONE', *, *, #3744, .F. ) ;
#2753 = CARTESIAN_POINT ( 'NONE',  ( -58.98698806933011696, -7.219966847072003979, 2.604419383580501179 ) ) ;
#2754 = CYLINDRICAL_SURFACE ( 'NONE', #1978, 1.000000000000000000 ) ;
#2755 = CARTESIAN_POINT ( 'NONE',  ( -27.97244356699415846, -13.15419955613213432, 1.928797764385007829 ) ) ;
#2756 = CARTESIAN_POINT ( 'NONE',  ( -28.72836899121318410, -12.14566500937838889, 1.053323332213621288 ) ) ;
#2757 = ORIENTED_EDGE ( 'NONE', *, *, #463, .F. ) ;
#2758 = CARTESIAN_POINT ( 'NONE',  ( -50.98096127518919474, -29.44820300218995968, 0.2953201192830365307 ) ) ;
#2759 = CARTESIAN_POINT ( 'NONE',  ( -66.23820697592702800, -25.22227238236067492, 4.403970690886448658 ) ) ;
#2760 = CARTESIAN_POINT ( 'NONE',  ( -24.25128446612317390, -10.21292764862573677, 3.390781082829822157 ) ) ;
#2761 = CARTESIAN_POINT ( 'NONE',  ( -56.59730352760850991, -11.35316721554639940, 1.742471013233093613 ) ) ;
#2762 = EDGE_LOOP ( 'NONE', ( #4218, #1676, #3050, #201, #3914 ) ) ;
#2763 = B_SPLINE_CURVE_WITH_KNOTS ( 'NONE', 3,
 ( #4100, #2017, #2382, #3452, #1930, #1341, #647, #377, #978, #1389, #2718, #1026, #1593 ),
 .UNSPECIFIED., .F., .F.,
 ( 4, 2, 2, 2, 1, 2, 4 ),
 ( 0.000000000000000000, 0.4236450202524993935, 0.4766006477840905586, 0.5030784615498865575, 0.5295562753156825009, 0.6354675303786926355, 0.8472900405046436267 ),
 .UNSPECIFIED. ) ;
#2764 = DIRECTION ( 'NONE',  ( 0.000000000000000000, -0.000000000000000000, 1.000000000000000000 ) ) ;
#2765 = CARTESIAN_POINT ( 'NONE',  ( -25.85355339059328372, -25.64644660940670562, -8.999999999999996447 ) ) ;
#2766 = CARTESIAN_POINT ( 'NONE',  ( -78.36777832105099151, -20.83313978536586220, 1.522516746725756542 ) ) ;
#2767 = CARTESIAN_POINT ( 'NONE',  ( -86.03199165989877883, -18.35358449495776512, 3.448096539656555048 ) ) ;
#2768 = CARTESIAN_POINT ( 'NONE',  ( -29.20710678118657810, -29.70710678118654613, 0.8736619824217130015 ) ) ;
#2769 = EDGE_CURVE ( 'NONE', #1796, #3443, #3145, .T. ) ;
#2770 = DIRECTION ( 'NONE',  ( 0.08647847457962312689, -0.7050078522774710921, 0.7039072393870438038 ) ) ;
#2771 = DIRECTION ( 'NONE',  ( 0.000000000000000000, 0.000000000000000000, 1.000000000000000000 ) ) ;
#2772 = VERTEX_POINT ( 'NONE', #1946 ) ;
#2773 = CARTESIAN_POINT ( 'NONE',  ( -59.82012693446073115, -6.904780384167812812, 2.942081426737557237 ) ) ;
#2774 = EDGE_CURVE ( 'NONE', #4074, #783, #1182, .T. ) ;
#2775 = CARTESIAN_POINT ( 'NONE',  ( -30.05105755771426246, -11.45914861321632650, 1.272880641654701606 ) ) ;
#2776 = PLANE ( 'NONE',  #2077 ) ;
#2777 = EDGE_LOOP ( 'NONE', ( #1964, #2261, #1458, #1307 ) ) ;
#2778 = CARTESIAN_POINT ( 'NONE',  ( -83.77924591390929265, 0.03114993126352943661, 4.402521188677140707 ) ) ;
#2779 = CIRCLE ( 'NONE', #4335, 1.000000000000000000 ) ;
#2780 = CARTESIAN_POINT ( 'NONE',  ( -83.72996091030701393, -19.70539266279740431, 1.905183373577109762 ) ) ;
#2781 = CARTESIAN_POINT ( 'NONE',  ( -28.01944206438933449, -12.56550171598285992, 1.912641656796710610 ) ) ;
#2782 = CONICAL_SURFACE ( 'NONE', #2562, 0.4976308813101292250, 0.7830567841858439015 ) ;
#2783 = CARTESIAN_POINT ( 'NONE',  ( -21.49999999999999289, -30.00000000000000000, 4.731159986743394441 ) ) ;
#2784 = ORIENTED_EDGE ( 'NONE', *, *, #873, .T. ) ;
#2785 = DIRECTION ( 'NONE',  ( 0.000000000000000000, 1.000000000000000000, 0.000000000000000000 ) ) ;
#2786 = CIRCLE ( 'NONE', #3985, 1.000000000000000000 ) ;
#2787 = CARTESIAN_POINT ( 'NONE',  ( -104.4988922153993087, -1.504806288907872158, -3.090012348667852127 ) ) ;
#2788 = CARTESIAN_POINT ( 'NONE',  ( -67.92616006689229380, -24.21125510671126335, 3.869404907204153865 ) ) ;
#2789 = VECTOR ( 'NONE', #3917, 1000.000000000000000 ) ;
#2790 = CARTESIAN_POINT ( 'NONE',  ( -85.71319896211558387, -18.45672099462431603, 3.300550158161316805 ) ) ;
#2791 = CARTESIAN_POINT ( 'NONE',  ( -29.41223652653021858, -29.86550249259091672, 0.8450995121792966858 ) ) ;
#2792 = AXIS2_PLACEMENT_3D ( 'NONE', #4300, #2214, #500 ) ;
#2793 = B_SPLINE_CURVE_WITH_KNOTS ( 'NONE', 1,
 ( #3075, #4430 ),
 .UNSPECIFIED., .F., .F.,
 ( 2, 2 ),
 ( 0.000000000000000000, 1.000000000000000000 ),
 .UNSPECIFIED. ) ;
#2794 = CARTESIAN_POINT ( 'NONE',  ( -21.99999999999998579, -13.34999999999999964, -8.999999999999996447 ) ) ;
#2795 = FACE_OUTER_BOUND ( 'NONE', #3484, .T. ) ;
#2796 = ORIENTED_EDGE ( 'NONE', *, *, #1288, .F. ) ;
#2797 = CARTESIAN_POINT ( 'NONE',  ( -61.18747825334273927, -7.792510804537633007, 3.536972005233117500 ) ) ;
#2798 = CARTESIAN_POINT ( 'NONE',  ( -27.56856453603104740, -13.23172976665908429, 2.069320760591883968 ) ) ;
#2799 = ADVANCED_FACE ( 'NONE', ( #3310 ), #2243, .T. ) ;
#2800 = DIRECTION ( 'NONE',  ( 1.000000000000000000, 0.000000000000000000, -4.625929269271483942E-16 ) ) ;
#2801 = VERTEX_POINT ( 'NONE', #1225 ) ;
#2802 = CARTESIAN_POINT ( 'NONE',  ( -66.22102397578869670, -24.73859280496164814, 4.912317204196084752 ) ) ;
#2803 = EDGE_CURVE ( 'NONE', #734, #1466, #3622, .T. ) ;
#2804 = CARTESIAN_POINT ( 'NONE',  ( -21.49999999999999645, -6.649999999999999467, -1.999999999999995337 ) ) ;
#2805 = CARTESIAN_POINT ( 'NONE',  ( -27.34093347057557466, -12.73439121842417521, 1.597553859243814545 ) ) ;
#2806 = CARTESIAN_POINT ( 'NONE',  ( -61.66258800399175755, -10.71306403680320152, 3.432552157348062405 ) ) ;
#2807 = ORIENTED_EDGE ( 'NONE', *, *, #2694, .T. ) ;
#2808 = EDGE_CURVE ( 'NONE', #423, #2714, #487, .T. ) ;
#2809 = VERTEX_POINT ( 'NONE', #1880 ) ;
#2810 = DIRECTION ( 'NONE',  ( -0.9805353528392094509, -0.1963426133891650049, 0.000000000000000000 ) ) ;
#2811 = CARTESIAN_POINT ( 'NONE',  ( -103.9264882668897911, -1.479905935817520168, -4.013058705243109259 ) ) ;
#2812 = CARTESIAN_POINT ( 'NONE',  ( -75.28964246106832547, -21.82898996733780805, 1.612037061365208634 ) ) ;
#2813 = FACE_OUTER_BOUND ( 'NONE', #1369, .T. ) ;
#2814 = CARTESIAN_POINT ( 'NONE',  ( -65.47087944377965130, 0.4224090791436346803, -8.890913063940217853 ) ) ;
#2815 = CARTESIAN_POINT ( 'NONE',  ( -104.9899999999999949, -1.526169976973967835, -0.9283818807201814627 ) ) ;
#2816 = ORIENTED_EDGE ( 'NONE', *, *, #1122, .F. ) ;
#2817 = CARTESIAN_POINT ( 'NONE',  ( -61.56857692599638909, -8.302815725723048601, 3.712553706055911285 ) ) ;
#2818 = DIRECTION ( 'NONE',  ( 0.000000000000000000, 0.000000000000000000, 1.000000000000000000 ) ) ;
#2819 = LINE ( 'NONE', #435, #275 ) ;
#2820 = ORIENTED_EDGE ( 'NONE', *, *, #486, .T. ) ;
#2821 = CARTESIAN_POINT ( 'NONE',  ( -66.10468075729565385, -24.75637065401629755, 4.955861543584039630 ) ) ;
#2822 = EDGE_CURVE ( 'NONE', #2377, #3204, #1901, .T. ) ;
#2823 = CARTESIAN_POINT ( 'NONE',  ( -73.22660560529627105, -22.49643282223451735, 1.921917023030325522 ) ) ;
#2824 = CARTESIAN_POINT ( 'NONE',  ( -27.16730388320407386, -12.75049752094741606, 1.670565151287594086 ) ) ;
#2825 = CARTESIAN_POINT ( 'NONE',  ( -61.46831547859514444, -11.22605806307290699, 3.323748854097092753 ) ) ;
#2826 = VERTEX_POINT ( 'NONE', #4308 ) ;
#2827 = ORIENTED_EDGE ( 'NONE', *, *, #1888, .T. ) ;
#2828 = ADVANCED_FACE ( 'NONE', ( #3245 ), #845, .T. ) ;
#2829 = CARTESIAN_POINT ( 'NONE',  ( -103.9903308129230055, -1.482682403269052207, -3.929747420392073476 ) ) ;
#2830 = EDGE_CURVE ( 'NONE', #1127, #224, #4070, .T. ) ;
#2831 = CARTESIAN_POINT ( 'NONE',  ( -71.47319400830038205, -23.06370368196314757, 2.404252082712513339 ) ) ;
#2832 = AXIS2_PLACEMENT_3D ( 'NONE', #3592, #520, #4001 ) ;
#2833 = CARTESIAN_POINT ( 'NONE',  ( -55.74521849333373069, -28.53174926926394406, 0.8736539779685035256 ) ) ;
#2834 = CARTESIAN_POINT ( 'NONE',  ( -88.39369144536047429, -18.23445724357832276, 3.953510055702749160 ) ) ;
#2835 = CARTESIAN_POINT ( 'NONE',  ( -50.93603867816828767, -28.99999999999999645, -8.999999999999994671 ) ) ;
#2836 = CARTESIAN_POINT ( 'NONE',  ( -79.99000000000000909, 0.000000000000000000, -1.999999999999997780 ) ) ;
#2837 = ORIENTED_EDGE ( 'NONE', *, *, #622, .F. ) ;
#2838 = CARTESIAN_POINT ( 'NONE',  ( -21.99999999999998579, -13.34999999999999964, -8.999999999999996447 ) ) ;
#2839 = DIRECTION ( 'NONE',  ( 0.000000000000000000, -1.000000000000000000, 0.000000000000000000 ) ) ;
#2840 = DIRECTION ( 'NONE',  ( 0.7071067811865482389, 0.7071067811865469066, -5.772398745160943660E-17 ) ) ;
#2841 = ORIENTED_EDGE ( 'NONE', *, *, #2822, .T. ) ;
#2842 = CARTESIAN_POINT ( 'NONE',  ( -104.4782099822061951, -1.503907832617223939, -3.141826729235402738 ) ) ;
#2843 = AXIS2_PLACEMENT_3D ( 'NONE', #1552, #895, #1933 ) ;
#2844 = DIRECTION ( 'NONE',  ( -0.9536895693127208640, 0.3007926285401902322, -8.270762704577072561E-16 ) ) ;
#2845 = DIRECTION ( 'NONE',  ( 0.000000000000000000, 0.000000000000000000, 1.000000000000000000 ) ) ;
#2846 = CARTESIAN_POINT ( 'NONE',  ( -60.81342500902615456, -12.07491123428501112, 2.968456952932296389 ) ) ;
#2847 = VECTOR ( 'NONE', #2186, 1000.000000000000000 ) ;
#2848 = ORIENTED_EDGE ( 'NONE', *, *, #2935, .F. ) ;
#2849 = ORIENTED_EDGE ( 'NONE', *, *, #29, .T. ) ;
#2850 = AXIS2_PLACEMENT_3D ( 'NONE', #2894, #1178, #12 ) ;
#2851 = CARTESIAN_POINT ( 'NONE',  ( -61.74999999999999289, -10.08919380851257763, 3.482014481449722254 ) ) ;
#2852 = CARTESIAN_POINT ( 'NONE',  ( -89.98999999999999488, 1.000000000000000000, -3.499999999999994227 ) ) ;
#2853 = CARTESIAN_POINT ( 'NONE',  ( -70.46835787900545256, -23.38878918081845271, 2.746020798479948510 ) ) ;
#2854 = VECTOR ( 'NONE', #4227, 1000.000000000000000 ) ;
#2855 = B_SPLINE_CURVE_WITH_KNOTS ( 'NONE', 1,
 ( #2970, #2315 ),
 .UNSPECIFIED., .F., .F.,
 ( 2, 2 ),
 ( 0.000000000000000000, 1.000000000000000000 ),
 .UNSPECIFIED. ) ;
#2856 = CARTESIAN_POINT ( 'NONE',  ( -50.98096127518923737, -29.44820300218995257, 0.2953201192830379185 ) ) ;
#2857 = EDGE_CURVE ( 'NONE', #4301, #1301, #2930, .T. ) ;
#2858 = AXIS2_PLACEMENT_3D ( 'NONE', #4031, #4434, #1371 ) ;
#2859 = VECTOR ( 'NONE', #309, 1000.000000000000000 ) ;
#2860 = CARTESIAN_POINT ( 'NONE',  ( -29.70392699976387973, -10.50258800325143937, 1.370117208511310691 ) ) ;
#2861 = VECTOR ( 'NONE', #1044, 1000.000000000000114 ) ;
#2862 = CARTESIAN_POINT ( 'NONE',  ( -89.98999999999999488, -0.2707826932425814181, -0.4999999999999997780 ) ) ;
#2863 = EDGE_CURVE ( 'NONE', #3348, #128, #1324, .T. ) ;
#2864 = ORIENTED_EDGE ( 'NONE', *, *, #4380, .T. ) ;
#2865 = CONICAL_SURFACE ( 'NONE', #1856, 45.51523517093628612, 0.7712425122245311071 ) ;
#2866 = CARTESIAN_POINT ( 'NONE',  ( -56.29389086232494321, -9.509067476249981610, 1.642594127529897641 ) ) ;
#2867 = B_SPLINE_CURVE_WITH_KNOTS ( 'NONE', 3,
 ( #3307, #235, #2552, #4305 ),
 .UNSPECIFIED., .F., .F.,
 ( 4, 4 ),
 ( 0.000000000000000000, 1.000000000000000000 ),
 .UNSPECIFIED. ) ;
#2868 = CARTESIAN_POINT ( 'NONE',  ( -24.12603720542993102, -8.937128527449798909, 3.447949368335760045 ) ) ;
#2869 = CARTESIAN_POINT ( 'NONE',  ( -50.90442537935201273, -29.82332246488164529, -0.06870291024265758051 ) ) ;
#2870 = ORIENTED_EDGE ( 'NONE', *, *, #2602, .T. ) ;
#2871 = CARTESIAN_POINT ( 'NONE',  ( -103.0286891159954195, -0.9046518772968062949, -4.241712011478239397 ) ) ;
#2872 = LINE ( 'NONE', #3593, #886 ) ;
#2873 = CARTESIAN_POINT ( 'NONE',  ( -29.04867436911054313, -11.84344526995968039, 0.9374105886378172325 ) ) ;
#2874 = CARTESIAN_POINT ( 'NONE',  ( -60.25758450245170650, -12.45673409847718283, 3.126201837727673460 ) ) ;
#2875 = VERTEX_POINT ( 'NONE', #3978 ) ;
#2876 = ORIENTED_EDGE ( 'NONE', *, *, #3477, .T. ) ;
#2877 = CARTESIAN_POINT ( 'NONE',  ( -42.55799999999999272, -30.00000000000000000, -1.015235170936282127 ) ) ;
#2878 = CARTESIAN_POINT ( 'NONE',  ( -104.4035730739655889, -1.500661159366705633, -3.278077608927580933 ) ) ;
#2879 = CARTESIAN_POINT ( 'NONE',  ( -73.66951338752046752, -22.35313772095485518, 1.853214156757050146 ) ) ;
#2880 = CARTESIAN_POINT ( 'NONE',  ( -64.36969411118725759, -25.25582867963069589, 5.000000000000013323 ) ) ;
#2881 = ADVANCED_FACE ( 'NONE', ( #554 ), #3281, .F. ) ;
#2882 = DIRECTION ( 'NONE',  ( -8.163404592832033966E-17, -0.000000000000000000, -1.000000000000000000 ) ) ;
#2883 = CARTESIAN_POINT ( 'NONE',  ( -79.99000000000000909, 0.000000000000000000, -3.499999999999995115 ) ) ;
#2884 = VERTEX_POINT ( 'NONE', #172 ) ;
#2885 = CARTESIAN_POINT ( 'NONE',  ( -84.96519856249859970, -12.00000000000000000, -5.566874950121314392 ) ) ;
#2886 = ADVANCED_FACE ( 'NONE', ( #3267 ), #194, .F. ) ;
#2887 = EDGE_CURVE ( 'NONE', #4030, #507, #3898, .T. ) ;
#2888 = CARTESIAN_POINT ( 'NONE',  ( -29.07084657469713207, -7.369928304940659203, 1.568295716891321412 ) ) ;
#2889 = CARTESIAN_POINT ( 'NONE',  ( -64.15000000000000568, -4.150000000000000355, -1.999999999999992228 ) ) ;
#2890 = EDGE_LOOP ( 'NONE', ( #2166, #19, #2849, #2414 ) ) ;
#2891 = CARTESIAN_POINT ( 'NONE',  ( -104.9769730654035556, -1.525603323681741452, -1.344875082024805213 ) ) ;
#2892 = B_SPLINE_CURVE_WITH_KNOTS ( 'NONE', 3,
 ( #4362, #2673, #2335, #4032 ),
 .UNSPECIFIED., .F., .F.,
 ( 4, 4 ),
 ( 0.8472900405046436267, 1.000000000000000000 ),
 .UNSPECIFIED. ) ;
#2893 = CARTESIAN_POINT ( 'NONE',  ( -62.90091225001713582, -25.64562238832003160, 4.356575499473104962 ) ) ;
#2894 = CARTESIAN_POINT ( 'NONE',  ( -64.00000000000000000, -30.00000000000000000, -8.999999999999992895 ) ) ;
#2895 = DIRECTION ( 'NONE',  ( -0.000000000000000000, -0.000000000000000000, -1.000000000000000000 ) ) ;
#2896 = EDGE_LOOP ( 'NONE', ( #3885, #1629, #388, #534 ) ) ;
#2897 = ORIENTED_EDGE ( 'NONE', *, *, #2692, .T. ) ;
#2898 = DIRECTION ( 'NONE',  ( 0.000000000000000000, -0.000000000000000000, 1.000000000000000000 ) ) ;
#2899 = CARTESIAN_POINT ( 'NONE',  ( -106.3591576200138888, -1.569517738812777674, 2.706711704274693098 ) ) ;
#2900 = CARTESIAN_POINT ( 'NONE',  ( -64.20502766663794603, -25.28100523833859725, 4.989779986980019899 ) ) ;
#2901 = VECTOR ( 'NONE', #571, 1000.000000000000000 ) ;
#2902 = CARTESIAN_POINT ( 'NONE',  ( -59.00000000000000000, -10.00000000000000000, 8.000000000000008882 ) ) ;
#2903 = FACE_OUTER_BOUND ( 'NONE', #2689, .T. ) ;
#2904 = VERTEX_POINT ( 'NONE', #2941 ) ;
#2905 = EDGE_CURVE ( 'NONE', #1630, #716, #2073, .T. ) ;
#2906 = CARTESIAN_POINT ( 'NONE',  ( -56.30144975595198531, -9.470541238292881303, 0.9728454947404479025 ) ) ;
#2907 = CARTESIAN_POINT ( 'NONE',  ( -27.53301922637946930, -6.763907314852996677, 2.081884454160752185 ) ) ;
#2908 = CARTESIAN_POINT ( 'NONE',  ( -27.53726999606256953, -7.298003683625786664, 1.516374181161043611 ) ) ;
#2909 = ORIENTED_EDGE ( 'NONE', *, *, #218, .T. ) ;
#2910 = CARTESIAN_POINT ( 'NONE',  ( -104.0326574874464285, -0.9534592847567495699, -2.908897084240137154 ) ) ;
#2911 = EDGE_CURVE ( 'NONE', #4174, #734, #3859, .T. ) ;
#2912 = CARTESIAN_POINT ( 'NONE',  ( -75.17375607250215808, -22.40401014410878844, 1.035928211017689948 ) ) ;
#2913 = CARTESIAN_POINT ( 'NONE',  ( -84.22475699408138894, -0.5047271171895393316, 2.693573658520020508 ) ) ;
#2914 = CARTESIAN_POINT ( 'NONE',  ( -26.20912127253116353, -26.70912127253113866, 1.850859930377579232 ) ) ;
#2915 = EDGE_LOOP ( 'NONE', ( #1323, #800, #4051, #2470 ) ) ;
#2916 = EDGE_LOOP ( 'NONE', ( #3131, #2465, #1587, #3322, #629 ) ) ;
#2917 = VECTOR ( 'NONE', #4417, 1000.000000000000000 ) ;
#2918 = CARTESIAN_POINT ( 'NONE',  ( -99.98999999999999488, 1.000000000000000000, -3.499999999999992895 ) ) ;
#2919 = DIRECTION ( 'NONE',  ( -8.163404592832033966E-17, -0.000000000000000000, -1.000000000000000000 ) ) ;
#2920 = CARTESIAN_POINT ( 'NONE',  ( -29.85227724296342444, -29.42200518692090583, 1.330973984941362431 ) ) ;
#2921 = VECTOR ( 'NONE', #3528, 1000.000000000000114 ) ;
#2922 = CARTESIAN_POINT ( 'NONE',  ( -28.71098455747348055, -7.139460021163197112, 1.683009295381862058 ) ) ;
#2923 = DIRECTION ( 'NONE',  ( 0.000000000000000000, 0.000000000000000000, -1.000000000000000000 ) ) ;
#2924 = AXIS2_PLACEMENT_3D ( 'NONE', #4049, #3715, #306 ) ;
#2925 = ORIENTED_EDGE ( 'NONE', *, *, #2225, .T. ) ;
#2926 = CARTESIAN_POINT ( 'NONE',  ( -88.18729145106830458, -30.00000000000000000, 4.471026118360231116 ) ) ;
#2927 = VECTOR ( 'NONE', #3326, 1000.000000000000114 ) ;
#2928 = DIRECTION ( 'NONE',  ( -1.000000000000000000, 0.000000000000000000, 7.575620348129778241E-17 ) ) ;
#2929 = CARTESIAN_POINT ( 'NONE',  ( -84.22475699408138894, -0.5047271171895393316, 2.693573658520017400 ) ) ;
#2930 = CIRCLE ( 'NONE', #3428, 1.000000000000000000 ) ;
#2931 = VERTEX_POINT ( 'NONE', #824 ) ;
#2932 = CARTESIAN_POINT ( 'NONE',  ( -88.04085882030575760, -17.76617339223081871, 4.460251544765289289 ) ) ;
#2933 = FACE_OUTER_BOUND ( 'NONE', #3026, .T. ) ;
#2934 = CARTESIAN_POINT ( 'NONE',  ( -55.74255578423039736, -27.92921317456537622, 1.473849334005408629 ) ) ;
#2935 = EDGE_CURVE ( 'NONE', #3332, #2705, #1862, .T. ) ;
#2936 = CARTESIAN_POINT ( 'NONE',  ( -66.23820697592702800, -25.22227238236067492, 4.403970690886448658 ) ) ;
#2937 = DIRECTION ( 'NONE',  ( -1.000000000000000000, 0.000000000000000000, 0.000000000000000000 ) ) ;
#2938 = ORIENTED_EDGE ( 'NONE', *, *, #218, .F. ) ;
#2939 = ORIENTED_EDGE ( 'NONE', *, *, #1460, .F. ) ;
#2940 = EDGE_CURVE ( 'NONE', #2493, #1521, #488, .T. ) ;
#2941 = CARTESIAN_POINT ( 'NONE',  ( -21.49999999999999645, 0.000000000000000000, 0.5000000000000038858 ) ) ;
#2942 = ADVANCED_FACE ( 'NONE', ( #3006, #2402 ), #1295, .F. ) ;
#2943 = CARTESIAN_POINT ( 'NONE',  ( -65.81081323375609315, 0.000000000000000000, 4.000000000000010658 ) ) ;
#2944 = EDGE_CURVE ( 'NONE', #1958, #2371, #3959, .T. ) ;
#2945 = CARTESIAN_POINT ( 'NONE',  ( -79.99000000000000909, 0.000000000000000000, -1.500000000000000666 ) ) ;
#2946 = CARTESIAN_POINT ( 'NONE',  ( -28.45845039478390959, -7.656856109175798508, 1.764833714100479289 ) ) ;
#2947 = CARTESIAN_POINT ( 'NONE',  ( -64.15000000000000568, 5.545013348348540205, -1.999999999999992228 ) ) ;
#2948 = EDGE_LOOP ( 'NONE', ( #1260, #2511, #2961, #4228, #1594 ) ) ;
#2949 = CYLINDRICAL_SURFACE ( 'NONE', #2496, 20.00000000000000000 ) ;
#2950 = CARTESIAN_POINT ( 'NONE',  ( -61.84883090900598290, -8.892434969396187938, 3.844459512956008851 ) ) ;
#2951 = CARTESIAN_POINT ( 'NONE',  ( -104.1117820739480209, -12.75658153123291783, -3.760652039167642791 ) ) ;
#2952 = DIRECTION ( 'NONE',  ( -1.000000000000000000, 0.000000000000000000, 7.575620348129778241E-17 ) ) ;
#2953 = ORIENTED_EDGE ( 'NONE', *, *, #3312, .T. ) ;
#2954 = DIRECTION ( 'NONE',  ( 0.000000000000000000, 1.000000000000000000, 0.000000000000000000 ) ) ;
#2955 = EDGE_CURVE ( 'NONE', #2320, #150, #813, .T. ) ;
#2956 = CARTESIAN_POINT ( 'NONE',  ( -24.12680677663313134, -8.934687616272222854, 3.447602472103787452 ) ) ;
#2957 = CARTESIAN_POINT ( 'NONE',  ( -77.41899999999999693, -0.5047271171895393316, 21.50000000000000711 ) ) ;
#2958 = DIRECTION ( 'NONE',  ( 0.000000000000000000, 1.000000000000000000, 0.000000000000000000 ) ) ;
#2959 = PLANE ( 'NONE',  #2283 ) ;
#2960 = EDGE_LOOP ( 'NONE', ( #3653, #2827, #4101, #1273, #373, #3950, #3203, #2314, #4047, #2242, #3473, #97, #3392 ) ) ;
#2961 = ORIENTED_EDGE ( 'NONE', *, *, #4139, .F. ) ;
#2962 = ADVANCED_FACE ( 'NONE', ( #4048 ), #3047, .T. ) ;
#2963 = CARTESIAN_POINT ( 'NONE',  ( -18.35247065561925695, -15.84999999999999964, -1.999999999999995781 ) ) ;
#2964 = CARTESIAN_POINT ( 'NONE',  ( -21.50000000000000000, -30.00000000000000000, -8.999999999999996447 ) ) ;
#2965 = EDGE_CURVE ( 'NONE', #4230, #2133, #754, .T. ) ;
#2966 = DIRECTION ( 'NONE',  ( -1.000000000000000000, 0.000000000000000000, 0.000000000000000000 ) ) ;
#2967 = CARTESIAN_POINT ( 'NONE',  ( -29.92539812321042092, -8.311030276314014031, 1.309333390345636561 ) ) ;
#2968 = CARTESIAN_POINT ( 'NONE',  ( -56.77578139074397257, -12.51784143673747351, 1.804784305999615812 ) ) ;
#2969 = ORIENTED_EDGE ( 'NONE', *, *, #2748, .F. ) ;
#2970 = CARTESIAN_POINT ( 'NONE',  ( -102.6932524404071216, -13.12550228396373164, -5.134618469814157038 ) ) ;
#2971 = CARTESIAN_POINT ( 'NONE',  ( -100.2130535017091404, -13.97043193113996296, -6.314279515852736502 ) ) ;
#2972 = CARTESIAN_POINT ( 'NONE',  ( -60.43938478183324747, -12.81467354811508486, 3.204833594191897284 ) ) ;
#2973 = CARTESIAN_POINT ( 'NONE',  ( -25.65115119549631473, -7.598054355764758405, 2.356316096772847590 ) ) ;
#2974 = ORIENTED_EDGE ( 'NONE', *, *, #4310, .F. ) ;
#2975 = CARTESIAN_POINT ( 'NONE',  ( -61.64824863070846561, -9.235989409785494431, 3.424468144676488190 ) ) ;
#2976 = B_SPLINE_SURFACE_WITH_KNOTS ( 'NONE', 1, 3, ( 
 ( #4094, #3684, #1019, #2397, #3761, #3023, #2304, #3709, #1291, #4353, #1311, #687, #2056, #2663 ),
 ( #3398, #350, #592, #995, #3354, #2034, #1699, #3735, #279, #2687, #971, #3001, #663, #4044 ) ),
 .UNSPECIFIED., .F., .F., .F.,
 ( 2, 2 ),
 ( 4, 2, 2, 2, 2, 2, 4 ),
 ( 0.000000000000000000, 1.000000000000000000 ),
 ( 0.000000000000000000, 0.2498965417420805635, 0.3748448126131208591, 0.4997930834841611270, 0.6247413543552013948, 0.7496896252262417182, 0.9995861669683222539 ),
 .UNSPECIFIED. ) ;
#2977 = DIRECTION ( 'NONE',  ( 0.000000000000000000, 0.000000000000000000, 1.000000000000000000 ) ) ;
#2978 = DIRECTION ( 'NONE',  ( 0.000000000000000000, 1.000000000000000000, 0.000000000000000000 ) ) ;
#2979 = DIRECTION ( 'NONE',  ( 0.000000000000000000, -0.000000000000000000, 1.000000000000000000 ) ) ;
#2980 = ORIENTED_EDGE ( 'NONE', *, *, #1669, .F. ) ;
#2981 = EDGE_LOOP ( 'NONE', ( #1634, #4331 ) ) ;
#2982 = DIRECTION ( 'NONE',  ( 0.000000000000000000, 1.000000000000000000, 0.000000000000000000 ) ) ;
#2983 = CYLINDRICAL_SURFACE ( 'NONE', #479, 1.500000000000001332 ) ;
#2984 = ORIENTED_EDGE ( 'NONE', *, *, #269, .T. ) ;
#2985 = AXIS2_PLACEMENT_3D ( 'NONE', #405, #3519, #3150 ) ;
#2986 = CARTESIAN_POINT ( 'NONE',  ( -100.6175402799633503, -13.74641932040015568, -6.318894312460096252 ) ) ;
#2987 = CARTESIAN_POINT ( 'NONE',  ( -27.30599490125851503, -7.255896897356623576, 2.163116875770552117 ) ) ;
#2988 = ORIENTED_EDGE ( 'NONE', *, *, #811, .F. ) ;
#2989 = FACE_OUTER_BOUND ( 'NONE', #3225, .T. ) ;
#2990 = CARTESIAN_POINT ( 'NONE',  ( -61.57118884590644825, -8.307211089957407424, 3.713773260082837702 ) ) ;
#2991 = AXIS2_PLACEMENT_3D ( 'NONE', #3180, #1475, #2845 ) ;
#2992 = CARTESIAN_POINT ( 'NONE',  ( -61.93166336819507478, -10.84153073369532017, 3.883952241256935611 ) ) ;
#2993 = EDGE_CURVE ( 'NONE', #2705, #3488, #2354, .T. ) ;
#2994 = LINE ( 'NONE', #3679, #3925 ) ;
#2995 = VERTEX_POINT ( 'NONE', #3689 ) ;
#2996 = DIRECTION ( 'NONE',  ( 0.000000000000000000, -1.000000000000000000, 0.000000000000000000 ) ) ;
#2997 = AXIS2_PLACEMENT_3D ( 'NONE', #1846, #3214, #3902 ) ;
#2998 = CARTESIAN_POINT ( 'NONE',  ( -88.19050905906723870, -18.29854074203815628, 3.932795326852876361 ) ) ;
#2999 = CARTESIAN_POINT ( 'NONE',  ( -88.18643727002729804, -18.29982497976875422, 3.939976176106905648 ) ) ;
#3000 = TOROIDAL_SURFACE ( 'NONE', #633, 0.4999999999999971689, 1.000000000000000000 ) ;
#3001 = CARTESIAN_POINT ( 'NONE',  ( -103.3656933407890932, -12.95060939318858928, -4.640273750606582759 ) ) ;
#3002 = DIRECTION ( 'NONE',  ( -0.7071067811865475727, 0.000000000000000000, 0.7071067811865475727 ) ) ;
#3003 = VERTEX_POINT ( 'NONE', #4382 ) ;
#3004 = ORIENTED_EDGE ( 'NONE', *, *, #1883, .F. ) ;
#3005 = AXIS2_PLACEMENT_3D ( 'NONE', #3219, #228, #183 ) ;
#3006 = FACE_OUTER_BOUND ( 'NONE', #4364, .T. ) ;
#3007 = CARTESIAN_POINT ( 'NONE',  ( -24.24882472577353099, -9.821773497443427203, 3.391875271973609163 ) ) ;
#3008 = ORIENTED_EDGE ( 'NONE', *, *, #4139, .T. ) ;
#3009 = DIRECTION ( 'NONE',  ( -0.000000000000000000, -0.000000000000000000, -1.000000000000000000 ) ) ;
#3010 = CARTESIAN_POINT ( 'NONE',  ( -89.98999999999999488, 1.000000000000000000, -1.999999999999997113 ) ) ;
#3011 = CARTESIAN_POINT ( 'NONE',  ( -29.59564539637631952, -9.072942795747117373, 0.7478836340311540987 ) ) ;
#3012 = ORIENTED_EDGE ( 'NONE', *, *, #4398, .F. ) ;
#3013 = CARTESIAN_POINT ( 'NONE',  ( -100.4547040516988261, -1.320806298833639092, -6.346768076931605940 ) ) ;
#3014 = DIRECTION ( 'NONE',  ( 0.000000000000000000, 0.000000000000000000, 1.000000000000000000 ) ) ;
#3015 = EDGE_CURVE ( 'NONE', #330, #3434, #4076, .T. ) ;
#3016 = LINE ( 'NONE', #4368, #3209 ) ;
#3017 = CARTESIAN_POINT ( 'NONE',  ( -60.75384482636742689, -7.875535310183886750, 2.936986150920335437 ) ) ;
#3018 = ORIENTED_EDGE ( 'NONE', *, *, #1484, .T. ) ;
#3019 = DIRECTION ( 'NONE',  ( 0.000000000000000000, 1.000000000000000000, 0.000000000000000000 ) ) ;
#3020 = EDGE_CURVE ( 'NONE', #595, #3666, #1024, .T. ) ;
#3021 = CARTESIAN_POINT ( 'NONE',  ( -64.00000000000000000, -4.150000000000000355, -8.500000000000005329 ) ) ;
#3022 = CARTESIAN_POINT ( 'NONE',  ( -60.75920293483829226, -12.12012548925729583, 2.939803255704030782 ) ) ;
#3023 = CARTESIAN_POINT ( 'NONE',  ( -103.9786635163223707, -13.31897440115991671, -2.597781256934053040 ) ) ;
#3024 = CARTESIAN_POINT ( 'NONE',  ( -50.93603867816828767, -30.00000000000000000, -0.2375133481148164472 ) ) ;
#3025 = ORIENTED_EDGE ( 'NONE', *, *, #2596, .F. ) ;
#3026 = EDGE_LOOP ( 'NONE', ( #1668, #1568, #3731, #3896 ) ) ;
#3027 = CARTESIAN_POINT ( 'NONE',  ( -64.36969411118725759, -25.25582867963069233, 5.000000000000011546 ) ) ;
#3028 = CARTESIAN_POINT ( 'NONE',  ( -24.84637954568919938, -11.71960440737131215, 2.756230284754374704 ) ) ;
#3029 = DIRECTION ( 'NONE',  ( 0.000000000000000000, 1.000000000000000000, 0.000000000000000000 ) ) ;
#3030 = CARTESIAN_POINT ( 'NONE',  ( -104.9899999999999949, -1.526169976973967835, -0.9283818807201814627 ) ) ;
#3031 = CARTESIAN_POINT ( 'NONE',  ( -76.95096027218635015, -21.29151405400696362, 1.505477115314918013 ) ) ;
#3032 = ORIENTED_EDGE ( 'NONE', *, *, #463, .T. ) ;
#3033 = LINE ( 'NONE', #3608, #4411 ) ;
#3034 = CARTESIAN_POINT ( 'NONE',  ( -87.76542981762791840, -0.6782624287786896966, 4.383884605094996445 ) ) ;
#3035 = CARTESIAN_POINT ( 'NONE',  ( -42.55799999999999272, -29.46996739464493942, -0.5000000000000004441 ) ) ;
#3036 = CARTESIAN_POINT ( 'NONE',  ( -29.74999999999999645, -10.00000000000000000, 0.6963113881947181616 ) ) ;
#3037 = ORIENTED_EDGE ( 'NONE', *, *, #956, .T. ) ;
#3038 = CARTESIAN_POINT ( 'NONE',  ( -64.15000000000000568, -15.84999999999999964, -1.999999999999992228 ) ) ;
#3039 = DIRECTION ( 'NONE',  ( 0.000000000000000000, -0.000000000000000000, 1.000000000000000000 ) ) ;
#3040 = CARTESIAN_POINT ( 'NONE',  ( -84.24821675665587861, -0.5053113379763808366, 2.702079942434841620 ) ) ;
#3041 = AXIS2_PLACEMENT_3D ( 'NONE', #1601, #1481, #3641 ) ;
#3042 = CARTESIAN_POINT ( 'NONE',  ( -1.103675098334374545E-16, 0.000000000000000000, -1.999999999999997335 ) ) ;
#3043 = CARTESIAN_POINT ( 'NONE',  ( -27.52867926283277100, -12.70372079831927437, 1.519896743943963457 ) ) ;
#3044 = VERTEX_POINT ( 'NONE', #3027 ) ;
#3045 = VERTEX_POINT ( 'NONE', #1317 ) ;
#3046 = EDGE_CURVE ( 'NONE', #606, #3945, #4381, .T. ) ;
#3047 = PLANE ( 'NONE',  #3601 ) ;
#3048 = CARTESIAN_POINT ( 'NONE',  ( -24.40460821183266660, -10.92722561517024005, 2.986655904488982216 ) ) ;
#3049 = CARTESIAN_POINT ( 'NONE',  ( -57.69989395724623904, -12.42984254533960886, 1.510330901028587469 ) ) ;
#3050 = ORIENTED_EDGE ( 'NONE', *, *, #1678, .F. ) ;
#3051 = CARTESIAN_POINT ( 'NONE',  ( -29.75117827943866544, -29.35385474714680143, 1.360859193421941837 ) ) ;
#3052 = DIRECTION ( 'NONE',  ( -8.163404592832032733E-17, 0.000000000000000000, -1.000000000000000000 ) ) ;
#3053 = CARTESIAN_POINT ( 'NONE',  ( -80.18099528784175334, -20.24652354257727538, 1.690977642002412518 ) ) ;
#3054 = B_SPLINE_CURVE_WITH_KNOTS ( 'NONE', 3,
 ( #78, #2152, #3508, #1471 ),
 .UNSPECIFIED., .F., .F.,
 ( 4, 4 ),
 ( 0.000000000000000000, 1.000000000000000000 ),
 .UNSPECIFIED. ) ;
#3055 = ORIENTED_EDGE ( 'NONE', *, *, #2631, .T. ) ;
#3056 = CARTESIAN_POINT ( 'NONE',  ( -23.78192207621328436, -23.31736680006254758, 3.604113579537060019 ) ) ;
#3057 = CARTESIAN_POINT ( 'NONE',  ( -29.22935355092567278, -29.72935355092564080, 0.8705521055781156869 ) ) ;
#3058 = AXIS2_PLACEMENT_3D ( 'NONE', #2945, #2966, #915 ) ;
#3059 = CARTESIAN_POINT ( 'NONE',  ( -59.29023620513350323, -13.22150821667753995, 2.725864300787625538 ) ) ;
#3060 = VECTOR ( 'NONE', #80, 1000.000000000000000 ) ;
#3061 = CARTESIAN_POINT ( 'NONE',  ( -61.39988582740973300, -8.646489338331084795, 3.285749461117005055 ) ) ;
#3062 = ORIENTED_EDGE ( 'NONE', *, *, #1227, .F. ) ;
#3063 = CARTESIAN_POINT ( 'NONE',  ( -59.85624706081554791, -7.380968017732207898, 2.480326776099400110 ) ) ;
#3064 = VECTOR ( 'NONE', #3965, 1000.000000000000000 ) ;
#3065 = DIRECTION ( 'NONE',  ( 0.000000000000000000, 0.000000000000000000, 1.000000000000000000 ) ) ;
#3066 = CARTESIAN_POINT ( 'NONE',  ( -57.99833646652118802, -12.56654118551959698, 1.634244366966002726 ) ) ;
#3067 = FACE_OUTER_BOUND ( 'NONE', #1747, .T. ) ;
#3068 = CARTESIAN_POINT ( 'NONE',  ( -27.04403652449551032, -12.75443973021088340, 1.723176629521307568 ) ) ;
#3069 = AXIS2_PLACEMENT_3D ( 'NONE', #2642, #949, #3663 ) ;
#3070 = ORIENTED_EDGE ( 'NONE', *, *, #3861, .T. ) ;
#3071 = VERTEX_POINT ( 'NONE', #2015 ) ;
#3072 = EDGE_CURVE ( 'NONE', #2714, #3361, #3247, .T. ) ;
#3073 = AXIS2_PLACEMENT_3D ( 'NONE', #2836, #4108, #1036 ) ;
#3074 = AXIS2_PLACEMENT_3D ( 'NONE', #3994, #1619, #921 ) ;
#3075 = CARTESIAN_POINT ( 'NONE',  ( -88.26001627540193795, -0.1866804217502105734, 3.966315571230538239 ) ) ;
#3076 = CARTESIAN_POINT ( 'NONE',  ( -24.30720960825586374, -11.49152681646713070, 3.367077726108114621 ) ) ;
#3077 = CARTESIAN_POINT ( 'NONE',  ( -55.66516904541840915, -9.374276008891584411, 1.451165873919110894 ) ) ;
#3078 = EDGE_CURVE ( 'NONE', #443, #563, #2038, .T. ) ;
#3079 = ORIENTED_EDGE ( 'NONE', *, *, #2955, .T. ) ;
#3080 = FACE_OUTER_BOUND ( 'NONE', #3686, .T. ) ;
#3081 = EDGE_CURVE ( 'NONE', #400, #3696, #2793, .T. ) ;
#3082 = CARTESIAN_POINT ( 'NONE',  ( -29.74999999999999645, -10.00000000000000000, 0.6963113881947181616 ) ) ;
#3083 = EDGE_CURVE ( 'NONE', #1803, #842, #2737, .T. ) ;
#3084 = CARTESIAN_POINT ( 'NONE',  ( -81.24542178072857723, -19.90215385139105919, 1.869408112958646173 ) ) ;
#3085 = B_SPLINE_CURVE_WITH_KNOTS ( 'NONE', 1,
 ( #1497, #3552 ),
 .UNSPECIFIED., .F., .F.,
 ( 2, 2 ),
 ( 0.000000000000000000, 1.000000000000000000 ),
 .UNSPECIFIED. ) ;
#3086 = CARTESIAN_POINT ( 'NONE',  ( -23.57477314701358040, -23.10784570249680314, 3.700010054334799570 ) ) ;
#3087 = CARTESIAN_POINT ( 'NONE',  ( -29.74729034730846067, -29.98638011912019152, 0.7989524592767323075 ) ) ;
#3088 = PLANE ( 'NONE',  #2141 ) ;
#3089 = CARTESIAN_POINT ( 'NONE',  ( -99.98999999999999488, 0.000000000000000000, -1.999999999999995781 ) ) ;
#3090 = ORIENTED_EDGE ( 'NONE', *, *, #3210, .F. ) ;
#3091 = CARTESIAN_POINT ( 'NONE',  ( -61.67401643184249593, -8.490440893822539081, 3.761968942655025128 ) ) ;
#3092 = CARTESIAN_POINT ( 'NONE',  ( -84.96519856249859970, -12.00000000000000000, -5.566874950121314392 ) ) ;
#3093 = CARTESIAN_POINT ( 'NONE',  ( -29.74907102903391376, -9.813058170245861689, 1.356445374457500463 ) ) ;
#3094 = DIRECTION ( 'NONE',  ( -0.000000000000000000, 1.000000000000000000, -0.000000000000000000 ) ) ;
#3095 = CARTESIAN_POINT ( 'NONE',  ( -23.99999999999999645, -4.150000000000000355, -8.999999999999994671 ) ) ;
#3096 = VERTEX_POINT ( 'NONE', #1729 ) ;
#3097 = CARTESIAN_POINT ( 'NONE',  ( -30.05734197733148250, -29.46996739464493942, 1.271149113117829854 ) ) ;
#3098 = CARTESIAN_POINT ( 'NONE',  ( -88.09814568666480739, -18.32767204687751672, 3.887207663213918085 ) ) ;
#3099 = CARTESIAN_POINT ( 'NONE',  ( -25.03258978032251392, -11.93299546746998629, 3.051820612556161549 ) ) ;
#3100 = CARTESIAN_POINT ( 'NONE',  ( -57.13234803415215168, -12.03165908631217995, 1.923653892960216716 ) ) ;
#3101 = ORIENTED_EDGE ( 'NONE', *, *, #602, .T. ) ;
#3102 = EDGE_CURVE ( 'NONE', #1965, #1914, #4333, .T. ) ;
#3103 = DIRECTION ( 'NONE',  ( 0.000000000000000000, 1.000000000000000000, 0.000000000000000000 ) ) ;
#3104 = CARTESIAN_POINT ( 'NONE',  ( -29.72878669534976837, -29.33231713169000798, 1.367514725165837275 ) ) ;
#3105 = CARTESIAN_POINT ( 'NONE',  ( -83.42343759488207411, -19.19751549556311687, 2.421174747994006893 ) ) ;
#3106 = EDGE_CURVE ( 'NONE', #1319, #2232, #1983, .T. ) ;
#3107 = DIRECTION ( 'NONE',  ( -0.5655206101123341211, -0.6233152560103786266, 0.5400597477713827699 ) ) ;
#3108 = FACE_OUTER_BOUND ( 'NONE', #2762, .T. ) ;
#3109 = B_SPLINE_CURVE_WITH_KNOTS ( 'NONE', 3,
 ( #3082, #3719, #2385, #698, #1735 ),
 .UNSPECIFIED., .F., .F.,
 ( 4, 1, 4 ),
 ( 0.000000000000000000, 0.0002705361924796987781, 0.0005410723849593975562 ),
 .UNSPECIFIED. ) ;
#3110 = CARTESIAN_POINT ( 'NONE',  ( -92.98999999999999488, -0.4166261545940638800, -3.499999999999994671 ) ) ;
#3111 = CARTESIAN_POINT ( 'NONE',  ( -84.44849826976394525, -0.1676496614410550590, -7.150400375259305719 ) ) ;
#3112 = ORIENTED_EDGE ( 'NONE', *, *, #3394, .F. ) ;
#3113 = CARTESIAN_POINT ( 'NONE',  ( -60.33509269095134897, -7.589426286028484014, 2.719958817248137706 ) ) ;
#3114 = CARTESIAN_POINT ( 'NONE',  ( -103.1573037151209178, -13.00481346167953411, -4.797340118158816225 ) ) ;
#3115 = CARTESIAN_POINT ( 'NONE',  ( -21.49999999999999289, -21.00931307366496981, 4.731159986743394441 ) ) ;
#3116 = EDGE_LOOP ( 'NONE', ( #4379, #170, #2752, #3243 ) ) ;
#3117 = VERTEX_POINT ( 'NONE', #420 ) ;
#3118 = AXIS2_PLACEMENT_3D ( 'NONE', #3162, #2088, #4199 ) ;
#3119 = CARTESIAN_POINT ( 'NONE',  ( -64.15000000000000568, -4.638875335447655957, -8.988875335447660930 ) ) ;
#3120 = CARTESIAN_POINT ( 'NONE',  ( -27.97141310889498556, -13.15440184204945773, 1.929155939253253349 ) ) ;
#3121 = CARTESIAN_POINT ( 'NONE',  ( -55.79275853498021576, -11.11596629623369914, 1.490122829501249191 ) ) ;
#3122 = ORIENTED_EDGE ( 'NONE', *, *, #2774, .F. ) ;
#3123 = CYLINDRICAL_SURFACE ( 'NONE', #2858, 1.500000000000001332 ) ;
#3124 = CARTESIAN_POINT ( 'NONE',  ( -21.49999999999999289, 0.000000000000000000, 6.000000000000010658 ) ) ;
#3125 = CARTESIAN_POINT ( 'NONE',  ( -77.41814656542669582, -21.14036821435807312, 1.498669270552849042 ) ) ;
#3126 = CARTESIAN_POINT ( 'NONE',  ( -27.69707703097606100, -27.27734754444798426, 2.024672088847793372 ) ) ;
#3127 = CARTESIAN_POINT ( 'NONE',  ( -29.34702339240089586, -29.82372817545131838, 0.8541570454651853384 ) ) ;
#3128 = CARTESIAN_POINT ( 'NONE',  ( -100.5622857080848576, -14.39649615886005662, -5.471086673354090379 ) ) ;
#3129 = CARTESIAN_POINT ( 'NONE',  ( -64.15000000000000568, -20.19999999999999929, -1.999999999999992228 ) ) ;
#3130 = EDGE_CURVE ( 'NONE', #2904, #1990, #3185, .T. ) ;
#3131 = ORIENTED_EDGE ( 'NONE', *, *, #1365, .F. ) ;
#3132 = CIRCLE ( 'NONE', #2843, 1.499999999999997113 ) ;
#3133 = CARTESIAN_POINT ( 'NONE',  ( -60.88715375865938739, -7.502998562589742626, 3.401712383807914186 ) ) ;
#3134 = ADVANCED_FACE ( 'NONE', ( #1749 ), #3470, .T. ) ;
#3135 = CARTESIAN_POINT ( 'NONE',  ( -24.01924625598385532, -9.361886506485214809, 3.496163476831489092 ) ) ;
#3136 = CARTESIAN_POINT ( 'NONE',  ( -102.4355381593809682, -0.8758161477579424758, -4.691979387968045145 ) ) ;
#3137 = VERTEX_POINT ( 'NONE', #1137 ) ;
#3138 = CARTESIAN_POINT ( 'NONE',  ( -102.4338682849278115, -13.80620109751812485, -4.396960764953208312 ) ) ;
#3139 = CARTESIAN_POINT ( 'NONE',  ( -64.36945366928274836, -25.81167509503141133, 4.464617092394333575 ) ) ;
#3140 = CARTESIAN_POINT ( 'NONE',  ( -26.95674580285975352, -13.24938460396885631, 2.290422756394001169 ) ) ;
#3141 = VECTOR ( 'NONE', #3594, 1000.000000000000114 ) ;
#3142 = CARTESIAN_POINT ( 'NONE',  ( -59.00000000000000000, -10.00000000000000000, -8.999999999999992895 ) ) ;
#3143 = ORIENTED_EDGE ( 'NONE', *, *, #2119, .T. ) ;
#3144 = ORIENTED_EDGE ( 'NONE', *, *, #1479, .F. ) ;
#3145 = LINE ( 'NONE', #529, #4345 ) ;
#3146 = CARTESIAN_POINT ( 'NONE',  ( -76.94852968151805328, -21.29230062265399326, 1.505534203487774336 ) ) ;
#3147 = AXIS2_PLACEMENT_3D ( 'NONE', #2495, #3495, #464 ) ;
#3148 = CIRCLE ( 'NONE', #2147, 2.000000000000011990 ) ;
#3149 = CARTESIAN_POINT ( 'NONE',  ( -85.19484920028244801, -18.62441739201757684, 3.073470937396169500 ) ) ;
#3150 = DIRECTION ( 'NONE',  ( 3.083952846181140361E-15, 0.000000000000000000, -1.000000000000000000 ) ) ;
#3151 = DIRECTION ( 'NONE',  ( -8.163404592832032733E-17, 0.000000000000000000, -1.000000000000000000 ) ) ;
#3152 = CARTESIAN_POINT ( 'NONE',  ( -84.45273229651679969, -0.3341197291528441027, -7.316610560614037695 ) ) ;
#3153 = EDGE_LOOP ( 'NONE', ( #3976, #3630, #1879, #3890 ) ) ;
#3154 = EDGE_CURVE ( 'NONE', #4301, #3045, #1241, .T. ) ;
#3155 = CARTESIAN_POINT ( 'NONE',  ( -56.42399866883769022, -7.822311029794772885, 1.689260723146641219 ) ) ;
#3156 = CARTESIAN_POINT ( 'NONE',  ( -24.40664166486345721, -11.67203651705086997, 3.323000286585044538 ) ) ;
#3157 = CARTESIAN_POINT ( 'NONE',  ( -64.12855024297326167, -25.29269811364316922, 4.970490997761377372 ) ) ;
#3158 = ORIENTED_EDGE ( 'NONE', *, *, #2750, .F. ) ;
#3159 = EDGE_CURVE ( 'NONE', #4394, #456, #2129, .T. ) ;
#3160 = CARTESIAN_POINT ( 'NONE',  ( -65.81081323375609315, -24.80130131258649584, 5.000000000000009770 ) ) ;
#3161 = ADVANCED_FACE ( 'NONE', ( #1474 ), #75, .T. ) ;
#3162 = CARTESIAN_POINT ( 'NONE',  ( -23.99999999999999289, 0.000000000000000000, 0.5000000000000047740 ) ) ;
#3163 = CARTESIAN_POINT ( 'NONE',  ( -30.21639643529055874, -11.06201282477643488, 1.225384219769083183 ) ) ;
#3164 = DIRECTION ( 'NONE',  ( -0.000000000000000000, 1.000000000000000000, 0.000000000000000000 ) ) ;
#3165 = VERTEX_POINT ( 'NONE', #2426 ) ;
#3166 = VERTEX_POINT ( 'NONE', #3119 ) ;
#3167 = PRODUCT_CONTEXT ( 'NONE', #851, 'mechanical' ) ;
#3168 = CARTESIAN_POINT ( 'NONE',  ( -103.0610998732510382, -1.442265719390310341, -4.898211304056752979 ) ) ;
#3169 = CARTESIAN_POINT ( 'NONE',  ( -75.62695962330739974, -21.71985914484131897, 1.580421425064620466 ) ) ;
#3170 = CARTESIAN_POINT ( 'NONE',  ( -23.99999999999999645, -4.150000000000000355, -8.500000000000008882 ) ) ;
#3171 = CARTESIAN_POINT ( 'NONE',  ( -56.24999999999999289, -10.00000000000000000, 17.00000000000000000 ) ) ;
#3172 = CARTESIAN_POINT ( 'NONE',  ( -64.00000000000000000, -20.19999999999999929, -8.999999999999992895 ) ) ;
#3173 = EDGE_LOOP ( 'NONE', ( #1076, #4161, #1213, #1614 ) ) ;
#3174 = CARTESIAN_POINT ( 'NONE',  ( -64.15000000000000568, -4.150000000000000355, -1.999999999999992228 ) ) ;
#3175 = LINE ( 'NONE', #1470, #776 ) ;
#3176 = CARTESIAN_POINT ( 'NONE',  ( -50.84119878171939888, -29.46996739464493942, 0.2689179655016582515 ) ) ;
#3177 = ORIENTED_EDGE ( 'NONE', *, *, #1888, .F. ) ;
#3178 = DIRECTION ( 'NONE',  ( 0.000000000000000000, 1.000000000000000000, 0.000000000000000000 ) ) ;
#3179 = CARTESIAN_POINT ( 'NONE',  ( -72.34112418941124645, -23.29741908682761675, 1.641278961760709532 ) ) ;
#3180 = CARTESIAN_POINT ( 'NONE',  ( -99.98999999999999488, -15.00000000000000000, -0.9283818807201814627 ) ) ;
#3181 = CARTESIAN_POINT ( 'NONE',  ( -58.52338598214153365, -12.72007432014100914, 2.426965176067037877 ) ) ;
#3182 = VERTEX_POINT ( 'NONE', #3790 ) ;
#3183 = ORIENTED_EDGE ( 'NONE', *, *, #3046, .T. ) ;
#3184 = EDGE_CURVE ( 'NONE', #303, #3494, #2204, .T. ) ;
#3185 = CIRCLE ( 'NONE', #3118, 2.500000000000000000 ) ;
#3186 = LINE ( 'NONE', #3475, #988 ) ;
#3187 = CARTESIAN_POINT ( 'NONE',  ( -87.76542981762793261, -17.80828522557905913, 4.383884605094996445 ) ) ;
#3188 = CARTESIAN_POINT ( 'NONE',  ( -75.71255325187549090, -21.69216581321115100, 1.572823936353360041 ) ) ;
#3189 = CARTESIAN_POINT ( 'NONE',  ( -50.88886139999549130, -29.46993087615694762, 0.2778437973717141629 ) ) ;
#3190 = CARTESIAN_POINT ( 'NONE',  ( -85.66460565264095806, -0.06050586546625484619, 2.673166586802083078 ) ) ;
#3191 = CARTESIAN_POINT ( 'NONE',  ( -23.99999999999999289, 0.000000000000000000, -1.999999999999995781 ) ) ;
#3192 = ORIENTED_EDGE ( 'NONE', *, *, #545, .T. ) ;
#3193 = CARTESIAN_POINT ( 'NONE',  ( -55.93954188341501066, -8.539889883410948457, 1.535572554002095913 ) ) ;
#3194 = B_SPLINE_SURFACE_WITH_KNOTS ( 'NONE', 1, 3, ( 
 ( #3445, #3901, #789, #4113 ),
 ( #138, #4253, #2164, #4189 ) ),
 .UNSPECIFIED., .F., .F., .F.,
 ( 2, 2 ),
 ( 4, 4 ),
 ( 0.000000000000000000, 1.000000000000000000 ),
 ( 1.522220083442115346, 1.570796326794896558 ),
 .UNSPECIFIED. ) ;
#3195 = CARTESIAN_POINT ( 'NONE',  ( -25.08016709282689050, -12.47745538759544104, 3.032521838418580806 ) ) ;
#3196 = CARTESIAN_POINT ( 'NONE',  ( -100.4132827256848941, -0.7775052370289153858, -5.799857030906565569 ) ) ;
#3197 = ORIENTED_EDGE ( 'NONE', *, *, #1099, .T. ) ;
#3198 = CARTESIAN_POINT ( 'NONE',  ( -104.9900036240855457, -1.526170134616580354, -1.136629189899721393 ) ) ;
#3199 = CARTESIAN_POINT ( 'NONE',  ( -100.4521490108969175, -1.109684624667650388, -6.127780891717153899 ) ) ;
#3200 = CARTESIAN_POINT ( 'NONE',  ( -28.74277245362299738, -12.84278413068026481, 1.672749249902733659 ) ) ;
#3201 = CARTESIAN_POINT ( 'NONE',  ( -61.70436274773319951, -11.44897771107199169, 3.776235130157922004 ) ) ;
#3202 = CONICAL_SURFACE ( 'NONE', #3912, 0.4976308813101296691, 0.7830567841858433464 ) ;
#3203 = ORIENTED_EDGE ( 'NONE', *, *, #3412, .T. ) ;
#3204 = VERTEX_POINT ( 'NONE', #3810 ) ;
#3205 = EDGE_CURVE ( 'NONE', #1659, #2493, #718, .T. ) ;
#3206 = APPLICATION_PROTOCOL_DEFINITION ( 'draft international standard', 'automotive_design', 1998, #851 ) ;
#3207 = CYLINDRICAL_SURFACE ( 'NONE', #3991, 1.000000000000000888 ) ;
#3208 = CARTESIAN_POINT ( 'NONE',  ( -69.32983734146415600, -23.75712874842725597, 3.208494910461777039 ) ) ;
#3209 = VECTOR ( 'NONE', #92, 1000.000000000000114 ) ;
#3210 = EDGE_CURVE ( 'NONE', #1790, #393, #385, .T. ) ;
#3211 = DIRECTION ( 'NONE',  ( -0.000000000000000000, 1.000000000000000000, -0.000000000000000000 ) ) ;
#3212 = CIRCLE ( 'NONE', #198, 0.5000000000000012212 ) ;
#3213 = CARTESIAN_POINT ( 'NONE',  ( -101.9830723623276185, -15.00000000000000000, -5.566874950121314392 ) ) ;
#3214 = DIRECTION ( 'NONE',  ( -4.625929269271483942E-16, 0.000000000000000000, -1.000000000000000000 ) ) ;
#3215 = EDGE_LOOP ( 'NONE', ( #65, #451, #3313, #1886, #1682 ) ) ;
#3216 = VECTOR ( 'NONE', #4172, 1000.000000000000000 ) ;
#3217 = FILL_AREA_STYLE_COLOUR ( '', #1776 ) ;
#3218 = CARTESIAN_POINT ( 'NONE',  ( -104.6827133404468526, -12.60808536278590175, -2.657336252571308233 ) ) ;
#3219 = CARTESIAN_POINT ( 'NONE',  ( -42.55799999999999272, 0.000000000000000000, 44.50000000000000711 ) ) ;
#3220 = VERTEX_POINT ( 'NONE', #2613 ) ;
#3221 = CARTESIAN_POINT ( 'NONE',  ( -87.91651609038791548, -17.78518475324831982, 4.433681606271727915 ) ) ;
#3222 = LINE ( 'NONE', #3909, #2686 ) ;
#3223 = CARTESIAN_POINT ( 'NONE',  ( -104.9899999999999949, -2.000000000000000000, 1.835967299967364408 ) ) ;
#3224 = CARTESIAN_POINT ( 'NONE',  ( -59.91090194426966065, -12.60054318588417921, 2.507221700845478463 ) ) ;
#3225 = EDGE_LOOP ( 'NONE', ( #901, #1134, #2268, #2311 ) ) ;
#3226 = ORIENTED_EDGE ( 'NONE', *, *, #1315, .F. ) ;
#3227 = CARTESIAN_POINT ( 'NONE',  ( -65.97024313433283282, -25.30678787970949628, 4.484764829063732527 ) ) ;
#3228 = CARTESIAN_POINT ( 'NONE',  ( -84.44887824246727348, -0.5001965906629527447, -7.483420593874092752 ) ) ;
#3229 = DIRECTION ( 'NONE',  ( -0.000000000000000000, -1.000000000000000000, -0.000000000000000000 ) ) ;
#3230 = B_SPLINE_SURFACE_WITH_KNOTS ( 'NONE', 1, 3, ( 
 ( #2284, #3955, #3288, #3645, #168, #861 ),
 ( #549, #3618, #2914, #4266, #2240, #3595 ) ),
 .UNSPECIFIED., .F., .F., .F.,
 ( 2, 2 ),
 ( 4, 2, 4 ),
 ( 0.000000000000000000, 1.000000000000000000 ),
 ( 5.001493090002329112, 5.105375826344811685, 5.209258562687293370 ),
 .UNSPECIFIED. ) ;
#3231 = FACE_OUTER_BOUND ( 'NONE', #1535, .T. ) ;
#3232 = CARTESIAN_POINT ( 'NONE',  ( -64.36969411118725759, 0.000000000000000000, 4.000000000000012434 ) ) ;
#3233 = ADVANCED_FACE ( 'NONE', ( #3285 ), #2473, .F. ) ;
#3234 = CARTESIAN_POINT ( 'NONE',  ( -88.28418398719996674, -0.1717269587056674540, 4.466320967358239358 ) ) ;
#3235 = ORIENTED_EDGE ( 'NONE', *, *, #3729, .F. ) ;
#3236 = CARTESIAN_POINT ( 'NONE',  ( -30.38647084901467110, -10.20133243568054660, 1.177328338674122232 ) ) ;
#3237 = CARTESIAN_POINT ( 'NONE',  ( -26.88671314447098837, -7.247592342980738955, 1.791033347232431794 ) ) ;
#3238 = EDGE_LOOP ( 'NONE', ( #1459, #856, #852, #1878 ) ) ;
#3239 = CARTESIAN_POINT ( 'NONE',  ( -87.80832599741624733, -17.80171828170766446, 4.396708823564575930 ) ) ;
#3240 = CARTESIAN_POINT ( 'NONE',  ( -60.83965293645086803, -26.30318079277670407, 3.380875875743355685 ) ) ;
#3241 = DIRECTION ( 'NONE',  ( -1.000000000000000000, 0.000000000000000000, 0.000000000000000000 ) ) ;
#3242 = CARTESIAN_POINT ( 'NONE',  ( -21.50000000000000000, -21.29289321881342545, -8.999999999999996447 ) ) ;
#3243 = ORIENTED_EDGE ( 'NONE', *, *, #3402, .T. ) ;
#3244 = ORIENTED_EDGE ( 'NONE', *, *, #1199, .T. ) ;
#3245 = FACE_OUTER_BOUND ( 'NONE', #256, .T. ) ;
#3246 = CARTESIAN_POINT ( 'NONE',  ( -23.99999999999999645, -13.34999999999999964, -8.999999999999996447 ) ) ;
#3247 = CIRCLE ( 'NONE', #4173, 17.00405833911423059 ) ;
#3248 = FACE_OUTER_BOUND ( 'NONE', #2517, .T. ) ;
#3249 = CARTESIAN_POINT ( 'NONE',  ( -27.53101297611044629, -6.763735217301707792, 2.082599547129072803 ) ) ;
#3250 = CARTESIAN_POINT ( 'NONE',  ( -86.99000000000000909, -0.1249392318910989563, -3.499999999999994671 ) ) ;
#3251 = VERTEX_POINT ( 'NONE', #4244 ) ;
#3252 = B_SPLINE_CURVE_WITH_KNOTS ( 'NONE', 3,
 ( #3969, #3928, #1913, #4240, #900, #3636, #568, #3302, #1515, #4260, #2973, #1259, #2189, #1171, #3906, #3237, #163, #1533, #2908, #1193, #1667, #4348, #609, #636, #2027, #2679, #1328, #587, #2751, #294, #2704, #3036 ),
 .UNSPECIFIED., .F., .F.,
 ( 4, 2, 2, 2, 2, 2, 2, 2, 2, 2, 2, 2, 2, 2, 2, 4 ),
 ( 0.009621898606286625327, 0.01015524489642155234, 0.01068859118655647936, 0.01122193747669140637, 0.01175528376682633339, 0.01228863005696126040, 0.01282197634709618742, 0.01335532263723111790, 0.01388866892736604491, 0.01442201521750097366, 0.01495536150763590241, 0.01602205408790575991, 0.01655540037804069040, 0.01708874666817562088, 0.01762209295831055136, 0.01815543924844548185 ),
 .UNSPECIFIED. ) ;
#3253 = CARTESIAN_POINT ( 'NONE',  ( -57.23843975706375176, -7.162203034069438701, 1.961551630175114580 ) ) ;
#3254 = EDGE_CURVE ( 'NONE', #918, #3204, #503, .T. ) ;
#3255 = CARTESIAN_POINT ( 'NONE',  ( -104.9899999999999949, -12.52814894056790074, -0.9283818807201814627 ) ) ;
#3256 = CARTESIAN_POINT ( 'NONE',  ( -84.33872373218586915, -0.1682423723965130735, 2.378648064290842523 ) ) ;
#3257 = VERTEX_POINT ( 'NONE', #3893 ) ;
#3258 = CARTESIAN_POINT ( 'NONE',  ( -104.4324909282908465, -0.9728969824156906698, -1.670805808900167611 ) ) ;
#3259 = EDGE_CURVE ( 'NONE', #3453, #930, #2872, .T. ) ;
#3260 = CARTESIAN_POINT ( 'NONE',  ( -96.99000000000000909, -0.6110841030627074399, -0.4999999999999986122 ) ) ;
#3261 = CARTESIAN_POINT ( 'NONE',  ( -57.85702630065346597, -27.25466919494077089, 2.180391130186661197 ) ) ;
#3262 = DIRECTION ( 'NONE',  ( 0.000000000000000000, 0.000000000000000000, -1.000000000000000000 ) ) ;
#3263 = CARTESIAN_POINT ( 'NONE',  ( -104.9899999999999949, -12.00000000000000000, 2.840000000000012736 ) ) ;
#3264 = ORIENTED_EDGE ( 'NONE', *, *, #1174, .F. ) ;
#3265 = ORIENTED_EDGE ( 'NONE', *, *, #77, .F. ) ;
#3266 = VECTOR ( 'NONE', #601, 1000.000000000000000 ) ;
#3267 = FACE_OUTER_BOUND ( 'NONE', #4307, .T. ) ;
#3268 = CARTESIAN_POINT ( 'NONE',  ( -79.99000000000000909, 1.000000000000000000, -2.499999999999995115 ) ) ;
#3269 = CARTESIAN_POINT ( 'NONE',  ( -88.22983912897892367, -17.73727893307404102, 4.471026118325863941 ) ) ;
#3270 = CARTESIAN_POINT ( 'NONE',  ( -27.13172094117697597, -7.247661610516749953, 1.685679289895552158 ) ) ;
#3271 = CARTESIAN_POINT ( 'NONE',  ( -104.3278297678061506, -13.20884775412421597, -0.9283818807201814627 ) ) ;
#3272 = VECTOR ( 'NONE', #1159, 1000.000000000000114 ) ;
#3273 = EDGE_CURVE ( 'NONE', #1900, #918, #3222, .T. ) ;
#3274 = EDGE_LOOP ( 'NONE', ( #2535, #1868, #295, #3853 ) ) ;
#3275 = DIRECTION ( 'NONE',  ( -7.575620348129778241E-17, 0.000000000000000000, -1.000000000000000000 ) ) ;
#3276 = DIRECTION ( 'NONE',  ( 0.000000000000000000, -1.000000000000000000, -0.000000000000000000 ) ) ;
#3277 = CIRCLE ( 'NONE', #3074, 0.4999999999999971689 ) ;
#3278 = CARTESIAN_POINT ( 'NONE',  ( -103.6146430248824544, -12.88586126864418091, -4.372596967540546942 ) ) ;
#3279 = EDGE_CURVE ( 'NONE', #1953, #2185, #3748, .T. ) ;
#3280 = DIRECTION ( 'NONE',  ( 0.000000000000000000, 0.000000000000000000, -1.000000000000000000 ) ) ;
#3281 = CONICAL_SURFACE ( 'NONE', #844, 45.51523517093628612, 0.7712425122245311071 ) ;
#3282 = EDGE_LOOP ( 'NONE', ( #3675, #3079, #2286, #2126, #1512 ) ) ;
#3283 = CARTESIAN_POINT ( 'NONE',  ( -87.88015818092736708, -17.79074152103425632, 4.422828082705708930 ) ) ;
#3284 = DIRECTION ( 'NONE',  ( -0.000000000000000000, -1.000000000000000000, 0.000000000000000000 ) ) ;
#3285 = FACE_OUTER_BOUND ( 'NONE', #526, .T. ) ;
#3286 = LINE ( 'NONE', #212, #263 ) ;
#3287 = EDGE_CURVE ( 'NONE', #3807, #3723, #106, .T. ) ;
#3288 = CARTESIAN_POINT ( 'NONE',  ( -26.76473856107452676, -26.33433162303419195, 2.333650734193893683 ) ) ;
#3289 = VERTEX_POINT ( 'NONE', #521 ) ;
#3290 = B_SPLINE_CURVE_WITH_KNOTS ( 'NONE', 3,
 ( #59, #2107, #2447, #2802, #374, #4157, #3449, #3426, #1022, #2821, #3785, #3828, #756, #1070, #438, #3808, #2127, #3489, #418, #1791, #3160 ),
 .UNSPECIFIED., .F., .F.,
 ( 4, 2, 2, 1, 2, 2, 2, 1, 1, 2, 2, 4 ),
 ( 0.000000000000000000, 0.2499999999996788125, 0.3749999999994858002, 0.4374999999994194089, 0.4687499999993551270, 0.4999999999992909006, 0.6249999999992544852, 0.6874999999992715827, 0.7187499999993108846, 0.7343749999993308686, 0.7499999999993508526, 1.000000000000000000 ),
 .UNSPECIFIED. ) ;
#3291 = ORIENTED_EDGE ( 'NONE', *, *, #2944, .F. ) ;
#3292 = B_SPLINE_SURFACE_WITH_KNOTS ( 'NONE', 1, 3, ( 
 ( #2508, #535, #2700, #246 ),
 ( #3013, #564, #4321, #1664 ) ),
 .UNSPECIFIED., .F., .F., .F.,
 ( 2, 2 ),
 ( 4, 4 ),
 ( 0.000000000000000000, 1.000000000000000000 ),
 ( 1.992157118340146083, 2.142006486621469197 ),
 .UNSPECIFIED. ) ;
#3293 = CARTESIAN_POINT ( 'NONE',  ( -93.46519856249854286, -2.000000000000000000, 9.133125049878918489 ) ) ;
#3294 = CARTESIAN_POINT ( 'NONE',  ( -66.36358403214866541, -24.71678581524510321, 4.833333333333341919 ) ) ;
#3295 = FACE_OUTER_BOUND ( 'NONE', #1586, .T. ) ;
#3296 = CARTESIAN_POINT ( 'NONE',  ( -25.73724427626860134, -7.061357095833561637, 2.760319862219330123 ) ) ;
#3297 = CARTESIAN_POINT ( 'NONE',  ( -56.07622279577765312, -11.70787006331927671, 1.578272536210084454 ) ) ;
#3298 = VERTEX_POINT ( 'NONE', #1875 ) ;
#3299 = FACE_OUTER_BOUND ( 'NONE', #2106, .T. ) ;
#3300 = CARTESIAN_POINT ( 'NONE',  ( -102.9899999999999807, -0.9027710257656725856, -0.4999999999999975020 ) ) ;
#3301 = DIRECTION ( 'NONE',  ( 0.000000000000000000, 1.000000000000000000, 0.000000000000000000 ) ) ;
#3302 = CARTESIAN_POINT ( 'NONE',  ( -25.12038605014284443, -7.985764656626275659, 2.617236021583886796 ) ) ;
#3303 = ORIENTED_EDGE ( 'NONE', *, *, #2278, .T. ) ;
#3304 = CARTESIAN_POINT ( 'NONE',  ( -88.34259105563100434, -18.25057424961543973, 3.958499339635700665 ) ) ;
#3305 = CARTESIAN_POINT ( 'NONE',  ( -29.56066017177985827, -29.35355339059326951, -8.999999999999996447 ) ) ;
#3306 = CARTESIAN_POINT ( 'NONE',  ( -64.36969411118725759, -30.00000000000000000, 5.000000000000011546 ) ) ;
#3307 = CARTESIAN_POINT ( 'NONE',  ( -104.4905897968646542, -0.9757214291134931328, -0.9283818807201918988 ) ) ;
#3308 = ORIENTED_EDGE ( 'NONE', *, *, #2278, .F. ) ;
#3309 = ORIENTED_EDGE ( 'NONE', *, *, #1811, .T. ) ;
#3310 = FACE_OUTER_BOUND ( 'NONE', #4096, .T. ) ;
#3311 = CARTESIAN_POINT ( 'NONE',  ( -62.14038876332937633, -4.787917008038014011, -9.137917008038018096 ) ) ;
#3312 = EDGE_CURVE ( 'NONE', #2001, #675, #1177, .T. ) ;
#3313 = ORIENTED_EDGE ( 'NONE', *, *, #2144, .F. ) ;
#3314 = DIRECTION ( 'NONE',  ( -1.000000000000000000, 0.000000000000000000, 0.000000000000000000 ) ) ;
#3315 = EDGE_CURVE ( 'NONE', #2995, #507, #1800, .T. ) ;
#3316 = CARTESIAN_POINT ( 'NONE',  ( -29.21974469776078820, -8.363517653985047318, 1.519406857926622223 ) ) ;
#3317 = ORIENTED_EDGE ( 'NONE', *, *, #3891, .F. ) ;
#3318 = FACE_BOUND ( 'NONE', #1114, .T. ) ;
#3319 = CARTESIAN_POINT ( 'NONE',  ( -57.42499932994961398, -7.064271714207038144, 2.026318721155578650 ) ) ;
#3320 = CARTESIAN_POINT ( 'NONE',  ( -102.4355381593809682, -0.8758161477579424758, -4.691979387968045145 ) ) ;
#3321 = CARTESIAN_POINT ( 'NONE',  ( -56.79296521563867373, -8.350196077694880259, 1.153799750604130425 ) ) ;
#3322 = ORIENTED_EDGE ( 'NONE', *, *, #3083, .T. ) ;
#3323 = FACE_OUTER_BOUND ( 'NONE', #1931, .T. ) ;
#3324 = CARTESIAN_POINT ( 'NONE',  ( -24.29244198179857506, -8.537872468953422000, 3.373638421211857974 ) ) ;
#3325 = CARTESIAN_POINT ( 'NONE',  ( -53.28634621385935333, -28.71276182612214356, 0.7841471434364265525 ) ) ;
#3326 = DIRECTION ( 'NONE',  ( -0.3899517392789328962, -0.7087604465928987185, 0.5878743661521310671 ) ) ;
#3327 = CYLINDRICAL_SURFACE ( 'NONE', #2074, 2.749999999999999112 ) ;
#3328 = ORIENTED_EDGE ( 'NONE', *, *, #29, .F. ) ;
#3329 = EDGE_LOOP ( 'NONE', ( #643, #214, #1566, #951 ) ) ;
#3330 = DIRECTION ( 'NONE',  ( 1.000000000000000000, 0.000000000000000000, -8.163404592832032733E-17 ) ) ;
#3331 = CARTESIAN_POINT ( 'NONE',  ( -25.25305133270796176, -12.61624556890320825, 2.959979582651646179 ) ) ;
#3332 = VERTEX_POINT ( 'NONE', #253 ) ;
#3333 = VECTOR ( 'NONE', #4068, 1000.000000000000000 ) ;
#3334 = EDGE_CURVE ( 'NONE', #4174, #2671, #1360, .T. ) ;
#3335 = CARTESIAN_POINT ( 'NONE',  ( -99.99059450632407220, -14.22383279638617104, -6.159488135217986660 ) ) ;
#3336 = DIRECTION ( 'NONE',  ( -0.000000000000000000, 1.000000000000000000, -0.000000000000000000 ) ) ;
#3337 = B_SPLINE_CURVE_WITH_KNOTS ( 'NONE', 3,
 ( #713, #3524, #2083, #453, #1383, #371, #3114, #34, #1067, #2444, #732, #2104, #1192, #3278, #1170, #205, #1578, #2951, #499, #4220, #2566, #1154, #3588, #1871, #143, #1514, #3218, #2545, #4299, #4239, #1890, #1851, #3255 ),
 .UNSPECIFIED., .F., .F.,
 ( 4, 2, 1, 2, 2, 2, 1, 2, 2, 2, 2, 1, 2, 2, 2, 2, 2, 4 ),
 ( 0.000000000000000000, 0.06250000000002232936, 0.09375000000003338996, 0.1093750000000358463, 0.1250000000000382749, 0.1875000000000420219, 0.2187500000000409950, 0.2343750000000405509, 0.2500000000000400791, 0.3750000000000298095, 0.4375000000000222600, 0.4687500000000182632, 0.4843750000000182632, 0.5000000000000183187, 0.6250000000000133227, 0.6875000000000107692, 0.7500000000000082157, 1.000000000000000000 ),
 .UNSPECIFIED. ) ;
#3338 = CARTESIAN_POINT ( 'NONE',  ( -26.61128628559971432, -7.271960312921024183, 1.911967834131884203 ) ) ;
#3339 = EDGE_CURVE ( 'NONE', #1293, #1542, #1396, .T. ) ;
#3340 = ORIENTED_EDGE ( 'NONE', *, *, #1787, .T. ) ;
#3341 = VECTOR ( 'NONE', #4326, 1000.000000000000000 ) ;
#3342 = EDGE_CURVE ( 'NONE', #2884, #399, #1310, .T. ) ;
#3343 = DIRECTION ( 'NONE',  ( -0.04855714177300607393, 0.9988204062707350950, 0.000000000000000000 ) ) ;
#3344 = DIRECTION ( 'NONE',  ( 0.6487137194240624183, -0.6668657660514494268, -0.3666886421742734936 ) ) ;
#3345 = AXIS2_PLACEMENT_3D ( 'NONE', #1280, #2653, #2249 ) ;
#3346 = CARTESIAN_POINT ( 'NONE',  ( -57.29018944463757634, -12.86649815608372727, 1.979443351293421083 ) ) ;
#3347 = CARTESIAN_POINT ( 'NONE',  ( -29.72878669534976837, -29.33231713169000798, 1.367514725165837275 ) ) ;
#3348 = VERTEX_POINT ( 'NONE', #2661 ) ;
#3349 = CARTESIAN_POINT ( 'NONE',  ( -23.99999999999999645, -6.649999999999999467, -8.500000000000008882 ) ) ;
#3350 = DIRECTION ( 'NONE',  ( 0.000000000000000000, 0.000000000000000000, -1.000000000000000000 ) ) ;
#3351 = CARTESIAN_POINT ( 'NONE',  ( -50.98096127518919474, -29.44820300218995968, 0.2953201192830365307 ) ) ;
#3352 = VECTOR ( 'NONE', #3103, 1000.000000000000000 ) ;
#3353 = VECTOR ( 'NONE', #361, 999.9999999999998863 ) ;
#3354 = CARTESIAN_POINT ( 'NONE',  ( -104.7190674540764377, -12.59861487465373386, -2.565234945778009923 ) ) ;
#3355 = CARTESIAN_POINT ( 'NONE',  ( -84.42809126197084879, -0.0003933525508372132150, -6.984790392031069217 ) ) ;
#3356 = ORIENTED_EDGE ( 'NONE', *, *, #2358, .F. ) ;
#3357 = VERTEX_POINT ( 'NONE', #2396 ) ;
#3358 = CIRCLE ( 'NONE', #2218, 45.00000000000000711 ) ;
#3359 = DIRECTION ( 'NONE',  ( -0.1922005105507149925, 0.9796093145771651578, 0.05851969358858198633 ) ) ;
#3360 = CARTESIAN_POINT ( 'NONE',  ( -23.95803823428492407, -10.23892141427974067, 3.523892030231797978 ) ) ;
#3361 = VERTEX_POINT ( 'NONE', #3661 ) ;
#3362 = CARTESIAN_POINT ( 'NONE',  ( -89.98999999999999488, 0.000000000000000000, -0.4999999999999997780 ) ) ;
#3363 = DIRECTION ( 'NONE',  ( 0.1953969246603765308, -0.9791692409272283459, 0.05520542958136419320 ) ) ;
#3364 = CARTESIAN_POINT ( 'NONE',  ( -78.15238972935648576, -20.90282449262234721, 1.513108034035619998 ) ) ;
#3365 = EDGE_LOOP ( 'NONE', ( #1297, #3070 ) ) ;
#3366 = CARTESIAN_POINT ( 'NONE',  ( -77.41899999999999693, -30.00000000000000000, 21.50000000000000711 ) ) ;
#3367 = CARTESIAN_POINT ( 'NONE',  ( -29.25317589749689162, -29.75107542910666325, 0.8672247407249105144 ) ) ;
#3368 = B_SPLINE_CURVE_WITH_KNOTS ( 'NONE', 3,
 ( #3176, #1068, #2869, #3487 ),
 .UNSPECIFIED., .F., .F.,
 ( 4, 4 ),
 ( 0.000000000000000000, 1.000000000000000000 ),
 .UNSPECIFIED. ) ;
#3369 = CARTESIAN_POINT ( 'NONE',  ( -61.23553678181870197, -12.15351467002637165, 3.558878621295376465 ) ) ;
#3370 = B_SPLINE_CURVE_WITH_KNOTS ( 'NONE', 3,
 ( #1546, #3335, #1228, #1951 ),
 .UNSPECIFIED., .F., .F.,
 ( 4, 4 ),
 ( 0.000000000000000000, 1.000000000000000000 ),
 .UNSPECIFIED. ) ;
#3371 = CARTESIAN_POINT ( 'NONE',  ( -104.4905897968646542, -0.9757214291134931328, -0.9283818807201918988 ) ) ;
#3372 = ADVANCED_FACE ( 'NONE', ( #1939 ), #2347, .F. ) ;
#3373 = ORIENTED_EDGE ( 'NONE', *, *, #3752, .F. ) ;
#3374 = DIRECTION ( 'NONE',  ( 0.2750335290657003329, 0.6546980727619264862, -0.7040788247145954859 ) ) ;
#3375 = CARTESIAN_POINT ( 'NONE',  ( -57.54963533482950311, -12.34255103771253737, 1.449243215216597269 ) ) ;
#3376 = PLANE ( 'NONE',  #3629 ) ;
#3377 = LINE ( 'NONE', #3095, #914 ) ;
#3378 = ORIENTED_EDGE ( 'NONE', *, *, #3083, .F. ) ;
#3379 = EDGE_LOOP ( 'NONE', ( #1970, #618, #4009, #2485, #966, #2338, #2820, #3183 ) ) ;
#3380 = DIRECTION ( 'NONE',  ( 0.000000000000000000, 0.000000000000000000, -1.000000000000000000 ) ) ;
#3381 = CARTESIAN_POINT ( 'NONE',  ( -24.07105309749086075, -10.88698288688050475, 3.472750142125599737 ) ) ;
#3382 = CARTESIAN_POINT ( 'NONE',  ( -55.58494043994217293, -10.25573273100498639, 1.426709342714191253 ) ) ;
#3383 = EDGE_LOOP ( 'NONE', ( #3303, #3055, #1663, #3122 ) ) ;
#3384 = CARTESIAN_POINT ( 'NONE',  ( -21.50000000000000000, -30.00000000000000000, -8.500000000000008882 ) ) ;
#3385 = LINE ( 'NONE', #1997, #1427 ) ;
#3386 = CARTESIAN_POINT ( 'NONE',  ( -83.96926073070932262, -19.02092709987483232, 2.603042866058511429 ) ) ;
#3387 = ORIENTED_EDGE ( 'NONE', *, *, #1869, .F. ) ;
#3388 = CARTESIAN_POINT ( 'NONE',  ( -84.41722301323717659, -18.87600145827640219, 2.763976259252561629 ) ) ;
#3389 = CARTESIAN_POINT ( 'NONE',  ( -69.99000000000000909, 1.000000000000000000, -1.500000000000008882 ) ) ;
#3390 = CARTESIAN_POINT ( 'NONE',  ( -26.55113051518714329, -27.05113051518711487, 1.663619669932548506 ) ) ;
#3391 = CARTESIAN_POINT ( 'NONE',  ( -61.10935930794814652, -8.227629612046914787, 3.126785526371928636 ) ) ;
#3392 = ORIENTED_EDGE ( 'NONE', *, *, #1034, .T. ) ;
#3393 = CARTESIAN_POINT ( 'NONE',  ( -59.69919328413527637, -7.329237345438620821, 2.891945622084449496 ) ) ;
#3394 = EDGE_CURVE ( 'NONE', #1630, #4192, #113, .T. ) ;
#3395 = CARTESIAN_POINT ( 'NONE',  ( 0.000000000000000000, -30.00000000000000000, 0.000000000000000000 ) ) ;
#3396 = CARTESIAN_POINT ( 'NONE',  ( -56.26704805254069441, -10.35425813433322695, 0.9604666115920625913 ) ) ;
#3397 = VECTOR ( 'NONE', #3284, 1000.000000000000000 ) ;
#3398 = CARTESIAN_POINT ( 'NONE',  ( -104.9899999999999949, -12.52814894056982276, -0.9283818807201823509 ) ) ;
#3399 = CARTESIAN_POINT ( 'NONE',  ( -24.51432246108046797, -11.18903713258412047, 2.928746794026970246 ) ) ;
#3400 = ORIENTED_EDGE ( 'NONE', *, *, #4075, .T. ) ;
#3401 = ORIENTED_EDGE ( 'NONE', *, *, #2229, .F. ) ;
#3402 = EDGE_CURVE ( 'NONE', #3666, #285, #957, .T. ) ;
#3403 = CARTESIAN_POINT ( 'NONE',  ( -102.6932524404071216, -1.426264695618382428, -5.134618469814157038 ) ) ;
#3404 = CARTESIAN_POINT ( 'NONE',  ( -24.27321757834695148, -10.40709706914031152, 3.381005975093706706 ) ) ;
#3405 = CARTESIAN_POINT ( 'NONE',  ( -56.41060965271314132, -10.94427917370893510, 1.012235305100485316 ) ) ;
#3406 = EDGE_LOOP ( 'NONE', ( #4084, #3986, #580, #695 ) ) ;
#3407 = CARTESIAN_POINT ( 'NONE',  ( -29.38692226560516829, -29.85031307926632493, 0.8486133218174094495 ) ) ;
#3408 = LINE ( 'NONE', #2020, #3353 ) ;
#3409 = CARTESIAN_POINT ( 'NONE',  ( -76.96179533781898385, -21.28800802506654222, 1.505224554636683143 ) ) ;
#3410 = DIRECTION ( 'NONE',  ( 8.163404592832033966E-17, 0.000000000000000000, 1.000000000000000000 ) ) ;
#3411 = PLANE ( 'NONE',  #2265 ) ;
#3412 = EDGE_CURVE ( 'NONE', #3723, #3453, #3539, .T. ) ;
#3413 = CARTESIAN_POINT ( 'NONE',  ( -86.84221190240461397, -0.1177545893244791031, 3.232547010124458442 ) ) ;
#3414 = CIRCLE ( 'NONE', #1984, 0.4999999999999971689 ) ;
#3415 = CARTESIAN_POINT ( 'NONE',  ( -57.14124493385025261, -7.966069751249365893, 1.287228550284209572 ) ) ;
#3416 = VERTEX_POINT ( 'NONE', #591 ) ;
#3417 = CARTESIAN_POINT ( 'NONE',  ( -56.57183942459636938, -8.693336461713546015, 1.734010598473871845 ) ) ;
#3418 = CIRCLE ( 'NONE', #1419, 1.500000000000001332 ) ;
#3419 = CARTESIAN_POINT ( 'NONE',  ( -69.99000000000000909, 0.000000000000000000, -2.000000000000006217 ) ) ;
#3420 = DIRECTION ( 'NONE',  ( 0.000000000000000000, 1.000000000000000000, 0.000000000000000000 ) ) ;
#3421 = ADVANCED_FACE ( 'NONE', ( #3862 ), #3829, .T. ) ;
#3422 = LINE ( 'NONE', #1651, #266 ) ;
#3423 = CARTESIAN_POINT ( 'NONE',  ( -63.98315745978086255, -25.93351248949397103, -8.499999999999992895 ) ) ;
#3424 = AXIS2_PLACEMENT_3D ( 'NONE', #767, #4167, #2439 ) ;
#3425 = ORIENTED_EDGE ( 'NONE', *, *, #2025, .F. ) ;
#3426 = CARTESIAN_POINT ( 'NONE',  ( -66.12501466611243472, -24.75326272113198911, 4.949379709616358980 ) ) ;
#3427 = AXIS2_PLACEMENT_3D ( 'NONE', #2019, #1710, #2764 ) ;
#3428 = AXIS2_PLACEMENT_3D ( 'NONE', #2578, #4250, #239 ) ;
#3429 = AXIS2_PLACEMENT_3D ( 'NONE', #2688, #688, #2057 ) ;
#3430 = CARTESIAN_POINT ( 'NONE',  ( -61.75000000000000000, -10.00000000000000000, 17.00000000000000000 ) ) ;
#3431 = EDGE_CURVE ( 'NONE', #1606, #4074, #4391, .T. ) ;
#3432 = CARTESIAN_POINT ( 'NONE',  ( -26.99999999999999645, -10.00000000000000000, -2.000000000000000000 ) ) ;
#3433 = CARTESIAN_POINT ( 'NONE',  ( -56.35274360452614673, -10.76808212609779147, 0.9913207039208578042 ) ) ;
#3434 = VERTEX_POINT ( 'NONE', #1526 ) ;
#3435 = DIRECTION ( 'NONE',  ( -0.000000000000000000, 1.000000000000000000, -0.000000000000000000 ) ) ;
#3436 = CYLINDRICAL_SURFACE ( 'NONE', #60, 1.000000000000000000 ) ;
#3437 = CARTESIAN_POINT ( 'NONE',  ( -81.35022812874878184, -19.86824697832274111, 1.890004200703284010 ) ) ;
#3438 = DIRECTION ( 'NONE',  ( -1.000000000000000000, 0.000000000000000000, 0.000000000000000000 ) ) ;
#3439 = CARTESIAN_POINT ( 'NONE',  ( -69.99000000000000909, 1.000000000000000000, -2.000000000000006217 ) ) ;
#3440 = B_SPLINE_CURVE_WITH_KNOTS ( 'NONE', 3,
 ( #3135, #4114, #3465, #55, #3486, #1087, #752, #1788, #3156, #1829, #2463, #3195, #76, #2124, #1430, #4154, #1745, #1451, #2798, #2755, #4171, #1107, #1805, #3845, #4134, #793, #774, #2151, #2775, #2420, #3507, #391 ),
 .UNSPECIFIED., .F., .F.,
 ( 4, 2, 2, 2, 2, 2, 2, 2, 2, 2, 2, 2, 2, 2, 2, 4 ),
 ( 0.009914537230808651014, 0.01057476466504457362, 0.01123499209928049448, 0.01189521953351641709, 0.01255544696775233796, 0.01321567440198826056, 0.01387590183622418316, 0.01519635670469602663, 0.01585658413893194923, 0.01651681157316787010, 0.01717703900740379097, 0.01783726644163971531, 0.01849749387587563618, 0.01915772131011155704, 0.01981794874434748138, 0.02047817617858340225 ),
 .UNSPECIFIED. ) ;
#3441 = CARTESIAN_POINT ( 'NONE',  ( -50.93603867816828767, -29.49999999999999645, -8.999999999999994671 ) ) ;
#3442 = CYLINDRICAL_SURFACE ( 'NONE', #1064, 1.499999999999996891 ) ;
#3443 = VERTEX_POINT ( 'NONE', #1509 ) ;
#3444 = CARTESIAN_POINT ( 'NONE',  ( -61.14487949559689639, -8.269568747847049650, 3.146075345308312787 ) ) ;
#3445 = CARTESIAN_POINT ( 'NONE',  ( -84.45696632326962572, -0.5005897968646186857, -7.482820745968771448 ) ) ;
#3446 = DIRECTION ( 'NONE',  ( -1.000000000000000000, 0.000000000000000000, 0.000000000000000000 ) ) ;
#3447 = LINE ( 'NONE', #1766, #134 ) ;
#3448 = ORIENTED_EDGE ( 'NONE', *, *, #2062, .T. ) ;
#3449 = CARTESIAN_POINT ( 'NONE',  ( -66.14385228971249830, -24.75038413851216390, 4.943074359550833741 ) ) ;
#3450 = CARTESIAN_POINT ( 'NONE',  ( -64.29926439942920524, -25.83381271261045597, 4.426803816893065679 ) ) ;
#3451 = CARTESIAN_POINT ( 'NONE',  ( -27.68482608727751426, -12.66910925159277213, 1.456146560718201366 ) ) ;
#3452 = CARTESIAN_POINT ( 'NONE',  ( -87.92781676809751445, -0.6821913890922716162, 4.436853870028423685 ) ) ;
#3453 = VERTEX_POINT ( 'NONE', #2834 ) ;
#3454 = CARTESIAN_POINT ( 'NONE',  ( -29.72878669534976837, -29.33231713169000798, 1.367514725165839939 ) ) ;
#3455 = LINE ( 'NONE', #3124, #559 ) ;
#3456 = CARTESIAN_POINT ( 'NONE',  ( -77.67945191522717607, -21.05582973165681437, 1.501692636995595631 ) ) ;
#3457 = EDGE_CURVE ( 'NONE', #1027, #1504, #3469, .T. ) ;
#3458 = LINE ( 'NONE', #2745, #1196 ) ;
#3459 = CARTESIAN_POINT ( 'NONE',  ( -87.95662649225438656, -0.1719312830459078512, 3.898253459400119247 ) ) ;
#3460 = EDGE_CURVE ( 'NONE', #2705, #2177, #171, .T. ) ;
#3461 = CARTESIAN_POINT ( 'NONE',  ( -101.5275659767178809, -14.09204783665669147, -4.979526900518854937 ) ) ;
#3462 = PLANE ( 'NONE',  #3500 ) ;
#3463 = ORIENTED_EDGE ( 'NONE', *, *, #544, .F. ) ;
#3464 = CARTESIAN_POINT ( 'NONE',  ( -57.65244079331716165, -7.596010949145513891, 1.490929748852481751 ) ) ;
#3465 = CARTESIAN_POINT ( 'NONE',  ( -23.95567227325823723, -9.797508263734682643, 3.524966083374379888 ) ) ;
#3466 = LINE ( 'NONE', #733, #1498 ) ;
#3467 = ORIENTED_EDGE ( 'NONE', *, *, #768, .F. ) ;
#3468 = EDGE_LOOP ( 'NONE', ( #2984, #2729 ) ) ;
#3469 = CIRCLE ( 'NONE', #528, 0.4976308813101288364 ) ;
#3470 = PLANE ( 'NONE',  #1172 ) ;
#3471 = CARTESIAN_POINT ( 'NONE',  ( -26.80926188684092537, -12.75427155897361864, 2.345332122374335082 ) ) ;
#3472 = CARTESIAN_POINT ( 'NONE',  ( -61.69312044193318201, -10.55718125076159986, 3.769865270962964754 ) ) ;
#3473 = ORIENTED_EDGE ( 'NONE', *, *, #1479, .T. ) ;
#3474 = ORIENTED_EDGE ( 'NONE', *, *, #3816, .T. ) ;
#3475 = CARTESIAN_POINT ( 'NONE',  ( -84.96519856249861391, -12.00000000000000000, -1.066874950121532439 ) ) ;
#3476 = CARTESIAN_POINT ( 'NONE',  ( -75.04638783606959862, -21.90768345311930787, 1.639850067358909147 ) ) ;
#3477 = EDGE_CURVE ( 'NONE', #2931, #3361, #348, .T. ) ;
#3478 = CARTESIAN_POINT ( 'NONE',  ( -85.27901816148528269, -18.59718689569288586, 3.109214006829153387 ) ) ;
#3479 = CARTESIAN_POINT ( 'NONE',  ( -51.23683130670845998, -29.95368956931272919, -0.2108088983730702082 ) ) ;
#3480 = ADVANCED_FACE ( 'NONE', ( #370 ), #3194, .T. ) ;
#3481 = CARTESIAN_POINT ( 'NONE',  ( -99.55725644540207497, -14.71348628006564496, -5.861662529731708204 ) ) ;
#3482 = ADVANCED_FACE ( 'NONE', ( #2082 ), #686, .F. ) ;
#3483 = PLANE ( 'NONE',  #1998 ) ;
#3484 = EDGE_LOOP ( 'NONE', ( #3763, #878, #2796, #2196 ) ) ;
#3485 = CARTESIAN_POINT ( 'NONE',  ( -61.32632068971020800, -7.954944883534635913, 3.600514077450859052 ) ) ;
#3486 = CARTESIAN_POINT ( 'NONE',  ( -23.98032800990097968, -10.45027229243581068, 3.513752762392448492 ) ) ;
#3487 = CARTESIAN_POINT ( 'NONE',  ( -50.93603867816828767, -30.00000000000000000, -0.2375133481148164472 ) ) ;
#3488 = VERTEX_POINT ( 'NONE', #494 ) ;
#3489 = CARTESIAN_POINT ( 'NONE',  ( -65.95872580458866707, -24.77868657301524280, 4.989002537861074948 ) ) ;
#3490 = CARTESIAN_POINT ( 'NONE',  ( -86.03227698930857059, -18.35348929774416504, 3.425460909906668405 ) ) ;
#3491 = CARTESIAN_POINT ( 'NONE',  ( -29.49965263936222826, -11.16216524687243705, 1.432480463783532665 ) ) ;
#3492 = DIRECTION ( 'NONE',  ( -1.000000000000000000, 0.000000000000000000, 0.000000000000000000 ) ) ;
#3493 = ORIENTED_EDGE ( 'NONE', *, *, #2392, .F. ) ;
#3494 = VERTEX_POINT ( 'NONE', #157 ) ;
#3495 = DIRECTION ( 'NONE',  ( -6.146643160189322129E-16, 0.7054492393825616547, 0.7087604465928987185 ) ) ;
#3496 = TOROIDAL_SURFACE ( 'NONE', #2715, 0.4999999999999971689, 1.000000000000000000 ) ;
#3497 = CARTESIAN_POINT ( 'NONE',  ( -103.6858555364095338, -1.469441444232955973, -4.296076296387435711 ) ) ;
#3498 = CARTESIAN_POINT ( 'NONE',  ( -73.90644026950094769, -22.27648994403580929, 1.809310404669661310 ) ) ;
#3499 = VECTOR ( 'NONE', #3435, 1000.000000000000000 ) ;
#3500 = AXIS2_PLACEMENT_3D ( 'NONE', #2440, #3776, #2771 ) ;
#3501 = CARTESIAN_POINT ( 'NONE',  ( -64.04535090881471149, -25.30541890244987968, 4.949516165034275161 ) ) ;
#3502 = CARTESIAN_POINT ( 'NONE',  ( -89.98999999999999488, -0.2707826932425814181, -3.499999999999994227 ) ) ;
#3503 = LINE ( 'NONE', #3129, #708 ) ;
#3504 = ORIENTED_EDGE ( 'NONE', *, *, #1787, .F. ) ;
#3505 = CARTESIAN_POINT ( 'NONE',  ( -65.07468657267158108, -15.42970351746577506, -8.920296482534229909 ) ) ;
#3506 = EDGE_CURVE ( 'NONE', #2548, #443, #3757, .T. ) ;
#3507 = CARTESIAN_POINT ( 'NONE',  ( -30.28043534527876091, -10.85220444254333927, 1.207236493133070576 ) ) ;
#3508 = CARTESIAN_POINT ( 'NONE',  ( -104.5485531785374320, -12.98194814960608312, -0.9283818807201814627 ) ) ;
#3509 = ORIENTED_EDGE ( 'NONE', *, *, #1342, .T. ) ;
#3510 = DIRECTION ( 'NONE',  ( 0.000000000000000000, 1.000000000000000000, 0.000000000000000000 ) ) ;
#3511 = CARTESIAN_POINT ( 'NONE',  ( -75.17396778294715887, -22.40394337087009902, 1.103511716187693947 ) ) ;
#3512 = CARTESIAN_POINT ( 'NONE',  ( -21.49999999999999645, -34.16869888480329109, 0.1045694996615782746 ) ) ;
#3513 = LINE ( 'NONE', #2131, #2854 ) ;
#3514 = ORIENTED_EDGE ( 'NONE', *, *, #3940, .F. ) ;
#3515 = ORIENTED_EDGE ( 'NONE', *, *, #1502, .T. ) ;
#3516 = CARTESIAN_POINT ( 'NONE',  ( -21.49999999999999645, -30.00000000000000000, 0.5000000000000038858 ) ) ;
#3517 = CARTESIAN_POINT ( 'NONE',  ( -29.20710678118658166, -29.70710678118654613, -8.499999999999994671 ) ) ;
#3518 = CARTESIAN_POINT ( 'NONE',  ( -76.94787234457145075, -21.29251323317182809, 1.505549785976257215 ) ) ;
#3519 = DIRECTION ( 'NONE',  ( 1.000000000000000000, 0.000000000000000000, 3.083952846181140361E-15 ) ) ;
#3520 = CARTESIAN_POINT ( 'NONE',  ( -65.81081323375609315, -0.5047271171895393316, 4.000000000000010658 ) ) ;
#3521 = CARTESIAN_POINT ( 'NONE',  ( -87.67451566768410487, -0.6760630272930195916, 4.329548684152602078 ) ) ;
#3522 = ORIENTED_EDGE ( 'NONE', *, *, #768, .T. ) ;
#3523 = CARTESIAN_POINT ( 'NONE',  ( -89.98999999999999488, -0.2707826932425814181, -3.499999999999994227 ) ) ;
#3524 = CARTESIAN_POINT ( 'NONE',  ( -102.7831906684772179, -13.10210847007997970, -5.076817219369366363 ) ) ;
#3525 = EDGE_CURVE ( 'NONE', #3166, #1180, #1724, .T. ) ;
#3526 = CARTESIAN_POINT ( 'NONE',  ( -64.15000000000000568, 3.947506674174283248, -0.4024933258257334390 ) ) ;
#3527 = ORIENTED_EDGE ( 'NONE', *, *, #27, .T. ) ;
#3528 = DIRECTION ( 'NONE',  ( 0.000000000000000000, -0.7071067811865474617, 0.7071067811865474617 ) ) ;
#3529 = EDGE_CURVE ( 'NONE', #368, #4046, #4249, .T. ) ;
#3530 = CARTESIAN_POINT ( 'NONE',  ( -78.82086538971472578, -20.68655486635405794, 1.527211580678785818 ) ) ;
#3531 = CARTESIAN_POINT ( 'NONE',  ( -28.33553406497079052, -12.41587015856285880, 1.805685778475688119 ) ) ;
#3532 = ADVANCED_FACE ( 'NONE', ( #112 ), #2095, .T. ) ;
#3533 = CARTESIAN_POINT ( 'NONE',  ( -60.25737723303580395, -12.91380698844510810, 3.126420061941008299 ) ) ;
#3534 = ORIENTED_EDGE ( 'NONE', *, *, #136, .F. ) ;
#3535 = EDGE_CURVE ( 'NONE', #2548, #1542, #4319, .T. ) ;
#3536 = VERTEX_POINT ( 'NONE', #1560 ) ;
#3537 = AXIS2_PLACEMENT_3D ( 'NONE', #1411, #757, #1436 ) ;
#3538 = DIRECTION ( 'NONE',  ( 0.000000000000000000, 1.000000000000000000, 0.000000000000000000 ) ) ;
#3539 = B_SPLINE_CURVE_WITH_KNOTS ( 'NONE', 3,
 ( #1625, #2999, #2502, #1487 ),
 .UNSPECIFIED., .F., .F.,
 ( 4, 4 ),
 ( 0.000000000000000000, 1.000000000000000000 ),
 .UNSPECIFIED. ) ;
#3540 = CARTESIAN_POINT ( 'NONE',  ( -79.99000000000000909, 1.000000000000000000, -1.999999999999997780 ) ) ;
#3541 = CARTESIAN_POINT ( 'NONE',  ( -71.96607584772259258, -22.90424146203730160, 2.257356492769419187 ) ) ;
#3542 = CARTESIAN_POINT ( 'NONE',  ( -52.37595376267817215, -29.59441161473970539, 0.006239981521432010764 ) ) ;
#3543 = CARTESIAN_POINT ( 'NONE',  ( -30.38399764765550515, -9.763086193266333979, 1.178023264255029012 ) ) ;
#3544 = LINE ( 'NONE', #4254, #340 ) ;
#3545 = VERTEX_POINT ( 'NONE', #3615 ) ;
#3546 = CARTESIAN_POINT ( 'NONE',  ( -23.99999999999999289, -20.19999999999999929, 0.5000000000000047740 ) ) ;
#3547 = B_SPLINE_SURFACE_WITH_KNOTS ( 'NONE', 1, 3, ( 
 ( #2139, #4166, #1525, #3563, #135, #1485 ),
 ( #1165, #1145, #3501, #2900, #1508, #2880 ) ),
 .UNSPECIFIED., .F., .F., .F.,
 ( 2, 2 ),
 ( 4, 2, 4 ),
 ( 0.000000000000000000, 1.000000000000000000 ),
 ( 4.218371014240553052, 4.465379997312622251, 4.712388980384691450 ),
 .UNSPECIFIED. ) ;
#3548 = CARTESIAN_POINT ( 'NONE',  ( -24.29052948861666650, -8.541866673137386456, 3.374489247659424596 ) ) ;
#3549 = AXIS2_PLACEMENT_3D ( 'NONE', #2478, #4187, #3860 ) ;
#3550 = LINE ( 'NONE', #833, #712 ) ;
#3551 = ORIENTED_EDGE ( 'NONE', *, *, #3081, .F. ) ;
#3552 = CARTESIAN_POINT ( 'NONE',  ( -29.91421356237312423, -30.00000000000000000, 0.7761930158715693029 ) ) ;
#3553 = CARTESIAN_POINT ( 'NONE',  ( -54.36773701273301640, -28.36778734738882335, 1.077304799687651027 ) ) ;
#3554 = CARTESIAN_POINT ( 'NONE',  ( -66.23820697592702800, -25.22227238236067492, 4.403970690886442441 ) ) ;
#3555 = CARTESIAN_POINT ( 'NONE',  ( -59.05254138061744129, -12.76076120444758466, 2.631566623931815840 ) ) ;
#3556 = AXIS2_PLACEMENT_3D ( 'NONE', #1648, #1581, #611 ) ;
#3557 = ORIENTED_EDGE ( 'NONE', *, *, #1738, .T. ) ;
#3558 = ORIENTED_EDGE ( 'NONE', *, *, #77, .T. ) ;
#3559 = EDGE_CURVE ( 'NONE', #423, #1994, #2256, .T. ) ;
#3560 = DIRECTION ( 'NONE',  ( 0.000000000000000000, -0.7087604465928987185, 0.7054492393825616547 ) ) ;
#3561 = CARTESIAN_POINT ( 'NONE',  ( -70.12308270419818257, -23.50049493249475319, 2.878225241782512711 ) ) ;
#3562 = AXIS2_PLACEMENT_3D ( 'NONE', #3042, #2733, #322 ) ;
#3563 = CARTESIAN_POINT ( 'NONE',  ( -64.44929951089861220, -25.78649180546796771, 4.479810526193791276 ) ) ;
#3564 = VECTOR ( 'NONE', #650, 1000.000000000000114 ) ;
#3565 = CARTESIAN_POINT ( 'NONE',  ( -29.73350857154007798, -10.35434941028545452, 0.7017691841781495965 ) ) ;
#3566 = PLANE ( 'NONE',  #2565 ) ;
#3567 = EDGE_LOOP ( 'NONE', ( #1496, #184, #4121, #3665, #4241, #3463, #2028, #4320, #3558, #3037, #2405 ) ) ;
#3568 = CONICAL_SURFACE ( 'NONE', #349, 2.000000000000011990, 0.7853981633974479459 ) ;
#3569 = CARTESIAN_POINT ( 'NONE',  ( -57.49999999999999289, -10.00000000000000000, -8.999999999999992895 ) ) ;
#3570 = CARTESIAN_POINT ( 'NONE',  ( -66.36358403214866541, -0.5047271171895393316, 4.833333333333341919 ) ) ;
#3571 = ORIENTED_EDGE ( 'NONE', *, *, #2305, .F. ) ;
#3572 = CARTESIAN_POINT ( 'NONE',  ( -88.05125733254561737, -17.76458359862547098, 4.461732012298156747 ) ) ;
#3573 = CARTESIAN_POINT ( 'NONE',  ( -61.27586822001286748, -26.16402478013381838, 3.577160367235313831 ) ) ;
#3574 = CARTESIAN_POINT ( 'NONE',  ( -59.00000000000000000, -10.00000000000000000, 17.00000000000000000 ) ) ;
#3575 = DIRECTION ( 'NONE',  ( -4.625929269271483942E-16, -0.000000000000000000, -1.000000000000000000 ) ) ;
#3576 = ORIENTED_EDGE ( 'NONE', *, *, #2911, .T. ) ;
#3577 = ORIENTED_EDGE ( 'NONE', *, *, #537, .F. ) ;
#3578 = DIRECTION ( 'NONE',  ( -0.000000000000000000, -1.000000000000000000, 0.000000000000000000 ) ) ;
#3579 = CARTESIAN_POINT ( 'NONE',  ( -104.9899999999999949, -12.52814894056981920, 2.776607365841815334 ) ) ;
#3580 = EDGE_CURVE ( 'NONE', #3045, #311, #4327, .T. ) ;
#3581 = CARTESIAN_POINT ( 'NONE',  ( -88.18729150932030336, -17.74378460194619223, 4.471023372155242370 ) ) ;
#3582 = EDGE_CURVE ( 'NONE', #783, #569, #717, .T. ) ;
#3583 = CARTESIAN_POINT ( 'NONE',  ( -29.66494658939932094, -9.297938432237240036, 1.381945235687244811 ) ) ;
#3584 = CARTESIAN_POINT ( 'NONE',  ( -51.13896767115682707, -29.98455565102659648, -0.2195746450764623214 ) ) ;
#3585 = ORIENTED_EDGE ( 'NONE', *, *, #3688, .T. ) ;
#3586 = ADVANCED_FACE ( 'NONE', ( #3972 ), #1444, .T. ) ;
#3587 = CARTESIAN_POINT ( 'NONE',  ( -56.53619096277193989, -8.764522209479430614, 1.058190027082492879 ) ) ;
#3588 = CARTESIAN_POINT ( 'NONE',  ( -104.3540148163656340, -12.69356068839895002, -3.368877162916817714 ) ) ;
#3589 = PLANE ( 'NONE',  #490 ) ;
#3590 = ORIENTED_EDGE ( 'NONE', *, *, #1947, .F. ) ;
#3591 = CARTESIAN_POINT ( 'NONE',  ( -87.74662884715914402, -17.81115226298469523, 4.369819538797040437 ) ) ;
#3592 = CARTESIAN_POINT ( 'NONE',  ( -26.99999999999999645, -10.00000000000000000, -2.000000000000000000 ) ) ;
#3593 = CARTESIAN_POINT ( 'NONE',  ( -104.2295845903894502, -13.23983417371761107, 2.411876588719030323 ) ) ;
#3594 = DIRECTION ( 'NONE',  ( -0.000000000000000000, 0.7323210532347519397, 0.6809595252209513783 ) ) ;
#3595 = CARTESIAN_POINT ( 'NONE',  ( -20.48719038136701442, -20.98719038136700377, 4.488509773260539681 ) ) ;
#3596 = ORIENTED_EDGE ( 'NONE', *, *, #3867, .T. ) ;
#3597 =( BOUNDED_CURVE ( )  B_SPLINE_CURVE ( 3, ( #2677, #3300, #941, #270 ),
 .UNSPECIFIED., .F., .T. ) 
 B_SPLINE_CURVE_WITH_KNOTS ( ( 4, 4 ),
 ( 4.712388980384689674, 7.853981633974482790 ),
 .UNSPECIFIED. ) 
 CURVE ( )  GEOMETRIC_REPRESENTATION_ITEM ( )  RATIONAL_B_SPLINE_CURVE ( ( 1.000000000000000000, 0.3333333333333333703, 0.3333333333333333703, 1.000000000000000000 ) ) 
 REPRESENTATION_ITEM ( '' )  );
#3598 = ORIENTED_EDGE ( 'NONE', *, *, #1403, .F. ) ;
#3599 = DIRECTION ( 'NONE',  ( 0.000000000000000000, 0.000000000000000000, 1.000000000000000000 ) ) ;
#3600 = CARTESIAN_POINT ( 'NONE',  ( -21.50000000000000000, -21.99999999999997868, -8.999999999999996447 ) ) ;
#3601 = AXIS2_PLACEMENT_3D ( 'NONE', #1657, #4358, #2669 ) ;
#3602 = CARTESIAN_POINT ( 'NONE',  ( -29.78705914978410974, -29.38258343937584272, 1.350223134432086525 ) ) ;
#3603 = ADVANCED_FACE ( 'NONE', ( #2933 ), #3961, .F. ) ;
#3604 = AXIS2_PLACEMENT_3D ( 'NONE', #1018, #572, #2639 ) ;
#3605 = CARTESIAN_POINT ( 'NONE',  ( -29.68043446070192104, -7.957722707736154533, 1.381736837566584386 ) ) ;
#3606 = DIRECTION ( 'NONE',  ( -0.000000000000000000, 1.000000000000000000, -0.000000000000000000 ) ) ;
#3607 = ORIENTED_EDGE ( 'NONE', *, *, #3794, .F. ) ;
#3608 = CARTESIAN_POINT ( 'NONE',  ( -21.49999999999999289, -20.19999999999999929, 6.000000000000010658 ) ) ;
#3609 = CARTESIAN_POINT ( 'NONE',  ( -56.72088846023822128, -7.528918371646607710, 1.786562183091547462 ) ) ;
#3610 = EDGE_CURVE ( 'NONE', #1994, #755, #1263, .T. ) ;
#3611 = CARTESIAN_POINT ( 'NONE',  ( -24.76280111768183545, -7.837308684831811867, 3.167732460647804338 ) ) ;
#3612 = PLANE ( 'NONE',  #2287 ) ;
#3613 = ORIENTED_EDGE ( 'NONE', *, *, #537, .T. ) ;
#3614 = CARTESIAN_POINT ( 'NONE',  ( -104.5665770617640504, -1.507751676016089393, -2.952810031959150816 ) ) ;
#3615 = CARTESIAN_POINT ( 'NONE',  ( -64.36969411118725759, -0.5047271171895393316, 5.000000000000011546 ) ) ;
#3616 = CARTESIAN_POINT ( 'NONE',  ( -88.09814568666480739, -18.32767204687751672, 3.887207663213919862 ) ) ;
#3617 = CARTESIAN_POINT ( 'NONE',  ( -66.28224857438260642, -24.72922154209825152, 4.887311226164972489 ) ) ;
#3618 = CARTESIAN_POINT ( 'NONE',  ( -27.69642716601917343, -28.19642716601913079, 1.322978111727688200 ) ) ;
#3619 = ORIENTED_EDGE ( 'NONE', *, *, #2944, .T. ) ;
#3620 = ORIENTED_EDGE ( 'NONE', *, *, #3662, .F. ) ;
#3621 = CIRCLE ( 'NONE', #182, 1.499999999999997113 ) ;
#3622 = LINE ( 'NONE', #508, #345 ) ;
#3623 = FACE_OUTER_BOUND ( 'NONE', #105, .T. ) ;
#3624 = VECTOR ( 'NONE', #3764, 1000.000000000000227 ) ;
#3625 = CARTESIAN_POINT ( 'NONE',  ( -88.26213935358738638, -17.73234108194118974, 4.468467025343940691 ) ) ;
#3626 = AXIS2_PLACEMENT_3D ( 'NONE', #4365, #3987, #1302 ) ;
#3627 = CARTESIAN_POINT ( 'NONE',  ( -27.82481252400120297, -7.370633710512896286, 1.399860347889251511 ) ) ;
#3628 = DIRECTION ( 'NONE',  ( 0.05229853839470257476, -0.7071067811865474617, 0.7051700949996234646 ) ) ;
#3629 = AXIS2_PLACEMENT_3D ( 'NONE', #2326, #2710, #1334 ) ;
#3630 = ORIENTED_EDGE ( 'NONE', *, *, #933, .F. ) ;
#3631 = CARTESIAN_POINT ( 'NONE',  ( -64.15000000000000568, -15.84999999999999964, -8.500000000000005329 ) ) ;
#3632 = CARTESIAN_POINT ( 'NONE',  ( -79.99000000000000909, 0.000000000000000000, -1.999999999999997780 ) ) ;
#3633 = AXIS2_PLACEMENT_3D ( 'NONE', #2143, #1126, #387 ) ;
#3634 = CIRCLE ( 'NONE', #4208, 1.500000000000001332 ) ;
#3635 = CARTESIAN_POINT ( 'NONE',  ( -28.13935604367042131, -6.893894168132208122, 1.872023368064064996 ) ) ;
#3636 = CARTESIAN_POINT ( 'NONE',  ( -24.78537425874711886, -8.360832537341472914, 2.787612281797944291 ) ) ;
#3637 = CIRCLE ( 'NONE', #1277, 45.00000000000000711 ) ;
#3638 = VERTEX_POINT ( 'NONE', #1219 ) ;
#3639 = CARTESIAN_POINT ( 'NONE',  ( -84.24821675665587861, -0.5053113379763808366, 2.702079942434841620 ) ) ;
#3640 = ADVANCED_FACE ( 'NONE', ( #1197 ), #2572, .T. ) ;
#3641 = DIRECTION ( 'NONE',  ( 0.000000000000000000, 0.000000000000000000, 1.000000000000000000 ) ) ;
#3642 = DIRECTION ( 'NONE',  ( -1.000000000000000000, 0.000000000000000000, 0.000000000000000000 ) ) ;
#3643 = EDGE_CURVE ( 'NONE', #1343, #1472, #750, .T. ) ;
#3644 = DIRECTION ( 'NONE',  ( -4.625929269271483942E-16, 0.000000000000000000, -1.000000000000000000 ) ) ;
#3645 = CARTESIAN_POINT ( 'NONE',  ( -23.88582659640197292, -23.42245706506765401, 3.527105817746229999 ) ) ;
#3646 = ORIENTED_EDGE ( 'NONE', *, *, #742, .T. ) ;
#3647 = ORIENTED_EDGE ( 'NONE', *, *, #2668, .F. ) ;
#3648 = DIRECTION ( 'NONE',  ( -8.163404592832032733E-17, 0.000000000000000000, -1.000000000000000000 ) ) ;
#3649 = DIRECTION ( 'NONE',  ( -1.000000000000000000, 0.000000000000000000, 0.000000000000000000 ) ) ;
#3650 = ORIENTED_EDGE ( 'NONE', *, *, #3460, .F. ) ;
#3651 = CARTESIAN_POINT ( 'NONE',  ( -88.18729145106830458, -30.00000000000000000, 3.471026118360230672 ) ) ;
#3652 = CARTESIAN_POINT ( 'NONE',  ( -29.35656882191347705, -8.570871772023481938, 0.8294370943436717436 ) ) ;
#3653 = ORIENTED_EDGE ( 'NONE', *, *, #3744, .T. ) ;
#3654 = CARTESIAN_POINT ( 'NONE',  ( -1.103675098334374545E-16, 0.000000000000000000, -1.999999999999997335 ) ) ;
#3655 = CARTESIAN_POINT ( 'NONE',  ( -60.38469351285674946, -7.153853506943126384, 3.181183541444682294 ) ) ;
#3656 = CARTESIAN_POINT ( 'NONE',  ( -56.76621258032525219, -12.50987215685248266, 1.801601272097415052 ) ) ;
#3657 = CARTESIAN_POINT ( 'NONE',  ( -60.48930099987833131, -7.682392521367628291, 2.799120362090997460 ) ) ;
#3658 = ORIENTED_EDGE ( 'NONE', *, *, #491, .F. ) ;
#3659 = DIRECTION ( 'NONE',  ( 0.000000000000000000, 0.000000000000000000, 1.000000000000000000 ) ) ;
#3660 = DIRECTION ( 'NONE',  ( 0.000000000000000000, 1.000000000000000000, 0.000000000000000000 ) ) ;
#3661 = CARTESIAN_POINT ( 'NONE',  ( -101.9830723623276185, -12.00000000000000000, -5.566874950121314392 ) ) ;
#3662 = EDGE_CURVE ( 'NONE', #722, #998, #2043, .T. ) ;
#3663 = DIRECTION ( 'NONE',  ( -1.000000000000000000, 0.000000000000000000, 0.000000000000000000 ) ) ;
#3664 = CARTESIAN_POINT ( 'NONE',  ( -29.20710678118657810, -29.70710678118654613, 0.8736619824217130015 ) ) ;
#3665 = ORIENTED_EDGE ( 'NONE', *, *, #3130, .T. ) ;
#3666 = VERTEX_POINT ( 'NONE', #3780 ) ;
#3667 = CARTESIAN_POINT ( 'NONE',  ( -103.0626629980140621, -0.9063035001465226115, -4.288955960978429793 ) ) ;
#3668 = EDGE_CURVE ( 'NONE', #3536, #1150, #639, .T. ) ;
#3669 = DIRECTION ( 'NONE',  ( -1.000000000000000000, 0.000000000000000000, -0.000000000000000000 ) ) ;
#3670 = ADVANCED_FACE ( 'NONE', ( #1331 ), #612, .F. ) ;
#3671 = ORIENTED_EDGE ( 'NONE', *, *, #273, .T. ) ;
#3672 = FACE_OUTER_BOUND ( 'NONE', #2260, .T. ) ;
#3673 = LINE ( 'NONE', #2742, #3564 ) ;
#3674 = CARTESIAN_POINT ( 'NONE',  ( -27.48185884098892018, -7.281453155248531317, 2.100188575402330837 ) ) ;
#3675 = ORIENTED_EDGE ( 'NONE', *, *, #2271, .F. ) ;
#3676 = LINE ( 'NONE', #268, #2350 ) ;
#3677 = CARTESIAN_POINT ( 'NONE',  ( -55.66516904541840915, -9.374276008891587963, 1.451165873919126659 ) ) ;
#3678 = CARTESIAN_POINT ( 'NONE',  ( -58.47241182740752663, -13.23767459786151512, 2.407505729941656902 ) ) ;
#3679 = CARTESIAN_POINT ( 'NONE',  ( -1.515124069625953429E-16, 0.000000000000000000, -1.999999999999997335 ) ) ;
#3680 = ORIENTED_EDGE ( 'NONE', *, *, #2046, .T. ) ;
#3681 = FACE_OUTER_BOUND ( 'NONE', #2158, .T. ) ;
#3682 = FACE_OUTER_BOUND ( 'NONE', #4360, .T. ) ;
#3683 = CARTESIAN_POINT ( 'NONE',  ( -21.49999999999999645, -14.81446609406726012, -0.9644660940672581395 ) ) ;
#3684 = CARTESIAN_POINT ( 'NONE',  ( -104.3278773527536316, -13.20883274588473988, -1.271839564371596065 ) ) ;
#3685 = PLANE ( 'NONE',  #3429 ) ;
#3686 = EDGE_LOOP ( 'NONE', ( #2583, #1115, #3619, #3514 ) ) ;
#3687 = ORIENTED_EDGE ( 'NONE', *, *, #2366, .T. ) ;
#3688 = EDGE_CURVE ( 'NONE', #281, #2377, #1041, .T. ) ;
#3689 = CARTESIAN_POINT ( 'NONE',  ( -21.49999999999999645, -13.34999999999999964, 0.5000000000000035527 ) ) ;
#3690 = CARTESIAN_POINT ( 'NONE',  ( -25.76864200580092756, -12.95353904659220845, 2.747687049123312963 ) ) ;
#3691 = VERTEX_POINT ( 'NONE', #3759 ) ;
#3692 = VECTOR ( 'NONE', #3350, 1000.000000000000000 ) ;
#3693 = FACE_OUTER_BOUND ( 'NONE', #3383, .T. ) ;
#3694 = CARTESIAN_POINT ( 'NONE',  ( -24.24999999999999645, -10.00000000000000000, 17.00000000000000000 ) ) ;
#3695 = CARTESIAN_POINT ( 'NONE',  ( -78.38027928428043367, -20.82909545220951841, 1.523111759131259735 ) ) ;
#3696 = VERTEX_POINT ( 'NONE', #1017 ) ;
#3697 = AXIS2_PLACEMENT_3D ( 'NONE', #3848, #4175, #4138 ) ;
#3698 = DIRECTION ( 'NONE',  ( 0.000000000000000000, 0.000000000000000000, -1.000000000000000000 ) ) ;
#3699 = DIRECTION ( 'NONE',  ( -0.000000000000000000, 1.000000000000000000, -0.000000000000000000 ) ) ;
#3700 = VECTOR ( 'NONE', #888, 1000.000000000000000 ) ;
#3701 = CARTESIAN_POINT ( 'NONE',  ( -60.78060409789865304, -12.58322547591585128, 3.354266441214016847 ) ) ;
#3702 = CARTESIAN_POINT ( 'NONE',  ( -59.59588332383862763, -7.310517928825300160, 2.353872209473416799 ) ) ;
#3703 = EDGE_LOOP ( 'NONE', ( #3008, #3144, #31, #2307, #2018 ) ) ;
#3704 = CARTESIAN_POINT ( 'NONE',  ( -50.93603867816828767, -30.00000000000000000, -8.499999999999996447 ) ) ;
#3705 = VECTOR ( 'NONE', #1527, 1000.000000000000000 ) ;
#3706 = FACE_OUTER_BOUND ( 'NONE', #3468, .T. ) ;
#3707 = CARTESIAN_POINT ( 'NONE',  ( -21.49999999999999645, -13.34999999999999964, 0.5000000000000035527 ) ) ;
#3708 = AXIS2_PLACEMENT_3D ( 'NONE', #803, #1797, #1079 ) ;
#3709 = CARTESIAN_POINT ( 'NONE',  ( -103.7411958273923887, -13.39387144590592094, -3.055092046516969528 ) ) ;
#3710 = CARTESIAN_POINT ( 'NONE',  ( -26.08819873787428278, -12.59945772277247045, 2.149721679139191988 ) ) ;
#3711 = EDGE_LOOP ( 'NONE', ( #1045, #3467 ) ) ;
#3712 = ORIENTED_EDGE ( 'NONE', *, *, #1940, .T. ) ;
#3713 = B_SPLINE_CURVE_WITH_KNOTS ( 'NONE', 3,
 ( #475, #1691, #1258, #635, #4016, #2703, #2369, #2342, #942, #1979, #1645, #3656, #1304, #3346, #227, #2678, #4038, #3678, #316, #1597, #3059, #4062, #1327, #248, #2972, #3701, #2318, #3369, #2632, #4323, #1355, #964, #2992, #293 ),
 .UNSPECIFIED., .F., .F.,
 ( 4, 2, 2, 2, 2, 2, 2, 2, 2, 2, 2, 2, 2, 2, 2, 2, 4 ),
 ( 0.009972747625301290469, 0.01063594463185970306, 0.01129914163841811391, 0.01196233864497652649, 0.01262553565153493734, 0.01328873265809334993, 0.01395192966465176251, 0.01461512667121017336, 0.01527832367776858595, 0.01594152068432699854, 0.01660471769088540939, 0.01726791469744382024, 0.01793111170400223456, 0.01859430871056064541, 0.01925750571711905973, 0.01992070272367747058, 0.02058389973023588143 ),
 .UNSPECIFIED. ) ;
#3714 = CARTESIAN_POINT ( 'NONE',  ( -25.65573117523697988, -40.52786542638354916, -8.999999999999996447 ) ) ;
#3715 = DIRECTION ( 'NONE',  ( 0.7167950412386067116, 0.6972839226998884810, 0.000000000000000000 ) ) ;
#3716 = CARTESIAN_POINT ( 'NONE',  ( -56.51656152356667917, -11.19719944264443434, 1.715728024797049889 ) ) ;
#3717 = EDGE_LOOP ( 'NONE', ( #3197, #1217, #3557, #2784, #3964 ) ) ;
#3718 = CARTESIAN_POINT ( 'NONE',  ( -29.73976692267647337, -29.34342241477201796, 1.364248795359206845 ) ) ;
#3719 = CARTESIAN_POINT ( 'NONE',  ( -29.74999999999999289, -10.09066637933274535, 0.6963113881947180506 ) ) ;
#3720 = CARTESIAN_POINT ( 'NONE',  ( -81.55758578055987584, -19.80116314521368892, 1.932234081912053369 ) ) ;
#3721 = ADVANCED_FACE ( 'NONE', ( #3706 ), #2054, .T. ) ;
#3722 = ADVANCED_FACE ( 'NONE', ( #993 ), #614, .T. ) ;
#3723 = VERTEX_POINT ( 'NONE', #1381 ) ;
#3724 = LINE ( 'NONE', #1352, #1847 ) ;
#3725 = ADVANCED_FACE ( 'NONE', ( #4042 ), #2754, .T. ) ;
#3726 = CARTESIAN_POINT ( 'NONE',  ( -29.47790883364786296, -29.90008024209189941, 0.8360071192900808690 ) ) ;
#3727 = ADVANCED_FACE ( 'NONE', ( #3682 ), #46, .T. ) ;
#3728 = CARTESIAN_POINT ( 'NONE',  ( -64.15000000000000568, -20.19999999999999929, -8.988875335447659154 ) ) ;
#3729 = EDGE_CURVE ( 'NONE', #4064, #1244, #1649, .T. ) ;
#3730 = CARTESIAN_POINT ( 'NONE',  ( -60.05584214069961746, -7.455591101563720180, 2.579173925371774256 ) ) ;
#3731 = ORIENTED_EDGE ( 'NONE', *, *, #1869, .T. ) ;
#3732 = CARTESIAN_POINT ( 'NONE',  ( -62.03134786846315762, -9.748861621125962884, 3.931678266794288223 ) ) ;
#3733 = DIRECTION ( 'NONE',  ( -0.9972611121283910807, 0.000000000000000000, 0.07396130229007839840 ) ) ;
#3734 = CARTESIAN_POINT ( 'NONE',  ( -56.79464465232365455, -11.65214753507814827, 1.154431140285281598 ) ) ;
#3735 = CARTESIAN_POINT ( 'NONE',  ( -104.2786074594444301, -12.71317263235146733, -3.507376452368524244 ) ) ;
#3736 = CARTESIAN_POINT ( 'NONE',  ( -25.11210919933913033, -12.00654844883143646, 2.621389528881763464 ) ) ;
#3737 = ORIENTED_EDGE ( 'NONE', *, *, #1433, .F. ) ;
#3738 = ORIENTED_EDGE ( 'NONE', *, *, #2225, .F. ) ;
#3739 = DIRECTION ( 'NONE',  ( 0.000000000000000000, 0.000000000000000000, 1.000000000000000000 ) ) ;
#3740 = CARTESIAN_POINT ( 'NONE',  ( -24.26711363903358532, -9.641910094977724555, 3.060022333933613226 ) ) ;
#3741 = CARTESIAN_POINT ( 'NONE',  ( -56.86595599041463345, -11.74414262567526457, 1.181384316836131987 ) ) ;
#3742 = ORIENTED_EDGE ( 'NONE', *, *, #1737, .T. ) ;
#3743 = CARTESIAN_POINT ( 'NONE',  ( -29.75122397756992498, -29.98716142332241930, 0.7984136479841111855 ) ) ;
#3744 = EDGE_CURVE ( 'NONE', #3666, #3691, #1309, .T. ) ;
#3745 = B_SPLINE_CURVE_WITH_KNOTS ( 'NONE', 1,
 ( #3814, #4163 ),
 .UNSPECIFIED., .F., .F.,
 ( 2, 2 ),
 ( 0.000000000000000000, 1.000000000000000000 ),
 .UNSPECIFIED. ) ;
#3746 = CARTESIAN_POINT ( 'NONE',  ( -100.5876410673108694, -1.327066598364385897, -6.286498442434115042 ) ) ;
#3747 = CARTESIAN_POINT ( 'NONE',  ( -79.96817054859056384, -20.31537511942593000, 1.662952609354754863 ) ) ;
#3748 = B_SPLINE_CURVE_WITH_KNOTS ( 'NONE', 3,
 ( #2219, #1857, #3199, #905 ),
 .UNSPECIFIED., .F., .F.,
 ( 4, 4 ),
 ( 0.000000000000000000, 1.000000000000000000 ),
 .UNSPECIFIED. ) ;
#3749 = ORIENTED_EDGE ( 'NONE', *, *, #4371, .T. ) ;
#3750 = CARTESIAN_POINT ( 'NONE',  ( -27.76124876793918972, -27.34225407939132424, 2.002238277366838126 ) ) ;
#3751 = CARTESIAN_POINT ( 'NONE',  ( -88.17877124546255629, -0.6882620135630969083, 4.476613141282210329 ) ) ;
#3752 = EDGE_CURVE ( 'NONE', #285, #3970, #1672, .T. ) ;
#3753 = DIRECTION ( 'NONE',  ( -0.4999999999999983902, 0.4999999999999994449, 0.7071067811865491270 ) ) ;
#3754 = CARTESIAN_POINT ( 'NONE',  ( -61.73207091173394900, -9.639933337220117693, 3.471824081959429265 ) ) ;
#3755 = ORIENTED_EDGE ( 'NONE', *, *, #1152, .F. ) ;
#3756 = CARTESIAN_POINT ( 'NONE',  ( -61.02609207921792489, -8.132124526053729596, 3.081827249452135042 ) ) ;
#3757 = B_SPLINE_CURVE_WITH_KNOTS ( 'NONE', 3,
 ( #1744, #828, #3190, #1042 ),
 .UNSPECIFIED., .F., .F.,
 ( 4, 4 ),
 ( 0.000000000000000000, 1.000000000000000000 ),
 .UNSPECIFIED. ) ;
#3758 = EDGE_CURVE ( 'NONE', #2461, #1268, #2373, .T. ) ;
#3759 = CARTESIAN_POINT ( 'NONE',  ( -51.23683130670848129, -29.95368956931272564, -0.2108035128375308764 ) ) ;
#3760 = CARTESIAN_POINT ( 'NONE',  ( -29.72874171710256164, -9.611565668641643967, 0.7033529153702358094 ) ) ;
#3761 = CARTESIAN_POINT ( 'NONE',  ( -104.1044113062108920, -13.27931368820806313, -2.278176134512350348 ) ) ;
#3762 = CARTESIAN_POINT ( 'NONE',  ( -24.33433711812556766, -10.69852347614055077, 3.024099225989445472 ) ) ;
#3763 = ORIENTED_EDGE ( 'NONE', *, *, #3861, .F. ) ;
#3764 = DIRECTION ( 'NONE',  ( 0.9941318082362631259, 0.04832920798426169201, 0.09677931343273528386 ) ) ;
#3765 = CARTESIAN_POINT ( 'NONE',  ( -101.3468923456401853, -1.362837718813137977, -5.938340639517940112 ) ) ;
#3766 = CARTESIAN_POINT ( 'NONE',  ( -24.65374831870159866, -12.03225975508373580, 3.214953028578707350 ) ) ;
#3767 = CARTESIAN_POINT ( 'NONE',  ( -56.65312907488245742, -11.44512082345473480, 1.101364452957175111 ) ) ;
#3768 = EDGE_LOOP ( 'NONE', ( #3504, #1854 ) ) ;
#3769 = CARTESIAN_POINT ( 'NONE',  ( -23.99999999999999289, -4.150000000000000355, -1.999999999999995337 ) ) ;
#3770 = CARTESIAN_POINT ( 'NONE',  ( -84.22475699408138894, -0.5047271171895393316, 2.693573658520017400 ) ) ;
#3771 = CARTESIAN_POINT ( 'NONE',  ( -81.73145145125354816, -19.74491399631035904, 1.970113327583421725 ) ) ;
#3772 = CARTESIAN_POINT ( 'NONE',  ( -87.47784703955149155, -17.88581158380509706, 4.212083035751466475 ) ) ;
#3773 = CARTESIAN_POINT ( 'NONE',  ( -29.29132194698767933, -29.78248150721324095, 0.8619074614306905247 ) ) ;
#3774 = CARTESIAN_POINT ( 'NONE',  ( -64.15000000000000568, -2.342587990514693352, -10.83652382800963032 ) ) ;
#3775 = CIRCLE ( 'NONE', #2135, 20.00000000000000000 ) ;
#3776 = DIRECTION ( 'NONE',  ( -1.000000000000000000, 0.000000000000000000, 0.000000000000000000 ) ) ;
#3777 = ORIENTED_EDGE ( 'NONE', *, *, #136, .T. ) ;
#3778 = CARTESIAN_POINT ( 'NONE',  ( -58.82800001680256941, -7.232692373148220888, 1.994172253814465279 ) ) ;
#3779 = VECTOR ( 'NONE', #976, 1000.000000000000114 ) ;
#3780 = CARTESIAN_POINT ( 'NONE',  ( -51.23683130670848129, -29.95368956931272564, -8.499999999999992895 ) ) ;
#3781 = DIRECTION ( 'NONE',  ( 0.000000000000000000, 1.000000000000000000, 0.000000000000000000 ) ) ;
#3782 = DIRECTION ( 'NONE',  ( -0.1888146783846180732, -0.6816602618318328144, 0.7068863449422900791 ) ) ;
#3783 = CARTESIAN_POINT ( 'NONE',  ( -104.9899999999999949, -12.00000000000000000, 1.835967299967364408 ) ) ;
#3784 = ORIENTED_EDGE ( 'NONE', *, *, #3881, .T. ) ;
#3785 = CARTESIAN_POINT ( 'NONE',  ( -66.07871881257179325, -24.76034005181222852, 4.963689364445589725 ) ) ;
#3786 = ADVANCED_FACE ( 'NONE', ( #661 ), #2032, .F. ) ;
#3787 = EDGE_CURVE ( 'NONE', #1232, #4421, #1359, .T. ) ;
#3788 = VECTOR ( 'NONE', #2785, 1000.000000000000000 ) ;
#3789 = CIRCLE ( 'NONE', #1275, 0.4999999999999971689 ) ;
#3790 = CARTESIAN_POINT ( 'NONE',  ( -23.99999999999999645, -15.35000000000001208, -8.999999999999996447 ) ) ;
#3791 = CARTESIAN_POINT ( 'NONE',  ( -24.26903896272185079, -9.622422798648930353, 3.382864947476221129 ) ) ;
#3792 = CARTESIAN_POINT ( 'NONE',  ( -57.86082278025644143, -12.50927437422231314, 1.576655568792313167 ) ) ;
#3793 = EDGE_LOOP ( 'NONE', ( #4267, #944, #2365, #3012, #2757 ) ) ;
#3794 = EDGE_CURVE ( 'NONE', #569, #783, #3597, .T. ) ;
#3795 = CARTESIAN_POINT ( 'NONE',  ( -102.6932524404071216, -15.00000000000000000, -5.134618469814157038 ) ) ;
#3796 = DIRECTION ( 'NONE',  ( -0.000000000000000000, 1.000000000000000000, -0.000000000000000000 ) ) ;
#3797 = CARTESIAN_POINT ( 'NONE',  ( -77.70973026510232273, -21.04603404200382499, 1.502100213584031563 ) ) ;
#3798 = CARTESIAN_POINT ( 'NONE',  ( -89.98999999999999488, 0.000000000000000000, -1.999999999999997113 ) ) ;
#3799 = LINE ( 'NONE', #1033, #2702 ) ;
#3800 = CARTESIAN_POINT ( 'NONE',  ( -84.24821675665587861, -0.5053113379763808366, 2.702079942434840287 ) ) ;
#3801 = CARTESIAN_POINT ( 'NONE',  ( -104.3278297678061506, -13.20884775412421597, -0.9283818807201814627 ) ) ;
#3802 = ORIENTED_EDGE ( 'NONE', *, *, #2554, .T. ) ;
#3803 = CARTESIAN_POINT ( 'NONE',  ( -57.96512830138507155, -7.440009187207444086, 2.219115456434241018 ) ) ;
#3804 =( BOUNDED_SURFACE ( )  B_SPLINE_SURFACE ( 3, 2, ( 
 ( #4077, #1000, #4383 ),
 ( #3740, #3791, #2039 ),
 ( #1680, #3007, #2380 ),
 ( #4359, #2760, #3360 ),
 ( #2016, #3404, #4029 ),
 ( #693, #1025, #3381 ),
 ( #3048, #668, #328 ),
 ( #1706, #1658, #3076 ),
 ( #2064, #1968, #4431 ),
 ( #3028, #1367, #3766 ),
 ( #1730, #3099, #1296 ),
 ( #1388, #4119, #620 ),
 ( #1049, #2670, #3331 ),
 ( #955, #2332, #3690 ),
 ( #2693, #4141, #2533 ),
 ( #737, #3471, #397 ),
 ( #62, #3811, #3140 ),
 ( #2824, #83, #421 ),
 ( #2805, #2489, #1437 ),
 ( #3451, #798, #3120 ),
 ( #440, #2781, #124 ),
 ( #4178, #3531, #1500 ),
 ( #1112, #1073, #3200 ),
 ( #2175, #1093, #376 ),
 ( #2109, #2451, #4159 ),
 ( #2873, #1771, #2468 ),
 ( #459, #40, #3850 ),
 ( #102, #4200, #781 ),
 ( #3831, #3491, #758 ),
 ( #2130, #2089, #3163 ),
 ( #1793, #1835, #1750 ),
 ( #1456, #1412, #4226 ) ),
 .UNSPECIFIED., .F., .F., .F. ) 
 B_SPLINE_SURFACE_WITH_KNOTS ( ( 4, 2, 2, 2, 2, 2, 2, 2, 2, 2, 2, 2, 2, 2, 2, 4 ),
 ( 3, 3 ),
 ( 0.01049502654750630523, 0.01115096570672544952, 0.01180690486594459382, 0.01246284402516373985, 0.01311878318438288414, 0.01377472234360202843, 0.01443066150282117446, 0.01574253982125946305, 0.01639847898047860908, 0.01705441813969775164, 0.01771035729891689420, 0.01836629645813604023, 0.01902223561735518625, 0.01967817477657432881, 0.02033411393579347137, 0.02099005309501261740 ),
 ( 0.000000000000000000, 1.000000000000000000 ),
 .UNSPECIFIED. ) 
 GEOMETRIC_REPRESENTATION_ITEM ( )  RATIONAL_B_SPLINE_SURFACE ( (
 ( 1.000000000000000000, 0.8378405008883007543, 1.000000000000000000),
 ( 1.000000000000000000, 0.8397549912998308885, 1.000000000000000000),
 ( 1.000000000000000000, 0.8406990920821899582, 1.000000000000000000),
 ( 1.000000000000000000, 0.8405825330887073399, 1.000000000000000000),
 ( 1.000000000000000000, 0.8395474193965386522, 1.000000000000000000),
 ( 1.000000000000000000, 0.8355229443313136883, 1.000000000000000000),
 ( 1.000000000000000000, 0.8325597418430794594, 1.000000000000000000),
 ( 1.000000000000000000, 0.8250220058193522554, 1.000000000000000000),
 ( 1.000000000000000000, 0.8203678757356580586, 1.000000000000000000),
 ( 1.000000000000000000, 0.8097971499223273195, 1.000000000000000000),
 ( 1.000000000000000000, 0.8038988255353766155, 1.000000000000000000),
 ( 1.000000000000000000, 0.7909949478702167358, 1.000000000000000000),
 ( 1.000000000000000000, 0.7840146170960323735, 1.000000000000000000),
 ( 1.000000000000000000, 0.7623563512136926068, 1.000000000000000000),
 ( 1.000000000000000000, 0.7465048057728732589, 1.000000000000000000),
 ( 1.000000000000000000, 0.7230550333687703057, 1.000000000000000000),
 ( 1.000000000000000000, 0.7151694650039203127, 1.000000000000000000),
 ( 1.000000000000000000, 0.6997465896356617199, 1.000000000000000000),
 ( 1.000000000000000000, 0.6922898808395236969, 1.000000000000000000),
 ( 1.000000000000000000, 0.6779022189929841957, 1.000000000000000000),
 ( 1.000000000000000000, 0.6709008378460878941, 1.000000000000000000),
 ( 1.000000000000000000, 0.6578525449382676138, 1.000000000000000000),
 ( 1.000000000000000000, 0.6518136290074375561, 1.000000000000000000),
 ( 1.000000000000000000, 0.6406488641721727051, 1.000000000000000000),
 ( 1.000000000000000000, 0.6354798146943289039, 1.000000000000000000),
 ( 1.000000000000000000, 0.6264152286601994968, 1.000000000000000000),
 ( 1.000000000000000000, 0.6224715468620105607, 1.000000000000000000),
 ( 1.000000000000000000, 0.6156527869601253755, 1.000000000000000000),
 ( 1.000000000000000000, 0.6127963565425241788, 1.000000000000000000),
 ( 1.000000000000000000, 0.6083220965119727763, 1.000000000000000000),
 ( 1.000000000000000000, 0.6066606005022606718, 1.000000000000000000),
 ( 1.000000000000000000, 0.6055453797199374932, 1.000000000000000000) ) ) 
 REPRESENTATION_ITEM ( '' )  SURFACE ( )  );
#3805 = DIRECTION ( 'NONE',  ( 0.000000000000000000, 0.000000000000000000, -1.000000000000000000 ) ) ;
#3806 = CARTESIAN_POINT ( 'NONE',  ( -25.49999999999999645, -10.00000000000000000, -8.999999999999996447 ) ) ;
#3807 = VERTEX_POINT ( 'NONE', #1910 ) ;
#3808 = CARTESIAN_POINT ( 'NONE',  ( -65.97000548657176466, -24.77696213322544949, 4.987253274857022411 ) ) ;
#3809 = EDGE_CURVE ( 'NONE', #3003, #1609, #3132, .T. ) ;
#3810 = CARTESIAN_POINT ( 'NONE',  ( -104.9899999999999949, -2.000000000000001776, -0.9283818807201814627 ) ) ;
#3811 = CARTESIAN_POINT ( 'NONE',  ( -26.98801303704797760, -12.76075296577995744, 2.279030886007220591 ) ) ;
#3812 = CARTESIAN_POINT ( 'NONE',  ( -59.58017090860480636, -12.69898294265540173, 2.843150188988042615 ) ) ;
#3813 = ORIENTED_EDGE ( 'NONE', *, *, #211, .T. ) ;
#3814 = CARTESIAN_POINT ( 'NONE',  ( -64.36969411118725759, -25.25582867963069233, 5.000000000000011546 ) ) ;
#3815 = CARTESIAN_POINT ( 'NONE',  ( -102.6932524404071216, -1.426264695618382428, -5.134618469814157038 ) ) ;
#3816 = EDGE_CURVE ( 'NONE', #3257, #3071, #1617, .T. ) ;
#3817 = CARTESIAN_POINT ( 'NONE',  ( -67.11179279648106899, -24.47472620789245923, 4.337027786104151517 ) ) ;
#3818 = CARTESIAN_POINT ( 'NONE',  ( -28.21380878264620407, -27.79999712596536199, 1.846714217279543657 ) ) ;
#3819 = CARTESIAN_POINT ( 'NONE',  ( -64.15000000000000568, -15.84999999999999964, -1.999999999999992228 ) ) ;
#3820 = DIRECTION ( 'NONE',  ( -1.000000000000000000, 0.000000000000000000, 0.000000000000000000 ) ) ;
#3821 = CARTESIAN_POINT ( 'NONE',  ( -104.9899999999999949, -1.526169976973967835, 2.840000000000012736 ) ) ;
#3822 = B_SPLINE_CURVE_WITH_KNOTS ( 'NONE', 3,
 ( #1188, #4235, #3584, #114 ),
 .UNSPECIFIED., .F., .F.,
 ( 4, 4 ),
 ( 0.000000000000000000, 1.000000000000000000 ),
 .UNSPECIFIED. ) ;
#3823 = ORIENTED_EDGE ( 'NONE', *, *, #1610, .T. ) ;
#3824 = CARTESIAN_POINT ( 'NONE',  ( -58.61827974045768741, -6.729545533898285470, 2.461269261585834922 ) ) ;
#3825 = CARTESIAN_POINT ( 'NONE',  ( -29.91421356237312423, -30.00000000000000000, 1.436225943375550873 ) ) ;
#3826 = CARTESIAN_POINT ( 'NONE',  ( -64.18723599732552998, -25.28371068900401397, 4.983363515194376703 ) ) ;
#3827 = ORIENTED_EDGE ( 'NONE', *, *, #3809, .F. ) ;
#3828 = CARTESIAN_POINT ( 'NONE',  ( -66.05644544111619609, -24.76374698703851962, 4.969670233805592474 ) ) ;
#3829 = TOROIDAL_SURFACE ( 'NONE', #1467, 0.4999999999999971689, 1.000000000000000000 ) ;
#3830 = CARTESIAN_POINT ( 'NONE',  ( -77.88282757104329335, -20.99003272316082302, 1.483447654548731620 ) ) ;
#3831 = CARTESIAN_POINT ( 'NONE',  ( -29.46263923223710179, -11.23763677203384503, 0.7930700521129053771 ) ) ;
#3832 = CARTESIAN_POINT ( 'NONE',  ( -60.57063809966786039, -12.26825797227273185, 3.261387864954643945 ) ) ;
#3833 = EDGE_LOOP ( 'NONE', ( #3025, #304, #4057, #4261 ) ) ;
#3834 = ORIENTED_EDGE ( 'NONE', *, *, #4404, .F. ) ;
#3835 = CARTESIAN_POINT ( 'NONE',  ( -65.81081323375609315, -24.80130131258649584, 5.000000000000009770 ) ) ;
#3836 = CARTESIAN_POINT ( 'NONE',  ( -104.5654735818756791, -1.507701521362960095, -2.947307996691473697 ) ) ;
#3837 = CARTESIAN_POINT ( 'NONE',  ( -74.15840064920874397, -22.19497465264596769, 1.767576130420863478 ) ) ;
#3838 = CARTESIAN_POINT ( 'NONE',  ( -50.98096127518919474, -29.44820300218995968, 0.2953201192830365307 ) ) ;
#3839 = EDGE_CURVE ( 'NONE', #3936, #2022, #1186, .T. ) ;
#3840 = FACE_OUTER_BOUND ( 'NONE', #1156, .T. ) ;
#3841 = CARTESIAN_POINT ( 'NONE',  ( -103.0122150417104336, -13.62379117422862151, -4.025383692343783792 ) ) ;
#3842 = ORIENTED_EDGE ( 'NONE', *, *, #1867, .F. ) ;
#3843 = CARTESIAN_POINT ( 'NONE',  ( -56.62398032915162815, -8.603269445580101760, 1.090540555839964787 ) ) ;
#3844 = VECTOR ( 'NONE', #809, 1000.000000000000114 ) ;
#3845 = CARTESIAN_POINT ( 'NONE',  ( -29.09800831909885588, -12.60977746179301562, 1.559778385858315186 ) ) ;
#3846 = CARTESIAN_POINT ( 'NONE',  ( -63.96028754034301045, -25.31842531916298711, 4.915312323694708496 ) ) ;
#3847 = ORIENTED_EDGE ( 'NONE', *, *, #86, .T. ) ;
#3848 = CARTESIAN_POINT ( 'NONE',  ( -99.98999999999999488, 1.000000000000000000, -1.999999999999995781 ) ) ;
#3849 = CARTESIAN_POINT ( 'NONE',  ( -86.41360005198158944, -18.85897586486665389, 2.959828998023102287 ) ) ;
#3850 = CARTESIAN_POINT ( 'NONE',  ( -29.70227267714161101, -12.01465111693570442, 1.375224964207871547 ) ) ;
#3851 = FACE_OUTER_BOUND ( 'NONE', #1478, .T. ) ;
#3852 = ORIENTED_EDGE ( 'NONE', *, *, #4380, .F. ) ;
#3853 = ORIENTED_EDGE ( 'NONE', *, *, #2167, .T. ) ;
#3854 = SHAPE_DEFINITION_REPRESENTATION ( #2521, #2041 ) ;
#3855 = CIRCLE ( 'NONE', #1060, 0.4999999999999935052 ) ;
#3856 = CARTESIAN_POINT ( 'NONE',  ( -104.8473529092648988, -1.519965008047667432, -2.115287321800717990 ) ) ;
#3857 = B_SPLINE_CURVE_WITH_KNOTS ( 'NONE', 3,
 ( #3835, #1078, #1441, #3227 ),
 .UNSPECIFIED., .F., .F.,
 ( 4, 4 ),
 ( 0.000000000000000000, 1.000000000000000000 ),
 .UNSPECIFIED. ) ;
#3858 = CARTESIAN_POINT ( 'NONE',  ( -75.55187210368978867, -21.74415242062835318, 1.587343293189385607 ) ) ;
#3859 = CIRCLE ( 'NONE', #2507, 0.5000000000000004441 ) ;
#3860 = DIRECTION ( 'NONE',  ( 0.000000000000000000, 0.000000000000000000, 1.000000000000000000 ) ) ;
#3861 = EDGE_CURVE ( 'NONE', #1609, #3003, #3621, .T. ) ;
#3862 = FACE_OUTER_BOUND ( 'NONE', #2274, .T. ) ;
#3863 = CARTESIAN_POINT ( 'NONE',  ( -89.98999999999999488, 1.000000000000000000, -0.4999999999999997780 ) ) ;
#3864 = EDGE_CURVE ( 'NONE', #456, #4282, #2381, .T. ) ;
#3865 = EDGE_LOOP ( 'NONE', ( #1732, #261, #4205, #1784, #2969, #1923, #791, #4073, #1363, #1503, #282, #1109, #3897 ) ) ;
#3866 = CARTESIAN_POINT ( 'NONE',  ( -56.27143898582520620, -9.645881265281390782, 0.9620611886770685794 ) ) ;
#3867 = EDGE_CURVE ( 'NONE', #2052, #164, #2150, .T. ) ;
#3868 = EDGE_CURVE ( 'NONE', #716, #150, #4011, .T. ) ;
#3869 = CARTESIAN_POINT ( 'NONE',  ( -63.84080652025611613, -25.41959598925881636, -9.032934919046782696 ) ) ;
#3870 = DIRECTION ( 'NONE',  ( -0.000000000000000000, -1.000000000000000000, -0.000000000000000000 ) ) ;
#3871 = ORIENTED_EDGE ( 'NONE', *, *, #2392, .T. ) ;
#3872 = CARTESIAN_POINT ( 'NONE',  ( -103.0365832103466630, -1.441199100153023771, -4.898482343457532195 ) ) ;
#3873 = CARTESIAN_POINT ( 'NONE',  ( -80.92506700618008608, -20.59005307782817340, 1.236777342431278681 ) ) ;
#3874 = CARTESIAN_POINT ( 'NONE',  ( -50.93603867816828767, -30.00000000000000000, -8.999999999999987566 ) ) ;
#3875 = CARTESIAN_POINT ( 'NONE',  ( -61.86841983812789891, -11.05082987188142241, 3.853771179638255440 ) ) ;
#3876 = ORIENTED_EDGE ( 'NONE', *, *, #2031, .T. ) ;
#3877 = EDGE_LOOP ( 'NONE', ( #3509, #2974, #3737, #485 ) ) ;
#3878 = DIRECTION ( 'NONE',  ( -0.1955735391825897673, 0.9766945949136356386, -0.08842318156504913595 ) ) ;
#3879 = CARTESIAN_POINT ( 'NONE',  ( -104.8824351351291853, -1.521490335699505758, -1.961247145989406526 ) ) ;
#3880 = CARTESIAN_POINT ( 'NONE',  ( -72.30460410335270183, -22.79471880967472686, 2.163562933162376911 ) ) ;
#3881 = EDGE_CURVE ( 'NONE', #755, #930, #607, .T. ) ;
#3882 = CARTESIAN_POINT ( 'NONE',  ( -50.98096127518921605, -29.44820300218995968, 0.2953201192830317567 ) ) ;
#3883 = CARTESIAN_POINT ( 'NONE',  ( -30.36597725600503850, -10.41877552250735306, 1.183068364913739012 ) ) ;
#3884 = LINE ( 'NONE', #1549, #196 ) ;
#3885 = ORIENTED_EDGE ( 'NONE', *, *, #867, .F. ) ;
#3886 = EDGE_CURVE ( 'NONE', #3204, #801, #1047, .T. ) ;
#3887 = CARTESIAN_POINT ( 'NONE',  ( -56.37184697559538193, -9.169572438850986273, 1.668053370738901142 ) ) ;
#3888 = CARTESIAN_POINT ( 'NONE',  ( -24.06167462725211692, -9.147644842560506362, 3.476980658993001683 ) ) ;
#3889 = CARTESIAN_POINT ( 'NONE',  ( -63.89552684790057668, -25.32832614548735606, 4.880434782608703337 ) ) ;
#3890 = ORIENTED_EDGE ( 'NONE', *, *, #94, .F. ) ;
#3891 = EDGE_CURVE ( 'NONE', #1400, #2254, #2361, .T. ) ;
#3892 = CARTESIAN_POINT ( 'NONE',  ( -104.4905930395731559, -0.9757215867561063183, -1.114714493524550099 ) ) ;
#3893 = CARTESIAN_POINT ( 'NONE',  ( -88.18729150932030336, -17.74378460194619223, 4.471023372155242370 ) ) ;
#3894 = CARTESIAN_POINT ( 'NONE',  ( -21.49999999999999289, -0.1683855899857360505, 4.352650392681315594 ) ) ;
#3895 = CARTESIAN_POINT ( 'NONE',  ( -60.93890635447529291, -12.45216782245748988, 3.424847535534822907 ) ) ;
#3896 = ORIENTED_EDGE ( 'NONE', *, *, #2830, .F. ) ;
#3897 = ORIENTED_EDGE ( 'NONE', *, *, #4318, .T. ) ;
#3898 = LINE ( 'NONE', #2963, #779 ) ;
#3899 = CARTESIAN_POINT ( 'NONE',  ( -71.79903217053828257, -22.95828513112196134, 2.305238514977034026 ) ) ;
#3900 = CARTESIAN_POINT ( 'NONE',  ( -55.43831325054895132, -28.02626270214118520, 1.367506811323508042 ) ) ;
#3901 = CARTESIAN_POINT ( 'NONE',  ( -84.44887983298247036, -0.5001966679866787224, -7.483420475914436487 ) ) ;
#3902 = DIRECTION ( 'NONE',  ( -1.000000000000000000, 0.000000000000000000, 5.204170427930424241E-16 ) ) ;
#3903 = ORIENTED_EDGE ( 'NONE', *, *, #269, .F. ) ;
#3904 = CARTESIAN_POINT ( 'NONE',  ( -56.30144975595187162, -9.470541238293408881, 0.9728454947403988307 ) ) ;
#3905 = CARTESIAN_POINT ( 'NONE',  ( -21.49999999999999645, -20.19999999999999929, 0.5000000000000038858 ) ) ;
#3906 = CARTESIAN_POINT ( 'NONE',  ( -26.56532284435610336, -7.279772510907359440, 1.932509720536108366 ) ) ;
#3907 = ORIENTED_EDGE ( 'NONE', *, *, #2905, .T. ) ;
#3908 = CARTESIAN_POINT ( 'NONE',  ( -104.2481685652306282, -0.9639362452712945117, -2.392982357869004595 ) ) ;
#3909 = CARTESIAN_POINT ( 'NONE',  ( -104.9899999999999949, -12.00000000000000000, 1.835967299967364408 ) ) ;
#3910 = CARTESIAN_POINT ( 'NONE',  ( -57.49999999999999289, -10.00000000000000000, -2.000000000000000000 ) ) ;
#3911 = CARTESIAN_POINT ( 'NONE',  ( -88.15316532909584168, -0.1814859177975551574, 3.967775473201630376 ) ) ;
#3912 = AXIS2_PLACEMENT_3D ( 'NONE', #251, #2996, #570 ) ;
#3913 = ORIENTED_EDGE ( 'NONE', *, *, #2596, .T. ) ;
#3914 = ORIENTED_EDGE ( 'NONE', *, *, #1759, .F. ) ;
#3915 = ADVANCED_FACE ( 'NONE', ( #2437 ), #3411, .F. ) ;
#3916 = AXIS2_PLACEMENT_3D ( 'NONE', #597, #3229, #2403 ) ;
#3917 = DIRECTION ( 'NONE',  ( -0.000000000000000000, -1.000000000000000000, -0.000000000000000000 ) ) ;
#3918 = DIRECTION ( 'NONE',  ( 1.000000000000000000, 0.000000000000000000, -5.204170427930424241E-16 ) ) ;
#3919 = EDGE_CURVE ( 'NONE', #3488, #3044, #3799, .T. ) ;
#3920 = CARTESIAN_POINT ( 'NONE',  ( -29.99658354250544434, -29.46618689462131258, 1.288762273813699011 ) ) ;
#3921 = PRODUCT_DEFINITION_FORMATION_WITH_SPECIFIED_SOURCE ( 'ANY', '', #38, .NOT_KNOWN. ) ;
#3922 = CIRCLE ( 'NONE', #1636, 1.000000000000000000 ) ;
#3923 = CARTESIAN_POINT ( 'NONE',  ( -29.48668445386259407, -8.810021963061561934, 1.436469401795341438 ) ) ;
#3924 = ORIENTED_EDGE ( 'NONE', *, *, #630, .F. ) ;
#3925 = VECTOR ( 'NONE', #274, 1000.000000000000000 ) ;
#3926 =( NAMED_UNIT ( * ) SI_UNIT ( $, .STERADIAN. ) SOLID_ANGLE_UNIT ( ) );
#3927 = CARTESIAN_POINT ( 'NONE',  ( -30.38392494924302412, -9.760695417520688366, 1.178043691369726531 ) ) ;
#3928 = CARTESIAN_POINT ( 'NONE',  ( -24.33821318848080040, -9.286838821347776829, 3.022031960341824863 ) ) ;
#3929 = ORIENTED_EDGE ( 'NONE', *, *, #2423, .F. ) ;
#3930 = LINE ( 'NONE', #185, #1553 ) ;
#3931 = DIRECTION ( 'NONE',  ( 0.000000000000000000, 1.000000000000000000, 0.000000000000000000 ) ) ;
#3932 = CARTESIAN_POINT ( 'NONE',  ( -58.09886782709689612, -27.17752024062292193, 2.268268377757451049 ) ) ;
#3933 = CARTESIAN_POINT ( 'NONE',  ( -65.97024313433283282, -25.30678787970949273, 4.484764829063732527 ) ) ;
#3934 = CARTESIAN_POINT ( 'NONE',  ( -21.50000000000000000, -13.34999999999999964, -8.999999999999996447 ) ) ;
#3935 = ORIENTED_EDGE ( 'NONE', *, *, #2144, .T. ) ;
#3936 = VERTEX_POINT ( 'NONE', #3389 ) ;
#3937 = EDGE_CURVE ( 'NONE', #2022, #3936, #1697, .T. ) ;
#3938 = CARTESIAN_POINT ( 'NONE',  ( -84.43268775238313140, -0.4999999999999993339, -7.484621352348252543 ) ) ;
#3939 = DIRECTION ( 'NONE',  ( -0.000000000000000000, 1.000000000000000000, -0.000000000000000000 ) ) ;
#3940 = EDGE_CURVE ( 'NONE', #1343, #2371, #1059, .T. ) ;
#3941 = CARTESIAN_POINT ( 'NONE',  ( -29.89431426229634425, -29.44035642532266195, 1.318623498966623897 ) ) ;
#3942 = ADVANCED_FACE ( 'NONE', ( #365 ), #727, .F. ) ;
#3943 = CARTESIAN_POINT ( 'NONE',  ( -26.91861733429097825, -6.753524898721516401, 2.304544253708741941 ) ) ;
#3944 = CARTESIAN_POINT ( 'NONE',  ( -99.98999999999999488, 0.000000000000000000, -1.999999999999995781 ) ) ;
#3945 = VERTEX_POINT ( 'NONE', #4086 ) ;
#3946 = CARTESIAN_POINT ( 'NONE',  ( -101.3474079505308367, -13.52809413298389529, -5.938104203327712938 ) ) ;
#3947 = CARTESIAN_POINT ( 'NONE',  ( -21.49999999999999645, -6.649999999999999467, 0.5000000000000035527 ) ) ;
#3948 = CARTESIAN_POINT ( 'NONE',  ( -25.21560895306279804, -7.412064946983717206, 2.975595618759591332 ) ) ;
#3949 = CARTESIAN_POINT ( 'NONE',  ( -88.09814568666480739, -18.32767204687751672, 3.887207663213919862 ) ) ;
#3950 = ORIENTED_EDGE ( 'NONE', *, *, #3287, .T. ) ;
#3951 = CARTESIAN_POINT ( 'NONE',  ( -103.5075998472247250, -1.461687659913934123, -4.487856316166837445 ) ) ;
#3952 = CARTESIAN_POINT ( 'NONE',  ( -24.34971159501942495, -9.239382138119735188, 3.347117784143841757 ) ) ;
#3953 = CARTESIAN_POINT ( 'NONE',  ( -66.23820697592702800, -25.22227238236067492, 4.403970690886448658 ) ) ;
#3954 = CARTESIAN_POINT ( 'NONE',  ( -65.81081323375609315, -24.80130131258672321, 5.000000000000011546 ) ) ;
#3955 = CARTESIAN_POINT ( 'NONE',  ( -28.23520806333291233, -27.82163751652260686, 1.811744569147393902 ) ) ;
#3956 = ORIENTED_EDGE ( 'NONE', *, *, #2119, .F. ) ;
#3957 = CARTESIAN_POINT ( 'NONE',  ( -99.98999999999999488, -12.00000000000000000, -0.9283818807201814627 ) ) ;
#3958 = PLANE ( 'NONE',  #2065 ) ;
#3959 = CIRCLE ( 'NONE', #1316, 1.500000000000001332 ) ;
#3960 = FACE_OUTER_BOUND ( 'NONE', #3703, .T. ) ;
#3961 = CONICAL_SURFACE ( 'NONE', #3041, 45.00000000000000711, 0.7830567841858460110 ) ;
#3962 = CARTESIAN_POINT ( 'NONE',  ( -25.01192067781440542, -8.088487118911595886, 3.060564626328782012 ) ) ;
#3963 = CARTESIAN_POINT ( 'NONE',  ( -57.48781284061509211, -12.96550607702449298, 2.048340672556406616 ) ) ;
#3964 = ORIENTED_EDGE ( 'NONE', *, *, #3752, .T. ) ;
#3965 = DIRECTION ( 'NONE',  ( -0.000000000000000000, 1.000000000000000000, -0.000000000000000000 ) ) ;
#3966 = ADVANCED_FACE ( 'NONE', ( #3108 ), #1545, .T. ) ;
#3967 = CARTESIAN_POINT ( 'NONE',  ( -55.70704284083146263, -9.158481902840149402, 1.463915276456801751 ) ) ;
#3968 = CARTESIAN_POINT ( 'NONE',  ( -30.20576488520753244, -8.907220297633223538, 1.228413007252759925 ) ) ;
#3969 = CARTESIAN_POINT ( 'NONE',  ( -24.30352777969217115, -9.460057813179798103, 3.040565293240729439 ) ) ;
#3970 = VERTEX_POINT ( 'NONE', #2368 ) ;
#3971 = CARTESIAN_POINT ( 'NONE',  ( -61.69872002347361928, -10.52859269281987409, 3.452974824908512819 ) ) ;
#3972 = FACE_OUTER_BOUND ( 'NONE', #3215, .T. ) ;
#3973 = DIRECTION ( 'NONE',  ( -0.9496057016700027997, 0.2995045812317263523, -0.09244467089578572994 ) ) ;
#3974 = CYLINDRICAL_SURFACE ( 'NONE', #337, 1.000000000000000888 ) ;
#3975 = CARTESIAN_POINT ( 'NONE',  ( -29.74999999999999645, -10.00000000000000000, -2.000000000000000000 ) ) ;
#3976 = ORIENTED_EDGE ( 'NONE', *, *, #630, .T. ) ;
#3977 = ORIENTED_EDGE ( 'NONE', *, *, #362, .T. ) ;
#3978 = CARTESIAN_POINT ( 'NONE',  ( -21.49999999999999289, 0.000000000000000000, 4.163586780509327845 ) ) ;
#3979 = CARTESIAN_POINT ( 'NONE',  ( -84.39570710123810215, 0.000000000000000000, 2.221185254827423350 ) ) ;
#3980 = VECTOR ( 'NONE', #3178, 1000.000000000000000 ) ;
#3981 = ORIENTED_EDGE ( 'NONE', *, *, #2504, .T. ) ;
#3982 = LINE ( 'NONE', #2598, #3266 ) ;
#3983 = CARTESIAN_POINT ( 'NONE',  ( -28.31757054886573499, -7.579543094779478629, 1.207264954550536951 ) ) ;
#3984 = CARTESIAN_POINT ( 'NONE',  ( -58.07510473359073444, -13.16842579267879820, 2.259431547860570433 ) ) ;
#3985 = AXIS2_PLACEMENT_3D ( 'NONE', #4194, #1130, #3805 ) ;
#3986 = ORIENTED_EDGE ( 'NONE', *, *, #94, .T. ) ;
#3987 = DIRECTION ( 'NONE',  ( 0.000000000000000000, 1.000000000000000000, 0.000000000000000000 ) ) ;
#3988 = CARTESIAN_POINT ( 'NONE',  ( -59.62892849629512426, -6.847968470668415186, 2.863111376492173399 ) ) ;
#3989 = ADVANCED_FACE ( 'NONE', ( #448 ), #155, .T. ) ;
#3990 = VECTOR ( 'NONE', #3538, 1000.000000000000000 ) ;
#3991 = AXIS2_PLACEMENT_3D ( 'NONE', #2180, #2455, #741 ) ;
#3992 = AXIS2_PLACEMENT_3D ( 'NONE', #907, #1565, #1921 ) ;
#3993 = ADVANCED_FACE ( 'NONE', ( #1780 ), #468, .T. ) ;
#3994 = CARTESIAN_POINT ( 'NONE',  ( -79.99000000000000909, 1.000000000000000000, -1.999999999999997780 ) ) ;
#3995 = FACE_OUTER_BOUND ( 'NONE', #884, .T. ) ;
#3996 = AXIS2_PLACEMENT_3D ( 'NONE', #2664, #3002, #1292 ) ;
#3997 = ORIENTED_EDGE ( 'NONE', *, *, #2803, .T. ) ;
#3998 = CARTESIAN_POINT ( 'NONE',  ( -61.59125490140966974, -9.060836371666932010, 3.392358956505038048 ) ) ;
#3999 = ADVANCED_FACE ( 'NONE', ( #492 ), #3547, .T. ) ;
#4000 = ADVANCED_FACE ( 'NONE', ( #3231 ), #1184, .T. ) ;
#4001 = DIRECTION ( 'NONE',  ( -1.000000000000000000, 0.000000000000000000, 0.000000000000000000 ) ) ;
#4002 = DIRECTION ( 'NONE',  ( 0.000000000000000000, -1.000000000000000000, 0.000000000000000000 ) ) ;
#4003 = FACE_OUTER_BOUND ( 'NONE', #2525, .T. ) ;
#4004 = CARTESIAN_POINT ( 'NONE',  ( -59.00000000000000000, -10.00000000000000000, -2.000000000000000000 ) ) ;
#4005 = ORIENTED_EDGE ( 'NONE', *, *, #1401, .F. ) ;
#4006 = ORIENTED_EDGE ( 'NONE', *, *, #1365, .T. ) ;
#4007 = CARTESIAN_POINT ( 'NONE',  ( -51.08643499243838448, -29.47684478465635749, -8.999999999999994671 ) ) ;
#4008 = DIRECTION ( 'NONE',  ( 0.000000000000000000, 0.000000000000000000, -1.000000000000000000 ) ) ;
#4009 = ORIENTED_EDGE ( 'NONE', *, *, #4292, .T. ) ;
#4010 = DIRECTION ( 'NONE',  ( 0.000000000000000000, 0.000000000000000000, 1.000000000000000000 ) ) ;
#4011 = B_SPLINE_CURVE_WITH_KNOTS ( 'NONE', 3,
 ( #2606, #1596, #4366, #2630, #1577, #4037, #2950, #2340, #2990, #4298, #4322, #4344, #565, #3655, #2250, #632, #3988, #1955, #2316, #1234, #2297, #3319, #3253, #963, #3609, #247, #536, #1281, #2654, #204, #3967, #3677 ),
 .UNSPECIFIED., .F., .F.,
 ( 4, 2, 2, 2, 2, 2, 2, 2, 2, 2, 2, 2, 2, 2, 2, 4 ),
 ( 0.02058389973023588143, 0.02124655430995636696, 0.02190920888967685248, 0.02257186346939733801, 0.02323451804911782353, 0.02389717262883830906, 0.02455982720855879459, 0.02522248178827928011, 0.02588513636799976564, 0.02721044552744073669, 0.02787310010716122916, 0.02853575468688172162, 0.02919840926660221755, 0.02986106384632271002, 0.03052371842604320595, 0.03118637300576369842 ),
 .UNSPECIFIED. ) ;
#4012 = CARTESIAN_POINT ( 'NONE',  ( -29.40648614544073425, -8.654395637624221038, 1.461185514354306214 ) ) ;
#4013 = ORIENTED_EDGE ( 'NONE', *, *, #2830, .T. ) ;
#4014 = CARTESIAN_POINT ( 'NONE',  ( -21.50000000000000000, -29.49999999999999645, -8.999999999999996447 ) ) ;
#4015 = CARTESIAN_POINT ( 'NONE',  ( -100.3371693958709727, -13.90005689647375675, -6.305074531264985183 ) ) ;
#4016 = CARTESIAN_POINT ( 'NONE',  ( -55.63087046444222494, -10.46693668163349678, 1.440711019369539381 ) ) ;
#4017 = CARTESIAN_POINT ( 'NONE',  ( -29.93550879107393925, -29.46996425947907738, 1.306380098119090505 ) ) ;
#4018 = ORIENTED_EDGE ( 'NONE', *, *, #3020, .F. ) ;
#4019 = CARTESIAN_POINT ( 'NONE',  ( -100.0014193964166793, -14.03336767169332688, 3.325641241753655386 ) ) ;
#4020 = B_SPLINE_CURVE_WITH_KNOTS ( 'NONE', 3,
 ( #2590, #1539, #481, #2936 ),
 .UNSPECIFIED., .F., .F.,
 ( 4, 4 ),
 ( 0.000000000000000000, 1.000000000000000000 ),
 .UNSPECIFIED. ) ;
#4021 = CARTESIAN_POINT ( 'NONE',  ( -87.95662649225438656, -0.1719312830459059083, 3.898253459400116139 ) ) ;
#4022 = CARTESIAN_POINT ( 'NONE',  ( -61.40271908972075465, -11.34865748850588574, 3.287313684846289608 ) ) ;
#4023 = CYLINDRICAL_SURFACE ( 'NONE', #2636, 1.499999999999997335 ) ;
#4024 = ADVANCED_FACE ( 'NONE', ( #428 ), #469, .F. ) ;
#4025 = CARTESIAN_POINT ( 'NONE',  ( -42.55799999999999272, -29.46996739464493942, 44.50000000000000711 ) ) ;
#4026 = ORIENTED_EDGE ( 'NONE', *, *, #1097, .T. ) ;
#4027 = ORIENTED_EDGE ( 'NONE', *, *, #1807, .F. ) ;
#4028 = CARTESIAN_POINT ( 'NONE',  ( -55.81080425703416381, -9.374276008891587963, 0.9728454947404289177 ) ) ;
#4029 = CARTESIAN_POINT ( 'NONE',  ( -23.98108809488049431, -10.45632539967932750, 3.513407304996962299 ) ) ;
#4030 = VERTEX_POINT ( 'NONE', #70 ) ;
#4031 = CARTESIAN_POINT ( 'NONE',  ( -26.99999999999999645, -10.00000000000000000, 8.000000000000005329 ) ) ;
#4032 = CARTESIAN_POINT ( 'NONE',  ( -88.28418398719996674, -0.6908121659973220918, 4.466320967358239358 ) ) ;
#4033 = CARTESIAN_POINT ( 'NONE',  ( -82.07402053239769657, -19.63408407113819720, 2.047863159272940159 ) ) ;
#4034 = AXIS2_PLACEMENT_3D ( 'NONE', #1992, #3380, #4403 ) ;
#4035 = ORIENTED_EDGE ( 'NONE', *, *, #1288, .T. ) ;
#4036 = DIRECTION ( 'NONE',  ( 3.083952846181139967E-15, 0.000000000000000000, -1.000000000000000000 ) ) ;
#4037 = CARTESIAN_POINT ( 'NONE',  ( -61.91496424472493487, -9.098407901883353688, 3.875986186465899319 ) ) ;
#4038 = CARTESIAN_POINT ( 'NONE',  ( -58.06794035679998700, -13.16676258513915876, 2.256795483584220996 ) ) ;
#4039 = CARTESIAN_POINT ( 'NONE',  ( -60.87805962685591510, -7.984166296517911654, 3.002771060097082056 ) ) ;
#4040 = EDGE_LOOP ( 'NONE', ( #4204, #730, #1642, #2724 ) ) ;
#4041 = CARTESIAN_POINT ( 'NONE',  ( -63.89552684790057668, -0.5047271171895393316, 4.880434782608703337 ) ) ;
#4042 = FACE_OUTER_BOUND ( 'NONE', #3406, .T. ) ;
#4043 = CARTESIAN_POINT ( 'NONE',  ( -61.48349212425515020, -11.19366188297531295, 3.332200451752215908 ) ) ;
#4044 = CARTESIAN_POINT ( 'NONE',  ( -102.6932524404071216, -13.12550228396373164, -5.134618469814155262 ) ) ;
#4045 = PLANE ( 'NONE',  #3996 ) ;
#4046 = VERTEX_POINT ( 'NONE', #1446 ) ;
#4047 = ORIENTED_EDGE ( 'NONE', *, *, #1615, .T. ) ;
#4048 = FACE_OUTER_BOUND ( 'NONE', #3793, .T. ) ;
#4049 = CARTESIAN_POINT ( 'NONE',  ( -104.3278297678061506, -13.20884775412421597, 11.00000000000001066 ) ) ;
#4050 = ADVANCED_FACE ( 'NONE', ( #2813 ), #2501, .F. ) ;
#4051 = ORIENTED_EDGE ( 'NONE', *, *, #1342, .F. ) ;
#4052 = VECTOR ( 'NONE', #3733, 1000.000000000000114 ) ;
#4053 = DIRECTION ( 'NONE',  ( 0.000000000000000000, 1.000000000000000000, 0.000000000000000000 ) ) ;
#4054 = CARTESIAN_POINT ( 'NONE',  ( -64.00000000000000000, -4.649999999999987921, -8.999999999999992895 ) ) ;
#4055 = EDGE_CURVE ( 'NONE', #675, #3691, #4224, .T. ) ;
#4056 = CARTESIAN_POINT ( 'NONE',  ( -80.35811318232289580, -20.18922303817812747, 1.716791851210046183 ) ) ;
#4057 = ORIENTED_EDGE ( 'NONE', *, *, #1099, .F. ) ;
#4058 = VECTOR ( 'NONE', #1238, 1000.000000000000000 ) ;
#4059 = CARTESIAN_POINT ( 'NONE',  ( -23.65753899223190260, -23.19155931610815813, 3.661603177742588144 ) ) ;
#4060 = CARTESIAN_POINT ( 'NONE',  ( -87.67451566768409066, -0.6760630272930195916, 4.329548684152598526 ) ) ;
#4061 = AXIS2_PLACEMENT_3D ( 'NONE', #3432, #2355, #1633 ) ;
#4062 = CARTESIAN_POINT ( 'NONE',  ( -59.68828046274603594, -13.13574014828355985, 2.887506285873094214 ) ) ;
#4063 = CARTESIAN_POINT ( 'NONE',  ( -57.26999785459758385, -7.855644032126544829, 1.337596943556407458 ) ) ;
#4064 = VERTEX_POINT ( 'NONE', #3170 ) ;
#4065 = B_SPLINE_CURVE_WITH_KNOTS ( 'NONE', 3,
 ( #1988, #972, #3355, #280 ),
 .UNSPECIFIED., .F., .F.,
 ( 4, 4 ),
 ( 0.000000000000000000, 1.000000000000000000 ),
 .UNSPECIFIED. ) ;
#4066 = FACE_OUTER_BOUND ( 'NONE', #583, .T. ) ;
#4067 = AXIS2_PLACEMENT_3D ( 'NONE', #2188, #2607, #1215 ) ;
#4068 = DIRECTION ( 'NONE',  ( 1.000000000000000000, 0.000000000000000000, -8.163404592832032733E-17 ) ) ;
#4069 = CARTESIAN_POINT ( 'NONE',  ( -61.61374725249515905, -10.87228843978320825, 3.405008783438215669 ) ) ;
#4070 = CIRCLE ( 'NONE', #556, 45.00000000000000711 ) ;
#4071 = FACE_OUTER_BOUND ( 'NONE', #1021, .T. ) ;
#4072 = CARTESIAN_POINT ( 'NONE',  ( -25.64240993767901244, -12.39707337603556425, 2.360518996145059667 ) ) ;
#4073 = ORIENTED_EDGE ( 'NONE', *, *, #2087, .T. ) ;
#4074 = VERTEX_POINT ( 'NONE', #91 ) ;
#4075 = EDGE_CURVE ( 'NONE', #3416, #104, #3982, .T. ) ;
#4076 = LINE ( 'NONE', #3714, #455 ) ;
#4077 = CARTESIAN_POINT ( 'NONE',  ( -24.30352777969215694, -9.460057813179796327, 3.040565293240703237 ) ) ;
#4078 = EDGE_CURVE ( 'NONE', #1606, #2809, #2487, .T. ) ;
#4079 = CARTESIAN_POINT ( 'NONE',  ( -29.33251900234562726, -29.81406379194632805, 0.8561724086722579674 ) ) ;
#4080 = B_SPLINE_CURVE_WITH_KNOTS ( 'NONE', 3,
 ( #1151, #1887, #179, #3866, #452, #2906 ),
 .UNSPECIFIED., .F., .F.,
 ( 4, 2, 4 ),
 ( 0.009130417585596808938, 0.009397306474234191215, 0.009664195362871571757 ),
 .UNSPECIFIED. ) ;
#4081 = DIRECTION ( 'NONE',  ( -0.000000000000000000, -1.000000000000000000, -0.000000000000000000 ) ) ;
#4082 = CARTESIAN_POINT ( 'NONE',  ( -84.25121379920329900, -18.92970935677304922, 2.702509191279357736 ) ) ;
#4083 = EDGE_CURVE ( 'NONE', #3003, #998, #970, .T. ) ;
#4084 = ORIENTED_EDGE ( 'NONE', *, *, #1705, .F. ) ;
#4085 = CARTESIAN_POINT ( 'NONE',  ( -23.53495214904014787, -23.06756872508361411, 3.718559690120035288 ) ) ;
#4086 = CARTESIAN_POINT ( 'NONE',  ( -100.5876410673108694, -1.327066598364385897, -6.286498442434115042 ) ) ;
#4087 = DIRECTION ( 'NONE',  ( 0.000000000000000000, 0.000000000000000000, 1.000000000000000000 ) ) ;
#4088 = CARTESIAN_POINT ( 'NONE',  ( -61.61287729169192318, -9.124826604081819781, 3.404518004572415268 ) ) ;
#4089 = B_SPLINE_CURVE_WITH_KNOTS ( 'NONE', 3,
 ( #1061, #3461, #3128, #3481 ),
 .UNSPECIFIED., .F., .F.,
 ( 4, 4 ),
 ( 0.000000000000000000, 1.000000000000000000 ),
 .UNSPECIFIED. ) ;
#4090 = EDGE_LOOP ( 'NONE', ( #3876, #1007, #2471, #1414 ) ) ;
#4091 = CARTESIAN_POINT ( 'NONE',  ( -60.72552356710039589, -7.374974528879603142, 3.329905843468103033 ) ) ;
#4092 = DIRECTION ( 'NONE',  ( 0.000000000000000000, 0.000000000000000000, 1.000000000000000000 ) ) ;
#4093 = CARTESIAN_POINT ( 'NONE',  ( -56.25000000000002842, -10.17762978514854311, 0.9543786816630811520 ) ) ;
#4094 = CARTESIAN_POINT ( 'NONE',  ( -104.3278297678061506, -13.20884775412421597, -0.9283818807201814627 ) ) ;
#4095 = CARTESIAN_POINT ( 'NONE',  ( -29.39586062579233428, -11.36115210437159995, 0.8159145497773294675 ) ) ;
#4096 = EDGE_LOOP ( 'NONE', ( #2586, #1516, #4288, #973 ) ) ;
#4097 = ORIENTED_EDGE ( 'NONE', *, *, #3431, .F. ) ;
#4098 = DIRECTION ( 'NONE',  ( -0.9301553775508621946, 0.3671661389796354591, 6.577291758567201908E-17 ) ) ;
#4099 = CARTESIAN_POINT ( 'NONE',  ( -104.9679674320196057, -1.501885741341009606, 2.842144883389353893 ) ) ;
#4100 = CARTESIAN_POINT ( 'NONE',  ( -87.67451566768410487, -0.6760630272930195916, 4.329548684152602078 ) ) ;
#4101 = ORIENTED_EDGE ( 'NONE', *, *, #3184, .T. ) ;
#4102 = CARTESIAN_POINT ( 'NONE',  ( -85.74351293306253297, -0.06434190243375989549, -6.887832150925397023 ) ) ;
#4103 = DIRECTION ( 'NONE',  ( 0.000000000000000000, 0.000000000000000000, 1.000000000000000000 ) ) ;
#4104 = CARTESIAN_POINT ( 'NONE',  ( -82.71474265693659333, -19.42679232875440931, 2.213697386703403769 ) ) ;
#4105 = CARTESIAN_POINT ( 'NONE',  ( -24.07378978761870059, -23.61257704071735475, 3.470827453619723890 ) ) ;
#4106 = CARTESIAN_POINT ( 'NONE',  ( -29.51701141960076313, -29.91777168656306429, 0.8306057714681578386 ) ) ;
#4107 = DIRECTION ( 'NONE',  ( 0.7071067811865474617, 0.000000000000000000, 0.7071067811865474617 ) ) ;
#4108 = DIRECTION ( 'NONE',  ( 0.000000000000000000, 1.000000000000000000, 0.000000000000000000 ) ) ;
#4109 = ORIENTED_EDGE ( 'NONE', *, *, #4404, .T. ) ;
#4110 = CARTESIAN_POINT ( 'NONE',  ( -58.30705398401613593, -7.332867702401117960, 1.765730476797158666 ) ) ;
#4111 = EDGE_CURVE ( 'NONE', #842, #2328, #1119, .T. ) ;
#4112 = CARTESIAN_POINT ( 'NONE',  ( -65.81081323375609315, -30.00000000000000000, 4.000000000000010658 ) ) ;
#4113 = CARTESIAN_POINT ( 'NONE',  ( -84.43268775238313140, -0.4999999999999865663, -7.484621352348252543 ) ) ;
#4114 = CARTESIAN_POINT ( 'NONE',  ( -23.97678435305861555, -9.576297488198330043, 3.515361455083781728 ) ) ;
#4115 = CARTESIAN_POINT ( 'NONE',  ( -51.23683130670848129, -29.95368956931272564, -0.2108035128375308764 ) ) ;
#4116 = ORIENTED_EDGE ( 'NONE', *, *, #54, .T. ) ;
#4117 = CARTESIAN_POINT ( 'NONE',  ( -50.93547250542115989, -29.46267606014794183, 0.2866524816653397423 ) ) ;
#4118 = CARTESIAN_POINT ( 'NONE',  ( -69.61151477593702452, -24.15833485731114294, 2.570487703492976284 ) ) ;
#4119 = CARTESIAN_POINT ( 'NONE',  ( -25.31037447376884941, -12.18103383465756018, 2.935601283503971537 ) ) ;
#4120 = CARTESIAN_POINT ( 'NONE',  ( -57.39646948601646415, -12.24122743341031949, 1.387669150408673557 ) ) ;
#4121 = ORIENTED_EDGE ( 'NONE', *, *, #2748, .T. ) ;
#4122 = DIRECTION ( 'NONE',  ( -0.9960911728825841971, -0.04842446149161808155, 0.07387453441237036567 ) ) ;
#4123 = LINE ( 'NONE', #3694, #2641 ) ;
#4124 = CARTESIAN_POINT ( 'NONE',  ( -77.76931986719964129, -21.02675565386161338, 1.503018385762020070 ) ) ;
#4125 = AXIS2_PLACEMENT_3D ( 'NONE', #262, #868, #1276 ) ;
#4126 = CARTESIAN_POINT ( 'NONE',  ( -28.47625366369740263, -28.06544721197407100, 1.759634627554080843 ) ) ;
#4127 = CARTESIAN_POINT ( 'NONE',  ( -29.70381406857070061, -29.97763374725752428, 0.8049076906386763985 ) ) ;
#4128 = CARTESIAN_POINT ( 'NONE',  ( -63.89552684790057668, -25.32832614548735606, 4.880434782608703337 ) ) ;
#4129 = CYLINDRICAL_SURFACE ( 'NONE', #1132, 17.00405833911423059 ) ;
#4130 = ORIENTED_EDGE ( 'NONE', *, *, #2769, .F. ) ;
#4131 = ADVANCED_FACE ( 'NONE', ( #3672 ), #531, .F. ) ;
#4132 = CARTESIAN_POINT ( 'NONE',  ( -59.17586332989754538, -7.233508546175667853, 2.153525252452344052 ) ) ;
#4133 = VECTOR ( 'NONE', #838, 1000.000000000000000 ) ;
#4134 = CARTESIAN_POINT ( 'NONE',  ( -29.26620652174155879, -12.47391781922897813, 1.507520135327470312 ) ) ;
#4135 = CARTESIAN_POINT ( 'NONE',  ( -21.49999999999999289, -21.99999999999997868, 3.955686284297966981 ) ) ;
#4136 = VECTOR ( 'NONE', #4107, 1000.000000000000114 ) ;
#4137 = ORIENTED_EDGE ( 'NONE', *, *, #2416, .F. ) ;
#4138 = DIRECTION ( 'NONE',  ( 0.000000000000000000, 0.000000000000000000, 1.000000000000000000 ) ) ;
#4139 = EDGE_CURVE ( 'NONE', #2052, #1965, #3370, .T. ) ;
#4140 = CARTESIAN_POINT ( 'NONE',  ( -64.52912401176401147, -25.76131524675346185, 4.484764829063734304 ) ) ;
#4141 = CARTESIAN_POINT ( 'NONE',  ( -26.28815402572050886, -12.68338232754398831, 2.542373103301950099 ) ) ;
#4142 = CARTESIAN_POINT ( 'NONE',  ( -60.23033898311277312, -12.46552898996461067, 2.666713617945132064 ) ) ;
#4143 = ORIENTED_EDGE ( 'NONE', *, *, #2619, .F. ) ;
#4144 = CIRCLE ( 'NONE', #1429, 1.499999999999997113 ) ;
#4145 = DIRECTION ( 'NONE',  ( 1.000000000000000000, 0.000000000000000000, -8.163404592832032733E-17 ) ) ;
#4146 = LINE ( 'NONE', #4164, #4275 ) ;
#4147 = CARTESIAN_POINT ( 'NONE',  ( -74.19687651029933306, -22.18252668995482679, 1.761250448556188397 ) ) ;
#4148 = CARTESIAN_POINT ( 'NONE',  ( -86.96930752266733577, -18.05033901888371517, 3.927142031888227969 ) ) ;
#4149 = CARTESIAN_POINT ( 'NONE',  ( -29.55933679799413127, -29.93534318198535260, 0.8247646738139969846 ) ) ;
#4150 = FACE_OUTER_BOUND ( 'NONE', #4388, .T. ) ;
#4151 = CARTESIAN_POINT ( 'NONE',  ( -93.49999999999998579, -15.00000000000000000, 9.170000000000007034 ) ) ;
#4152 = ORIENTED_EDGE ( 'NONE', *, *, #2935, .T. ) ;
#4153 = CARTESIAN_POINT ( 'NONE',  ( -57.81172297618409317, -7.513736875721953368, 1.556311286879981770 ) ) ;
#4154 = CARTESIAN_POINT ( 'NONE',  ( -26.74696648761786477, -13.22816982645716521, 2.368576006889200780 ) ) ;
#4155 = DIRECTION ( 'NONE',  ( -4.625929269271483942E-16, 0.000000000000000000, -1.000000000000000000 ) ) ;
#4156 = ORIENTED_EDGE ( 'NONE', *, *, #1945, .F. ) ;
#4157 = CARTESIAN_POINT ( 'NONE',  ( -66.16215814603042134, -24.74758745882859401, 4.936334169220572221 ) ) ;
#4158 = DIRECTION ( 'NONE',  ( 4.625929269271483942E-16, -0.000000000000000000, 1.000000000000000000 ) ) ;
#4159 = CARTESIAN_POINT ( 'NONE',  ( -29.26198323471563967, -12.47756725607205475, 1.508825084828553598 ) ) ;
#4160 = CARTESIAN_POINT ( 'NONE',  ( -61.65297298763170630, -10.75176939329895376, 3.751023556438644047 ) ) ;
#4161 = ORIENTED_EDGE ( 'NONE', *, *, #1947, .T. ) ;
#4162 = ORIENTED_EDGE ( 'NONE', *, *, #1374, .T. ) ;
#4163 = CARTESIAN_POINT ( 'NONE',  ( -64.52912401176401147, -25.76131524675346185, 4.484764829063734304 ) ) ;
#4164 = CARTESIAN_POINT ( 'NONE',  ( -23.99999999999999645, -4.649999999999987921, -8.999999999999996447 ) ) ;
#4165 = CARTESIAN_POINT ( 'NONE',  ( -76.05792712968414548, -21.58042035543100212, 1.546023163325468630 ) ) ;
#4166 = CARTESIAN_POINT ( 'NONE',  ( -64.33440381711831435, -25.82272977938753655, 4.445734580595336993 ) ) ;
#4167 = DIRECTION ( 'NONE',  ( -5.772398745160941194E-17, 0.7071067811865470176, -0.7071067811865480168 ) ) ;
#4168 = DIRECTION ( 'NONE',  ( 0.2126925073716967596, 0.6743603616079090202, 0.7071067811865411334 ) ) ;
#4169 = ORIENTED_EDGE ( 'NONE', *, *, #2000, .F. ) ;
#4170 = CARTESIAN_POINT ( 'NONE',  ( -56.72638983061797546, -7.524143833362432865, 1.788385114555027799 ) ) ;
#4171 = CARTESIAN_POINT ( 'NONE',  ( -28.17452390670662155, -13.09473128088424865, 1.860144964320353145 ) ) ;
#4172 = DIRECTION ( 'NONE',  ( -5.772398745160933799E-17, -0.7071067811865480168, -0.7071067811865470176 ) ) ;
#4173 = AXIS2_PLACEMENT_3D ( 'NONE', #619, #2379, #3739 ) ;
#4174 = VERTEX_POINT ( 'NONE', #2291 ) ;
#4175 = DIRECTION ( 'NONE',  ( 0.000000000000000000, 1.000000000000000000, 0.000000000000000000 ) ) ;
#4176 = VECTOR ( 'NONE', #2709, 1000.000000000000000 ) ;
#4177 = CARTESIAN_POINT ( 'NONE',  ( -69.65217202239324479, -23.65284829018861856, 3.045897827850498008 ) ) ;
#4178 = CARTESIAN_POINT ( 'NONE',  ( -28.18704419804529593, -12.48697408691278632, 1.257375574575923860 ) ) ;
#4179 = DIRECTION ( 'NONE',  ( 0.000000000000000000, 0.000000000000000000, 1.000000000000000000 ) ) ;
#4180 = ORIENTED_EDGE ( 'NONE', *, *, #2336, .F. ) ;
#4181 = EDGE_LOOP ( 'NONE', ( #3571, #936, #1943, #87 ) ) ;
#4182 = APPLICATION_PROTOCOL_DEFINITION ( 'draft international standard', 'automotive_design', 1998, #4367 ) ;
#4183 = CARTESIAN_POINT ( 'NONE',  ( -103.3798509431147181, -1.456130888485830832, -4.625070695273013399 ) ) ;
#4184 = EDGE_CURVE ( 'NONE', #399, #3182, #1618, .T. ) ;
#4185 = CARTESIAN_POINT ( 'NONE',  ( -70.14787848905739054, -23.49247286901827891, 2.868531978215983713 ) ) ;
#4186 = ADVANCED_FACE ( 'NONE', ( #3960 ), #2448, .T. ) ;
#4187 = DIRECTION ( 'NONE',  ( 0.000000000000000000, 1.000000000000000000, -0.000000000000000000 ) ) ;
#4188 = EDGE_CURVE ( 'NONE', #289, #3257, #1338, .T. ) ;
#4189 = CARTESIAN_POINT ( 'NONE',  ( -84.39570710123810215, 1.084202172485504434E-16, -6.985990796284056614 ) ) ;
#4190 = CARTESIAN_POINT ( 'NONE',  ( -89.98999999999999488, -0.2707826932425814181, -0.4999999999999997780 ) ) ;
#4191 = DIRECTION ( 'NONE',  ( 0.7406077666842699747, -0.6719375982388081647, 0.000000000000000000 ) ) ;
#4192 = VERTEX_POINT ( 'NONE', #1928 ) ;
#4193 = CARTESIAN_POINT ( 'NONE',  ( -88.26001627540193795, -0.1866804217502105734, 3.966315571230538239 ) ) ;
#4194 = CARTESIAN_POINT ( 'NONE',  ( -99.98999999999999488, 0.000000000000000000, -2.499999999999992895 ) ) ;
#4195 = DIRECTION ( 'NONE',  ( -0.9941318082362631259, -0.04832920798426169201, -0.09677931343273528386 ) ) ;
#4196 = EDGE_LOOP ( 'NONE', ( #2837, #2486, #3913, #461 ) ) ;
#4197 = CARTESIAN_POINT ( 'NONE',  ( -29.91421356237312779, -29.50000000000000000, -8.999999999999996447 ) ) ;
#4198 = CIRCLE ( 'NONE', #1628, 1.499999999999997113 ) ;
#4199 = DIRECTION ( 'NONE',  ( 0.000000000000000000, 0.000000000000000000, 1.000000000000000000 ) ) ;
#4200 = CARTESIAN_POINT ( 'NONE',  ( -29.42093721088925307, -11.31939601492512182, 1.456714655329070629 ) ) ;
#4201 = AXIS2_PLACEMENT_3D ( 'NONE', #2026, #3753, #608 ) ;
#4202 = CARTESIAN_POINT ( 'NONE',  ( -61.43797600750897914, -11.28866634687666526, 3.651006788602911612 ) ) ;
#4203 = ADVANCED_FACE ( 'NONE', ( #3295 ), #2312, .F. ) ;
#4204 = ORIENTED_EDGE ( 'NONE', *, *, #1814, .T. ) ;
#4205 = ORIENTED_EDGE ( 'NONE', *, *, #3159, .T. ) ;
#4206 = CIRCLE ( 'NONE', #1494, 1.500000000000001332 ) ;
#4207 = CARTESIAN_POINT ( 'NONE',  ( -64.00000000000000000, -0.5000000000000004441, -8.999999999999992895 ) ) ;
#4208 = AXIS2_PLACEMENT_3D ( 'NONE', #4004, #2615, #2937 ) ;
#4209 = CARTESIAN_POINT ( 'NONE',  ( -61.71576273552481240, -10.44158144788297093, 3.462607765414803307 ) ) ;
#4210 = CARTESIAN_POINT ( 'NONE',  ( -104.9899999999999949, -12.52814894056981920, 2.840000000000012736 ) ) ;
#4211 = CARTESIAN_POINT ( 'NONE',  ( -70.20089043730258993, -23.47532213262914169, 2.847930328927346988 ) ) ;
#4212 = ADVANCED_FACE ( 'NONE', ( #1972 ), #243, .T. ) ;
#4213 = CIRCLE ( 'NONE', #3005, 45.50236911868988443 ) ;
#4214 = CARTESIAN_POINT ( 'NONE',  ( -50.84119878171942020, -29.46996739464493942, 0.2689179655016553094 ) ) ;
#4215 = CARTESIAN_POINT ( 'NONE',  ( -69.99000000000000909, 0.000000000000000000, -2.000000000000006217 ) ) ;
#4216 = ADVANCED_FACE ( 'NONE', ( #3248 ), #395, .T. ) ;
#4217 = LINE ( 'NONE', #3234, #839 ) ;
#4218 = ORIENTED_EDGE ( 'NONE', *, *, #3081, .T. ) ;
#4219 = SURFACE_STYLE_USAGE ( .BOTH. , #1490 ) ;
#4220 = CARTESIAN_POINT ( 'NONE',  ( -104.2512590886112349, -12.72029437216551528, -3.544543343316250539 ) ) ;
#4221 = CARTESIAN_POINT ( 'NONE',  ( -21.49999999999999289, -21.99999999999997868, 3.955686284297966981 ) ) ;
#4222 = ORIENTED_EDGE ( 'NONE', *, *, #2416, .T. ) ;
#4223 = CARTESIAN_POINT ( 'NONE',  ( -104.3055429970929993, -0.9667254738499204691, -2.215321421439292671 ) ) ;
#4224 = B_SPLINE_CURVE_WITH_KNOTS ( 'NONE', 1,
 ( #3838, #765 ),
 .UNSPECIFIED., .F., .F.,
 ( 2, 2 ),
 ( 0.000000000000000000, 1.000000000000000000 ),
 .UNSPECIFIED. ) ;
#4225 = CARTESIAN_POINT ( 'NONE',  ( -80.94360725668386181, -20.58420550345778821, 1.171786311475913278 ) ) ;
#4226 = CARTESIAN_POINT ( 'NONE',  ( -30.32310368922825106, -10.63600990913604605, 1.195181419792733513 ) ) ;
#4227 = DIRECTION ( 'NONE',  ( -0.000000000000000000, 1.000000000000000000, -0.000000000000000000 ) ) ;
#4228 = ORIENTED_EDGE ( 'NONE', *, *, #1949, .F. ) ;
#4229 = ADVANCED_FACE ( 'NONE', ( #1003 ), #332, .F. ) ;
#4230 = VERTEX_POINT ( 'NONE', #980 ) ;
#4231 = CARTESIAN_POINT ( 'NONE',  ( -103.7216339726865613, -1.470997510656295582, -4.256387547364525403 ) ) ;
#4232 = CARTESIAN_POINT ( 'NONE',  ( -75.56739837775623414, -21.73912923658151897, 1.585894286448091828 ) ) ;
#4233 = CARTESIAN_POINT ( 'NONE',  ( -63.89552684790056247, -25.32832614548767580, 4.880434782608690902 ) ) ;
#4234 = DIRECTION ( 'NONE',  ( -1.000000000000000000, 0.000000000000000000, 0.000000000000000000 ) ) ;
#4235 = CARTESIAN_POINT ( 'NONE',  ( -51.03785440456320543, -30.00000000000000000, -0.2285524116383009230 ) ) ;
#4236 = ORIENTED_EDGE ( 'NONE', *, *, #766, .T. ) ;
#4237 = LINE ( 'NONE', #3174, #2847 ) ;
#4238 = ADVANCED_FACE ( 'NONE', ( #2696 ), #2720, .T. ) ;
#4239 = CARTESIAN_POINT ( 'NONE',  ( -104.8088681113765404, -12.57525902769975623, -2.266071079481281725 ) ) ;
#4240 = CARTESIAN_POINT ( 'NONE',  ( -24.52095296364824151, -8.797248601857535988, 2.925259288868712115 ) ) ;
#4241 = ORIENTED_EDGE ( 'NONE', *, *, #2305, .T. ) ;
#4242 = CARTESIAN_POINT ( 'NONE',  ( -88.04694654755732586, -17.76524267797342560, 4.461133570941418824 ) ) ;
#4243 = EDGE_CURVE ( 'NONE', #563, #1953, #2044, .T. ) ;
#4244 = CARTESIAN_POINT ( 'NONE',  ( -66.08588905332268837, 0.000000000000000000, 4.414692401091786067 ) ) ;
#4245 = FACE_OUTER_BOUND ( 'NONE', #652, .T. ) ;
#4246 = DIRECTION ( 'NONE',  ( -1.000000000000000000, 0.000000000000000000, 0.000000000000000000 ) ) ;
#4247 = ORIENTED_EDGE ( 'NONE', *, *, #3525, .F. ) ;
#4248 = ORIENTED_EDGE ( 'NONE', *, *, #156, .T. ) ;
#4249 = CIRCLE ( 'NONE', #2116, 1.499999999999997113 ) ;
#4250 = DIRECTION ( 'NONE',  ( -1.000000000000000000, 0.000000000000000000, 0.000000000000000000 ) ) ;
#4251 = DIRECTION ( 'NONE',  ( 0.000000000000000000, -1.000000000000000000, 0.000000000000000000 ) ) ;
#4252 = CARTESIAN_POINT ( 'NONE',  ( -63.27829998243370113, -26.15582375322125941, 3.876947612793274711 ) ) ;
#4253 = CARTESIAN_POINT ( 'NONE',  ( -84.42809126243675166, -0.0003933359733796910050, -6.984789919850243223 ) ) ;
#4254 = CARTESIAN_POINT ( 'NONE',  ( -65.81081323375609315, -25.35707189287840890, 4.484764829063733416 ) ) ;
#4255 = ORIENTED_EDGE ( 'NONE', *, *, #2046, .F. ) ;
#4256 = CARTESIAN_POINT ( 'NONE',  ( -63.84960368572969713, -25.45135558640122397, -8.999999999999992895 ) ) ;
#4257 = CARTESIAN_POINT ( 'NONE',  ( -27.32594083697942366, -6.747228251491779183, 2.155796576614160909 ) ) ;
#4258 = VECTOR ( 'NONE', #3344, 1000.000000000000114 ) ;
#4259 = ADVANCED_FACE ( 'NONE', ( #1053 ), #2360, .T. ) ;
#4260 = CARTESIAN_POINT ( 'NONE',  ( -25.50918730523189026, -7.683328676496509857, 2.425055823717037207 ) ) ;
#4261 = ORIENTED_EDGE ( 'NONE', *, *, #1122, .T. ) ;
#4262 = CARTESIAN_POINT ( 'NONE',  ( -104.1673733745316071, -1.490386878337496057, -3.683906990667094927 ) ) ;
#4263 = CARTESIAN_POINT ( 'NONE',  ( -60.30072363259633761, -26.47510460302335034, 3.141764014608031896 ) ) ;
#4264 = CARTESIAN_POINT ( 'NONE',  ( -84.41190491931665463, -4.980171108389109143E-08, 2.224088428891728420 ) ) ;
#4265 = ADVANCED_FACE ( 'NONE', ( #3080 ), #3123, .F. ) ;
#4266 = CARTESIAN_POINT ( 'NONE',  ( -23.29724671456379781, -23.79724671456377649, 3.057979681352011259 ) ) ;
#4267 = ORIENTED_EDGE ( 'NONE', *, *, #358, .F. ) ;
#4268 = ADVANCED_FACE ( 'NONE', ( #3693 ), #2741, .T. ) ;
#4269 = EDGE_LOOP ( 'NONE', ( #3401, #1181, #841, #659, #4433 ) ) ;
#4270 = CIRCLE ( 'NONE', #772, 0.4976308813101296691 ) ;
#4271 = DIRECTION ( 'NONE',  ( 0.000000000000000000, 0.000000000000000000, 1.000000000000000000 ) ) ;
#4272 = DIRECTION ( 'NONE',  ( 1.000000000000000000, 0.000000000000000000, 0.000000000000000000 ) ) ;
#4273 = VECTOR ( 'NONE', #429, 1000.000000000000114 ) ;
#4274 = CARTESIAN_POINT ( 'NONE',  ( -29.82539057832415352, -29.40751026394688594, 1.338896535452935410 ) ) ;
#4275 = VECTOR ( 'NONE', #2497, 999.9999999999998863 ) ;
#4276 = CARTESIAN_POINT ( 'NONE',  ( -28.13503361978438733, -6.892567111431081806, 1.873488255984250062 ) ) ;
#4277 = CARTESIAN_POINT ( 'NONE',  ( -64.00000000000000000, -30.00000000000000000, -8.999999999999992895 ) ) ;
#4278 = ORIENTED_EDGE ( 'NONE', *, *, #1227, .T. ) ;
#4279 = DIRECTION ( 'NONE',  ( 0.000000000000000000, -0.7170451591212581022, -0.6970267138214787384 ) ) ;
#4280 = CARTESIAN_POINT ( 'NONE',  ( -25.74160279413184327, -7.081769814302684374, 2.759736994251580366 ) ) ;
#4281 = CARTESIAN_POINT ( 'NONE',  ( -64.15000000000000568, -15.36112466455234404, -8.988875335447660930 ) ) ;
#4282 = VERTEX_POINT ( 'NONE', #3769 ) ;
#4283 = CARTESIAN_POINT ( 'NONE',  ( -103.5365642252543381, -0.9293419652530016117, -3.696206214258780598 ) ) ;
#4284 = CARTESIAN_POINT ( 'NONE',  ( -24.39555177954606791, -9.098581828711465036, 2.991464721533672932 ) ) ;
#4285 = CARTESIAN_POINT ( 'NONE',  ( -84.65785377234880116, -19.41273628701429743, 2.149380519366134834 ) ) ;
#4286 = CARTESIAN_POINT ( 'NONE',  ( -84.42809062676482768, -0.0003933715050557879344, 2.226995083174089007 ) ) ;
#4287 = CARTESIAN_POINT ( 'NONE',  ( -88.26001627540193795, -0.1866804217502105734, 3.966315571230538239 ) ) ;
#4288 = ORIENTED_EDGE ( 'NONE', *, *, #486, .F. ) ;
#4289 = ORIENTED_EDGE ( 'NONE', *, *, #3794, .T. ) ;
#4290 = DIRECTION ( 'NONE',  ( 0.1914084154826092843, -0.9772320551171538305, -0.09154413653501226877 ) ) ;
#4291 = CARTESIAN_POINT ( 'NONE',  ( -29.91421356237312779, -29.49999999999999645, -8.999999999999996447 ) ) ;
#4292 = EDGE_CURVE ( 'NONE', #3165, #2714, #2068, .T. ) ;
#4293 = DIRECTION ( 'NONE',  ( -1.000000000000000000, 0.000000000000000000, 0.000000000000000000 ) ) ;
#4294 = CARTESIAN_POINT ( 'NONE',  ( -29.61624634606678086, -9.132822165529898228, 1.396748935313120166 ) ) ;
#4295 = DIRECTION ( 'NONE',  ( -0.000000000000000000, 1.000000000000000000, -0.000000000000000000 ) ) ;
#4296 = ORIENTED_EDGE ( 'NONE', *, *, #896, .F. ) ;
#4297 = DIRECTION ( 'NONE',  ( -0.000000000000000000, 1.000000000000000000, -0.000000000000000000 ) ) ;
#4298 = CARTESIAN_POINT ( 'NONE',  ( -61.33008981817754801, -7.959729285584601577, 3.602245958631052680 ) ) ;
#4299 = CARTESIAN_POINT ( 'NONE',  ( -104.7808761584237232, -12.58254409570182730, -2.363014520100087612 ) ) ;
#4300 = CARTESIAN_POINT ( 'NONE',  ( -59.00000000000000000, -10.00000000000000000, 17.00000000000000000 ) ) ;
#4301 = VERTEX_POINT ( 'NONE', #3362 ) ;
#4302 = CARTESIAN_POINT ( 'NONE',  ( -100.5876410673108694, -13.75536320523436906, -6.286498442434115042 ) ) ;
#4303 = CARTESIAN_POINT ( 'NONE',  ( -54.40367100971425884, -28.35632407740422423, 1.087093795752849923 ) ) ;
#4304 = DIRECTION ( 'NONE',  ( -0.000000000000000000, 1.000000000000000000, 0.000000000000000000 ) ) ;
#4305 = CARTESIAN_POINT ( 'NONE',  ( -104.9899999999999949, -1.526169976973967835, -0.9283818807201814627 ) ) ;
#4306 = ORIENTED_EDGE ( 'NONE', *, *, #3559, .F. ) ;
#4307 = EDGE_LOOP ( 'NONE', ( #1767, #1727, #4236, #2145, #3356, #207 ) ) ;
#4308 = CARTESIAN_POINT ( 'NONE',  ( -64.15000000000000568, 0.000000000000000000, -1.999999999999992228 ) ) ;
#4309 = FACE_OUTER_BOUND ( 'NONE', #2981, .T. ) ;
#4310 = EDGE_CURVE ( 'NONE', #417, #4394, #1733, .T. ) ;
#4311 = VECTOR ( 'NONE', #283, 1000.000000000000000 ) ;
#4312 = CARTESIAN_POINT ( 'NONE',  ( -26.99999999999999645, -10.00000000000000000, 17.00000000000000000 ) ) ;
#4313 = ADVANCED_FACE ( 'NONE', ( #1391 ), #3000, .T. ) ;
#4314 = B_SPLINE_CURVE_WITH_KNOTS ( 'NONE', 3,
 ( #2319, #1356, #317, #657, #2728, #3321, #1957, #3415, #4063, #1692, #965, #990, #2391, #342, #2370, #2343, #1980, #1014, #3702, #1284, #3730, #1305, #3657, #3017, #4039, #3391, #2006, #3061, #4420, #4088, #1378, #3754, #922, #680 ),
 .UNSPECIFIED., .F., .F.,
 ( 4, 2, 2, 2, 2, 2, 2, 2, 2, 2, 2, 2, 2, 2, 2, 2, 4 ),
 ( 0.009664195362871571757, 0.01020140688171339814, 0.01073861840055522626, 0.01127582991939705265, 0.01181304143823887903, 0.01235025295708070542, 0.01288746447592253354, 0.01342467599476435992, 0.01396188751360618457, 0.01449909903244801096, 0.01503631055128983908, 0.01557352207013166547, 0.01611073358897349012, 0.01664794510781531997, 0.01718515662665714636, 0.01772236814549897274, 0.01825957966434079913 ),
 .UNSPECIFIED. ) ;
#4315 = CARTESIAN_POINT ( 'NONE',  ( -29.02687248240332707, -8.132507852569840878, 0.9451782844854343946 ) ) ;
#4316 = CARTESIAN_POINT ( 'NONE',  ( -58.36328362253679813, -12.68097567073808740, 1.790091898265858017 ) ) ;
#4317 = B_SPLINE_SURFACE_WITH_KNOTS ( 'NONE', 1, 3, ( 
 ( #3933, #1562, #1919, #860, #1221, #3554 ),
 ( #3954, #882, #1584, #2258, #3617, #1603 ) ),
 .UNSPECIFIED., .F., .F., .F.,
 ( 2, 2 ),
 ( 4, 2, 4 ),
 ( 0.000000000000000000, 1.000000000000000000 ),
 ( 4.712388980384689674, 5.005231752113269650, 5.298074523841848738 ),
 .UNSPECIFIED. ) ;
#4318 = EDGE_CURVE ( 'NONE', #1204, #2995, #723, .T. ) ;
#4319 = B_SPLINE_CURVE_WITH_KNOTS ( 'NONE', 1,
 ( #4021, #904 ),
 .UNSPECIFIED., .F., .F.,
 ( 2, 2 ),
 ( 0.000000000000000000, 1.000000000000000000 ),
 .UNSPECIFIED. ) ;
#4320 = ORIENTED_EDGE ( 'NONE', *, *, #1806, .T. ) ;
#4321 = CARTESIAN_POINT ( 'NONE',  ( -101.9787521791970022, -1.392604466324465662, -5.593841798290819511 ) ) ;
#4322 = CARTESIAN_POINT ( 'NONE',  ( -61.19176914136615153, -7.797226908296298831, 3.538924954581257332 ) ) ;
#4323 = CARTESIAN_POINT ( 'NONE',  ( -61.60398820921832908, -11.63721239245474948, 3.729088395482402341 ) ) ;
#4324 = DIRECTION ( 'NONE',  ( 0.000000000000000000, -0.000000000000000000, 1.000000000000000000 ) ) ;
#4325 = ORIENTED_EDGE ( 'NONE', *, *, #2527, .T. ) ;
#4326 = DIRECTION ( 'NONE',  ( 0.000000000000000000, -0.7087604465928987185, 0.7054492393825616547 ) ) ;
#4327 = LINE ( 'NONE', #2852, #1892 ) ;
#4328 = CARTESIAN_POINT ( 'NONE',  ( -56.52018551769718613, -11.20162992631829546, 1.052316011182902411 ) ) ;
#4329 = PLANE ( 'NONE',  #2850 ) ;
#4330 = CARTESIAN_POINT ( 'NONE',  ( -21.49999999999999289, -21.00931307366496981, 4.731159986743394441 ) ) ;
#4331 = ORIENTED_EDGE ( 'NONE', *, *, #2201, .F. ) ;
#4332 = ORIENTED_EDGE ( 'NONE', *, *, #140, .F. ) ;
#4333 = LINE ( 'NONE', #2647, #600 ) ;
#4334 = PLANE ( 'NONE',  #193 ) ;
#4335 = AXIS2_PLACEMENT_3D ( 'NONE', #2059, #2086, #1110 ) ;
#4336 = ORIENTED_EDGE ( 'NONE', *, *, #544, .T. ) ;
#4337 = CARTESIAN_POINT ( 'NONE',  ( -23.99999999999999645, -13.34999999999999964, -8.999999999999996447 ) ) ;
#4338 = AXIS2_PLACEMENT_3D ( 'NONE', #530, #1571, #3918 ) ;
#4339 = B_SPLINE_CURVE_WITH_KNOTS ( 'NONE', 3,
 ( #1008, #1716, #25, #4126, #3818, #1420, #3750, #3126, #2436, #744, #4, #2725, #986, #404, #2367, #2098, #338, #1757, #1394, #383, #4105, #3056, #4059, #3086, #4085, #2388, #676, #1032 ),
 .UNSPECIFIED., .F., .F.,
 ( 4, 2, 1, 1, 1, 2, 2, 1, 1, 1, 1, 2, 2, 1, 1, 1, 2, 2, 4 ),
 ( 0.000000000000000000, 0.1250000000000060507, 0.1875000000000090761, 0.2187500000000106026, 0.2343750000000110467, 0.2421875000000109635, 0.2500000000000108802, 0.3750000000000132117, 0.4375000000000140443, 0.4687500000000144884, 0.4843750000000143774, 0.4921875000000137668, 0.5000000000000131006, 0.6250000000000088818, 0.6875000000000068834, 0.7187500000000061062, 0.7343750000000054401, 0.7500000000000047740, 1.000000000000000000 ),
 .UNSPECIFIED. ) ;
#4340 = CARTESIAN_POINT ( 'NONE',  ( -27.32492657460027985, -6.747236449182164364, 2.156166330644025297 ) ) ;
#4341 = CONICAL_SURFACE ( 'NONE', #3992, 0.5000000000000004441, 0.7853981633974490562 ) ;
#4342 = EDGE_LOOP ( 'NONE', ( #2807, #1089, #4006, #770, #3378 ) ) ;
#4343 = FACE_OUTER_BOUND ( 'NONE', #514, .T. ) ;
#4344 = CARTESIAN_POINT ( 'NONE',  ( -60.89202053645426815, -7.507127858952880040, 3.403884462652335685 ) ) ;
#4345 = VECTOR ( 'NONE', #2982, 1000.000000000000000 ) ;
#4346 = ADVANCED_FACE ( 'NONE', ( #823 ), #1415, .T. ) ;
#4347 = CARTESIAN_POINT ( 'NONE',  ( -21.49999999999999289, -21.99999999999997868, 3.955686284297966981 ) ) ;
#4348 = CARTESIAN_POINT ( 'NONE',  ( -28.46590194671591689, -7.649271364760859448, 1.149725514782527824 ) ) ;
#4349 = EDGE_LOOP ( 'NONE', ( #3340, #1194, #3742, #2627 ) ) ;
#4350 = CARTESIAN_POINT ( 'NONE',  ( -84.23258152860353221, -0.5047271418510899110, 2.696405237448553649 ) ) ;
#4351 = CARTESIAN_POINT ( 'NONE',  ( -99.98999999999999488, -0.7569275644141899573, -0.4999999999999985012 ) ) ;
#4352 = DIRECTION ( 'NONE',  ( 0.5000000000000013323, -0.5000000000000013323, 0.7071067811865456854 ) ) ;
#4353 = CARTESIAN_POINT ( 'NONE',  ( -103.4485877802304827, -13.48615969825755023, -3.479243661261856690 ) ) ;
#4354 = CARTESIAN_POINT ( 'NONE',  ( -64.13373383806950301, 0.000000000000000000, 4.438131536805670407 ) ) ;
#4355 = VERTEX_POINT ( 'NONE', #88 ) ;
#4356 = ORIENTED_EDGE ( 'NONE', *, *, #684, .F. ) ;
#4357 = B_SPLINE_SURFACE_WITH_KNOTS ( 'NONE', 1, 3, ( 
 ( #1218, #165, #2217, #2871, #1832, #879, #4283, #857, #2549, #2910, #1894, #3908, #4223, #2255, #3258, #1558, #3892, #2512 ),
 ( #1855, #1536, #3872, #796, #3951, #502, #815, #4262, #1195, #2842, #3614, #2587, #1517, #2191, #543, #2891, #3198, #1915 ) ),
 .UNSPECIFIED., .F., .F., .F.,
 ( 2, 2 ),
 ( 4, 2, 2, 2, 2, 2, 2, 2, 4 ),
 ( 0.000000000000000000, 1.000000000000000000 ),
 ( 2.142006486621466088, 2.266954757492507078, 2.391903028363548067, 2.516851299234589057, 2.641799570105629602, 2.766747840976670147, 2.891696111847711137, 3.016644382718752126, 3.141592653589793116 ),
 .UNSPECIFIED. ) ;
#4358 = DIRECTION ( 'NONE',  ( -5.772398745160936264E-17, -0.7071067811865476838, -0.7071067811865473507 ) ) ;
#4359 = CARTESIAN_POINT ( 'NONE',  ( -24.25116091745640645, -10.20216427361662959, 3.068601941684123702 ) ) ;
#4360 = EDGE_LOOP ( 'NONE', ( #4296, #3827, #85, #3620 ) ) ;
#4361 = CARTESIAN_POINT ( 'NONE',  ( -30.04210706499636174, -29.46996700260087820, 1.275554653064083999 ) ) ;
#4362 = CARTESIAN_POINT ( 'NONE',  ( -88.18729145428430627, -0.6884681953169763391, 4.471023372145932484 ) ) ;
#4363 = CARTESIAN_POINT ( 'NONE',  ( -26.25126731956648740, -7.326155180262812650, 2.556643369061401216 ) ) ;
#4364 = EDGE_LOOP ( 'NONE', ( #3090, #1385 ) ) ;
#4365 = CARTESIAN_POINT ( 'NONE',  ( -99.98999999999999488, 0.000000000000000000, -1.999999999999995781 ) ) ;
#4366 = CARTESIAN_POINT ( 'NONE',  ( -62.03566049178974851, -10.18825602545148712, 3.933748659255188684 ) ) ;
#4367 = APPLICATION_CONTEXT ( 'automotive_design' ) ;
#4368 = CARTESIAN_POINT ( 'NONE',  ( -21.99999999999998579, -6.649999999999999467, -8.999999999999996447 ) ) ;
#4369 = CARTESIAN_POINT ( 'NONE',  ( -56.24999999999999289, -10.00000000000000000, -2.000000000000000000 ) ) ;
#4370 = EDGE_LOOP ( 'NONE', ( #257, #192, #2555, #2112, #923 ) ) ;
#4371 = EDGE_CURVE ( 'NONE', #3044, #3494, #3745, .T. ) ;
#4372 = FACE_OUTER_BOUND ( 'NONE', #3282, .T. ) ;
#4373 = EDGE_CURVE ( 'NONE', #2133, #1015, #2072, .T. ) ;
#4374 = DIRECTION ( 'NONE',  ( -1.000000000000000000, 0.000000000000000000, 8.163404592832032733E-17 ) ) ;
#4375 = CARTESIAN_POINT ( 'NONE',  ( -54.34809546163436522, -28.37405318966311185, 1.071968321921672240 ) ) ;
#4376 = DIRECTION ( 'NONE',  ( 0.000000000000000000, 0.000000000000000000, 1.000000000000000000 ) ) ;
#4377 = CARTESIAN_POINT ( 'NONE',  ( -28.00603358940563226, -12.56476535183550425, 1.328069940716746444 ) ) ;
#4378 = ORIENTED_EDGE ( 'NONE', *, *, #273, .F. ) ;
#4379 = ORIENTED_EDGE ( 'NONE', *, *, #873, .F. ) ;
#4380 = EDGE_CURVE ( 'NONE', #128, #1180, #2134, .T. ) ;
#4381 = B_SPLINE_CURVE_WITH_KNOTS ( 'NONE', 3,
 ( #3403, #999, #3765, #645 ),
 .UNSPECIFIED., .F., .F.,
 ( 4, 4 ),
 ( 0.000000000000000000, 1.000000000000000000 ),
 .UNSPECIFIED. ) ;
#4382 = CARTESIAN_POINT ( 'NONE',  ( -79.99000000000000909, 0.000000000000000000, -0.5000000000000006661 ) ) ;
#4383 = CARTESIAN_POINT ( 'NONE',  ( -24.01924625598384111, -9.361886506485214809, 3.496163476831464667 ) ) ;
#4384 = ORIENTED_EDGE ( 'NONE', *, *, #1761, .F. ) ;
#4385 = DIRECTION ( 'NONE',  ( 0.000000000000000000, 0.000000000000000000, 1.000000000000000000 ) ) ;
#4386 = CARTESIAN_POINT ( 'NONE',  ( -104.9771118683364790, -1.525607231893914228, -1.343209646065801399 ) ) ;
#4387 = VECTOR ( 'NONE', #480, 1000.000000000000000 ) ;
#4388 = EDGE_LOOP ( 'NONE', ( #3871, #2153, #14, #1285 ) ) ;
#4389 = DIRECTION ( 'NONE',  ( -1.000000000000000000, 0.000000000000000000, 7.575620348129778241E-17 ) ) ;
#4390 = CARTESIAN_POINT ( 'NONE',  ( -29.63448430507494535, -29.96021630540752412, 0.8144190271698693584 ) ) ;
#4391 = CIRCLE ( 'NONE', #1683, 1.499999999999997113 ) ;
#4392 = CARTESIAN_POINT ( 'NONE',  ( -64.15000000000000568, -4.150000000000000355, -8.500000000000005329 ) ) ;
#4393 = CARTESIAN_POINT ( 'NONE',  ( -29.91421356237312423, -30.00000000000000000, 0.7761930158715693029 ) ) ;
#4394 = VERTEX_POINT ( 'NONE', #2199 ) ;
#4395 = LINE ( 'NONE', #967, #4058 ) ;
#4396 = DIRECTION ( 'NONE',  ( 0.000000000000000000, 1.000000000000000000, 0.000000000000000000 ) ) ;
#4397 = CARTESIAN_POINT ( 'NONE',  ( -87.67451566768410487, -0.6760630272930195916, 4.329548684152602078 ) ) ;
#4398 = EDGE_CURVE ( 'NONE', #506, #3298, #1839, .T. ) ;
#4399 = FACE_OUTER_BOUND ( 'NONE', #2960, .T. ) ;
#4400 = CARTESIAN_POINT ( 'NONE',  ( -26.39861305309842265, -12.68828862553705505, 2.007446191336884844 ) ) ;
#4401 = ORIENTED_EDGE ( 'NONE', *, *, #3273, .F. ) ;
#4402 = VERTEX_POINT ( 'NONE', #1142 ) ;
#4403 = DIRECTION ( 'NONE',  ( -1.000000000000000000, 0.000000000000000000, -0.000000000000000000 ) ) ;
#4404 = EDGE_CURVE ( 'NONE', #3357, #281, #1819, .T. ) ;
#4405 = CARTESIAN_POINT ( 'NONE',  ( -99.98999999999999488, -0.7569275644141899573, -3.499999999999992895 ) ) ;
#4406 = EDGE_CURVE ( 'NONE', #3488, #1254, #3857, .T. ) ;
#4407 = CARTESIAN_POINT ( 'NONE',  ( -0.9769454751738085863, 0.000000000000000000, -13.17269573268893268 ) ) ;
#4408 = ORIENTED_EDGE ( 'NONE', *, *, #242, .T. ) ;
#4409 = AXIS2_PLACEMENT_3D ( 'NONE', #1644, #180, #3014 ) ;
#4410 = CARTESIAN_POINT ( 'NONE',  ( -29.88142544294938219, -29.99999916580583914, 0.7806489977984268913 ) ) ;
#4411 = VECTOR ( 'NONE', #225, 1000.000000000000000 ) ;
#4412 = FACE_OUTER_BOUND ( 'NONE', #1223, .T. ) ;
#4413 = CARTESIAN_POINT ( 'NONE',  ( -77.88462996824449647, -20.98945084223220192, 1.505237238299230285 ) ) ;
#4414 = ORIENTED_EDGE ( 'NONE', *, *, #3015, .T. ) ;
#4415 = AXIS2_PLACEMENT_3D ( 'NONE', #962, #1576, #3698 ) ;
#4416 = CARTESIAN_POINT ( 'NONE',  ( -86.62980881124698840, -18.16017509748011705, 3.747050885214796345 ) ) ;
#4417 = DIRECTION ( 'NONE',  ( -8.163404592832033966E-17, -0.000000000000000000, -1.000000000000000000 ) ) ;
#4418 = VECTOR ( 'NONE', #2978, 1000.000000000000000 ) ;
#4419 = CARTESIAN_POINT ( 'NONE',  ( -29.20710678118657810, -29.70710678118654613, 0.8736619824217130015 ) ) ;
#4420 = CARTESIAN_POINT ( 'NONE',  ( -61.48103483974200145, -8.801032803472637056, 3.330831524943917543 ) ) ;
#4421 = VERTEX_POINT ( 'NONE', #2877 ) ;
#4422 = CARTESIAN_POINT ( 'NONE',  ( -57.34978220692829609, -7.792770875605911307, 1.369093537045234177 ) ) ;
#4423 = VECTOR ( 'NONE', #4295, 1000.000000000000000 ) ;
#4424 = DIRECTION ( 'NONE',  ( 0.000000000000000000, -0.000000000000000000, 1.000000000000000000 ) ) ;
#4425 = CARTESIAN_POINT ( 'NONE',  ( -57.69473258018481232, -12.42626059071127109, 1.508213562464603363 ) ) ;
#4426 = FACE_BOUND ( 'NONE', #665, .T. ) ;
#4427 = CARTESIAN_POINT ( 'NONE',  ( -24.26688133351812482, -10.35178971197416864, 3.060150627436234672 ) ) ;
#4428 = ORIENTED_EDGE ( 'NONE', *, *, #2062, .F. ) ;
#4429 = EDGE_LOOP ( 'NONE', ( #2344, #2543, #4109, #3585, #2841, #343, #4401, #152, #2713 ) ) ;
#4430 = CARTESIAN_POINT ( 'NONE',  ( -88.28418398719996674, -0.6908121659973220918, 4.466320967358239358 ) ) ;
#4431 = CARTESIAN_POINT ( 'NONE',  ( -24.41249362525232769, -11.68191942384478033, 3.320418529279214326 ) ) ;
#4432 = CARTESIAN_POINT ( 'NONE',  ( -56.29389086232502848, -9.509067476249493112, 1.642594127529933612 ) ) ;
#4433 = ORIENTED_EDGE ( 'NONE', *, *, #2580, .F. ) ;
#4434 = DIRECTION ( 'NONE',  ( -8.163404592832033966E-17, -0.000000000000000000, -1.000000000000000000 ) ) ;
ENDSEC;
END-ISO-10303-21;
