ISO-10303-21;
HEADER;
FILE_DESCRIPTION (( 'STEP AP214' ),
    '1' );
FILE_NAME ('FINGER PAD_t30_L.STEP',
    '2026-09-14T01:48:11',
    ( '' ),
    ( '' ),
    'SwSTEP 2.0',
    'SolidWorks 2025',
    '' );
FILE_SCHEMA (( 'AUTOMOTIVE_DESIGN' ));
ENDSEC;

DATA;
#1 = FACE_OUTER_BOUND ( 'NONE', #5059, .T. ) ;
#2 = SURFACE_STYLE_FILL_AREA ( #431 ) ;
#3 = STYLED_ITEM ( 'NONE', ( #4354 ), #2365 ) ;
#4 =( GEOMETRIC_REPRESENTATION_CONTEXT ( 3 ) GLOBAL_UNCERTAINTY_ASSIGNED_CONTEXT ( ( #2367 ) ) GLOBAL_UNIT_ASSIGNED_CONTEXT ( ( #305, #4606, #4685 ) ) REPRESENTATION_CONTEXT ( 'NONE', 'WORKASPACE' ) );
#5 = STYLED_ITEM ( 'NONE', ( #3087 ), #2651 ) ;
#6 = EDGE_LOOP ( 'NONE', ( #3666, #4675, #1693, #2164 ) ) ;
#7 = CARTESIAN_POINT ( 'NONE',  ( -29.56066017177985117, -29.35355339059326241, 8.999999999999996447 ) ) ;
#8 = DIRECTION ( 'NONE',  ( 0.000000000000000000, 1.000000000000000000, 0.000000000000000000 ) ) ;
#9 = DIRECTION ( 'NONE',  ( 0.9581977058217490129, -0.2861068970820821455, -8.309858998073164525E-16 ) ) ;
#10 = DIRECTION ( 'NONE',  ( -8.163404592832032733E-17, 0.000000000000000000, 1.000000000000000000 ) ) ;
#11 = AXIS2_PLACEMENT_3D ( 'NONE', #1416, #1469, #4291 ) ;
#12 = MECHANICAL_DESIGN_GEOMETRIC_PRESENTATION_REPRESENTATION (  '', ( #1151 ), #508 ) ;
#13 = ORIENTED_EDGE ( 'NONE', *, *, #575, .F. ) ;
#14 =( NAMED_UNIT ( * ) SI_UNIT ( $, .STERADIAN. ) SOLID_ANGLE_UNIT ( ) );
#15 = CARTESIAN_POINT ( 'NONE',  ( -21.45141149655231061, -21.00978706532746543, -4.756926116037154983 ) ) ;
#16 =( NAMED_UNIT ( * ) PLANE_ANGLE_UNIT ( ) SI_UNIT ( $, .RADIAN. ) );
#17 = CARTESIAN_POINT ( 'NONE',  ( -29.21090876402414693, -8.355504299812213986, -0.8801913352962850157 ) ) ;
#18 = EDGE_CURVE ( 'NONE', #3069, #1776, #2357, .T. ) ;
#19 = EDGE_CURVE ( 'NONE', #4837, #121, #3156, .T. ) ;
#20 = DIRECTION ( 'NONE',  ( 0.000000000000000000, 0.000000000000000000, 1.000000000000000000 ) ) ;
#21 = DIRECTION ( 'NONE',  ( -0.09688807623778838973, 0.000000000000000000, -0.9952952831612036366 ) ) ;
#22 =( NAMED_UNIT ( * ) SI_UNIT ( $, .STERADIAN. ) SOLID_ANGLE_UNIT ( ) );
#23 = CARTESIAN_POINT ( 'NONE',  ( -84.76439905339709924, 0.000000000000000000, -2.970278643424865361 ) ) ;
#24 = ORIENTED_EDGE ( 'NONE', *, *, #3908, .T. ) ;
#25 = VECTOR ( 'NONE', #2281, 1000.000000000000114 ) ;
#26 = DIRECTION ( 'NONE',  ( 0.000000000000000000, 0.000000000000000000, -1.000000000000000000 ) ) ;
#27 = EDGE_CURVE ( 'NONE', #5155, #3354, #1614, .T. ) ;
#28 = CARTESIAN_POINT ( 'NONE',  ( -87.09253158297065056, -0.6415355097917276872, -3.300131303220063650 ) ) ;
#29 = CARTESIAN_POINT ( 'NONE',  ( -88.37914582985263223, -18.99333084627361856, -3.954999757466954424 ) ) ;
#30 = SURFACE_STYLE_USAGE ( .BOTH. , #2384 ) ;
#31 = AXIS2_PLACEMENT_3D ( 'NONE', #784, #315, #3870 ) ;
#32 = VERTEX_POINT ( 'NONE', #855 ) ;
#33 = SURFACE_SIDE_STYLE ('',( #4791 ) ) ;
#34 = UNCERTAINTY_MEASURE_WITH_UNIT (LENGTH_MEASURE( 1.000000000000000082E-05 ), #1419, 'distance_accuracy_value', 'NONE');
#35 =( LENGTH_UNIT ( ) NAMED_UNIT ( * ) SI_UNIT ( .MILLI., .METRE. ) );
#36 = FILL_AREA_STYLE ('',( #4774 ) ) ;
#37 = DIRECTION ( 'NONE',  ( -0.07670127717530392242, -0.6109771100931271626, -0.7879237812262858132 ) ) ;
#38 = ORIENTED_EDGE ( 'NONE', *, *, #521, .T. ) ;
#39 = CARTESIAN_POINT ( 'NONE',  ( -29.84871197357296424, -29.99839113483434261, -0.8015367256636253268 ) ) ;
#40 = CARTESIAN_POINT ( 'NONE',  ( -60.50000000000000000, -10.00000000000000000, 2.000000000000000000 ) ) ;
#41 = CARTESIAN_POINT ( 'NONE',  ( -29.48208018916418638, -8.803109514723889362, -0.7864410699347499367 ) ) ;
#42 = FACE_OUTER_BOUND ( 'NONE', #1525, .T. ) ;
#43 = SURFACE_STYLE_FILL_AREA ( #4384 ) ;
#44 = FILL_AREA_STYLE_COLOUR ( '', #1988 ) ;
#45 = CARTESIAN_POINT ( 'NONE',  ( -89.93950248935404090, -18.26499251423499359, 5.073756420237788056 ) ) ;
#46 = DIRECTION ( 'NONE',  ( 0.3908679799852911030, 0.7071067811865476838, 0.5892556509887860727 ) ) ;
#47 = EDGE_CURVE ( 'NONE', #1169, #2029, #270, .T. ) ;
#48 = STYLED_ITEM ( 'NONE', ( #4252 ), #4737 ) ;
#49 = VERTEX_POINT ( 'NONE', #4756 ) ;
#50 = PRESENTATION_STYLE_ASSIGNMENT (( #4419 ) ) ;
#51 = CARTESIAN_POINT ( 'NONE',  ( -88.37914582985263223, -18.99333084627362567, -3.954999757466954424 ) ) ;
#52 = CARTESIAN_POINT ( 'NONE',  ( -26.99999999999999645, -10.00000000000000000, -8.000000000000005329 ) ) ;
#53 = AXIS2_PLACEMENT_3D ( 'NONE', #4307, #3423, #737 ) ;
#54 = EDGE_CURVE ( 'NONE', #864, #1979, #4219, .T. ) ;
#55 = STYLED_ITEM ( 'NONE', ( #4234 ), #5045 ) ;
#56 = ORIENTED_EDGE ( 'NONE', *, *, #390, .T. ) ;
#57 = CARTESIAN_POINT ( 'NONE',  ( -24.06167462725211692, -9.147644842560506362, -3.476980658993001683 ) ) ;
#58 = FILL_AREA_STYLE ('',( #3990 ) ) ;
#59 = DIRECTION ( 'NONE',  ( -0.9920412960753397513, 0.000000000000000000, -0.1259129337326394538 ) ) ;
#60 = CARTESIAN_POINT ( 'NONE',  ( -24.84637954568919938, -11.71960440737131215, -2.756230284754374704 ) ) ;
#61 = CARTESIAN_POINT ( 'NONE',  ( -66.23019663051765349, -25.61976863831320372, -4.402746374744928914 ) ) ;
#62 = ORIENTED_EDGE ( 'NONE', *, *, #3318, .T. ) ;
#63 = DIRECTION ( 'NONE',  ( -0.000000000000000000, -0.000000000000000000, 1.000000000000000000 ) ) ;
#64 = SURFACE_STYLE_FILL_AREA ( #2736 ) ;
#65 = CARTESIAN_POINT ( 'NONE',  ( -84.10311807994379762, -0.5210868573894099631, 6.448450397545583357 ) ) ;
#66 = ORIENTED_EDGE ( 'NONE', *, *, #1013, .T. ) ;
#67 = FACE_OUTER_BOUND ( 'NONE', #3136, .T. ) ;
#68 = DIRECTION ( 'NONE',  ( -1.000000000000000000, 0.000000000000000000, 0.000000000000000000 ) ) ;
#69 = PLANE ( 'NONE',  #1826 ) ;
#70 =( LENGTH_UNIT ( ) NAMED_UNIT ( * ) SI_UNIT ( .MILLI., .METRE. ) );
#71 = CARTESIAN_POINT ( 'NONE',  ( -29.73350857154007798, -10.35434941028545452, -0.7017691841781495965 ) ) ;
#72 = ORIENTED_EDGE ( 'NONE', *, *, #1105, .F. ) ;
#73 = CARTESIAN_POINT ( 'NONE',  ( -63.89552684790057668, -0.5000000000000073275, -4.880434782608706001 ) ) ;
#74 = VECTOR ( 'NONE', #3281, 1000.000000000000000 ) ;
#75 = CARTESIAN_POINT ( 'NONE',  ( -61.60398820921832908, -11.63721239245474948, -3.729088395482402341 ) ) ;
#76 = B_SPLINE_CURVE_WITH_KNOTS ( 'NONE', 3,
 ( #980, #2840, #2555, #4904 ),
 .UNSPECIFIED., .F., .F.,
 ( 4, 4 ),
 ( 0.000000000000000000, 1.000000000000000000 ),
 .UNSPECIFIED. ) ;
#77 = FACE_OUTER_BOUND ( 'NONE', #4927, .T. ) ;
#78 = FILL_AREA_STYLE_COLOUR ( '', #812 ) ;
#79 = VECTOR ( 'NONE', #2363, 1000.000000000000114 ) ;
#80 = MECHANICAL_DESIGN_GEOMETRIC_PRESENTATION_REPRESENTATION (  '', ( #4560 ), #504 ) ;
#81 = ORIENTED_EDGE ( 'NONE', *, *, #2778, .T. ) ;
#82 = SURFACE_SIDE_STYLE ('',( #3989 ) ) ;
#83 = CARTESIAN_POINT ( 'NONE',  ( -21.49999999999999645, -20.70000000000002771, -0.5000000000000038858 ) ) ;
#84 = ADVANCED_FACE ( 'NONE', ( #1593 ), #380, .F. ) ;
#85 =( GEOMETRIC_REPRESENTATION_CONTEXT ( 3 ) GLOBAL_UNCERTAINTY_ASSIGNED_CONTEXT ( ( #2413 ) ) GLOBAL_UNIT_ASSIGNED_CONTEXT ( ( #686, #713, #3900 ) ) REPRESENTATION_CONTEXT ( 'NONE', 'WORKASPACE' ) );
#86 =( GEOMETRIC_REPRESENTATION_CONTEXT ( 3 ) GLOBAL_UNCERTAINTY_ASSIGNED_CONTEXT ( ( #4608 ) ) GLOBAL_UNIT_ASSIGNED_CONTEXT ( ( #1526, #4873, #4414 ) ) REPRESENTATION_CONTEXT ( 'NONE', 'WORKASPACE' ) );
#87 = CARTESIAN_POINT ( 'NONE',  ( -61.69872002347361928, -10.52859269281987409, -3.452974824908512819 ) ) ;
#88 = CARTESIAN_POINT ( 'NONE',  ( -24.13739221614351749, -11.09581209048346295, -3.442846499218465972 ) ) ;
#89 = CARTESIAN_POINT ( 'NONE',  ( -90.07436813144390442, -1.778874056135092419, 5.197515341528045063 ) ) ;
#90 = B_SPLINE_CURVE_WITH_KNOTS ( 'NONE', 3,
 ( #5113, #4630, #1120, #702 ),
 .UNSPECIFIED., .F., .F.,
 ( 4, 4 ),
 ( 0.000000000000000000, 0.0006410881695051942218 ),
 .UNSPECIFIED. ) ;
#91 = PRESENTATION_LAYER_ASSIGNMENT (  '', '', ( #603 ) ) ;
#92 = CARTESIAN_POINT ( 'NONE',  ( -64.00000000000000000, -20.70000000000002771, 8.999999999999992895 ) ) ;
#93 = AXIS2_PLACEMENT_3D ( 'NONE', #4194, #1680, #2106 ) ;
#94 = EDGE_LOOP ( 'NONE', ( #4249, #424, #3303, #2051 ) ) ;
#95 = CARTESIAN_POINT ( 'NONE',  ( -56.26704805254069441, -10.35425813433322695, -0.9604666115920625913 ) ) ;
#96 = MECHANICAL_DESIGN_GEOMETRIC_PRESENTATION_REPRESENTATION (  '', ( #693 ), #1407 ) ;
#97 = CARTESIAN_POINT ( 'NONE',  ( -57.26999785459758385, -7.855644032126544829, -1.337596943556407458 ) ) ;
#98 = LINE ( 'NONE', #2855, #1611 ) ;
#99 = DIRECTION ( 'NONE',  ( 1.000000000000000000, 0.000000000000000000, 0.000000000000000000 ) ) ;
#100 = VECTOR ( 'NONE', #4972, 1000.000000000000000 ) ;
#101 = EDGE_CURVE ( 'NONE', #4451, #2719, #4463, .T. ) ;
#102 = ORIENTED_EDGE ( 'NONE', *, *, #4437, .T. ) ;
#103 = DIRECTION ( 'NONE',  ( 0.000000000000000000, 0.000000000000000000, 1.000000000000000000 ) ) ;
#104 = FILL_AREA_STYLE ('',( #606 ) ) ;
#105 = DIRECTION ( 'NONE',  ( 0.000000000000000000, 0.000000000000000000, -1.000000000000000000 ) ) ;
#106 = CARTESIAN_POINT ( 'NONE',  ( -21.49999999999999289, -30.00000000000000000, -6.000000000000010658 ) ) ;
#107 = CARTESIAN_POINT ( 'NONE',  ( -24.88491284163943718, -8.229678224760947458, -3.114582610438887400 ) ) ;
#108 = COLOUR_RGB ( '',1.000000000000000000, 0.000000000000000000, 0.000000000000000000 ) ;
#109 = ORIENTED_EDGE ( 'NONE', *, *, #549, .F. ) ;
#110 = FILL_AREA_STYLE_COLOUR ( '', #534 ) ;
#111 = SURFACE_STYLE_USAGE ( .BOTH. , #1754 ) ;
#112 = DIRECTION ( 'NONE',  ( -0.9920412960753397513, 0.000000000000000000, -0.1259129337326394538 ) ) ;
#113 = FACE_BOUND ( 'NONE', #2732, .T. ) ;
#114 = CIRCLE ( 'NONE', #4018, 1.500000000000001332 ) ;
#115 = ORIENTED_EDGE ( 'NONE', *, *, #1248, .F. ) ;
#116 = CARTESIAN_POINT ( 'NONE',  ( -60.67312369580164955, -7.806016874973381370, -3.306310097088976274 ) ) ;
#117 = DIRECTION ( 'NONE',  ( 0.000000000000000000, 0.000000000000000000, -1.000000000000000000 ) ) ;
#118 = CARTESIAN_POINT ( 'NONE',  ( -25.25305133270796176, -12.61624556890320825, -2.959979582651646179 ) ) ;
#119 = ADVANCED_FACE ( 'NONE', ( #1182 ), #2657, .F. ) ;
#120 = LINE ( 'NONE', #4842, #1007 ) ;
#121 = VERTEX_POINT ( 'NONE', #2447 ) ;
#122 = CARTESIAN_POINT ( 'NONE',  ( -30.00684203444362552, -29.66666666666666430, -1.112257358772063220 ) ) ;
#123 = CARTESIAN_POINT ( 'NONE',  ( -59.00000000000000000, -10.00000000000000000, 2.000000000000000000 ) ) ;
#124 = CYLINDRICAL_SURFACE ( 'NONE', #1938, 2.750000000000002665 ) ;
#125 =( LENGTH_UNIT ( ) NAMED_UNIT ( * ) SI_UNIT ( .MILLI., .METRE. ) );
#126 = DIRECTION ( 'NONE',  ( 0.000000000000000000, 1.000000000000000000, 0.000000000000000000 ) ) ;
#127 = EDGE_LOOP ( 'NONE', ( #4016, #4655, #1012, #4733, #2411, #4229, #2320, #4769, #4583, #2678, #294, #133 ) ) ;
#128 = CARTESIAN_POINT ( 'NONE',  ( -64.00000000000000000, -20.19999999999999929, 8.499999999999964473 ) ) ;
#129 =( LENGTH_UNIT ( ) NAMED_UNIT ( * ) SI_UNIT ( .MILLI., .METRE. ) );
#130 = CYLINDRICAL_SURFACE ( 'NONE', #1078, 1.000000000000000000 ) ;
#131 = CARTESIAN_POINT ( 'NONE',  ( -29.40648614544073425, -8.654395637624221038, -1.461185514354306214 ) ) ;
#132 = EDGE_CURVE ( 'NONE', #5120, #3410, #924, .T. ) ;
#133 = ORIENTED_EDGE ( 'NONE', *, *, #4596, .F. ) ;
#134 = CARTESIAN_POINT ( 'NONE',  ( -90.07436813144390442, -1.778874056135093751, 5.197515341528046839 ) ) ;
#135 = CARTESIAN_POINT ( 'NONE',  ( -51.01632745126756419, -29.47891314261057261, -0.3020736150763092542 ) ) ;
#136 = CARTESIAN_POINT ( 'NONE',  ( -87.67490837539854454, -18.60345205241675615, -4.329783245531522162 ) ) ;
#137 = AXIS2_PLACEMENT_3D ( 'NONE', #446, #1150, #398 ) ;
#138 = VECTOR ( 'NONE', #46, 999.9999999999998863 ) ;
#139 = ORIENTED_EDGE ( 'NONE', *, *, #4691, .T. ) ;
#140 = CARTESIAN_POINT ( 'NONE',  ( -57.43042345883955591, -7.061689035536753423, -2.028219954260343183 ) ) ;
#141 = PLANE ( 'NONE',  #689 ) ;
#142 = CARTESIAN_POINT ( 'NONE',  ( -58.70821234251548049, -27.22076375096144218, -2.482405965378364776 ) ) ;
#143 = CARTESIAN_POINT ( 'NONE',  ( -24.34785140983704110, -10.75052398141497001, -3.016891810539520158 ) ) ;
#144 =( BOUNDED_SURFACE ( )  B_SPLINE_SURFACE ( 3, 2, ( 
 ( #4424, #5136, #2798 ),
 ( #1561, #3142, #2437 ),
 ( #3646, #4352, #1980 ),
 ( #3171, #2030, #1190 ),
 ( #4373, #2004, #3619 ),
 ( #3193, #3217, #4811 ),
 ( #1240, #2824, #865 ),
 ( #3674, #2129, #4527 ),
 ( #1321, #3754, #2943 ),
 ( #4061, #4550, #591 ),
 ( #3328, #4467, #3298 ),
 ( #4139, #116, #4936 ),
 ( #2155, #4916, #2894 ),
 ( #2565, #510, #4165 ),
 ( #2076, #910, #887 ),
 ( #617, #4093, #567 ),
 ( #1678, #2521, #1784 ),
 ( #965, #3723, #4498 ),
 ( #988, #198, #2871 ),
 ( #939, #2919, #1760 ),
 ( #3274, #1293, #2494 ),
 ( #140, #2179, #3351 ),
 ( #4116, #4860, #3778 ),
 ( #225, #169, #543 ),
 ( #2465, #1367, #3376 ),
 ( #1730, #2847, #2105 ),
 ( #4963, #4447, #1345 ),
 ( #3702, #1702, #2543 ),
 ( #4883, #5022, #3458 ),
 ( #2595, #3513, #1476 ),
 ( #3053, #3914, #4656 ),
 ( #3028, #668, #304 ) ),
 .UNSPECIFIED., .F., .F., .T. ) 
 B_SPLINE_SURFACE_WITH_KNOTS ( ( 4, 2, 2, 2, 2, 2, 2, 2, 2, 2, 2, 2, 2, 2, 2, 4 ),
 ( 3, 3 ),
 ( 0.000000000000000000, 0.0006582135300905857331, 0.001316427060181171466, 0.001974640590271757416, 0.002632854120362342933, 0.003291067650452928883, 0.003949281180543514833, 0.004607494710634100349, 0.005265708240724685865, 0.006582135300905857765, 0.007240348830996444149, 0.007898562361087029665, 0.008556775891177615181, 0.009214989421268200698, 0.009873202951358786214, 0.01053141648144937173 ),
 ( 0.000000000000000000, 1.000000000000000000 ),
 .UNSPECIFIED. ) 
 GEOMETRIC_REPRESENTATION_ITEM ( )  RATIONAL_B_SPLINE_SURFACE ( (
 ( 1.000000000000000000, 0.8436272063283519751, 1.000000000000000000),
 ( 1.000000000000000000, 0.8455747416469198141, 1.000000000000000000),
 ( 1.000000000000000000, 0.8464921239051510504, 1.000000000000000000),
 ( 1.000000000000000000, 0.8462970089248520456, 1.000000000000000000),
 ( 1.000000000000000000, 0.8451484355140073124, 1.000000000000000000),
 ( 1.000000000000000000, 0.8409004213787316662, 1.000000000000000000),
 ( 1.000000000000000000, 0.8378252947237873061, 1.000000000000000000),
 ( 1.000000000000000000, 0.8298363503345355108, 1.000000000000000000),
 ( 1.000000000000000000, 0.8250142930252019058, 1.000000000000000000),
 ( 1.000000000000000000, 0.8140203559499118446, 1.000000000000000000),
 ( 1.000000000000000000, 0.8077575306198824245, 1.000000000000000000),
 ( 1.000000000000000000, 0.7943457253998166268, 1.000000000000000000),
 ( 1.000000000000000000, 0.7871886969538064438, 1.000000000000000000),
 ( 1.000000000000000000, 0.7720688715783647904, 1.000000000000000000),
 ( 1.000000000000000000, 0.7641299337302023265, 1.000000000000000000),
 ( 1.000000000000000000, 0.7481054282045507264, 1.000000000000000000),
 ( 1.000000000000000000, 0.7399497411151265691, 1.000000000000000000),
 ( 1.000000000000000000, 0.7151357461086796929, 1.000000000000000000),
 ( 1.000000000000000000, 0.6989333988820728427, 1.000000000000000000),
 ( 1.000000000000000000, 0.6757638239524464963, 1.000000000000000000),
 ( 1.000000000000000000, 0.6684502484162900826, 1.000000000000000000),
 ( 1.000000000000000000, 0.6546124804278404818, 1.000000000000000000),
 ( 1.000000000000000000, 0.6480484372803054782, 1.000000000000000000),
 ( 1.000000000000000000, 0.6358979446937502722, 1.000000000000000000),
 ( 1.000000000000000000, 0.6304280128421814178, 1.000000000000000000),
 ( 1.000000000000000000, 0.6205908931367346559, 1.000000000000000000),
 ( 1.000000000000000000, 0.6161806486683584216, 1.000000000000000000),
 ( 1.000000000000000000, 0.6086989331218973787, 1.000000000000000000),
 ( 1.000000000000000000, 0.6056166589297851122, 1.000000000000000000),
 ( 1.000000000000000000, 0.6006549948736747968, 1.000000000000000000),
 ( 1.000000000000000000, 0.5987735596754013567, 1.000000000000000000),
 ( 1.000000000000000000, 0.5975696426974592690, 1.000000000000000000) ) ) 
 REPRESENTATION_ITEM ( '' )  SURFACE ( )  );
#145 = PRESENTATION_LAYER_ASSIGNMENT (  '', '', ( #1206 ) ) ;
#146 = CARTESIAN_POINT ( 'NONE',  ( -63.86087531489509672, -25.43016892945746221, 8.999999999999992895 ) ) ;
#147 = ORIENTED_EDGE ( 'NONE', *, *, #574, .F. ) ;
#148 = CARTESIAN_POINT ( 'NONE',  ( -29.47287409041915041, -29.89794302312651553, -0.8564896402134524189 ) ) ;
#149 =( NAMED_UNIT ( * ) PLANE_ANGLE_UNIT ( ) SI_UNIT ( $, .RADIAN. ) );
#150 = B_SPLINE_CURVE_WITH_KNOTS ( 'NONE', 3,
 ( #1241, #3675, #2825, #4393 ),
 .UNSPECIFIED., .F., .F.,
 ( 4, 4 ),
 ( 0.000000000000000000, 1.000000000000000000 ),
 .UNSPECIFIED. ) ;
#151 = CARTESIAN_POINT ( 'NONE',  ( -56.38771325067055074, -9.122762163196362906, -1.003938024131743489 ) ) ;
#152 = CARTESIAN_POINT ( 'NONE',  ( -47.48391509267749200, 10.70134900675506096, -4.378233703376862351 ) ) ;
#153 = FILL_AREA_STYLE_COLOUR ( '', #1930 ) ;
#154 = EDGE_LOOP ( 'NONE', ( #3292, #2531, #1673, #1832 ) ) ;
#155 =( NAMED_UNIT ( * ) PLANE_ANGLE_UNIT ( ) SI_UNIT ( $, .RADIAN. ) );
#156 = FACE_BOUND ( 'NONE', #4009, .T. ) ;
#157 = FILL_AREA_STYLE ('',( #185 ) ) ;
#158 = ADVANCED_FACE ( 'NONE', ( #4050 ), #4994, .T. ) ;
#159 = CARTESIAN_POINT ( 'NONE',  ( -27.30599490125851503, -7.255896897356623576, -2.163116875770552117 ) ) ;
#160 = ORIENTED_EDGE ( 'NONE', *, *, #250, .F. ) ;
#161 =( NAMED_UNIT ( * ) PLANE_ANGLE_UNIT ( ) SI_UNIT ( $, .RADIAN. ) );
#162 = B_SPLINE_CURVE_WITH_KNOTS ( 'NONE', 1,
 ( #3648, #4792 ),
 .UNSPECIFIED., .F., .F.,
 ( 2, 2 ),
 ( 0.000000000000000000, 1.000000000000000000 ),
 .UNSPECIFIED. ) ;
#163 = CARTESIAN_POINT ( 'NONE',  ( -58.47241182740752663, -13.23767459786151512, -2.407505729941656902 ) ) ;
#164 = CARTESIAN_POINT ( 'NONE',  ( -23.99999999999999289, -6.649999999999999467, 1.999999999999993117 ) ) ;
#165 = DIRECTION ( 'NONE',  ( 1.000000000000000000, 0.000000000000000000, -8.672384569055758038E-16 ) ) ;
#166 = CARTESIAN_POINT ( 'NONE',  ( -104.9452746250508994, -13.99999999999999822, -2.342352358419424796 ) ) ;
#167 = AXIS2_PLACEMENT_3D ( 'NONE', #2142, #3737, #875 ) ;
#168 = ORIENTED_EDGE ( 'NONE', *, *, #4281, .F. ) ;
#169 = CARTESIAN_POINT ( 'NONE',  ( -57.22176354184556857, -7.888956598576462476, -1.954511662826707630 ) ) ;
#170 = STYLED_ITEM ( 'NONE', ( #5079 ), #1934 ) ;
#171 = AXIS2_PLACEMENT_3D ( 'NONE', #3019, #3796, #1058 ) ;
#172 = UNCERTAINTY_MEASURE_WITH_UNIT (LENGTH_MEASURE( 1.000000000000000082E-05 ), #4032, 'distance_accuracy_value', 'NONE');
#173 = ORIENTED_EDGE ( 'NONE', *, *, #2432, .F. ) ;
#174 = CARTESIAN_POINT ( 'NONE',  ( -29.97255424172537275, -29.49358025237399872, -1.295754561219362611 ) ) ;
#175 = AXIS2_PLACEMENT_3D ( 'NONE', #1123, #4376, #3575 ) ;
#176 = CARTESIAN_POINT ( 'NONE',  ( -56.90320629316131829, -8.212460125288993495, -1.195503695069225047 ) ) ;
#177 = LINE ( 'NONE', #527, #3878 ) ;
#178 = MECHANICAL_DESIGN_GEOMETRIC_PRESENTATION_REPRESENTATION (  '', ( #432 ), #684 ) ;
#179 = MECHANICAL_DESIGN_GEOMETRIC_PRESENTATION_REPRESENTATION (  '', ( #5076 ), #3579 ) ;
#180 = FILL_AREA_STYLE ('',( #153 ) ) ;
#181 = ORIENTED_EDGE ( 'NONE', *, *, #907, .F. ) ;
#182 = DIRECTION ( 'NONE',  ( 8.163404592832032733E-17, -0.000000000000000000, -1.000000000000000000 ) ) ;
#183 = AXIS2_PLACEMENT_3D ( 'NONE', #4325, #2310, #3836 ) ;
#184 = DIRECTION ( 'NONE',  ( 4.625929269271483942E-16, 0.000000000000000000, -1.000000000000000000 ) ) ;
#185 = FILL_AREA_STYLE_COLOUR ( '', #2311 ) ;
#186 = CARTESIAN_POINT ( 'NONE',  ( -25.28452580580533393, -7.839451771236521260, -2.946333169938793350 ) ) ;
#187 =( GEOMETRIC_REPRESENTATION_CONTEXT ( 3 ) GLOBAL_UNCERTAINTY_ASSIGNED_CONTEXT ( ( #1509 ) ) GLOBAL_UNIT_ASSIGNED_CONTEXT ( ( #586, #4136, #3669 ) ) REPRESENTATION_CONTEXT ( 'NONE', 'WORKASPACE' ) );
#188 = VERTEX_POINT ( 'NONE', #3360 ) ;
#189 = CARTESIAN_POINT ( 'NONE',  ( -64.15000000000000568, -20.19999999999999929, 8.476950261936950781 ) ) ;
#190 = CARTESIAN_POINT ( 'NONE',  ( -61.93166336819507478, -10.84153073369532017, -3.883952241256935611 ) ) ;
#191 = CYLINDRICAL_SURFACE ( 'NONE', #3407, 2.499999999999998668 ) ;
#192 = AXIS2_PLACEMENT_3D ( 'NONE', #4870, #2212, #4200 ) ;
#193 = DIRECTION ( 'NONE',  ( -6.132301937836900522E-16, 0.7071067811865475727, -0.7071067811865474617 ) ) ;
#194 = SURFACE_STYLE_USAGE ( .BOTH. , #3751 ) ;
#195 = VECTOR ( 'NONE', #2792, 1000.000000000000114 ) ;
#196 = EDGE_CURVE ( 'NONE', #4954, #4974, #925, .T. ) ;
#197 = ORIENTED_EDGE ( 'NONE', *, *, #1857, .F. ) ;
#198 = CARTESIAN_POINT ( 'NONE',  ( -58.63549607233198913, -7.246297316242271691, -2.468608218150037725 ) ) ;
#199 = FILL_AREA_STYLE ('',( #2495 ) ) ;
#200 = DIRECTION ( 'NONE',  ( -0.9805353528392094509, -0.1963426133891650049, 0.000000000000000000 ) ) ;
#201 = STYLED_ITEM ( 'NONE', ( #3414 ), #1066 ) ;
#202 = EDGE_CURVE ( 'NONE', #2525, #2334, #2115, .T. ) ;
#203 = ADVANCED_FACE ( 'NONE', ( #3712 ), #4751, .F. ) ;
#204 = AXIS2_PLACEMENT_3D ( 'NONE', #4602, #2670, #2222 ) ;
#205 = ORIENTED_EDGE ( 'NONE', *, *, #1901, .F. ) ;
#206 = CARTESIAN_POINT ( 'NONE',  ( -65.81081323375609315, -0.5000000000000073275, -5.000000000000009770 ) ) ;
#207 = DIRECTION ( 'NONE',  ( 0.000000000000000000, 0.7071067811865469066, 0.7071067811865481278 ) ) ;
#208 = CARTESIAN_POINT ( 'NONE',  ( -51.01632745126756419, -29.47891314261057261, -0.3020736150763092542 ) ) ;
#209 = CARTESIAN_POINT ( 'NONE',  ( -90.06625323968908958, -18.04989198491054125, 5.245518245383719247 ) ) ;
#210 = PRESENTATION_LAYER_ASSIGNMENT (  '', '', ( #2677 ) ) ;
#211 = EDGE_LOOP ( 'NONE', ( #2104, #1359, #3462, #2558 ) ) ;
#212 = CARTESIAN_POINT ( 'NONE',  ( -58.68423531263538706, -13.25362595610874727, -2.488191036194248085 ) ) ;
#213 =( NAMED_UNIT ( * ) PLANE_ANGLE_UNIT ( ) SI_UNIT ( $, .RADIAN. ) );
#214 =( NAMED_UNIT ( * ) PLANE_ANGLE_UNIT ( ) SI_UNIT ( $, .RADIAN. ) );
#215 = PLANE ( 'NONE',  #5075 ) ;
#216 = CARTESIAN_POINT ( 'NONE',  ( -28.13503361978438733, -6.892567111431081806, -1.873488255984250062 ) ) ;
#217 = ORIENTED_EDGE ( 'NONE', *, *, #3480, .F. ) ;
#218 = CARTESIAN_POINT ( 'NONE',  ( -90.03251860178441746, -18.23797144884144217, 5.047867992282158767 ) ) ;
#219 = CARTESIAN_POINT ( 'NONE',  ( -90.00000000000000000, -30.00000000000000000, 5.699999999999988631 ) ) ;
#220 = CARTESIAN_POINT ( 'NONE',  ( -88.18770410670204285, -18.52895096083308601, -4.471269662043559023 ) ) ;
#221 = DIRECTION ( 'NONE',  ( -8.163404592832033966E-17, -0.000000000000000000, 1.000000000000000000 ) ) ;
#222 = DIRECTION ( 'NONE',  ( 0.000000000000000000, 0.000000000000000000, -1.000000000000000000 ) ) ;
#223 = CARTESIAN_POINT ( 'NONE',  ( -63.96801440389129567, -25.71490330632849108, -4.919486220681946520 ) ) ;
#224 = ORIENTED_EDGE ( 'NONE', *, *, #4763, .F. ) ;
#225 = CARTESIAN_POINT ( 'NONE',  ( -56.89049268883444910, -7.391456488644875478, -1.843059542506569448 ) ) ;
#226 = CARTESIAN_POINT ( 'NONE',  ( -26.99999999999999645, -10.00000000000000000, -17.00000000000000000 ) ) ;
#227 = LINE ( 'NONE', #913, #518 ) ;
#228 = EDGE_CURVE ( 'NONE', #2758, #1189, #3473, .T. ) ;
#229 = VERTEX_POINT ( 'NONE', #3068 ) ;
#230 = CARTESIAN_POINT ( 'NONE',  ( -30.02076537491818442, -29.49919556741714644, -1.281739618788251267 ) ) ;
#231 = PRESENTATION_LAYER_ASSIGNMENT (  '', '', ( #4865 ) ) ;
#232 = CARTESIAN_POINT ( 'NONE',  ( -62.88876147561954610, -26.01317129643163995, -4.338225734557261681 ) ) ;
#233 = CARTESIAN_POINT ( 'NONE',  ( -26.39861305309842265, -12.68828862553705505, -2.007446191336884844 ) ) ;
#234 = AXIS2_PLACEMENT_3D ( 'NONE', #298, #3905, #1867 ) ;
#235 = COLOUR_RGB ( '',1.000000000000000000, 0.000000000000000000, 0.000000000000000000 ) ;
#236 = EDGE_LOOP ( 'NONE', ( #3638, #3812, #4038, #1913, #2234 ) ) ;
#237 = CARTESIAN_POINT ( 'NONE',  ( -25.49999999999999645, -10.00000000000000000, 8.999999999999996447 ) ) ;
#238 = CARTESIAN_POINT ( 'NONE',  ( -58.01850223405447338, -12.58111492114534435, -2.238633003385431586 ) ) ;
#239 = CARTESIAN_POINT ( 'NONE',  ( -25.85355339059328372, -25.64644660940670562, 8.999999999999996447 ) ) ;
#240 = CARTESIAN_POINT ( 'NONE',  ( -87.67490837539854454, -18.60345205241675615, -4.329783245531522162 ) ) ;
#241 = ORIENTED_EDGE ( 'NONE', *, *, #4003, .F. ) ;
#242 = SURFACE_STYLE_USAGE ( .BOTH. , #958 ) ;
#243 = SURFACE_STYLE_USAGE ( .BOTH. , #4186 ) ;
#244 = LINE ( 'NONE', #1501, #3837 ) ;
#245 = FILL_AREA_STYLE_COLOUR ( '', #1072 ) ;
#246 = FACE_OUTER_BOUND ( 'NONE', #4301, .T. ) ;
#247 = CARTESIAN_POINT ( 'NONE',  ( -64.31185225510452597, -26.19381644893907435, -4.445822818419224554 ) ) ;
#248 = DIRECTION ( 'NONE',  ( -1.000000000000000000, 0.000000000000000000, -8.163404592832032733E-17 ) ) ;
#249 = CARTESIAN_POINT ( 'NONE',  ( -23.99999999999999289, 0.000000000000000000, -0.5000000000000047740 ) ) ;
#250 = EDGE_CURVE ( 'NONE', #4138, #1116, #1404, .T. ) ;
#251 = EDGE_CURVE ( 'NONE', #3495, #2979, #849, .T. ) ;
#252 = ORIENTED_EDGE ( 'NONE', *, *, #1971, .T. ) ;
#253 = CARTESIAN_POINT ( 'NONE',  ( -28.52675688542687382, -7.045785249749469514, -1.742943249891254265 ) ) ;
#254 = CARTESIAN_POINT ( 'NONE',  ( -64.00000000000000000, -4.650000000000001243, 8.999999999999992895 ) ) ;
#255 =( GEOMETRIC_REPRESENTATION_CONTEXT ( 3 ) GLOBAL_UNCERTAINTY_ASSIGNED_CONTEXT ( ( #4683 ) ) GLOBAL_UNIT_ASSIGNED_CONTEXT ( ( #129, #531, #580 ) ) REPRESENTATION_CONTEXT ( 'NONE', 'WORKASPACE' ) );
#256 = CARTESIAN_POINT ( 'NONE',  ( -21.49999999999999289, -21.68831262582826014, -4.231159986743374013 ) ) ;
#257 = PRESENTATION_LAYER_ASSIGNMENT (  '', '', ( #525 ) ) ;
#258 =( NAMED_UNIT ( * ) PLANE_ANGLE_UNIT ( ) SI_UNIT ( $, .RADIAN. ) );
#259 = MECHANICAL_DESIGN_GEOMETRIC_PRESENTATION_REPRESENTATION (  '', ( #3231 ), #3992 ) ;
#260 = MECHANICAL_DESIGN_GEOMETRIC_PRESENTATION_REPRESENTATION (  '', ( #596 ), #3742 ) ;
#261 = ORIENTED_EDGE ( 'NONE', *, *, #2988, .F. ) ;
#262 = PRESENTATION_STYLE_ASSIGNMENT (( #3362 ) ) ;
#263 = CARTESIAN_POINT ( 'NONE',  ( -58.88442867345527532, -12.75306811752528269, -2.021393158886935826 ) ) ;
#264 = B_SPLINE_CURVE_WITH_KNOTS ( 'NONE', 1,
 ( #687, #3874 ),
 .UNSPECIFIED., .F., .F.,
 ( 2, 2 ),
 ( 0.000000000000000000, 1.000000000000000000 ),
 .UNSPECIFIED. ) ;
#265 = CIRCLE ( 'NONE', #4326, 45.00000000000000711 ) ;
#266 = FILL_AREA_STYLE_COLOUR ( '', #3320 ) ;
#267 =( NAMED_UNIT ( * ) SI_UNIT ( $, .STERADIAN. ) SOLID_ANGLE_UNIT ( ) );
#268 = EDGE_CURVE ( 'NONE', #1582, #2979, #4559, .T. ) ;
#269 = CARTESIAN_POINT ( 'NONE',  ( -25.50918730523189026, -7.683328676496509857, -2.425055823717037207 ) ) ;
#270 = B_SPLINE_CURVE_WITH_KNOTS ( 'NONE', 3,
 ( #2040, #2400, #1255, #2423 ),
 .UNSPECIFIED., .F., .F.,
 ( 4, 4 ),
 ( 0.000000000000000000, 1.000000000000000000 ),
 .UNSPECIFIED. ) ;
#271 = VECTOR ( 'NONE', #4468, 1000.000000000000000 ) ;
#272 =( GEOMETRIC_REPRESENTATION_CONTEXT ( 3 ) GLOBAL_UNCERTAINTY_ASSIGNED_CONTEXT ( ( #3621 ) ) GLOBAL_UNIT_ASSIGNED_CONTEXT ( ( #1430, #4709, #5051 ) ) REPRESENTATION_CONTEXT ( 'NONE', 'WORKASPACE' ) );
#273 = CARTESIAN_POINT ( 'NONE',  ( -84.64359614443822011, -0.1666666666666690721, -2.493431267211517977 ) ) ;
#274 = FACE_OUTER_BOUND ( 'NONE', #3781, .T. ) ;
#275 = CARTESIAN_POINT ( 'NONE',  ( -26.80926188684092537, -12.75427155897361864, -2.345332122374335082 ) ) ;
#276 = MANIFOLD_SOLID_BREP ( '\X2\ff90ff97ff70\X0\3', #529 ) ;
#277 = CARTESIAN_POINT ( 'NONE',  ( -88.18770410670204285, -18.52895096083308601, -4.471269662043559023 ) ) ;
#278 = CARTESIAN_POINT ( 'NONE',  ( -23.97678435305861555, -9.576297488198330043, -3.515361455083781728 ) ) ;
#279 = STYLED_ITEM ( 'NONE', ( #419 ), #84 ) ;
#280 = LINE ( 'NONE', #3434, #1069 ) ;
#281 = ORIENTED_EDGE ( 'NONE', *, *, #2025, .T. ) ;
#282 = CARTESIAN_POINT ( 'NONE',  ( -22.62738059016665915, -23.12738059016666270, -3.407530364037047121 ) ) ;
#283 = PRESENTATION_LAYER_ASSIGNMENT (  '', '', ( #453 ) ) ;
#284 = FILL_AREA_STYLE_COLOUR ( '', #1642 ) ;
#285 = DIRECTION ( 'NONE',  ( 2.030895776753334375E-15, 0.000000000000000000, -1.000000000000000000 ) ) ;
#286 = CARTESIAN_POINT ( 'NONE',  ( -58.70821234251548049, -27.22076375096144218, -2.482405965378364776 ) ) ;
#287 = EDGE_CURVE ( 'NONE', #2880, #2057, #1117, .T. ) ;
#288 = PRESENTATION_LAYER_ASSIGNMENT (  '', '', ( #4504 ) ) ;
#289 = ORIENTED_EDGE ( 'NONE', *, *, #770, .F. ) ;
#290 = CARTESIAN_POINT ( 'NONE',  ( -58.18323816715157903, -12.63819476708347800, -2.299308081746025412 ) ) ;
#291 = CARTESIAN_POINT ( 'NONE',  ( -56.24999999999999289, -10.00000000000000000, 2.000000000000000000 ) ) ;
#292 = CARTESIAN_POINT ( 'NONE',  ( -24.62368839321989000, -8.604148490558847229, -2.871359159839765418 ) ) ;
#293 = ADVANCED_FACE ( 'NONE', ( #373 ), #3976, .F. ) ;
#294 = ORIENTED_EDGE ( 'NONE', *, *, #4725, .F. ) ;
#295 = SURFACE_STYLE_USAGE ( .BOTH. , #4985 ) ;
#296 = DIRECTION ( 'NONE',  ( 1.000000000000000000, 0.000000000000000000, 8.163404592832032733E-17 ) ) ;
#297 = EDGE_CURVE ( 'NONE', #3354, #2927, #3178, .T. ) ;
#298 = CARTESIAN_POINT ( 'NONE',  ( -59.00000000000000000, -10.00000000000000000, -17.00000000000000000 ) ) ;
#299 = CARTESIAN_POINT ( 'NONE',  ( -28.17254464301495531, -13.09533216144685497, -1.860816011830244587 ) ) ;
#300 = EDGE_CURVE ( 'NONE', #3187, #4138, #4775, .T. ) ;
#301 = FILL_AREA_STYLE_COLOUR ( '', #1431 ) ;
#302 = CARTESIAN_POINT ( 'NONE',  ( -24.78124146584000442, -12.18369245825435776, -3.159786596699031502 ) ) ;
#303 = ORIENTED_EDGE ( 'NONE', *, *, #2771, .T. ) ;
#304 = CARTESIAN_POINT ( 'NONE',  ( -56.30144975595187162, -9.470541238293408881, -0.9728454947403988307 ) ) ;
#305 =( LENGTH_UNIT ( ) NAMED_UNIT ( * ) SI_UNIT ( .MILLI., .METRE. ) );
#306 = LINE ( 'NONE', #725, #3584 ) ;
#307 = UNCERTAINTY_MEASURE_WITH_UNIT (LENGTH_MEASURE( 1.000000000000000082E-05 ), #2511, 'distance_accuracy_value', 'NONE');
#308 = ORIENTED_EDGE ( 'NONE', *, *, #3190, .T. ) ;
#309 = CARTESIAN_POINT ( 'NONE',  ( -23.77881645585427250, -24.27881645585427250, -2.878502701905947259 ) ) ;
#310 = FILL_AREA_STYLE ('',( #284 ) ) ;
#311 = CARTESIAN_POINT ( 'NONE',  ( -87.67490837539854454, -1.396547947583214766, -4.329783245531522162 ) ) ;
#312 = AXIS2_PLACEMENT_3D ( 'NONE', #2808, #2550, #2474 ) ;
#313 = CARTESIAN_POINT ( 'NONE',  ( -29.66191194614436455, -10.71313301685207442, -0.7256752035170174198 ) ) ;
#314 = ORIENTED_EDGE ( 'NONE', *, *, #1698, .F. ) ;
#315 = DIRECTION ( 'NONE',  ( 0.000000000000000000, -1.000000000000000000, 0.000000000000000000 ) ) ;
#316 = CARTESIAN_POINT ( 'NONE',  ( -58.52338598214153365, -12.72007432014100914, -2.426965176067084506 ) ) ;
#317 = VECTOR ( 'NONE', #873, 1000.000000000000000 ) ;
#318 = STYLED_ITEM ( 'NONE', ( #4439 ), #4411 ) ;
#319 = CIRCLE ( 'NONE', #3890, 2.749999999999999112 ) ;
#320 = EDGE_LOOP ( 'NONE', ( #4850, #3718 ) ) ;
#321 = SURFACE_STYLE_FILL_AREA ( #4572 ) ;
#322 = CARTESIAN_POINT ( 'NONE',  ( -84.52516014207039063, -0.5000000000000073275, -2.805014361191660921 ) ) ;
#323 = AXIS2_PLACEMENT_3D ( 'NONE', #106, #2429, #3133 ) ;
#324 = PLANE ( 'NONE',  #3738 ) ;
#325 = SURFACE_STYLE_USAGE ( .BOTH. , #1470 ) ;
#326 = CARTESIAN_POINT ( 'NONE',  ( -26.81672183648786856, -12.74947928103716954, -1.821427453771479188 ) ) ;
#327 = CARTESIAN_POINT ( 'NONE',  ( -29.74999999999999645, -10.00000000000000000, -0.6963113881947181616 ) ) ;
#328 = CARTESIAN_POINT ( 'NONE',  ( -56.41060965271314132, -10.94427917370893510, -1.012235305100485316 ) ) ;
#329 = DIRECTION ( 'NONE',  ( 8.163404592832032733E-17, -0.000000000000000000, -1.000000000000000000 ) ) ;
#330 = ORIENTED_EDGE ( 'NONE', *, *, #2796, .T. ) ;
#331 = UNCERTAINTY_MEASURE_WITH_UNIT (LENGTH_MEASURE( 1.000000000000000082E-05 ), #1226, 'distance_accuracy_value', 'NONE');
#332 = FILL_AREA_STYLE ('',( #361 ) ) ;
#333 = ORIENTED_EDGE ( 'NONE', *, *, #1901, .T. ) ;
#334 = CARTESIAN_POINT ( 'NONE',  ( -25.55991398157284422, -7.179932602235617800, -2.833469569067586846 ) ) ;
#335 = FILL_AREA_STYLE_COLOUR ( '', #1990 ) ;
#336 = CARTESIAN_POINT ( 'NONE',  ( -52.13943594747542676, -29.14615631456414491, -0.5170026088337064119 ) ) ;
#337 = CARTESIAN_POINT ( 'NONE',  ( -26.55681882169253072, -12.71889329841578942, -1.936301965209310305 ) ) ;
#338 = VERTEX_POINT ( 'NONE', #1983 ) ;
#339 = FACE_OUTER_BOUND ( 'NONE', #1861, .T. ) ;
#340 = SURFACE_SIDE_STYLE ('',( #1464 ) ) ;
#341 =( NAMED_UNIT ( * ) SI_UNIT ( $, .STERADIAN. ) SOLID_ANGLE_UNIT ( ) );
#342 = DIRECTION ( 'NONE',  ( 8.163404592832032733E-17, -0.000000000000000000, -1.000000000000000000 ) ) ;
#343 = COLOUR_RGB ( '',1.000000000000000000, 0.000000000000000000, 0.000000000000000000 ) ;
#344 = STYLED_ITEM ( 'NONE', ( #2245 ), #3979 ) ;
#345 = EDGE_LOOP ( 'NONE', ( #2477, #2116, #1186, #385 ) ) ;
#346 = FILL_AREA_STYLE_COLOUR ( '', #4919 ) ;
#347 = MECHANICAL_DESIGN_GEOMETRIC_PRESENTATION_REPRESENTATION (  '', ( #1910 ), #85 ) ;
#348 = AXIS2_PLACEMENT_3D ( 'NONE', #4034, #1138, #1556 ) ;
#349 = CARTESIAN_POINT ( 'NONE',  ( -63.87745414729151605, -17.28877143532315586, 7.061228564676831354 ) ) ;
#350 = SURFACE_SIDE_STYLE ('',( #5013 ) ) ;
#351 =( BOUNDED_SURFACE ( )  B_SPLINE_SURFACE ( 3, 2, ( 
 ( #2827, #3649, #4501 ),
 ( #2523, #3276, #4428 ),
 ( #1296, #2414, #2468 ),
 ( #943, #3704, #2849 ),
 ( #4020, #4095, #3221 ),
 ( #547, #4398, #143 ),
 ( #88, #1681, #2107 ),
 ( #4188, #4064, #1801 ),
 ( #3249, #1656, #2032 ),
 ( #3622, #4840, #60 ),
 ( #4863, #513, #1629 ),
 ( #866, #2079, #3677 ),
 ( #118, #640, #1704 ),
 ( #3301, #4886, #2440 ),
 ( #2896, #2198, #3797 ),
 ( #3398, #275, #3429 ),
 ( #3827, #1134, #326 ),
 ( #3105, #2716, #5042 ),
 ( #2254, #2635, #2305 ),
 ( #1088, #1893, #3046 ),
 ( #299, #4316, #4623 ),
 ( #1837, #3883, #2329 ),
 ( #1420, #4649, #767 ),
 ( #4601, #3478, #1868 ),
 ( #5016, #1446, #3941 ),
 ( #663, #3021, #3082 ),
 ( #744, #2996, #1034 ),
 ( #384, #4679, #3533 ),
 ( #3906, #3856, #2610 ),
 ( #1950, #5073, #2221 ),
 ( #4294, #1471, #4209 ),
 ( #355, #1060, #4235 ) ),
 .UNSPECIFIED., .F., .F., .T. ) 
 B_SPLINE_SURFACE_WITH_KNOTS ( ( 4, 2, 2, 2, 2, 2, 2, 2, 2, 2, 2, 2, 2, 2, 2, 4 ),
 ( 3, 3 ),
 ( 0.01049502654750630523, 0.01115096570672544952, 0.01180690486594459382, 0.01246284402516373985, 0.01311878318438288414, 0.01377472234360202843, 0.01443066150282117446, 0.01574253982125946305, 0.01639847898047860908, 0.01705441813969775164, 0.01771035729891689420, 0.01836629645813604023, 0.01902223561735518625, 0.01967817477657432881, 0.02033411393579347137, 0.02099005309501261740 ),
 ( 0.000000000000000000, 1.000000000000000000 ),
 .UNSPECIFIED. ) 
 GEOMETRIC_REPRESENTATION_ITEM ( )  RATIONAL_B_SPLINE_SURFACE ( (
 ( 1.000000000000000000, 0.8378405008883007543, 1.000000000000000000),
 ( 1.000000000000000000, 0.8397549912998308885, 1.000000000000000000),
 ( 1.000000000000000000, 0.8406990920821899582, 1.000000000000000000),
 ( 1.000000000000000000, 0.8405825330887073399, 1.000000000000000000),
 ( 1.000000000000000000, 0.8395474193965386522, 1.000000000000000000),
 ( 1.000000000000000000, 0.8355229443313136883, 1.000000000000000000),
 ( 1.000000000000000000, 0.8325597418430794594, 1.000000000000000000),
 ( 1.000000000000000000, 0.8250220058193522554, 1.000000000000000000),
 ( 1.000000000000000000, 0.8203678757356580586, 1.000000000000000000),
 ( 1.000000000000000000, 0.8097971499223273195, 1.000000000000000000),
 ( 1.000000000000000000, 0.8038988255353766155, 1.000000000000000000),
 ( 1.000000000000000000, 0.7909949478702167358, 1.000000000000000000),
 ( 1.000000000000000000, 0.7840146170960323735, 1.000000000000000000),
 ( 1.000000000000000000, 0.7623563512136926068, 1.000000000000000000),
 ( 1.000000000000000000, 0.7465048057728732589, 1.000000000000000000),
 ( 1.000000000000000000, 0.7230550333687703057, 1.000000000000000000),
 ( 1.000000000000000000, 0.7151694650039203127, 1.000000000000000000),
 ( 1.000000000000000000, 0.6997465896356617199, 1.000000000000000000),
 ( 1.000000000000000000, 0.6922898808395236969, 1.000000000000000000),
 ( 1.000000000000000000, 0.6779022189929841957, 1.000000000000000000),
 ( 1.000000000000000000, 0.6709008378460878941, 1.000000000000000000),
 ( 1.000000000000000000, 0.6578525449382676138, 1.000000000000000000),
 ( 1.000000000000000000, 0.6518136290074375561, 1.000000000000000000),
 ( 1.000000000000000000, 0.6406488641721727051, 1.000000000000000000),
 ( 1.000000000000000000, 0.6354798146943289039, 1.000000000000000000),
 ( 1.000000000000000000, 0.6264152286601994968, 1.000000000000000000),
 ( 1.000000000000000000, 0.6224715468620105607, 1.000000000000000000),
 ( 1.000000000000000000, 0.6156527869601253755, 1.000000000000000000),
 ( 1.000000000000000000, 0.6127963565425241788, 1.000000000000000000),
 ( 1.000000000000000000, 0.6083220965119727763, 1.000000000000000000),
 ( 1.000000000000000000, 0.6066606005022606718, 1.000000000000000000),
 ( 1.000000000000000000, 0.6055453797199374932, 1.000000000000000000) ) ) 
 REPRESENTATION_ITEM ( '' )  SURFACE ( )  );
#352 =( GEOMETRIC_REPRESENTATION_CONTEXT ( 3 ) GLOBAL_UNCERTAINTY_ASSIGNED_CONTEXT ( ( #3485 ) ) GLOBAL_UNIT_ASSIGNED_CONTEXT ( ( #4470, #2497, #2054 ) ) REPRESENTATION_CONTEXT ( 'NONE', 'WORKASPACE' ) );
#353 =( LENGTH_UNIT ( ) NAMED_UNIT ( * ) SI_UNIT ( .MILLI., .METRE. ) );
#354 =( NAMED_UNIT ( * ) SI_UNIT ( $, .STERADIAN. ) SOLID_ANGLE_UNIT ( ) );
#355 = CARTESIAN_POINT ( 'NONE',  ( -30.32310368922825106, -10.63600990913604605, -1.195181419792733513 ) ) ;
#356 = CARTESIAN_POINT ( 'NONE',  ( -30.18716039688634467, -10.63600990913604605, -0.7140167689015416430 ) ) ;
#357 = EDGE_CURVE ( 'NONE', #861, #4749, #1195, .T. ) ;
#358 = AXIS2_PLACEMENT_3D ( 'NONE', #3029, #3054, #2642 ) ;
#359 = AXIS2_PLACEMENT_3D ( 'NONE', #4484, #103, #3736 ) ;
#360 = EDGE_LOOP ( 'NONE', ( #3838, #951, #878, #66, #2110 ) ) ;
#361 = FILL_AREA_STYLE_COLOUR ( '', #1721 ) ;
#362 = SURFACE_STYLE_FILL_AREA ( #5050 ) ;
#363 = PRESENTATION_LAYER_ASSIGNMENT (  '', '', ( #1245 ) ) ;
#364 =( NAMED_UNIT ( * ) PLANE_ANGLE_UNIT ( ) SI_UNIT ( $, .RADIAN. ) );
#365 = ADVANCED_FACE ( 'NONE', ( #5092 ), #823, .T. ) ;
#366 = UNCERTAINTY_MEASURE_WITH_UNIT (LENGTH_MEASURE( 1.000000000000000082E-05 ), #1918, 'distance_accuracy_value', 'NONE');
#367 = VERTEX_POINT ( 'NONE', #666 ) ;
#368 = DIRECTION ( 'NONE',  ( 0.6454511755213161450, 0.5773502691896214012, -0.5000594431513346594 ) ) ;
#369 = CARTESIAN_POINT ( 'NONE',  ( -21.50000000000000000, -30.00000000000000000, 8.999999999999996447 ) ) ;
#370 =( GEOMETRIC_REPRESENTATION_CONTEXT ( 3 ) GLOBAL_UNCERTAINTY_ASSIGNED_CONTEXT ( ( #1706 ) ) GLOBAL_UNIT_ASSIGNED_CONTEXT ( ( #1821, #3416, #1048 ) ) REPRESENTATION_CONTEXT ( 'NONE', 'WORKASPACE' ) );
#371 = EDGE_CURVE ( 'NONE', #2334, #4071, #3680, .T. ) ;
#372 = EDGE_CURVE ( 'NONE', #4134, #2178, #2499, .T. ) ;
#373 = FACE_OUTER_BOUND ( 'NONE', #1588, .T. ) ;
#374 =( GEOMETRIC_REPRESENTATION_CONTEXT ( 3 ) GLOBAL_UNCERTAINTY_ASSIGNED_CONTEXT ( ( #2132 ) ) GLOBAL_UNIT_ASSIGNED_CONTEXT ( ( #2817, #3969, #500 ) ) REPRESENTATION_CONTEXT ( 'NONE', 'WORKASPACE' ) );
#375 = ORIENTED_EDGE ( 'NONE', *, *, #132, .T. ) ;
#376 = SURFACE_STYLE_FILL_AREA ( #2242 ) ;
#377 = CARTESIAN_POINT ( 'NONE',  ( -60.89202053645426815, -7.507127858952880040, -3.403884462652335685 ) ) ;
#378 = PRESENTATION_STYLE_ASSIGNMENT (( #1253 ) ) ;
#379 = AXIS2_PLACEMENT_3D ( 'NONE', #3371, #2483, #933 ) ;
#380 = CYLINDRICAL_SURFACE ( 'NONE', #1508, 1.500000000000001332 ) ;
#381 = PRESENTATION_STYLE_ASSIGNMENT (( #3963 ) ) ;
#382 = CARTESIAN_POINT ( 'NONE',  ( -84.67147019778840900, -0.5210868573894411604, -2.861285558542647767 ) ) ;
#383 = CARTESIAN_POINT ( 'NONE',  ( -61.60867543460739171, -10.88916373788767622, -3.402146414696819665 ) ) ;
#384 = CARTESIAN_POINT ( 'NONE',  ( -29.94451054083352659, -11.65682491249481423, -1.303752124161710935 ) ) ;
#385 = ORIENTED_EDGE ( 'NONE', *, *, #1098, .T. ) ;
#386 = UNCERTAINTY_MEASURE_WITH_UNIT (LENGTH_MEASURE( 1.000000000000000082E-05 ), #4198, 'distance_accuracy_value', 'NONE');
#387 =( NAMED_UNIT ( * ) SI_UNIT ( $, .STERADIAN. ) SOLID_ANGLE_UNIT ( ) );
#388 =( NAMED_UNIT ( * ) PLANE_ANGLE_UNIT ( ) SI_UNIT ( $, .RADIAN. ) );
#389 = ORIENTED_EDGE ( 'NONE', *, *, #4788, .T. ) ;
#390 = EDGE_CURVE ( 'NONE', #3535, #4588, #5100, .T. ) ;
#391 = CYLINDRICAL_SURFACE ( 'NONE', #1732, 1.000000000000000000 ) ;
#392 = CARTESIAN_POINT ( 'NONE',  ( -24.24999999999999645, -10.00000000000094857, -3.069224771916217342 ) ) ;
#393 = DIRECTION ( 'NONE',  ( 0.9920412960753397513, 0.000000000000000000, 0.1259129337326394538 ) ) ;
#394 = FILL_AREA_STYLE_COLOUR ( '', #108 ) ;
#395 = VERTEX_POINT ( 'NONE', #92 ) ;
#396 = DIRECTION ( 'NONE',  ( -1.000000000000000000, 0.000000000000000000, 0.000000000000000000 ) ) ;
#397 = CARTESIAN_POINT ( 'NONE',  ( -55.93752330579178533, -8.544119327353525861, -1.534945214192447560 ) ) ;
#398 = DIRECTION ( 'NONE',  ( 0.9952952831612037476, 0.000000000000000000, -0.09688807623778789013 ) ) ;
#399 = CARTESIAN_POINT ( 'NONE',  ( -21.49999999999999289, 0.000000000000000000, -4.166259335390176233 ) ) ;
#400 = PRESENTATION_LAYER_ASSIGNMENT (  '', '', ( #4444 ) ) ;
#401 = CIRCLE ( 'NONE', #4445, 45.50000000000002132 ) ;
#402 = CARTESIAN_POINT ( 'NONE',  ( -67.96130059320422845, -24.62265106844848361, -3.852635849706761206 ) ) ;
#403 =( NAMED_UNIT ( * ) PLANE_ANGLE_UNIT ( ) SI_UNIT ( $, .RADIAN. ) );
#404 = CARTESIAN_POINT ( 'NONE',  ( -87.67490837539854454, -1.396547947583259841, -4.329783245531524827 ) ) ;
#405 = CARTESIAN_POINT ( 'NONE',  ( -30.36040540256782805, -9.540941244989785019, -1.184634751615259995 ) ) ;
#406 = ORIENTED_EDGE ( 'NONE', *, *, #3752, .F. ) ;
#407 = CARTESIAN_POINT ( 'NONE',  ( -88.18770379416847049, -30.00000000000000000, -3.471272407808104088 ) ) ;
#408 = CARTESIAN_POINT ( 'NONE',  ( -56.24999999999995026, -9.911785282543089437, -0.9543786816630555059 ) ) ;
#409 = CARTESIAN_POINT ( 'NONE',  ( -86.87069238045624786, -18.83527266215039830, -3.849391576291233186 ) ) ;
#410 = ORIENTED_EDGE ( 'NONE', *, *, #2659, .T. ) ;
#411 = UNCERTAINTY_MEASURE_WITH_UNIT (LENGTH_MEASURE( 1.000000000000000082E-05 ), #2000, 'distance_accuracy_value', 'NONE');
#412 = CARTESIAN_POINT ( 'NONE',  ( -21.82802967625238821, -0.5000000000000073275, -4.559189662995773773 ) ) ;
#413 = CARTESIAN_POINT ( 'NONE',  ( -65.81081323375609315, 0.000000000000000000, -4.000000000000010658 ) ) ;
#414 = EDGE_CURVE ( 'NONE', #4636, #594, #2901, .T. ) ;
#415 = EDGE_CURVE ( 'NONE', #2308, #3535, #3223, .T. ) ;
#416 = ORIENTED_EDGE ( 'NONE', *, *, #4461, .T. ) ;
#417 = FILL_AREA_STYLE_COLOUR ( '', #2516 ) ;
#418 = CARTESIAN_POINT ( 'NONE',  ( -29.33251705405343301, -29.81406237344517862, -0.8772372879545493607 ) ) ;
#419 = PRESENTATION_STYLE_ASSIGNMENT (( #4362 ) ) ;
#420 = VECTOR ( 'NONE', #2260, 1000.000000000000000 ) ;
#421 =( NAMED_UNIT ( * ) PLANE_ANGLE_UNIT ( ) SI_UNIT ( $, .RADIAN. ) );
#422 =( NAMED_UNIT ( * ) PLANE_ANGLE_UNIT ( ) SI_UNIT ( $, .RADIAN. ) );
#423 = EDGE_CURVE ( 'NONE', #3580, #3500, #4473, .T. ) ;
#424 = ORIENTED_EDGE ( 'NONE', *, *, #950, .T. ) ;
#425 = LINE ( 'NONE', #1599, #195 ) ;
#426 = COLOUR_RGB ( '',1.000000000000000000, 0.000000000000000000, 0.000000000000000000 ) ;
#427 = STYLED_ITEM ( 'NONE', ( #3182 ), #2120 ) ;
#428 = MECHANICAL_DESIGN_GEOMETRIC_PRESENTATION_REPRESENTATION (  '', ( #1235 ), #352 ) ;
#429 = CARTESIAN_POINT ( 'NONE',  ( -51.25330686495802723, -29.95782628522115232, 0.2029347477890377782 ) ) ;
#430 = DIRECTION ( 'NONE',  ( -1.000000000000000000, 0.000000000000000000, 0.000000000000000000 ) ) ;
#431 = FILL_AREA_STYLE ('',( #1648 ) ) ;
#432 = STYLED_ITEM ( 'NONE', ( #4001 ), #3200 ) ;
#433 = PRESENTATION_LAYER_ASSIGNMENT (  '', '', ( #4898 ) ) ;
#434 = PRESENTATION_LAYER_ASSIGNMENT (  '', '', ( #4407 ) ) ;
#435 = MECHANICAL_DESIGN_GEOMETRIC_PRESENTATION_REPRESENTATION (  '', ( #4902 ), #774 ) ;
#436 = EDGE_LOOP ( 'NONE', ( #957, #2946, #3385, #1231, #3085 ) ) ;
#437 = DIRECTION ( 'NONE',  ( 0.000000000000000000, 1.000000000000000000, 0.000000000000000000 ) ) ;
#438 = FACE_OUTER_BOUND ( 'NONE', #2602, .T. ) ;
#439 = CARTESIAN_POINT ( 'NONE',  ( -66.36358403214863699, -25.14085549570262756, -4.833333333333360571 ) ) ;
#440 = PRESENTATION_STYLE_ASSIGNMENT (( #847 ) ) ;
#441 = ORIENTED_EDGE ( 'NONE', *, *, #3101, .F. ) ;
#442 = SURFACE_SIDE_STYLE ('',( #2058 ) ) ;
#443 = B_SPLINE_CURVE_WITH_KNOTS ( 'NONE', 3,
 ( #2548, #3282, #4868, #4047, #4893, #2853, #1351, #871, #1738, #2527, #972, #4122, #492, #2472, #572, #4143, #893, #1327, #3728, #1301, #3227, #4073, #4821, #1251, #2831, #4432, #2059, #95, #3783, #597 ),
 .UNSPECIFIED., .F., .F.,
 ( 4, 2, 2, 2, 2, 2, 2, 2, 2, 2, 2, 2, 2, 2, 4 ),
 ( 0.0005318676269027316529, 0.001069276999321112920, 0.001606686371739494187, 0.002144095744157875454, 0.002681505116576256720, 0.003756323861413016219, 0.004831142606249776150, 0.005368551978668154381, 0.005905961351086534347, 0.006443370723504912578, 0.006980780095923292544, 0.007518189468341672510, 0.008055598840760050741, 0.008593008213178430707, 0.009130417585596808938 ),
 .UNSPECIFIED. ) ;
#444 = CARTESIAN_POINT ( 'NONE',  ( -27.76447866882091020, -28.26447866882090310, -1.325880476919396367 ) ) ;
#445 = EDGE_CURVE ( 'NONE', #1371, #2249, #3302, .T. ) ;
#446 = CARTESIAN_POINT ( 'NONE',  ( -83.00397314470201593, -1.000000000000000000, 15.11392398826717454 ) ) ;
#447 = AXIS2_PLACEMENT_3D ( 'NONE', #407, #2843, #26 ) ;
#448 = CARTESIAN_POINT ( 'NONE',  ( -29.66423324707821862, -9.296041738466897186, -0.7248984160679626809 ) ) ;
#449 = B_SPLINE_CURVE_WITH_KNOTS ( 'NONE', 3,
 ( #1767, #209, #4869, #3284 ),
 .UNSPECIFIED., .F., .F.,
 ( 4, 4 ),
 ( 0.000000000000000000, 1.000000000000000000 ),
 .UNSPECIFIED. ) ;
#450 = CARTESIAN_POINT ( 'NONE',  ( -87.24998268753292052, -19.31418580476097802, -3.394206073776766530 ) ) ;
#451 = SURFACE_STYLE_USAGE ( .BOTH. , #4006 ) ;
#452 = EDGE_CURVE ( 'NONE', #1189, #4418, #1682, .T. ) ;
#453 = STYLED_ITEM ( 'NONE', ( #4309 ), #824 ) ;
#454 = CARTESIAN_POINT ( 'NONE',  ( -64.15000000000000568, -4.150000000000000355, 1.999999999999992228 ) ) ;
#455 = CARTESIAN_POINT ( 'NONE',  ( -83.95695913553954881, -0.4999999999999857891, 6.467001340489200167 ) ) ;
#456 = ORIENTED_EDGE ( 'NONE', *, *, #202, .F. ) ;
#457 = CARTESIAN_POINT ( 'NONE',  ( -104.9452746250508994, -13.99999999999999822, -2.342352358419421687 ) ) ;
#458 = CARTESIAN_POINT ( 'NONE',  ( -88.28459187040625977, -18.51441770366304240, -4.466567690969307058 ) ) ;
#459 =( LENGTH_UNIT ( ) NAMED_UNIT ( * ) SI_UNIT ( .MILLI., .METRE. ) );
#460 = EDGE_LOOP ( 'NONE', ( #3517, #3287, #1736, #416, #4915 ) ) ;
#461 = DIRECTION ( 'NONE',  ( 0.000000000000000000, 0.000000000000000000, -1.000000000000000000 ) ) ;
#462 = FILL_AREA_STYLE_COLOUR ( '', #4481 ) ;
#463 = UNCERTAINTY_MEASURE_WITH_UNIT (LENGTH_MEASURE( 1.000000000000000082E-05 ), #2324, 'distance_accuracy_value', 'NONE');
#464 = PRESENTATION_STYLE_ASSIGNMENT (( #4988 ) ) ;
#465 =( NAMED_UNIT ( * ) PLANE_ANGLE_UNIT ( ) SI_UNIT ( $, .RADIAN. ) );
#466 = ORIENTED_EDGE ( 'NONE', *, *, #1757, .T. ) ;
#467 = CARTESIAN_POINT ( 'NONE',  ( -23.55739137101713609, -24.05739137101713965, -2.969247466505143151 ) ) ;
#468 = CARTESIAN_POINT ( 'NONE',  ( -60.34768451356741537, -7.597383567772542534, -2.726394664468201778 ) ) ;
#469 = CARTESIAN_POINT ( 'NONE',  ( -51.06187811753463990, -29.99993562742634623, 0.2122432878266599654 ) ) ;
#470 = CARTESIAN_POINT ( 'NONE',  ( -28.49999999999999645, -10.00000000000000000, 2.000000000000000000 ) ) ;
#471 = VERTEX_POINT ( 'NONE', #1805 ) ;
#472 =( NAMED_UNIT ( * ) SI_UNIT ( $, .STERADIAN. ) SOLID_ANGLE_UNIT ( ) );
#473 = FACE_OUTER_BOUND ( 'NONE', #2284, .T. ) ;
#474 = PRESENTATION_LAYER_ASSIGNMENT (  '', '', ( #48 ) ) ;
#475 = VERTEX_POINT ( 'NONE', #2829 ) ;
#476 = EDGE_CURVE ( 'NONE', #1320, #2520, #2056, .T. ) ;
#477 = LINE ( 'NONE', #73, #934 ) ;
#478 = CARTESIAN_POINT ( 'NONE',  ( -29.91421356237311002, -30.00000000000000000, -0.7920526160323791975 ) ) ;
#479 = CARTESIAN_POINT ( 'NONE',  ( -73.22675471808821612, -22.95361841421134486, -1.921884181090380839 ) ) ;
#480 = COLOUR_RGB ( '',1.000000000000000000, 0.000000000000000000, 0.000000000000000000 ) ;
#481 = DIRECTION ( 'NONE',  ( -0.2707399232728499583, 0.6772854614785903671, -0.6840937783783332948 ) ) ;
#482 = DIRECTION ( 'NONE',  ( -0.8847462923946362023, 0.2527938945223112133, -0.3915600145395179976 ) ) ;
#483 = CIRCLE ( 'NONE', #3546, 1.500000000000001332 ) ;
#484 = MECHANICAL_DESIGN_GEOMETRIC_PRESENTATION_REPRESENTATION (  '', ( #3370 ), #1958 ) ;
#485 = VERTEX_POINT ( 'NONE', #3653 ) ;
#486 = CARTESIAN_POINT ( 'NONE',  ( -65.81081323375609315, 0.000000000000000000, -4.500000000000003553 ) ) ;
#487 = CARTESIAN_POINT ( 'NONE',  ( -64.15000000000000568, -4.206313993174076060, 8.533716037108698416 ) ) ;
#488 = CARTESIAN_POINT ( 'NONE',  ( -64.15000000000000568, -15.84999999999999964, 1.999999999999992228 ) ) ;
#489 = CARTESIAN_POINT ( 'NONE',  ( -89.95096810810051124, -2.231453854282821503, 5.706244448472925335 ) ) ;
#490 = ORIENTED_EDGE ( 'NONE', *, *, #2050, .T. ) ;
#491 =( LENGTH_UNIT ( ) NAMED_UNIT ( * ) SI_UNIT ( .MILLI., .METRE. ) );
#492 = CARTESIAN_POINT ( 'NONE',  ( -59.12305822940049183, -12.76662076905180854, -2.129290344916421773 ) ) ;
#493 = CARTESIAN_POINT ( 'NONE',  ( -61.10935930794814652, -8.227629612046914787, -3.126785526371928636 ) ) ;
#494 = PRESENTATION_STYLE_ASSIGNMENT (( #1375 ) ) ;
#495 = FILL_AREA_STYLE ('',( #895 ) ) ;
#496 = ORIENTED_EDGE ( 'NONE', *, *, #287, .F. ) ;
#497 = DIRECTION ( 'NONE',  ( 0.000000000000000000, 0.000000000000000000, 1.000000000000000000 ) ) ;
#498 = CARTESIAN_POINT ( 'NONE',  ( -29.72874171710256164, -9.611565668641643967, -0.7033529153702358094 ) ) ;
#499 = EDGE_LOOP ( 'NONE', ( #1325, #3888, #5087, #4276, #5053, #833 ) ) ;
#500 =( NAMED_UNIT ( * ) SI_UNIT ( $, .STERADIAN. ) SOLID_ANGLE_UNIT ( ) );
#501 = VECTOR ( 'NONE', #993, 1000.000000000000000 ) ;
#502 = CARTESIAN_POINT ( 'NONE',  ( -59.88574636103618332, -13.07280379067773701, -2.969402194223011993 ) ) ;
#503 = LINE ( 'NONE', #1362, #4661 ) ;
#504 =( GEOMETRIC_REPRESENTATION_CONTEXT ( 3 ) GLOBAL_UNCERTAINTY_ASSIGNED_CONTEXT ( ( #2335 ) ) GLOBAL_UNIT_ASSIGNED_CONTEXT ( ( #3464, #3356, #4585 ) ) REPRESENTATION_CONTEXT ( 'NONE', 'WORKASPACE' ) );
#505 = LINE ( 'NONE', #2563, #2645 ) ;
#506 = EDGE_CURVE ( 'NONE', #2334, #3922, #1658, .T. ) ;
#507 = CARTESIAN_POINT ( 'NONE',  ( -23.99999999999999289, -13.34999999999999964, 1.999999999999993117 ) ) ;
#508 =( GEOMETRIC_REPRESENTATION_CONTEXT ( 3 ) GLOBAL_UNCERTAINTY_ASSIGNED_CONTEXT ( ( #34 ) ) GLOBAL_UNIT_ASSIGNED_CONTEXT ( ( #1419, #3881, #743 ) ) REPRESENTATION_CONTEXT ( 'NONE', 'WORKASPACE' ) );
#509 = ORIENTED_EDGE ( 'NONE', *, *, #3017, .F. ) ;
#510 = CARTESIAN_POINT ( 'NONE',  ( -60.20621550920435539, -7.517505014319429080, -3.104279754538097791 ) ) ;
#511 = AXIS2_PLACEMENT_3D ( 'NONE', #3932, #4779, #4696 ) ;
#512 = CARTESIAN_POINT ( 'NONE',  ( -64.78250385441639025, -25.53284466532114649, -5.000000000000010658 ) ) ;
#513 = CARTESIAN_POINT ( 'NONE',  ( -25.03258978032251392, -11.93299546746998629, -3.051820612556161549 ) ) ;
#514 = EDGE_CURVE ( 'NONE', #1063, #1320, #120, .T. ) ;
#515 = CARTESIAN_POINT ( 'NONE',  ( -30.03694148477002557, -29.49999958280588075, -1.277050325337186987 ) ) ;
#516 = STYLED_ITEM ( 'NONE', ( #4861 ), #3289 ) ;
#517 = DIRECTION ( 'NONE',  ( -1.000000000000000000, 0.000000000000000000, 0.000000000000000000 ) ) ;
#518 = VECTOR ( 'NONE', #3378, 1000.000000000000000 ) ;
#519 = VERTEX_POINT ( 'NONE', #3402 ) ;
#520 = SURFACE_STYLE_USAGE ( .BOTH. , #4777 ) ;
#521 = EDGE_CURVE ( 'NONE', #629, #4060, #4212, .T. ) ;
#522 = ADVANCED_FACE ( 'NONE', ( #2874 ), #915, .F. ) ;
#523 = DIRECTION ( 'NONE',  ( -0.1994720601081668987, -0.6680498524170443986, 0.7168823417561414058 ) ) ;
#524 = PRESENTATION_LAYER_ASSIGNMENT (  '', '', ( #4989 ) ) ;
#525 = STYLED_ITEM ( 'NONE', ( #1008 ), #2921 ) ;
#526 = CARTESIAN_POINT ( 'NONE',  ( -63.25765682291395819, -26.49208443904222321, -3.878063506352813494 ) ) ;
#527 = CARTESIAN_POINT ( 'NONE',  ( -24.24999999999999645, -10.00000000000000000, -17.00000000000000000 ) ) ;
#528 =( NAMED_UNIT ( * ) PLANE_ANGLE_UNIT ( ) SI_UNIT ( $, .RADIAN. ) );
#529 = CLOSED_SHELL ( 'NONE', ( #203, #1820, #4411, #3096, #874, #3353, #2332, #84, #4872, #3784, #3266, #2077, #2869, #4184, #5084, #3200, #4149, #3002, #3875, #3267, #1474, #2651, #2714, #2891, #2248, #4216, #1537, #1418, #2708, #1444, #3548, #2170, #2177, #5045, #2120, #3775, #3186, #365, #4508, #1400, #2365, #2233, #643, #4310, #5008, #3642, #3657, #4502, #4796, #1312, #1167, #3711, #119, #3127, #742, #4703, #1623, #158, #4848, #1943, #818, #4311, #2924, #3873, #4033, #2091, #3644, #3169, #2834, #3289, #1066, #2230, #824, #3160, #4132, #3811, #679, #3550, #2108, #1109, #522, #4913, #4737, #1934, #1550, #1568, #3979, #293, #2586, #3519, #2770, #4568, #4558, #3813, #2921, #1154, #2743 ) ) ;
#530 = EDGE_LOOP ( 'NONE', ( #556, #570, #869, #4299, #2202 ) ) ;
#531 =( NAMED_UNIT ( * ) PLANE_ANGLE_UNIT ( ) SI_UNIT ( $, .RADIAN. ) );
#532 = DIRECTION ( 'NONE',  ( 0.9581977058217490129, 0.2861068970820819790, 0.000000000000000000 ) ) ;
#533 = CARTESIAN_POINT ( 'NONE',  ( -26.11416904309442089, -6.902777316657976669, -2.609843372263080497 ) ) ;
#534 = COLOUR_RGB ( '',1.000000000000000000, 0.000000000000000000, 0.000000000000000000 ) ;
#535 = EDGE_LOOP ( 'NONE', ( #3016, #3225, #1637, #678 ) ) ;
#536 = DIRECTION ( 'NONE',  ( -8.163404592832033966E-17, -0.000000000000000000, 1.000000000000000000 ) ) ;
#537 = VECTOR ( 'NONE', #536, 1000.000000000000000 ) ;
#538 = CARTESIAN_POINT ( 'NONE',  ( -57.29018944463757634, -12.86649815608372727, -1.979443351293421083 ) ) ;
#539 = CARTESIAN_POINT ( 'NONE',  ( -88.11414009485920928, -18.53993326040173883, -4.471252100037698796 ) ) ;
#540 =( NAMED_UNIT ( * ) SI_UNIT ( $, .STERADIAN. ) SOLID_ANGLE_UNIT ( ) );
#541 = AXIS2_PLACEMENT_3D ( 'NONE', #2237, #3842, #285 ) ;
#542 = ORIENTED_EDGE ( 'NONE', *, *, #3481, .F. ) ;
#543 = CARTESIAN_POINT ( 'NONE',  ( -57.34978220692829609, -7.792770875605911307, -1.369093537045234177 ) ) ;
#544 = DIRECTION ( 'NONE',  ( -1.000000000000000000, 0.000000000000000000, 0.000000000000000000 ) ) ;
#545 = COLOUR_RGB ( '',1.000000000000000000, 0.000000000000000000, 0.000000000000000000 ) ;
#546 = CARTESIAN_POINT ( 'NONE',  ( -52.13943594747542676, -29.14615631456414491, -0.5170026088337064119 ) ) ;
#547 = CARTESIAN_POINT ( 'NONE',  ( -24.07105309749086075, -10.88698288688050475, -3.472750142125599737 ) ) ;
#548 = SURFACE_SIDE_STYLE ('',( #2850 ) ) ;
#549 = EDGE_CURVE ( 'NONE', #864, #4413, #2744, .T. ) ;
#550 = ORIENTED_EDGE ( 'NONE', *, *, #300, .T. ) ;
#551 = CARTESIAN_POINT ( 'NONE',  ( -29.20710678118656389, -29.70710678118654968, -0.8958814171211391120 ) ) ;
#552 = CARTESIAN_POINT ( 'NONE',  ( -64.15000000000000568, -15.84999999999999964, 8.476950261936989861 ) ) ;
#553 = CARTESIAN_POINT ( 'NONE',  ( -61.74999999999997868, -9.819820049506068571, -3.482014481449721810 ) ) ;
#554 = DIRECTION ( 'NONE',  ( 0.000000000000000000, 1.000000000000000000, 0.000000000000000000 ) ) ;
#555 = DIRECTION ( 'NONE',  ( -1.000000000000000000, 0.000000000000000000, 0.000000000000000000 ) ) ;
#556 = ORIENTED_EDGE ( 'NONE', *, *, #2456, .F. ) ;
#557 = FILL_AREA_STYLE_COLOUR ( '', #2649 ) ;
#558 = CARTESIAN_POINT ( 'NONE',  ( -25.77337052977771137, -7.513456002891678587, -2.296545639166003738 ) ) ;
#559 = ORIENTED_EDGE ( 'NONE', *, *, #18, .F. ) ;
#560 =( NAMED_UNIT ( * ) SI_UNIT ( $, .STERADIAN. ) SOLID_ANGLE_UNIT ( ) );
#561 = SURFACE_SIDE_STYLE ('',( #960 ) ) ;
#562 = UNCERTAINTY_MEASURE_WITH_UNIT (LENGTH_MEASURE( 1.000000000000000082E-05 ), #125, 'distance_accuracy_value', 'NONE');
#563 = SURFACE_STYLE_FILL_AREA ( #4464 ) ;
#564 = ADVANCED_BREP_SHAPE_REPRESENTATION ( 'FINGER PAD_t30_L', ( #276, #1543 ), #738 ) ;
#565 = VECTOR ( 'NONE', #860, 1000.000000000000000 ) ;
#566 = EDGE_LOOP ( 'NONE', ( #550, #2259, #3793, #3861 ) ) ;
#567 = CARTESIAN_POINT ( 'NONE',  ( -59.85624706081554791, -7.380968017732207898, -2.480326776099400110 ) ) ;
#568 = DIRECTION ( 'NONE',  ( 0.09688807623778840361, 0.000000000000000000, 0.9952952831612036366 ) ) ;
#569 = CARTESIAN_POINT ( 'NONE',  ( -50.87087509910018923, -29.49999999999999645, -0.2744857849367653979 ) ) ;
#570 = ORIENTED_EDGE ( 'NONE', *, *, #610, .T. ) ;
#571 = MECHANICAL_DESIGN_GEOMETRIC_PRESENTATION_REPRESENTATION (  '', ( #55 ), #4133 ) ;
#572 = CARTESIAN_POINT ( 'NONE',  ( -58.47328006329272654, -12.70405094139929858, -1.838156891442580987 ) ) ;
#573 = SURFACE_STYLE_FILL_AREA ( #3686 ) ;
#574 = EDGE_CURVE ( 'NONE', #3949, #3500, #3719, .T. ) ;
#575 = EDGE_CURVE ( 'NONE', #338, #2791, #4654, .T. ) ;
#576 = CARTESIAN_POINT ( 'NONE',  ( -83.99176922244363652, 2.130510585122628961E-05, 5.969415027836891596 ) ) ;
#577 = VERTEX_POINT ( 'NONE', #5046 ) ;
#578 =( NAMED_UNIT ( * ) SI_UNIT ( $, .STERADIAN. ) SOLID_ANGLE_UNIT ( ) );
#579 = CARTESIAN_POINT ( 'NONE',  ( -66.08719863295236507, 0.000000000000000000, -4.416666666666672292 ) ) ;
#580 =( NAMED_UNIT ( * ) SI_UNIT ( $, .STERADIAN. ) SOLID_ANGLE_UNIT ( ) );
#581 = CARTESIAN_POINT ( 'NONE',  ( -88.18770379416847049, -30.00000000000000000, -4.471272407808104532 ) ) ;
#582 = CARTESIAN_POINT ( 'NONE',  ( -28.74123810898545273, -7.859182093166263705, -1.672034909469037656 ) ) ;
#583 = EDGE_LOOP ( 'NONE', ( #466, #3122, #4810, #4345 ) ) ;
#584 = PRESENTATION_STYLE_ASSIGNMENT (( #1752 ) ) ;
#585 = DIRECTION ( 'NONE',  ( 0.000000000000000000, 1.000000000000000000, 0.000000000000000000 ) ) ;
#586 =( LENGTH_UNIT ( ) NAMED_UNIT ( * ) SI_UNIT ( .MILLI., .METRE. ) );
#587 = EDGE_CURVE ( 'NONE', #4993, #3865, #3934, .T. ) ;
#588 = CARTESIAN_POINT ( 'NONE',  ( -90.11393772081358122, -2.098149484542139565, 5.493050948233899611 ) ) ;
#589 = CARTESIAN_POINT ( 'NONE',  ( -23.99999999999999289, 0.000000000000000000, 1.999999999999995781 ) ) ;
#590 = ORIENTED_EDGE ( 'NONE', *, *, #1516, .T. ) ;
#591 = CARTESIAN_POINT ( 'NONE',  ( -61.14487949559689639, -8.269568747847049650, -3.146075345308312787 ) ) ;
#592 = CARTESIAN_POINT ( 'NONE',  ( -50.96881817481351362, -29.49295557604281015, -0.2929815887347906322 ) ) ;
#593 = VECTOR ( 'NONE', #112, 1000.000000000000114 ) ;
#594 = VERTEX_POINT ( 'NONE', #3887 ) ;
#595 = CARTESIAN_POINT ( 'NONE',  ( -29.91421356237311358, -30.00000000000000000, -0.7920526160323791975 ) ) ;
#596 = STYLED_ITEM ( 'NONE', ( #2948 ), #4149 ) ;
#597 = CARTESIAN_POINT ( 'NONE',  ( -56.24999999999999289, -10.00000000000075850, -0.9543786816630747127 ) ) ;
#598 = LINE ( 'NONE', #2599, #4015 ) ;
#599 = DIRECTION ( 'NONE',  ( -0.08903388928144159720, 0.7071067811865487940, 0.7014791276719630764 ) ) ;
#600 = COLOUR_RGB ( '',1.000000000000000000, 0.000000000000000000, 0.000000000000000000 ) ;
#601 = PRESENTATION_LAYER_ASSIGNMENT (  '', '', ( #3 ) ) ;
#602 = ORIENTED_EDGE ( 'NONE', *, *, #2121, .T. ) ;
#603 = STYLED_ITEM ( 'NONE', ( #4349 ), #3550 ) ;
#604 = CARTESIAN_POINT ( 'NONE',  ( -57.26473948737716313, -12.14654122575779560, -1.969442593857151591 ) ) ;
#605 = PRESENTATION_LAYER_ASSIGNMENT (  '', '', ( #5082 ) ) ;
#606 = FILL_AREA_STYLE_COLOUR ( '', #2476 ) ;
#607 = CARTESIAN_POINT ( 'NONE',  ( -23.99999999999999645, -15.34999999999999787, 8.999999999999996447 ) ) ;
#608 = CARTESIAN_POINT ( 'NONE',  ( -27.48185884098892018, -7.281453155248531317, -2.100188575402377911 ) ) ;
#609 = ORIENTED_EDGE ( 'NONE', *, *, #1577, .T. ) ;
#610 = EDGE_CURVE ( 'NONE', #3869, #1038, #3144, .T. ) ;
#611 = DIRECTION ( 'NONE',  ( -1.000000000000000000, 0.000000000000000000, -7.575620348129778241E-17 ) ) ;
#612 =( NAMED_UNIT ( * ) SI_UNIT ( $, .STERADIAN. ) SOLID_ANGLE_UNIT ( ) );
#613 = PRESENTATION_LAYER_ASSIGNMENT (  '', '', ( #3241 ) ) ;
#614 = CARTESIAN_POINT ( 'NONE',  ( -88.32643791048546689, -0.9907815948252411964, -3.960145758486232292 ) ) ;
#615 = MECHANICAL_DESIGN_GEOMETRIC_PRESENTATION_REPRESENTATION (  '', ( #854 ), #1177 ) ;
#616 = ORIENTED_EDGE ( 'NONE', *, *, #415, .T. ) ;
#617 = CARTESIAN_POINT ( 'NONE',  ( -59.82012693446073115, -6.904780384167812812, -2.942081426737557237 ) ) ;
#618 = CARTESIAN_POINT ( 'NONE',  ( -50.50575019067045446, -30.00000000000000000, 4.916535884082765762 ) ) ;
#619 = DIRECTION ( 'NONE',  ( 0.9521326466281559986, 0.2807833320455910830, 0.1208476051489584258 ) ) ;
#620 = UNCERTAINTY_MEASURE_WITH_UNIT (LENGTH_MEASURE( 1.000000000000000082E-05 ), #491, 'distance_accuracy_value', 'NONE');
#621 = CIRCLE ( 'NONE', #1103, 45.00000000000000711 ) ;
#622 = ORIENTED_EDGE ( 'NONE', *, *, #3190, .F. ) ;
#623 = CARTESIAN_POINT ( 'NONE',  ( -30.05315627047889393, -29.49999999999999645, -1.272359730141905843 ) ) ;
#624 = CARTESIAN_POINT ( 'NONE',  ( 0.000000000000000000, 0.000000000000000000, 0.000000000000000000 ) ) ;
#625 = FILL_AREA_STYLE_COLOUR ( '', #858 ) ;
#626 = CARTESIAN_POINT ( 'NONE',  ( -51.01632745126752155, -29.47891314261057616, -0.3020736150762961536 ) ) ;
#627 =( GEOMETRIC_REPRESENTATION_CONTEXT ( 3 ) GLOBAL_UNCERTAINTY_ASSIGNED_CONTEXT ( ( #620 ) ) GLOBAL_UNIT_ASSIGNED_CONTEXT ( ( #491, #3603, #14 ) ) REPRESENTATION_CONTEXT ( 'NONE', 'WORKASPACE' ) );
#628 = SURFACE_STYLE_USAGE ( .BOTH. , #3810 ) ;
#629 = VERTEX_POINT ( 'NONE', #3943 ) ;
#630 = CARTESIAN_POINT ( 'NONE',  ( -26.04046399130945133, -40.99748188412509364, 8.999999999999996447 ) ) ;
#631 = CARTESIAN_POINT ( 'NONE',  ( -59.91090194426966065, -12.60054318588417921, -2.507221700845478463 ) ) ;
#632 = SURFACE_STYLE_USAGE ( .BOTH. , #1795 ) ;
#633 = CARTESIAN_POINT ( 'NONE',  ( -64.43035888646184617, -26.15945331574321742, -4.480969701564215590 ) ) ;
#634 = PRESENTATION_STYLE_ASSIGNMENT (( #5063 ) ) ;
#635 = CARTESIAN_POINT ( 'NONE',  ( -25.43201328229873326, -7.730085154847476048, -2.885335478665667974 ) ) ;
#636 = VERTEX_POINT ( 'NONE', #3592 ) ;
#637 =( NAMED_UNIT ( * ) SI_UNIT ( $, .STERADIAN. ) SOLID_ANGLE_UNIT ( ) );
#638 =( NAMED_UNIT ( * ) SI_UNIT ( $, .STERADIAN. ) SOLID_ANGLE_UNIT ( ) );
#639 = CARTESIAN_POINT ( 'NONE',  ( -21.50000000000000000, -21.99999999999999289, 8.999999999999996447 ) ) ;
#640 = CARTESIAN_POINT ( 'NONE',  ( -25.46164448311672501, -12.29003497507470932, -2.873171131347855844 ) ) ;
#641 = CARTESIAN_POINT ( 'NONE',  ( -29.79240626965194139, -29.42515555058134424, -1.348640653246683474 ) ) ;
#642 = SURFACE_STYLE_FILL_AREA ( #1422 ) ;
#643 = ADVANCED_FACE ( 'NONE', ( #3562 ), #4804, .T. ) ;
#644 = ORIENTED_EDGE ( 'NONE', *, *, #4664, .F. ) ;
#645 = CARTESIAN_POINT ( 'NONE',  ( -26.87107217176910368, -26.48966619249106813, -2.296483082877863957 ) ) ;
#646 = DIRECTION ( 'NONE',  ( -0.08903388928144152781, 0.7071067811865493491, 0.7014791276719625213 ) ) ;
#647 = DIRECTION ( 'NONE',  ( -0.7071067811865482389, -0.7071067811865469066, -5.772398745160943660E-17 ) ) ;
#648 = B_SPLINE_SURFACE_WITH_KNOTS ( 'NONE', 1, 3, ( 
 ( #3222, #4042, #489, #4960 ),
 ( #89, #2469, #4864, #4066 ) ),
 .UNSPECIFIED., .F., .F., .F.,
 ( 2, 2 ),
 ( 4, 4 ),
 ( 0.000000000000000000, 1.000000000000000000 ),
 ( 4.198692724538958032, 4.489100638621616568 ),
 .UNSPECIFIED. ) ;
#649 = COLOUR_RGB ( '',1.000000000000000000, 0.000000000000000000, 0.000000000000000000 ) ;
#650 = EDGE_LOOP ( 'NONE', ( #2594, #147, #4482, #4980 ) ) ;
#651 = CARTESIAN_POINT ( 'NONE',  ( -27.76447866882091020, -28.26447866882090310, -1.325880476919396367 ) ) ;
#652 = DIRECTION ( 'NONE',  ( -1.000000000000000000, 0.000000000000000000, 0.000000000000000000 ) ) ;
#653 = ORIENTED_EDGE ( 'NONE', *, *, #1188, .F. ) ;
#654 = CARTESIAN_POINT ( 'NONE',  ( -57.25164031760775174, -12.13048121607075913, -1.330393020902329582 ) ) ;
#655 = CARTESIAN_POINT ( 'NONE',  ( -57.49999999999999289, -10.00000000000000000, 2.000000000000000000 ) ) ;
#656 = PLANE ( 'NONE',  #911 ) ;
#657 = CARTESIAN_POINT ( 'NONE',  ( -24.34012054499011057, -9.277313479622034009, -3.021012808674389039 ) ) ;
#658 = CARTESIAN_POINT ( 'NONE',  ( -24.89160209156995407, -8.226655454030064263, -2.733046463138043336 ) ) ;
#659 = CARTESIAN_POINT ( 'NONE',  ( -64.15000000000000568, 3.897145033167883632, 0.3652465808466928698 ) ) ;
#660 = CARTESIAN_POINT ( 'NONE',  ( -75.15951557772157798, -22.85771394345354679, -1.104714611917147371 ) ) ;
#661 = SURFACE_STYLE_FILL_AREA ( #3396 ) ;
#662 =( NAMED_UNIT ( * ) PLANE_ANGLE_UNIT ( ) SI_UNIT ( $, .RADIAN. ) );
#663 = CARTESIAN_POINT ( 'NONE',  ( -29.56552149072818381, -12.17861713747833363, -1.416120362765617591 ) ) ;
#664 = DIRECTION ( 'NONE',  ( 8.163404592832032733E-17, -0.000000000000000000, -1.000000000000000000 ) ) ;
#665 = FILL_AREA_STYLE_COLOUR ( '', #4944 ) ;
#666 = CARTESIAN_POINT ( 'NONE',  ( -61.97366676070343061, -10.62470045515076045, -3.904041035623806444 ) ) ;
#667 = ORIENTED_EDGE ( 'NONE', *, *, #1310, .F. ) ;
#668 = CARTESIAN_POINT ( 'NONE',  ( -56.29389086232494321, -9.509067476249981610, -1.642594127529897641 ) ) ;
#669 = EDGE_CURVE ( 'NONE', #1116, #485, #2398, .T. ) ;
#670 = SURFACE_SIDE_STYLE ('',( #1042 ) ) ;
#671 = VERTEX_POINT ( 'NONE', #1208 ) ;
#672 = CARTESIAN_POINT ( 'NONE',  ( -63.89552684790057668, -25.72515774190693350, -4.880434782608703337 ) ) ;
#673 = VECTOR ( 'NONE', #368, 1000.000000000000000 ) ;
#674 = DIRECTION ( 'NONE',  ( 1.000000000000000000, 0.000000000000000000, 0.000000000000000000 ) ) ;
#675 = MECHANICAL_DESIGN_GEOMETRIC_PRESENTATION_REPRESENTATION (  '', ( #2882 ), #2725 ) ;
#676 = COLOUR_RGB ( '',1.000000000000000000, 0.000000000000000000, 0.000000000000000000 ) ;
#677 = EDGE_CURVE ( 'NONE', #4134, #4693, #425, .T. ) ;
#678 = ORIENTED_EDGE ( 'NONE', *, *, #4943, .T. ) ;
#679 = ADVANCED_FACE ( 'NONE', ( #4387 ), #3639, .T. ) ;
#680 = DIRECTION ( 'NONE',  ( 8.672384569055758038E-16, 0.000000000000000000, 1.000000000000000000 ) ) ;
#681 = CARTESIAN_POINT ( 'NONE',  ( -59.05254138061744129, -12.76076120444758466, -2.631566623931815840 ) ) ;
#682 = SURFACE_SIDE_STYLE ('',( #1827 ) ) ;
#683 =( NAMED_UNIT ( * ) SI_UNIT ( $, .STERADIAN. ) SOLID_ANGLE_UNIT ( ) );
#684 =( GEOMETRIC_REPRESENTATION_CONTEXT ( 3 ) GLOBAL_UNCERTAINTY_ASSIGNED_CONTEXT ( ( #4814 ) ) GLOBAL_UNIT_ASSIGNED_CONTEXT ( ( #1986, #807, #341 ) ) REPRESENTATION_CONTEXT ( 'NONE', 'WORKASPACE' ) );
#685 = VECTOR ( 'NONE', #619, 999.9999999999998863 ) ;
#686 =( LENGTH_UNIT ( ) NAMED_UNIT ( * ) SI_UNIT ( .MILLI., .METRE. ) );
#687 = CARTESIAN_POINT ( 'NONE',  ( -88.28459187040625977, -1.485582296336816155, -4.466567690969307058 ) ) ;
#688 = VERTEX_POINT ( 'NONE', #4366 ) ;
#689 = AXIS2_PLACEMENT_3D ( 'NONE', #2156, #646, #3779 ) ;
#690 =( NAMED_UNIT ( * ) PLANE_ANGLE_UNIT ( ) SI_UNIT ( $, .RADIAN. ) );
#691 = PRESENTATION_STYLE_ASSIGNMENT (( #2691 ) ) ;
#692 = CARTESIAN_POINT ( 'NONE',  ( -23.99999999999999645, -13.34999999999999964, 8.999999999999996447 ) ) ;
#693 = STYLED_ITEM ( 'NONE', ( #790 ), #3775 ) ;
#694 = CARTESIAN_POINT ( 'NONE',  ( -64.15000000000000568, -19.08837174736816067, 5.212598505432918472 ) ) ;
#695 = VECTOR ( 'NONE', #4108, 1000.000000000000000 ) ;
#696 = FILL_AREA_STYLE ('',( #665 ) ) ;
#697 = CARTESIAN_POINT ( 'NONE',  ( -23.98032800990097968, -10.45027229243581068, -3.513752762392448492 ) ) ;
#698 = EDGE_LOOP ( 'NONE', ( #542, #3280, #1713, #303 ) ) ;
#699 = STYLED_ITEM ( 'NONE', ( #730 ), #276 ) ;
#700 = LINE ( 'NONE', #723, #420 ) ;
#701 = CARTESIAN_POINT ( 'NONE',  ( -89.85493068599150490, -17.70075412244228374, 5.718412643701067388 ) ) ;
#702 = CARTESIAN_POINT ( 'NONE',  ( -21.49999999999999289, -0.05752163434241674977, -4.231159986743374013 ) ) ;
#703 = ORIENTED_EDGE ( 'NONE', *, *, #1757, .F. ) ;
#704 = CARTESIAN_POINT ( 'NONE',  ( -63.96801440389129567, -25.71490330632849108, -4.919486220681946520 ) ) ;
#705 = SURFACE_STYLE_USAGE ( .BOTH. , #3008 ) ;
#706 = CARTESIAN_POINT ( 'NONE',  ( -21.82802967625238821, -21.39058945509440690, -4.559189662995772885 ) ) ;
#707 = EDGE_CURVE ( 'NONE', #3495, #688, #477, .T. ) ;
#708 = VECTOR ( 'NONE', #2653, 1000.000000000000114 ) ;
#709 = ORIENTED_EDGE ( 'NONE', *, *, #1043, .T. ) ;
#710 =( LENGTH_UNIT ( ) NAMED_UNIT ( * ) SI_UNIT ( .MILLI., .METRE. ) );
#711 = CARTESIAN_POINT ( 'NONE',  ( -57.48781284061509211, -12.96550607702449298, -2.048340672556406616 ) ) ;
#712 = CARTESIAN_POINT ( 'NONE',  ( -87.67490837539854454, -30.00000000000000000, -4.329783245531522162 ) ) ;
#713 =( NAMED_UNIT ( * ) PLANE_ANGLE_UNIT ( ) SI_UNIT ( $, .RADIAN. ) );
#714 = CARTESIAN_POINT ( 'NONE',  ( -24.39555177954606791, -9.098581828711465036, -2.991464721533672932 ) ) ;
#715 = VERTEX_POINT ( 'NONE', #2457 ) ;
#716 =( LENGTH_UNIT ( ) NAMED_UNIT ( * ) SI_UNIT ( .MILLI., .METRE. ) );
#717 = PRESENTATION_STYLE_ASSIGNMENT (( #2252 ) ) ;
#718 = FILL_AREA_STYLE_COLOUR ( '', #3586 ) ;
#719 = SURFACE_STYLE_USAGE ( .BOTH. , #4268 ) ;
#720 = DIRECTION ( 'NONE',  ( 0.7071067811865474617, 0.000000000000000000, -0.7071067811865474617 ) ) ;
#721 = CARTESIAN_POINT ( 'NONE',  ( -55.58494043994217293, -10.25573273100498639, -1.426709342714191253 ) ) ;
#722 = CARTESIAN_POINT ( 'NONE',  ( -21.49999999999999289, 0.000000000000000000, -6.000000000000010658 ) ) ;
#723 = CARTESIAN_POINT ( 'NONE',  ( -104.8000000000000114, -30.00000000000000000, -0.8500000000000119682 ) ) ;
#724 = FILL_AREA_STYLE_COLOUR ( '', #997 ) ;
#725 = CARTESIAN_POINT ( 'NONE',  ( -104.9452746250508994, -14.00000000000000000, -2.342352358419421243 ) ) ;
#726 = ORIENTED_EDGE ( 'NONE', *, *, #3720, .T. ) ;
#727 = CARTESIAN_POINT ( 'NONE',  ( -26.91783662464293414, -6.753529486006190297, -2.304828718217291961 ) ) ;
#728 = DIRECTION ( 'NONE',  ( 0.7071067811865482389, 0.7071067811865469066, 5.772398745160942427E-17 ) ) ;
#729 = B_SPLINE_SURFACE_WITH_KNOTS ( 'NONE', 1, 3, ( 
 ( #1032, #2428, #2789, #3939 ),
 ( #404, #3132, #831, #382 ) ),
 .UNSPECIFIED., .F., .F., .F.,
 ( 2, 2 ),
 ( 4, 4 ),
 ( 0.000000000000000000, 1.000000000000000000 ),
 ( 4.076910913064593522, 4.244267198034414434 ),
 .UNSPECIFIED. ) ;
#730 = PRESENTATION_STYLE_ASSIGNMENT (( #628 ) ) ;
#731 = ORIENTED_EDGE ( 'NONE', *, *, #1342, .T. ) ;
#732 = AXIS2_PLACEMENT_3D ( 'NONE', #356, #3135, #1551 ) ;
#733 = CONICAL_SURFACE ( 'NONE', #4858, 1.999999999999998224, 0.7853981633974500554 ) ;
#734 = CARTESIAN_POINT ( 'NONE',  ( -64.47152336919293703, -26.14731076083653249, -4.486085217250305845 ) ) ;
#735 = EDGE_CURVE ( 'NONE', #4882, #2617, #1287, .T. ) ;
#736 = DIRECTION ( 'NONE',  ( -0.9920412960753397513, 0.000000000000000000, -0.1259129337326394538 ) ) ;
#737 = DIRECTION ( 'NONE',  ( 0.000000000000000000, 0.000000000000000000, -1.000000000000000000 ) ) ;
#738 =( GEOMETRIC_REPRESENTATION_CONTEXT ( 3 ) GLOBAL_UNCERTAINTY_ASSIGNED_CONTEXT ( ( #4089 ) ) GLOBAL_UNIT_ASSIGNED_CONTEXT ( ( #70, #3184, #4760 ) ) REPRESENTATION_CONTEXT ( 'NONE', 'WORKASPACE' ) );
#739 = CARTESIAN_POINT ( 'NONE',  ( -25.12038605014284443, -7.985764656626275659, -2.617236021583886796 ) ) ;
#740 = CARTESIAN_POINT ( 'NONE',  ( -18.35247065561925695, -20.19999999999999929, 8.499999999999968026 ) ) ;
#741 = CARTESIAN_POINT ( 'NONE',  ( -66.36358403214865120, -25.14085549570263112, -4.833333333333346360 ) ) ;
#742 = ADVANCED_FACE ( 'NONE', ( #814 ), #1311, .T. ) ;
#743 =( NAMED_UNIT ( * ) SI_UNIT ( $, .STERADIAN. ) SOLID_ANGLE_UNIT ( ) );
#744 = CARTESIAN_POINT ( 'NONE',  ( -29.70227267714161101, -12.01465111693570442, -1.375224964207871547 ) ) ;
#745 = CARTESIAN_POINT ( 'NONE',  ( -56.56011730720612007, -11.28202105050099391, -1.066999058439855874 ) ) ;
#746 = CARTESIAN_POINT ( 'NONE',  ( -29.09800831909885588, -12.60977746179301562, -1.559778385858315186 ) ) ;
#747 = ORIENTED_EDGE ( 'NONE', *, *, #2421, .T. ) ;
#748 = UNCERTAINTY_MEASURE_WITH_UNIT (LENGTH_MEASURE( 1.000000000000000082E-05 ), #1570, 'distance_accuracy_value', 'NONE');
#749 = EDGE_CURVE ( 'NONE', #4183, #2249, #2585, .T. ) ;
#750 = CARTESIAN_POINT ( 'NONE',  ( -62.83518107608643533, -26.25804023316707614, 8.513920291921758476 ) ) ;
#751 = PRESENTATION_STYLE_ASSIGNMENT (( #3086 ) ) ;
#752 = CYLINDRICAL_SURFACE ( 'NONE', #183, 45.00000000000000711 ) ;
#753 = ORIENTED_EDGE ( 'NONE', *, *, #3908, .F. ) ;
#754 = CARTESIAN_POINT ( 'NONE',  ( -29.68467862523021950, -7.963123675737928231, -1.380471529945743514 ) ) ;
#755 = CARTESIAN_POINT ( 'NONE',  ( -104.9937186631698154, -30.00000000000000000, -2.840000000000014513 ) ) ;
#756 = FILL_AREA_STYLE_COLOUR ( '', #2593 ) ;
#757 = CARTESIAN_POINT ( 'NONE',  ( -25.64240993767901244, -12.39707337603556425, -2.360518996145059667 ) ) ;
#758 = STYLED_ITEM ( 'NONE', ( #4795 ), #1568 ) ;
#759 = ORIENTED_EDGE ( 'NONE', *, *, #414, .F. ) ;
#760 = CARTESIAN_POINT ( 'NONE',  ( -51.25330738459791746, -29.95782628522114877, 0.2029294097210636305 ) ) ;
#761 = CARTESIAN_POINT ( 'NONE',  ( -62.03121696425307618, -9.745750759403415842, -3.931615423620408833 ) ) ;
#762 = FILL_AREA_STYLE_COLOUR ( '', #3401 ) ;
#763 = SURFACE_SIDE_STYLE ('',( #5037 ) ) ;
#764 = PRESENTATION_LAYER_ASSIGNMENT (  '', '', ( #2068 ) ) ;
#765 = AXIS2_PLACEMENT_3D ( 'NONE', #4312, #20, #5148 ) ;
#766 = CARTESIAN_POINT ( 'NONE',  ( -63.89552684790057668, -25.72515774190693350, -4.880434782608703337 ) ) ;
#767 = CARTESIAN_POINT ( 'NONE',  ( -28.34476685942290430, -12.40543272512154260, -1.196890908502143303 ) ) ;
#768 = CARTESIAN_POINT ( 'NONE',  ( -55.57997352065105190, -9.813326054604305071, -1.425226213352037474 ) ) ;
#769 = MECHANICAL_DESIGN_GEOMETRIC_PRESENTATION_REPRESENTATION (  '', ( #603 ), #2661 ) ;
#770 = EDGE_CURVE ( 'NONE', #1396, #2719, #3696, .T. ) ;
#771 = CARTESIAN_POINT ( 'NONE',  ( -30.28043534527876091, -10.85220444254333927, -1.207236493133070576 ) ) ;
#772 = ORIENTED_EDGE ( 'NONE', *, *, #1873, .T. ) ;
#773 = FACE_OUTER_BOUND ( 'NONE', #1344, .T. ) ;
#774 =( GEOMETRIC_REPRESENTATION_CONTEXT ( 3 ) GLOBAL_UNCERTAINTY_ASSIGNED_CONTEXT ( ( #2726 ) ) GLOBAL_UNIT_ASSIGNED_CONTEXT ( ( #2409, #3242, #1622 ) ) REPRESENTATION_CONTEXT ( 'NONE', 'WORKASPACE' ) );
#775 = DIRECTION ( 'NONE',  ( 0.9920412960753397513, 0.000000000000000000, 0.1259129337326394538 ) ) ;
#776 = ORIENTED_EDGE ( 'NONE', *, *, #3746, .F. ) ;
#777 =( NAMED_UNIT ( * ) PLANE_ANGLE_UNIT ( ) SI_UNIT ( $, .RADIAN. ) );
#778 = DIRECTION ( 'NONE',  ( -1.000000000000000000, 0.000000000000000000, -7.575620348129778241E-17 ) ) ;
#779 = UNCERTAINTY_MEASURE_WITH_UNIT (LENGTH_MEASURE( 1.000000000000000082E-05 ), #1291, 'distance_accuracy_value', 'NONE');
#780 = CARTESIAN_POINT ( 'NONE',  ( -90.03251860178441746, -18.23797144884144217, 5.047867992282160543 ) ) ;
#781 = CARTESIAN_POINT ( 'NONE',  ( -24.88325237668355783, -11.76344771737412032, -2.737312055069969663 ) ) ;
#782 = VECTOR ( 'NONE', #1798, 1000.000000000000114 ) ;
#783 = ORIENTED_EDGE ( 'NONE', *, *, #3613, .F. ) ;
#784 = CARTESIAN_POINT ( 'NONE',  ( -18.35247065561925695, -20.19999999999999929, 1.999999999999995781 ) ) ;
#785 = CARTESIAN_POINT ( 'NONE',  ( -56.88474107988990625, -7.395792941334527804, -1.841127637936440964 ) ) ;
#786 = SURFACE_SIDE_STYLE ('',( #64 ) ) ;
#787 = COLOUR_RGB ( '',1.000000000000000000, 0.000000000000000000, 0.000000000000000000 ) ;
#788 = COLOUR_RGB ( '',1.000000000000000000, 0.000000000000000000, 0.000000000000000000 ) ;
#789 = FILL_AREA_STYLE_COLOUR ( '', #1074 ) ;
#790 = PRESENTATION_STYLE_ASSIGNMENT (( #3608 ) ) ;
#791 = DIRECTION ( 'NONE',  ( -8.163404592832033966E-17, -0.000000000000000000, 1.000000000000000000 ) ) ;
#792 = CARTESIAN_POINT ( 'NONE',  ( -84.99577995029837041, -0.04217371477884752917, -2.381397405584445792 ) ) ;
#793 =( NAMED_UNIT ( * ) PLANE_ANGLE_UNIT ( ) SI_UNIT ( $, .RADIAN. ) );
#794 = EDGE_LOOP ( 'NONE', ( #1389, #4459, #160, #4627, #1265, #4405, #799, #3769, #1146, #753, #3968, #2385, #3216 ) ) ;
#795 = UNCERTAINTY_MEASURE_WITH_UNIT (LENGTH_MEASURE( 1.000000000000000082E-05 ), #2504, 'distance_accuracy_value', 'NONE');
#796 = CARTESIAN_POINT ( 'NONE',  ( -56.24999999999999289, -10.00000000000075850, -0.9543786816630747127 ) ) ;
#797 = CARTESIAN_POINT ( 'NONE',  ( -87.86544432192005161, -18.57637293430166636, -4.423830677360233388 ) ) ;
#798 = EDGE_CURVE ( 'NONE', #4974, #1382, #2196, .T. ) ;
#799 = ORIENTED_EDGE ( 'NONE', *, *, #1860, .F. ) ;
#800 = CARTESIAN_POINT ( 'NONE',  ( -24.39090061378422547, -8.354846780055144251, -3.329948183705823794 ) ) ;
#801 = DIRECTION ( 'NONE',  ( -0.9952952831612035256, 0.000000000000000000, 0.09688807623778993017 ) ) ;
#802 =( LENGTH_UNIT ( ) NAMED_UNIT ( * ) SI_UNIT ( .MILLI., .METRE. ) );
#803 = CARTESIAN_POINT ( 'NONE',  ( -24.24999999999999645, -10.00000000000094857, -3.069224771916217342 ) ) ;
#804 = ORIENTED_EDGE ( 'NONE', *, *, #587, .T. ) ;
#805 = EDGE_CURVE ( 'NONE', #2927, #3033, #3015, .T. ) ;
#806 = CARTESIAN_POINT ( 'NONE',  ( -55.70704284083146263, -9.158481902840149402, -1.463915276456801751 ) ) ;
#807 =( NAMED_UNIT ( * ) PLANE_ANGLE_UNIT ( ) SI_UNIT ( $, .RADIAN. ) );
#808 = DIRECTION ( 'NONE',  ( -0.06701888370983725973, 0.7221711019408643129, -0.6884601431802750415 ) ) ;
#809 = CARTESIAN_POINT ( 'NONE',  ( -77.88307552744824136, -21.51547383527394786, -1.483452509806431285 ) ) ;
#810 = LINE ( 'NONE', #454, #5157 ) ;
#811 = DIRECTION ( 'NONE',  ( 1.000000000000000000, 0.000000000000000000, 0.000000000000000000 ) ) ;
#812 = COLOUR_RGB ( '',1.000000000000000000, 0.000000000000000000, 0.000000000000000000 ) ;
#813 = ORIENTED_EDGE ( 'NONE', *, *, #968, .T. ) ;
#814 = FACE_OUTER_BOUND ( 'NONE', #2184, .T. ) ;
#815 = PRESENTATION_LAYER_ASSIGNMENT (  '', '', ( #55 ) ) ;
#816 = CARTESIAN_POINT ( 'NONE',  ( -88.25239663391496947, -18.51926995093662143, -4.469710989391814770 ) ) ;
#817 = CARTESIAN_POINT ( 'NONE',  ( -83.41638290404547718, -19.84921647225655050, -2.397410180171283045 ) ) ;
#818 = ADVANCED_FACE ( 'NONE', ( #3794 ), #4660, .F. ) ;
#819 = VERTEX_POINT ( 'NONE', #189 ) ;
#820 = DIRECTION ( 'NONE',  ( -1.000000000000000000, 0.000000000000000000, 0.000000000000000000 ) ) ;
#821 = UNCERTAINTY_MEASURE_WITH_UNIT (LENGTH_MEASURE( 1.000000000000000082E-05 ), #2366, 'distance_accuracy_value', 'NONE');
#822 = CARTESIAN_POINT ( 'NONE',  ( -24.30352777969217115, -9.460057813179798103, -3.040565293240729439 ) ) ;
#823 = CYLINDRICAL_SURFACE ( 'NONE', #3250, 1.000000000000000000 ) ;
#824 = ADVANCED_FACE ( 'NONE', ( #2962 ), #1833, .T. ) ;
#825 = EDGE_LOOP ( 'NONE', ( #2362, #2723, #2542, #3369 ) ) ;
#826 = CARTESIAN_POINT ( 'NONE',  ( -61.84883090900598290, -8.892434969396187938, -3.844459512956008851 ) ) ;
#827 = CARTESIAN_POINT ( 'NONE',  ( -29.10380306912105297, -8.220564901581919770, -0.9178609923776810398 ) ) ;
#828 = PRESENTATION_LAYER_ASSIGNMENT (  '', '', ( #3048 ) ) ;
#829 = CARTESIAN_POINT ( 'NONE',  ( -76.01005671391313001, -22.09003595275314424, -1.527708735877566504 ) ) ;
#830 = FILL_AREA_STYLE_COLOUR ( '', #4825 ) ;
#831 = CARTESIAN_POINT ( 'NONE',  ( -85.71125883167822224, -0.8272651078794620583, -3.265825484479421004 ) ) ;
#832 = AXIS2_PLACEMENT_3D ( 'NONE', #123, #4453, #4101 ) ;
#833 = ORIENTED_EDGE ( 'NONE', *, *, #2028, .F. ) ;
#834 = COLOUR_RGB ( '',1.000000000000000000, 0.000000000000000000, 0.000000000000000000 ) ;
#835 = CARTESIAN_POINT ( 'NONE',  ( -21.49999999999999289, -0.05752163434241674977, -4.231159986743374013 ) ) ;
#836 = SURFACE_SIDE_STYLE ('',( #2 ) ) ;
#837 = MECHANICAL_DESIGN_GEOMETRIC_PRESENTATION_REPRESENTATION (  '', ( #2648 ), #839 ) ;
#838 = MECHANICAL_DESIGN_GEOMETRIC_PRESENTATION_REPRESENTATION (  '', ( #1650 ), #3745 ) ;
#839 =( GEOMETRIC_REPRESENTATION_CONTEXT ( 3 ) GLOBAL_UNCERTAINTY_ASSIGNED_CONTEXT ( ( #1961 ) ) GLOBAL_UNIT_ASSIGNED_CONTEXT ( ( #4374, #1171, #2799 ) ) REPRESENTATION_CONTEXT ( 'NONE', 'WORKASPACE' ) );
#840 = COLOUR_RGB ( '',1.000000000000000000, 0.000000000000000000, 0.000000000000000000 ) ;
#841 = ORIENTED_EDGE ( 'NONE', *, *, #4734, .F. ) ;
#842 =( NAMED_UNIT ( * ) SI_UNIT ( $, .STERADIAN. ) SOLID_ANGLE_UNIT ( ) );
#843 = CARTESIAN_POINT ( 'NONE',  ( -30.05315627047889393, -29.49999999999999645, -1.272359730141905843 ) ) ;
#844 = SURFACE_STYLE_FILL_AREA ( #2873 ) ;
#845 = CARTESIAN_POINT ( 'NONE',  ( -29.80629785497160356, -29.43355053640212304, -1.344533216855775759 ) ) ;
#846 =( GEOMETRIC_REPRESENTATION_CONTEXT ( 3 ) GLOBAL_UNCERTAINTY_ASSIGNED_CONTEXT ( ( #2285 ) ) GLOBAL_UNIT_ASSIGNED_CONTEXT ( ( #2868, #2889, #612 ) ) REPRESENTATION_CONTEXT ( 'NONE', 'WORKASPACE' ) );
#847 = SURFACE_STYLE_USAGE ( .BOTH. , #1536 ) ;
#848 = EDGE_LOOP ( 'NONE', ( #4055, #3468, #2912, #731 ) ) ;
#849 = CIRCLE ( 'NONE', #1831, 1.000000000000000000 ) ;
#850 = CARTESIAN_POINT ( 'NONE',  ( -29.25529671732425996, -29.75293416404312197, -0.8887045137612747947 ) ) ;
#851 = SURFACE_SIDE_STYLE ('',( #1180 ) ) ;
#852 = SURFACE_SIDE_STYLE ('',( #2760 ) ) ;
#853 = EDGE_CURVE ( 'NONE', #4853, #3202, #5126, .T. ) ;
#854 = STYLED_ITEM ( 'NONE', ( #50 ), #679 ) ;
#855 = CARTESIAN_POINT ( 'NONE',  ( -29.91421356237311358, -30.00000000000000000, 8.499999999999994671 ) ) ;
#856 = EDGE_LOOP ( 'NONE', ( #2241, #1479 ) ) ;
#857 = CARTESIAN_POINT ( 'NONE',  ( -26.99999999999999645, -10.00000000000000000, -17.00000000000000000 ) ) ;
#858 = COLOUR_RGB ( '',1.000000000000000000, 0.000000000000000000, 0.000000000000000000 ) ;
#859 = LINE ( 'NONE', #3610, #1130 ) ;
#860 = DIRECTION ( 'NONE',  ( -0.09688807623778841749, -0.000000000000000000, -0.9952952831612036366 ) ) ;
#861 = VERTEX_POINT ( 'NONE', #4642 ) ;
#862 = AXIS2_PLACEMENT_3D ( 'NONE', #1035, #664, #2611 ) ;
#863 = CARTESIAN_POINT ( 'NONE',  ( -88.11976185099682368, -19.06958175274845502, -3.913777322381450041 ) ) ;
#864 = VERTEX_POINT ( 'NONE', #3852 ) ;
#865 = CARTESIAN_POINT ( 'NONE',  ( -61.59125490140966974, -9.060836371666932010, -3.392358956505038048 ) ) ;
#866 = CARTESIAN_POINT ( 'NONE',  ( -25.08920614677660765, -12.48522058754915776, -3.028711124018207634 ) ) ;
#867 = CARTESIAN_POINT ( 'NONE',  ( -88.37914582985263223, -1.006669153726376109, -3.954999757466929999 ) ) ;
#868 = CARTESIAN_POINT ( 'NONE',  ( -21.49999999999999645, -6.649999999999999467, 1.999999999999995337 ) ) ;
#869 = ORIENTED_EDGE ( 'NONE', *, *, #4971, .T. ) ;
#870 = SURFACE_SIDE_STYLE ('',( #1197 ) ) ;
#871 = CARTESIAN_POINT ( 'NONE',  ( -60.88424277150222963, -12.00990046119950350, -3.006065313790407867 ) ) ;
#872 = CARTESIAN_POINT ( 'NONE',  ( -61.61287729169192318, -9.124826604081819781, -3.404518004572415268 ) ) ;
#873 = DIRECTION ( 'NONE',  ( -0.6785983445458424468, 0.2810846377148423780, 0.6785983445458424468 ) ) ;
#874 = ADVANCED_FACE ( 'NONE', ( #4676 ), #124, .F. ) ;
#875 = DIRECTION ( 'NONE',  ( 0.000000000000000000, 1.000000000000000000, 0.000000000000000000 ) ) ;
#876 = CARTESIAN_POINT ( 'NONE',  ( -24.30352777969217115, -9.460057813179798103, -3.040565293240729439 ) ) ;
#877 =( NAMED_UNIT ( * ) SI_UNIT ( $, .STERADIAN. ) SOLID_ANGLE_UNIT ( ) );
#878 = ORIENTED_EDGE ( 'NONE', *, *, #4401, .T. ) ;
#879 = DIRECTION ( 'NONE',  ( -0.3352868872866843764, 0.7071067811865472397, 0.6225614051751093836 ) ) ;
#880 = EDGE_CURVE ( 'NONE', #3418, #2270, #2097, .T. ) ;
#881 = CARTESIAN_POINT ( 'NONE',  ( -61.70598525904728859, -11.44555048123864616, -3.776999189210166641 ) ) ;
#882 = SURFACE_STYLE_USAGE ( .BOTH. , #2794 ) ;
#883 = SURFACE_STYLE_USAGE ( .BOTH. , #986 ) ;
#884 = SURFACE_SIDE_STYLE ('',( #2519 ) ) ;
#885 = EDGE_CURVE ( 'NONE', #1488, #3213, #2767, .T. ) ;
#886 = ORIENTED_EDGE ( 'NONE', *, *, #4247, .T. ) ;
#887 = CARTESIAN_POINT ( 'NONE',  ( -60.17802459493921674, -7.509067321862125333, -2.640312057297633963 ) ) ;
#888 = FILL_AREA_STYLE ('',( #462 ) ) ;
#889 =( LENGTH_UNIT ( ) NAMED_UNIT ( * ) SI_UNIT ( .MILLI., .METRE. ) );
#890 = SURFACE_STYLE_USAGE ( .BOTH. , #548 ) ;
#891 = EDGE_LOOP ( 'NONE', ( #5131, #330, #2858, #1529 ) ) ;
#892 = FACE_OUTER_BOUND ( 'NONE', #499, .T. ) ;
#893 = CARTESIAN_POINT ( 'NONE',  ( -57.99833646652118802, -12.56654118551959698, -1.634244366966002726 ) ) ;
#894 = CARTESIAN_POINT ( 'NONE',  ( -59.11447134156104966, -7.247656583933681063, -2.126833469617350758 ) ) ;
#895 = FILL_AREA_STYLE_COLOUR ( '', #3164 ) ;
#896 = VERTEX_POINT ( 'NONE', #2903 ) ;
#897 = LINE ( 'NONE', #128, #1993 ) ;
#898 = CARTESIAN_POINT ( 'NONE',  ( -27.53101297611044629, -6.763735217301707792, -2.082599547129072803 ) ) ;
#899 = EDGE_LOOP ( 'NONE', ( #4456, #2265, #1853, #2971 ) ) ;
#900 =( NAMED_UNIT ( * ) PLANE_ANGLE_UNIT ( ) SI_UNIT ( $, .RADIAN. ) );
#901 = CARTESIAN_POINT ( 'NONE',  ( -18.35247065561925695, -20.19999999999999929, 1.999999999999995781 ) ) ;
#902 = CARTESIAN_POINT ( 'NONE',  ( -50.20572114228908589, -29.50001065255290200, 8.999999999999992895 ) ) ;
#903 = PRESENTATION_LAYER_ASSIGNMENT (  '', '', ( #3309 ) ) ;
#904 = UNCERTAINTY_MEASURE_WITH_UNIT (LENGTH_MEASURE( 1.000000000000000082E-05 ), #1892, 'distance_accuracy_value', 'NONE');
#905 = CARTESIAN_POINT ( 'NONE',  ( -90.13372251549840541, -2.257787198745652368, 5.640818751586841096 ) ) ;
#906 = PRESENTATION_STYLE_ASSIGNMENT (( #3700 ) ) ;
#907 = EDGE_CURVE ( 'NONE', #1768, #636, #2173, .T. ) ;
#908 = CIRCLE ( 'NONE', #5067, 45.49999999999999289 ) ;
#909 = ORIENTED_EDGE ( 'NONE', *, *, #880, .F. ) ;
#910 = CARTESIAN_POINT ( 'NONE',  ( -60.03873571656639996, -7.443050613009682515, -3.033324808300702724 ) ) ;
#911 = AXIS2_PLACEMENT_3D ( 'NONE', #2013, #3959, #1222 ) ;
#912 = VECTOR ( 'NONE', #9, 999.9999999999998863 ) ;
#913 = CARTESIAN_POINT ( 'NONE',  ( -18.35247065561925695, -4.150000000000000355, 1.999999999999995781 ) ) ;
#914 = SURFACE_SIDE_STYLE ('',( #844 ) ) ;
#915 = PLANE ( 'NONE',  #3846 ) ;
#916 = COLOUR_RGB ( '',1.000000000000000000, 0.000000000000000000, 0.000000000000000000 ) ;
#917 = EDGE_LOOP ( 'NONE', ( #4561, #3805, #62, #3701 ) ) ;
#918 = CARTESIAN_POINT ( 'NONE',  ( -29.84871197357296424, -29.99839113483434261, -0.8015367256636253268 ) ) ;
#919 = SURFACE_SIDE_STYLE ('',( #3334 ) ) ;
#920 = MECHANICAL_DESIGN_GEOMETRIC_PRESENTATION_REPRESENTATION (  '', ( #3157 ), #5085 ) ;
#921 = AXIS2_PLACEMENT_3D ( 'NONE', #2739, #4007, #3162 ) ;
#922 = CARTESIAN_POINT ( 'NONE',  ( -57.69378430765694077, -7.574344846603985992, -1.507832489306244028 ) ) ;
#923 = CARTESIAN_POINT ( 'NONE',  ( -19.88758898174789636, -4.150000000000000355, 14.09487166040744555 ) ) ;
#924 = LINE ( 'NONE', #4434, #1414 ) ;
#925 = CIRCLE ( 'NONE', #1743, 1.500000000000001332 ) ;
#926 = ORIENTED_EDGE ( 'NONE', *, *, #3481, .T. ) ;
#927 = DIRECTION ( 'NONE',  ( -0.9243199621106402697, 0.3816184057979703503, -6.725921373571953544E-17 ) ) ;
#928 = FACE_OUTER_BOUND ( 'NONE', #4871, .T. ) ;
#929 = CARTESIAN_POINT ( 'NONE',  ( -24.94336746763509893, -8.165881905990124423, -2.706607763446637449 ) ) ;
#930 =( GEOMETRIC_REPRESENTATION_CONTEXT ( 3 ) GLOBAL_UNCERTAINTY_ASSIGNED_CONTEXT ( ( #4889 ) ) GLOBAL_UNIT_ASSIGNED_CONTEXT ( ( #1607, #2416, #2082 ) ) REPRESENTATION_CONTEXT ( 'NONE', 'WORKASPACE' ) );
#931 = ORIENTED_EDGE ( 'NONE', *, *, #1698, .T. ) ;
#932 = B_SPLINE_CURVE_WITH_KNOTS ( 'NONE', 3,
 ( #2629, #2274, #1796, #5033, #1055, #3901 ),
 .UNSPECIFIED., .F., .F.,
 ( 4, 2, 4 ),
 ( 0.000000000000000000, 0.5000000000000002220, 1.000000000000000000 ),
 .UNSPECIFIED. ) ;
#933 = DIRECTION ( 'NONE',  ( 0.000000000000000000, -1.000000000000000000, 0.000000000000000000 ) ) ;
#934 = VECTOR ( 'NONE', #879, 1000.000000000000000 ) ;
#935 = CARTESIAN_POINT ( 'NONE',  ( -59.08860605551929268, -13.24515826151032627, -2.645643855368559727 ) ) ;
#936 = CARTESIAN_POINT ( 'NONE',  ( -84.62361244274097771, -0.5070285843726308750, -2.842663740992469990 ) ) ;
#937 = VECTOR ( 'NONE', #3399, 999.9999999999998863 ) ;
#938 = ORIENTED_EDGE ( 'NONE', *, *, #47, .T. ) ;
#939 = CARTESIAN_POINT ( 'NONE',  ( -58.00938177925005590, -6.847934556385219196, -2.235337834409227842 ) ) ;
#940 = CARTESIAN_POINT ( 'NONE',  ( -84.12979859017677597, -0.3614491431858863346, 6.287750278840283258 ) ) ;
#941 = EDGE_CURVE ( 'NONE', #2791, #3922, #1711, .T. ) ;
#942 = CARTESIAN_POINT ( 'NONE',  ( -42.55799999999999272, -0.5000000000000073275, -44.50000000000000711 ) ) ;
#943 = CARTESIAN_POINT ( 'NONE',  ( -23.95803823428492407, -10.23892141427974067, -3.523892030231797978 ) ) ;
#944 = UNCERTAINTY_MEASURE_WITH_UNIT (LENGTH_MEASURE( 1.000000000000000082E-05 ), #4190, 'distance_accuracy_value', 'NONE');
#945 = ORIENTED_EDGE ( 'NONE', *, *, #54, .F. ) ;
#946 = CARTESIAN_POINT ( 'NONE',  ( -29.75248348130921272, -29.39729851510134750, -1.360471502862043547 ) ) ;
#947 = EDGE_CURVE ( 'NONE', #49, #2178, #3335, .T. ) ;
#948 = DIRECTION ( 'NONE',  ( 8.163404592832032733E-17, -0.000000000000000000, -1.000000000000000000 ) ) ;
#949 = FACE_OUTER_BOUND ( 'NONE', #3273, .T. ) ;
#950 = EDGE_CURVE ( 'NONE', #2933, #471, #1340, .T. ) ;
#951 = ORIENTED_EDGE ( 'NONE', *, *, #5119, .F. ) ;
#952 = CARTESIAN_POINT ( 'NONE',  ( -23.99999999999999645, -4.150000000000000355, 8.499999999999994671 ) ) ;
#953 = B_SPLINE_CURVE_WITH_KNOTS ( 'NONE', 3,
 ( #4966, #592, #1703, #569 ),
 .UNSPECIFIED., .F., .F.,
 ( 4, 4 ),
 ( 0.000000000000000000, 1.000000000000000000 ),
 .UNSPECIFIED. ) ;
#954 = FILL_AREA_STYLE ('',( #1335 ) ) ;
#955 = FILL_AREA_STYLE_COLOUR ( '', #426 ) ;
#956 = CARTESIAN_POINT ( 'NONE',  ( -24.76711082704989053, -7.832405889526465437, -3.165875810306693072 ) ) ;
#957 = ORIENTED_EDGE ( 'NONE', *, *, #1727, .T. ) ;
#958 = SURFACE_SIDE_STYLE ('',( #3293 ) ) ;
#959 = CARTESIAN_POINT ( 'NONE',  ( -55.62326097351931509, -9.590246756768447511, -1.438406035147624440 ) ) ;
#960 = SURFACE_STYLE_FILL_AREA ( #3270 ) ;
#961 = CARTESIAN_POINT ( 'NONE',  ( -21.50000000000000000, -29.49999999999998579, 8.999999999999996447 ) ) ;
#962 = CARTESIAN_POINT ( 'NONE',  ( -64.51269210875254601, -26.13501808501540680, -4.486079708078259287 ) ) ;
#963 =( GEOMETRIC_REPRESENTATION_CONTEXT ( 3 ) GLOBAL_UNCERTAINTY_ASSIGNED_CONTEXT ( ( #1725 ) ) GLOBAL_UNIT_ASSIGNED_CONTEXT ( ( #2950, #1071, #2293 ) ) REPRESENTATION_CONTEXT ( 'NONE', 'WORKASPACE' ) );
#964 = VERTEX_POINT ( 'NONE', #4171 ) ;
#965 = CARTESIAN_POINT ( 'NONE',  ( -59.02487322246977897, -6.730510102342803336, -2.618871128424358208 ) ) ;
#966 = CARTESIAN_POINT ( 'NONE',  ( -88.37914582985263223, -1.006669153726374777, -3.954999757466923338 ) ) ;
#967 =( LENGTH_UNIT ( ) NAMED_UNIT ( * ) SI_UNIT ( .MILLI., .METRE. ) );
#968 = EDGE_CURVE ( 'NONE', #3001, #671, #4025, .T. ) ;
#969 = ORIENTED_EDGE ( 'NONE', *, *, #47, .F. ) ;
#970 = SURFACE_STYLE_USAGE ( .BOTH. , #4533 ) ;
#971 = MECHANICAL_DESIGN_GEOMETRIC_PRESENTATION_REPRESENTATION (  '', ( #3368 ), #1049 ) ;
#972 = CARTESIAN_POINT ( 'NONE',  ( -60.06861950570917230, -12.55458253591269013, -2.584070960674635042 ) ) ;
#973 = SURFACE_SIDE_STYLE ('',( #2624 ) ) ;
#974 = DIRECTION ( 'NONE',  ( -0.9521326466281559986, 0.2807833320455911941, -0.1208476051489584258 ) ) ;
#975 = EDGE_CURVE ( 'NONE', #3949, #3361, #598, .T. ) ;
#976 = DIRECTION ( 'NONE',  ( 0.9920412960753397513, 0.000000000000000000, 0.1259129337326394538 ) ) ;
#977 = ORIENTED_EDGE ( 'NONE', *, *, #4818, .F. ) ;
#978 = CARTESIAN_POINT ( 'NONE',  ( -21.50000000000000000, -6.649999999999999467, 8.499999999999994671 ) ) ;
#979 = SURFACE_STYLE_FILL_AREA ( #157 ) ;
#980 = CARTESIAN_POINT ( 'NONE',  ( -84.10311807994379762, -0.5210868573894099631, 6.448450397545584245 ) ) ;
#981 = CARTESIAN_POINT ( 'NONE',  ( -27.98842282805565773, -7.422390910858626789, -1.923267020413734096 ) ) ;
#982 = EDGE_CURVE ( 'NONE', #32, #2886, #1753, .T. ) ;
#983 = ORIENTED_EDGE ( 'NONE', *, *, #3101, .T. ) ;
#984 = FILL_AREA_STYLE_COLOUR ( '', #4836 ) ;
#985 = CARTESIAN_POINT ( 'NONE',  ( -89.85493068599150490, -2.217292858252052135, 5.718412643701067388 ) ) ;
#986 = SURFACE_SIDE_STYLE ('',( #563 ) ) ;
#987 = DIRECTION ( 'NONE',  ( 0.000000000000000000, 1.000000000000000000, 0.000000000000000000 ) ) ;
#988 = CARTESIAN_POINT ( 'NONE',  ( -58.61827974045768741, -6.729545533898285470, -2.461269261585834922 ) ) ;
#989 = PRESENTATION_STYLE_ASSIGNMENT (( #2566 ) ) ;
#990 = CARTESIAN_POINT ( 'NONE',  ( -84.00596609236258416, -0.4924367959882896550, 6.460781226738583349 ) ) ;
#991 = AXIS2_PLACEMENT_3D ( 'NONE', #4259, #4225, #4179 ) ;
#992 = ORIENTED_EDGE ( 'NONE', *, *, #3493, .T. ) ;
#993 = DIRECTION ( 'NONE',  ( 0.000000000000000000, 1.000000000000000000, 0.000000000000000000 ) ) ;
#994 = PRESENTATION_LAYER_ASSIGNMENT (  '', '', ( #3576 ) ) ;
#995 = SURFACE_STYLE_FILL_AREA ( #310 ) ;
#996 = CARTESIAN_POINT ( 'NONE',  ( -21.50000000000000000, -21.99999999999999289, 8.499999999999994671 ) ) ;
#997 = COLOUR_RGB ( '',1.000000000000000000, 0.000000000000000000, 0.000000000000000000 ) ;
#998 = CIRCLE ( 'NONE', #93, 2.500000000000000000 ) ;
#999 = CARTESIAN_POINT ( 'NONE',  ( -26.08819873787428278, -12.59945772277247045, -2.149721679139191988 ) ) ;
#1000 = ORIENTED_EDGE ( 'NONE', *, *, #2183, .T. ) ;
#1001 = CARTESIAN_POINT ( 'NONE',  ( -80.81603863268310306, 0.8664596297828466298, 9.294951707533662955 ) ) ;
#1002 = CARTESIAN_POINT ( 'NONE',  ( -59.75660820635182802, -12.65498912207331728, -2.915626227705946594 ) ) ;
#1003 = EDGE_CURVE ( 'NONE', #1776, #4636, #1374, .T. ) ;
#1004 = CARTESIAN_POINT ( 'NONE',  ( -25.73724427626860134, -7.061357095833561637, -2.760319862219330123 ) ) ;
#1005 = VERTEX_POINT ( 'NONE', #2949 ) ;
#1006 = CARTESIAN_POINT ( 'NONE',  ( -19.88758898174789636, -15.84999999999999964, 14.09487166040745620 ) ) ;
#1007 = VECTOR ( 'NONE', #2616, 1000.000000000000114 ) ;
#1008 = PRESENTATION_STYLE_ASSIGNMENT (( #1527 ) ) ;
#1009 = CARTESIAN_POINT ( 'NONE',  ( -88.28459187040625977, -1.485582296336957597, -4.466567690969307947 ) ) ;
#1010 = SURFACE_SIDE_STYLE ('',( #1870 ) ) ;
#1011 = MECHANICAL_DESIGN_GEOMETRIC_PRESENTATION_REPRESENTATION (  '', ( #3593 ), #3166 ) ;
#1012 = ORIENTED_EDGE ( 'NONE', *, *, #357, .F. ) ;
#1013 = EDGE_CURVE ( 'NONE', #1884, #4418, #4586, .T. ) ;
#1014 = CARTESIAN_POINT ( 'NONE',  ( -88.07430408234874619, -19.08236519502733941, -3.886607534748023784 ) ) ;
#1015 =( LENGTH_UNIT ( ) NAMED_UNIT ( * ) SI_UNIT ( .MILLI., .METRE. ) );
#1016 = CARTESIAN_POINT ( 'NONE',  ( -64.36969411118725759, -30.00000000000000000, -4.000000000000012434 ) ) ;
#1017 = COLOUR_RGB ( '',1.000000000000000000, 0.000000000000000000, 0.000000000000000000 ) ;
#1018 = UNCERTAINTY_MEASURE_WITH_UNIT (LENGTH_MEASURE( 1.000000000000000082E-05 ), #3985, 'distance_accuracy_value', 'NONE');
#1019 = AXIS2_PLACEMENT_3D ( 'NONE', #1001, #4515, #2954 ) ;
#1020 = ORIENTED_EDGE ( 'NONE', *, *, #2489, .F. ) ;
#1021 = CARTESIAN_POINT ( 'NONE',  ( -42.55799999999999272, -30.00000000000000000, 0.9999999999999940048 ) ) ;
#1022 = CARTESIAN_POINT ( 'NONE',  ( -23.99999999999999645, -13.34999999999999964, 8.999999999999996447 ) ) ;
#1023 = CARTESIAN_POINT ( 'NONE',  ( -50.30126715421037886, -29.47891314261056195, 8.999999999999994671 ) ) ;
#1024 = ORIENTED_EDGE ( 'NONE', *, *, #1511, .T. ) ;
#1025 = CARTESIAN_POINT ( 'NONE',  ( -59.58017090860480636, -12.69898294265540173, -2.843150188988042615 ) ) ;
#1026 = DIRECTION ( 'NONE',  ( -0.9581977058217490129, 0.2861068970820821455, 0.000000000000000000 ) ) ;
#1027 =( LENGTH_UNIT ( ) NAMED_UNIT ( * ) SI_UNIT ( .MILLI., .METRE. ) );
#1028 = CARTESIAN_POINT ( 'NONE',  ( -24.34971159501942495, -9.239382138119735188, -3.347117784143841757 ) ) ;
#1029 = ORIENTED_EDGE ( 'NONE', *, *, #4247, .F. ) ;
#1030 = EDGE_CURVE ( 'NONE', #1304, #3661, #4879, .T. ) ;
#1031 = CARTESIAN_POINT ( 'NONE',  ( -84.99577995029837041, -0.04217371477884752917, -2.381397405584445792 ) ) ;
#1032 = CARTESIAN_POINT ( 'NONE',  ( -88.07430408234878882, -0.9176348049726780198, -3.886607534748044657 ) ) ;
#1033 = DIRECTION ( 'NONE',  ( -5.795414670865146154E-17, -0.7042760916722534681, 0.7099261839789089423 ) ) ;
#1034 = CARTESIAN_POINT ( 'NONE',  ( -29.16567260565495090, -11.70470479049632573, -0.8960607974549139598 ) ) ;
#1035 = CARTESIAN_POINT ( 'NONE',  ( -23.99999999999999645, -6.649999999999999467, 8.999999999999996447 ) ) ;
#1036 = CARTESIAN_POINT ( 'NONE',  ( -21.50000000000000000, -30.00000000000000000, 8.999999999999996447 ) ) ;
#1037 = CARTESIAN_POINT ( 'NONE',  ( -26.99999999999999645, -10.00000000000000000, 2.000000000000000000 ) ) ;
#1038 = VERTEX_POINT ( 'NONE', #1818 ) ;
#1039 = CARTESIAN_POINT ( 'NONE',  ( -55.81080425703416381, -9.374276008891587963, -0.9728454947404289177 ) ) ;
#1040 = CARTESIAN_POINT ( 'NONE',  ( -21.49999999999999645, -5.185533905932738996, 0.9644660940672581395 ) ) ;
#1041 = PRESENTATION_LAYER_ASSIGNMENT (  '', '', ( #2454 ) ) ;
#1042 = SURFACE_STYLE_FILL_AREA ( #3916 ) ;
#1043 = EDGE_CURVE ( 'NONE', #2066, #1488, #3208, .T. ) ;
#1044 = VECTOR ( 'NONE', #554, 1000.000000000000000 ) ;
#1045 = VERTEX_POINT ( 'NONE', #996 ) ;
#1046 = CARTESIAN_POINT ( 'NONE',  ( -21.50000000000000000, -20.70000000000002771, 8.499999999999968026 ) ) ;
#1047 = DIRECTION ( 'NONE',  ( -0.000000000000000000, -0.000000000000000000, 1.000000000000000000 ) ) ;
#1048 =( NAMED_UNIT ( * ) SI_UNIT ( $, .STERADIAN. ) SOLID_ANGLE_UNIT ( ) );
#1049 =( GEOMETRIC_REPRESENTATION_CONTEXT ( 3 ) GLOBAL_UNCERTAINTY_ASSIGNED_CONTEXT ( ( #2915 ) ) GLOBAL_UNIT_ASSIGNED_CONTEXT ( ( #3942, #1135, #1505 ) ) REPRESENTATION_CONTEXT ( 'NONE', 'WORKASPACE' ) );
#1050 = ORIENTED_EDGE ( 'NONE', *, *, #4404, .T. ) ;
#1051 = CARTESIAN_POINT ( 'NONE',  ( -59.00000000000000000, -10.00000000000000000, -8.000000000000008882 ) ) ;
#1052 = CARTESIAN_POINT ( 'NONE',  ( -58.07510473359073444, -13.16842579267879820, -2.259431547860570433 ) ) ;
#1053 = DIRECTION ( 'NONE',  ( 4.625929269271483942E-16, 0.000000000000000000, -1.000000000000000000 ) ) ;
#1054 = CARTESIAN_POINT ( 'NONE',  ( -23.99999999999999289, -4.150000000000000355, 1.999999999999995337 ) ) ;
#1055 = CARTESIAN_POINT ( 'NONE',  ( -88.11976185099685210, -0.9304182472515378777, -3.913777322381434054 ) ) ;
#1056 = ORIENTED_EDGE ( 'NONE', *, *, #982, .T. ) ;
#1057 = CARTESIAN_POINT ( 'NONE',  ( -80.90645864061765735, -21.14561517245701339, -1.237955153746092662 ) ) ;
#1058 = DIRECTION ( 'NONE',  ( -0.9920412960753397513, 0.000000000000000000, -0.1259129337326394538 ) ) ;
#1059 = LINE ( 'NONE', #3020, #4620 ) ;
#1060 = CARTESIAN_POINT ( 'NONE',  ( -29.70392699976387973, -10.50258800325143937, -1.370117208511310691 ) ) ;
#1061 = DIRECTION ( 'NONE',  ( 1.000000000000000000, 0.000000000000000000, 8.163404592832032733E-17 ) ) ;
#1062 =( NAMED_UNIT ( * ) PLANE_ANGLE_UNIT ( ) SI_UNIT ( $, .RADIAN. ) );
#1063 = VERTEX_POINT ( 'NONE', #1484 ) ;
#1064 = CARTESIAN_POINT ( 'NONE',  ( -72.32871375271810166, -23.71857806847532402, -1.642070512018359407 ) ) ;
#1065 = CARTESIAN_POINT ( 'NONE',  ( -21.49999999999999645, -6.649999999999999467, -0.5000000000000035527 ) ) ;
#1066 = ADVANCED_FACE ( 'NONE', ( #3867 ), #3947, .T. ) ;
#1067 = ORIENTED_EDGE ( 'NONE', *, *, #2783, .T. ) ;
#1068 = CARTESIAN_POINT ( 'NONE',  ( -88.37914582985263223, -18.99333084627362567, -3.954999757466954424 ) ) ;
#1069 = VECTOR ( 'NONE', #2309, 1000.000000000000000 ) ;
#1070 = DIRECTION ( 'NONE',  ( -0.000000000000000000, -0.000000000000000000, 1.000000000000000000 ) ) ;
#1071 =( NAMED_UNIT ( * ) PLANE_ANGLE_UNIT ( ) SI_UNIT ( $, .RADIAN. ) );
#1072 = COLOUR_RGB ( '',1.000000000000000000, 0.000000000000000000, 0.000000000000000000 ) ;
#1073 = CARTESIAN_POINT ( 'NONE',  ( -28.85992710434863540, -12.03282743830279422, -1.005351453002306661 ) ) ;
#1074 = COLOUR_RGB ( '',1.000000000000000000, 0.000000000000000000, 0.000000000000000000 ) ;
#1075 = ORIENTED_EDGE ( 'NONE', *, *, #2796, .F. ) ;
#1076 = CARTESIAN_POINT ( 'NONE',  ( -60.25758450245170650, -12.45673409847718283, -3.126201837727673460 ) ) ;
#1077 = DIRECTION ( 'NONE',  ( -1.000000000000000000, 0.000000000000000000, -8.163404592832032733E-17 ) ) ;
#1078 = AXIS2_PLACEMENT_3D ( 'NONE', #3314, #2144, #105 ) ;
#1079 = VECTOR ( 'NONE', #184, 1000.000000000000000 ) ;
#1080 = FILL_AREA_STYLE_COLOUR ( '', #3149 ) ;
#1081 =( NAMED_UNIT ( * ) PLANE_ANGLE_UNIT ( ) SI_UNIT ( $, .RADIAN. ) );
#1082 = ORIENTED_EDGE ( 'NONE', *, *, #1099, .F. ) ;
#1083 =( GEOMETRIC_REPRESENTATION_CONTEXT ( 3 ) GLOBAL_UNCERTAINTY_ASSIGNED_CONTEXT ( ( #1585 ) ) GLOBAL_UNIT_ASSIGNED_CONTEXT ( ( #1015, #2920, #4917 ) ) REPRESENTATION_CONTEXT ( 'NONE', 'WORKASPACE' ) );
#1084 = STYLED_ITEM ( 'NONE', ( #4117 ), #2586 ) ;
#1085 =( NAMED_UNIT ( * ) SI_UNIT ( $, .STERADIAN. ) SOLID_ANGLE_UNIT ( ) );
#1086 = CARTESIAN_POINT ( 'NONE',  ( -84.70281280611139607, 0.000000000000000000, -2.337625959924284125 ) ) ;
#1087 = CARTESIAN_POINT ( 'NONE',  ( -29.69682802813460043, -10.53816223080742454, -0.7140167689015415320 ) ) ;
#1088 = CARTESIAN_POINT ( 'NONE',  ( -27.97141310889498556, -13.15440184204945773, -1.929155939253253349 ) ) ;
#1089 = CARTESIAN_POINT ( 'NONE',  ( -21.50000000000000000, -20.70000000000002771, 8.999999999999996447 ) ) ;
#1090 = DIRECTION ( 'NONE',  ( -1.000000000000000000, 0.000000000000000000, 0.000000000000000000 ) ) ;
#1091 = EDGE_LOOP ( 'NONE', ( #2359, #1872 ) ) ;
#1092 = MECHANICAL_DESIGN_GEOMETRIC_PRESENTATION_REPRESENTATION (  '', ( #3241 ), #3930 ) ;
#1093 = UNCERTAINTY_MEASURE_WITH_UNIT (LENGTH_MEASURE( 1.000000000000000082E-05 ), #4341, 'distance_accuracy_value', 'NONE');
#1094 = CARTESIAN_POINT ( 'NONE',  ( -28.27671302579425117, -27.91092527822763714, -1.800321350799397813 ) ) ;
#1095 = SURFACE_STYLE_USAGE ( .BOTH. , #5112 ) ;
#1096 = SURFACE_STYLE_USAGE ( .BOTH. , #670 ) ;
#1097 = MECHANICAL_DESIGN_GEOMETRIC_PRESENTATION_REPRESENTATION (  '', ( #2253 ), #3333 ) ;
#1098 = EDGE_CURVE ( 'NONE', #1965, #2217, #1844, .T. ) ;
#1099 = EDGE_CURVE ( 'NONE', #1320, #1371, #3682, .T. ) ;
#1100 = ORIENTED_EDGE ( 'NONE', *, *, #3735, .F. ) ;
#1101 = CARTESIAN_POINT ( 'NONE',  ( -87.76582391269465688, -1.409331389862114703, -4.384122820798306286 ) ) ;
#1102 = CARTESIAN_POINT ( 'NONE',  ( -63.25765682291395819, -26.49208443904222321, -3.878063506352813494 ) ) ;
#1103 = AXIS2_PLACEMENT_3D ( 'NONE', #4548, #987, #2564 ) ;
#1104 = CARTESIAN_POINT ( 'NONE',  ( -28.30760609264473615, -12.42493117417105530, -1.211076564844278503 ) ) ;
#1105 = EDGE_CURVE ( 'NONE', #395, #2823, #1457, .T. ) ;
#1106 = ORIENTED_EDGE ( 'NONE', *, *, #3972, .F. ) ;
#1107 = FILL_AREA_STYLE_COLOUR ( '', #1230 ) ;
#1108 = CARTESIAN_POINT ( 'NONE',  ( -24.01924625598384111, -9.361886506485216586, -3.496163476831465111 ) ) ;
#1109 = ADVANCED_FACE ( 'NONE', ( #3925 ), #1403, .F. ) ;
#1110 = CARTESIAN_POINT ( 'NONE',  ( -24.33821318848080040, -9.286838821347776829, -3.022031960341824863 ) ) ;
#1111 = EDGE_CURVE ( 'NONE', #2217, #1815, #1941, .T. ) ;
#1112 = SURFACE_STYLE_FILL_AREA ( #2279 ) ;
#1113 = DIRECTION ( 'NONE',  ( -0.000000000000000000, -1.000000000000000000, -0.000000000000000000 ) ) ;
#1114 = FILL_AREA_STYLE ('',( #3453 ) ) ;
#1115 = CARTESIAN_POINT ( 'NONE',  ( -28.74652167688977755, -12.84069783652194552, -1.671538962370070713 ) ) ;
#1116 = VERTEX_POINT ( 'NONE', #780 ) ;
#1117 = B_SPLINE_CURVE_WITH_KNOTS ( 'NONE', 3,
 ( #2240, #313, #4282, #3845, #4635, #1852, #3441, #1073, #2658, #4253, #1104, #3467, #2189, #1486, #2294, #2952, #3897, #337, #233, #999, #1911, #757, #4692, #2347, #2802, #781, #2730, #2704, #3578, #1176, #2318, #4358, #1587, #803 ),
 .UNSPECIFIED., .F., .F.,
 ( 4, 2, 2, 2, 2, 2, 2, 2, 2, 2, 2, 2, 2, 2, 2, 2, 4 ),
 ( 0.0005410723849593975562, 0.001074599756738047309, 0.001608127128516697061, 0.002141654500295346597, 0.002675181872073996783, 0.003208709243852646102, 0.003742236615631296288, 0.004275763987409945607, 0.004809291359188595794, 0.005342818730967245980, 0.005876346102745895299, 0.006409873474524544618, 0.006943400846303194804, 0.007476928218081844990, 0.008010455589860493442, 0.008543982961639143628, 0.009077510333417793814 ),
 .UNSPECIFIED. ) ;
#1118 = DIRECTION ( 'NONE',  ( 0.000000000000000000, 0.000000000000000000, 1.000000000000000000 ) ) ;
#1119 = CARTESIAN_POINT ( 'NONE',  ( -90.04520773104543707, -17.68217087837350121, 5.680015490656598942 ) ) ;
#1120 = CARTESIAN_POINT ( 'NONE',  ( -21.60931807432431739, -0.2050517052311491284, -4.340478061067698512 ) ) ;
#1121 = ORIENTED_EDGE ( 'NONE', *, *, #4127, .T. ) ;
#1122 = CARTESIAN_POINT ( 'NONE',  ( -29.92834081954706349, -8.316016348154159132, -1.308474816423479181 ) ) ;
#1123 = CARTESIAN_POINT ( 'NONE',  ( -18.35247065561925695, -15.84999999999999964, 1.999999999999995781 ) ) ;
#1124 = EDGE_LOOP ( 'NONE', ( #3337, #3956, #4710, #4783 ) ) ;
#1125 = PRESENTATION_LAYER_ASSIGNMENT (  '', '', ( #3368 ) ) ;
#1126 = CARTESIAN_POINT ( 'NONE',  ( -61.97366676070343061, -10.62470045515076045, -3.904041035623806444 ) ) ;
#1127 = SURFACE_STYLE_USAGE ( .BOTH. , #851 ) ;
#1128 = CYLINDRICAL_SURFACE ( 'NONE', #137, 1.000000000000006217 ) ;
#1129 = EDGE_CURVE ( 'NONE', #1443, #4183, #2344, .T. ) ;
#1130 = VECTOR ( 'NONE', #3559, 999.9999999999998863 ) ;
#1131 = VERTEX_POINT ( 'NONE', #4378 ) ;
#1132 =( LENGTH_UNIT ( ) NAMED_UNIT ( * ) SI_UNIT ( .MILLI., .METRE. ) );
#1133 =( LENGTH_UNIT ( ) NAMED_UNIT ( * ) SI_UNIT ( .MILLI., .METRE. ) );
#1134 = CARTESIAN_POINT ( 'NONE',  ( -26.98801303704797760, -12.76075296577995744, -2.279030886007220591 ) ) ;
#1135 =( NAMED_UNIT ( * ) PLANE_ANGLE_UNIT ( ) SI_UNIT ( $, .RADIAN. ) );
#1136 = ORIENTED_EDGE ( 'NONE', *, *, #3057, .T. ) ;
#1137 = UNCERTAINTY_MEASURE_WITH_UNIT (LENGTH_MEASURE( 1.000000000000000082E-05 ), #2373, 'distance_accuracy_value', 'NONE');
#1138 = DIRECTION ( 'NONE',  ( -0.7071067811865475727, 0.000000000000000000, -0.7071067811865475727 ) ) ;
#1139 = CARTESIAN_POINT ( 'NONE',  ( -63.89552684790057668, -0.5000000000000073275, -4.880434782608703337 ) ) ;
#1140 = ORIENTED_EDGE ( 'NONE', *, *, #5021, .F. ) ;
#1141 = CARTESIAN_POINT ( 'NONE',  ( -21.49999999999999289, -21.99999999999999289, -3.983633143994596004 ) ) ;
#1142 = FILL_AREA_STYLE_COLOUR ( '', #2402 ) ;
#1143 = DIRECTION ( 'NONE',  ( -1.000000000000000000, 0.000000000000000000, -8.163404592832032733E-17 ) ) ;
#1144 = CARTESIAN_POINT ( 'NONE',  ( -66.00261970684854873, -25.69014302736123767, -4.486090563794631336 ) ) ;
#1145 = STYLED_ITEM ( 'NONE', ( #2547 ), #1623 ) ;
#1146 = ORIENTED_EDGE ( 'NONE', *, *, #415, .F. ) ;
#1147 = DIRECTION ( 'NONE',  ( 0.000000000000000000, 0.000000000000000000, -1.000000000000000000 ) ) ;
#1148 = AXIS2_PLACEMENT_3D ( 'NONE', #3692, #1772, #1077 ) ;
#1149 = CARTESIAN_POINT ( 'NONE',  ( -58.61677633172524082, -6.729418831670685108, -2.460677418064250332 ) ) ;
#1150 = DIRECTION ( 'NONE',  ( -0.09688807623778841749, 0.000000000000000000, -0.9952952831612036366 ) ) ;
#1151 = STYLED_ITEM ( 'NONE', ( #1891 ), #2869 ) ;
#1152 = VECTOR ( 'NONE', #3345, 1000.000000000000000 ) ;
#1153 = CARTESIAN_POINT ( 'NONE',  ( -29.74999999999999645, -10.00000000000000000, -0.6963113881947181616 ) ) ;
#1154 = ADVANCED_FACE ( 'NONE', ( #1964 ), #1877, .F. ) ;
#1155 = PRESENTATION_LAYER_ASSIGNMENT (  '', '', ( #432 ) ) ;
#1156 = AXIS2_PLACEMENT_3D ( 'NONE', #3676, #3248, #2439 ) ;
#1157 = EDGE_CURVE ( 'NONE', #3239, #475, #4030, .T. ) ;
#1158 = SURFACE_STYLE_USAGE ( .BOTH. , #2787 ) ;
#1159 = LINE ( 'NONE', #2814, #2856 ) ;
#1160 = SURFACE_STYLE_FILL_AREA ( #2671 ) ;
#1161 = STYLED_ITEM ( 'NONE', ( #751 ), #3519 ) ;
#1162 = EDGE_LOOP ( 'NONE', ( #2092, #590, #3138, #3851 ) ) ;
#1163 = CARTESIAN_POINT ( 'NONE',  ( -50.92033236840464383, -29.49996781371316601, -0.2837820536735796151 ) ) ;
#1164 = CARTESIAN_POINT ( 'NONE',  ( -88.32643791048542425, -19.00921840517475303, -3.960145758486246059 ) ) ;
#1165 = PRESENTATION_LAYER_ASSIGNMENT (  '', '', ( #4822 ) ) ;
#1166 =( GEOMETRIC_REPRESENTATION_CONTEXT ( 3 ) GLOBAL_UNCERTAINTY_ASSIGNED_CONTEXT ( ( #1533 ) ) GLOBAL_UNIT_ASSIGNED_CONTEXT ( ( #2403, #421, #1547 ) ) REPRESENTATION_CONTEXT ( 'NONE', 'WORKASPACE' ) );
#1167 = ADVANCED_FACE ( 'NONE', ( #246 ), #648, .F. ) ;
#1168 = UNCERTAINTY_MEASURE_WITH_UNIT (LENGTH_MEASURE( 1.000000000000000082E-05 ), #4684, 'distance_accuracy_value', 'NONE');
#1169 = VERTEX_POINT ( 'NONE', #3277 ) ;
#1170 = CARTESIAN_POINT ( 'NONE',  ( -63.89552684790057668, -30.00000000000000000, -4.880434782608703337 ) ) ;
#1171 =( NAMED_UNIT ( * ) PLANE_ANGLE_UNIT ( ) SI_UNIT ( $, .RADIAN. ) );
#1172 = FILL_AREA_STYLE_COLOUR ( '', #1402 ) ;
#1173 = UNCERTAINTY_MEASURE_WITH_UNIT (LENGTH_MEASURE( 1.000000000000000082E-05 ), #459, 'distance_accuracy_value', 'NONE');
#1174 = CARTESIAN_POINT ( 'NONE',  ( -24.28582602556595660, -9.548460404081540176, -3.050023809474825764 ) ) ;
#1175 = MECHANICAL_DESIGN_GEOMETRIC_PRESENTATION_REPRESENTATION (  '', ( #3417 ), #374 ) ;
#1176 = CARTESIAN_POINT ( 'NONE',  ( -24.38495540037065723, -10.86829941385581577, -2.997106255599842228 ) ) ;
#1177 =( GEOMETRIC_REPRESENTATION_CONTEXT ( 3 ) GLOBAL_UNCERTAINTY_ASSIGNED_CONTEXT ( ( #172 ) ) GLOBAL_UNIT_ASSIGNED_CONTEXT ( ( #4032, #4441, #5156 ) ) REPRESENTATION_CONTEXT ( 'NONE', 'WORKASPACE' ) );
#1178 = VERTEX_POINT ( 'NONE', #2939 ) ;
#1179 = CARTESIAN_POINT ( 'NONE',  ( -61.33008981817754801, -7.959729285584601577, -3.602245958631052680 ) ) ;
#1180 = SURFACE_STYLE_FILL_AREA ( #4382 ) ;
#1181 = FACE_OUTER_BOUND ( 'NONE', #4045, .T. ) ;
#1182 = FACE_OUTER_BOUND ( 'NONE', #4239, .T. ) ;
#1183 = FILL_AREA_STYLE ('',( #830 ) ) ;
#1184 = CARTESIAN_POINT ( 'NONE',  ( -29.73581745227133766, -10.33012163941732275, -1.360444060996142790 ) ) ;
#1185 = EDGE_CURVE ( 'NONE', #4514, #2535, #621, .T. ) ;
#1186 = ORIENTED_EDGE ( 'NONE', *, *, #2859, .T. ) ;
#1187 = CARTESIAN_POINT ( 'NONE',  ( -1.515124069625953429E-16, 0.000000000000000000, 1.999999999999997335 ) ) ;
#1188 = EDGE_CURVE ( 'NONE', #4142, #688, #1266, .T. ) ;
#1189 = VERTEX_POINT ( 'NONE', #1781 ) ;
#1190 = CARTESIAN_POINT ( 'NONE',  ( -61.74806941610732025, -9.787498294794687581, -3.480919136432524930 ) ) ;
#1191 = SURFACE_STYLE_USAGE ( .BOTH. , #33 ) ;
#1192 = CARTESIAN_POINT ( 'NONE',  ( -24.24999999999996092, -9.909831012201061995, -3.069224771916239991 ) ) ;
#1193 = EDGE_CURVE ( 'NONE', #2933, #2338, #1421, .T. ) ;
#1194 = EDGE_CURVE ( 'NONE', #1776, #2880, #2089, .T. ) ;
#1195 = LINE ( 'NONE', #5118, #3758 ) ;
#1196 = ORIENTED_EDGE ( 'NONE', *, *, #2551, .F. ) ;
#1197 = SURFACE_STYLE_FILL_AREA ( #3153 ) ;
#1198 = CARTESIAN_POINT ( 'NONE',  ( -29.47287409041915041, -29.89794302312651553, -0.8564896402134524189 ) ) ;
#1199 = CARTESIAN_POINT ( 'NONE',  ( -64.15000000000000568, 5.545013348348540205, 1.999999999999992228 ) ) ;
#1200 = PRESENTATION_STYLE_ASSIGNMENT (( #3527 ) ) ;
#1201 = CARTESIAN_POINT ( 'NONE',  ( -28.01034266323463484, -7.436841575062587140, -1.326369562000325075 ) ) ;
#1202 = VECTOR ( 'NONE', #3819, 1000.000000000000000 ) ;
#1203 = CYLINDRICAL_SURFACE ( 'NONE', #4151, 2.749999999999999112 ) ;
#1204 = DIRECTION ( 'NONE',  ( -0.000000000000000000, -0.000000000000000000, 1.000000000000000000 ) ) ;
#1205 = FILL_AREA_STYLE_COLOUR ( '', #4700 ) ;
#1206 = STYLED_ITEM ( 'NONE', ( #906 ), #4796 ) ;
#1207 = ORIENTED_EDGE ( 'NONE', *, *, #196, .F. ) ;
#1208 = CARTESIAN_POINT ( 'NONE',  ( -87.67490837539854454, -1.396547947583214766, -4.329783245531522162 ) ) ;
#1209 = CARTESIAN_POINT ( 'NONE',  ( -76.01005671391313001, -22.09003595275314424, -1.527708735877566504 ) ) ;
#1210 = FACE_OUTER_BOUND ( 'NONE', #3713, .T. ) ;
#1211 = ORIENTED_EDGE ( 'NONE', *, *, #4118, .T. ) ;
#1212 = CARTESIAN_POINT ( 'NONE',  ( -50.15691407104610988, -30.00000000000000000, 8.499999999999992895 ) ) ;
#1213 = EDGE_CURVE ( 'NONE', #2758, #1488, #3454, .T. ) ;
#1214 =( LENGTH_UNIT ( ) NAMED_UNIT ( * ) SI_UNIT ( .MILLI., .METRE. ) );
#1215 = UNCERTAINTY_MEASURE_WITH_UNIT (LENGTH_MEASURE( 1.000000000000000082E-05 ), #2862, 'distance_accuracy_value', 'NONE');
#1216 =( BOUNDED_SURFACE ( )  B_SPLINE_SURFACE ( 3, 2, ( 
 ( #1641, #3237, #1229 ),
 ( #3637, #1184, #71 ),
 ( #1263, #4364, #4830 ),
 ( #3163, #2452, #4761 ),
 ( #405, #4054, #498 ),
 ( #3965, #2065, #1974 ),
 ( #2764, #4131, #2514 ),
 ( #4566, #1774, #1691 ),
 ( #3367, #131, #1718 ),
 ( #3341, #1308, #4905 ),
 ( #2145, #1358, #4458 ),
 ( #4542, #4487, #4852 ),
 ( #2582, #582, #2863 ),
 ( #2931, #3716, #4182 ),
 ( #1672, #2119, #2096 ),
 ( #216, #981, #4953 ),
 ( #4082, #3694, #3291 ),
 ( #898, #608, #2556 ),
 ( #3741, #159, #2480 ),
 ( #1284, #1381, #3315 ),
 ( #4875, #3265, #4153 ),
 ( #533, #2958, #1337 ),
 ( #1004, #4109, #558 ),
 ( #2911, #635, #2885 ),
 ( #3665, #186, #4519 ),
 ( #956, #2167, #929 ),
 ( #2534, #107, #1749 ),
 ( #4929, #3768, #292 ),
 ( #1859, #3471, #2710 ),
 ( #2246, #4205, #714 ),
 ( #1442, #1028, #657 ),
 ( #1108, #2606, #2687 ) ),
 .UNSPECIFIED., .F., .F., .T. ) 
 B_SPLINE_SURFACE_WITH_KNOTS ( ( 4, 2, 2, 2, 2, 2, 2, 2, 2, 2, 2, 2, 2, 2, 2, 4 ),
 ( 3, 3 ),
 ( 0.000000000000000000, 0.0006559391592191442938, 0.001311878318438288588, 0.001967817477657432881, 0.002623756636876577175, 0.003279695796095721469, 0.003935634955314865763, 0.004591574114534010057, 0.005247513273753154350, 0.005903452432972298644, 0.006559391592191442938, 0.007871269910629731525, 0.008527209069848875819, 0.009183148229068020113, 0.009839087388287164407, 0.01049502654750630870 ),
 ( 0.000000000000000000, 1.000000000000000000 ),
 .UNSPECIFIED. ) 
 GEOMETRIC_REPRESENTATION_ITEM ( )  RATIONAL_B_SPLINE_SURFACE ( (
 ( 1.000000000000000000, 0.6055453797199374932, 1.000000000000000000),
 ( 1.000000000000000000, 0.6044373353681852246, 1.000000000000000000),
 ( 1.000000000000000000, 0.6039134650834283580, 1.000000000000000000),
 ( 1.000000000000000000, 0.6039752655950574312, 1.000000000000000000),
 ( 1.000000000000000000, 0.6045769003799806862, 1.000000000000000000),
 ( 1.000000000000000000, 0.6069099181553686551, 1.000000000000000000),
 ( 1.000000000000000000, 0.6086266146880157102, 1.000000000000000000),
 ( 1.000000000000000000, 0.6132646167874205023, 1.000000000000000000),
 ( 1.000000000000000000, 0.6161809055928719747, 1.000000000000000000),
 ( 1.000000000000000000, 0.6230979513804137948, 1.000000000000000000),
 ( 1.000000000000000000, 0.6271601864410399907, 1.000000000000000000),
 ( 1.000000000000000000, 0.6364198728330033861, 1.000000000000000000),
 ( 1.000000000000000000, 0.6415439260072540728, 1.000000000000000000),
 ( 1.000000000000000000, 0.6528466617583920106, 1.000000000000000000),
 ( 1.000000000000000000, 0.6590823600785237213, 1.000000000000000000),
 ( 1.000000000000000000, 0.6721966757691114625, 1.000000000000000000),
 ( 1.000000000000000000, 0.6791161751271687086, 1.000000000000000000),
 ( 1.000000000000000000, 0.6936916467261559083, 1.000000000000000000),
 ( 1.000000000000000000, 0.7012909695166087420, 1.000000000000000000),
 ( 1.000000000000000000, 0.7166300996306473881, 1.000000000000000000),
 ( 1.000000000000000000, 0.7244329197130259246, 1.000000000000000000),
 ( 1.000000000000000000, 0.7481739858948518451, 1.000000000000000000),
 ( 1.000000000000000000, 0.7636524662541420705, 1.000000000000000000),
 ( 1.000000000000000000, 0.7853822033802436708, 1.000000000000000000),
 ( 1.000000000000000000, 0.7921905920328380368, 1.000000000000000000),
 ( 1.000000000000000000, 0.8048608595169852720, 1.000000000000000000),
 ( 1.000000000000000000, 0.8107786762033292183, 1.000000000000000000),
 ( 1.000000000000000000, 0.8212069017285418271, 1.000000000000000000),
 ( 1.000000000000000000, 0.8256757638217486761, 1.000000000000000000),
 ( 1.000000000000000000, 0.8330316260976147191, 1.000000000000000000),
 ( 1.000000000000000000, 0.8359321690150777195, 1.000000000000000000),
 ( 1.000000000000000000, 0.8378405008883009764, 1.000000000000000000) ) ) 
 REPRESENTATION_ITEM ( '' )  SURFACE ( )  );
#1217 = CARTESIAN_POINT ( 'NONE',  ( -88.27292007186075296, -0.9748985136081107505, -3.956817709219616841 ) ) ;
#1218 =( NAMED_UNIT ( * ) SI_UNIT ( $, .STERADIAN. ) SOLID_ANGLE_UNIT ( ) );
#1219 = EDGE_LOOP ( 'NONE', ( #1029, #4717, #3505, #24 ) ) ;
#1220 =( LENGTH_UNIT ( ) NAMED_UNIT ( * ) SI_UNIT ( .MILLI., .METRE. ) );
#1221 = CARTESIAN_POINT ( 'NONE',  ( -22.19282738807987698, -22.69282738807988054, -3.609263067792253477 ) ) ;
#1222 = DIRECTION ( 'NONE',  ( 0.000000000000000000, -1.000000000000000000, 0.000000000000000000 ) ) ;
#1223 = DIRECTION ( 'NONE',  ( 0.000000000000000000, 1.000000000000000000, 0.000000000000000000 ) ) ;
#1224 = CARTESIAN_POINT ( 'NONE',  ( -29.74999999999998934, -9.821256532762376423, -0.6963113881947181616 ) ) ;
#1225 =( NAMED_UNIT ( * ) SI_UNIT ( $, .STERADIAN. ) SOLID_ANGLE_UNIT ( ) );
#1226 =( LENGTH_UNIT ( ) NAMED_UNIT ( * ) SI_UNIT ( .MILLI., .METRE. ) );
#1227 = COLOUR_RGB ( '',1.000000000000000000, 0.000000000000000000, 0.000000000000000000 ) ;
#1228 = CARTESIAN_POINT ( 'NONE',  ( -64.36969411118725759, -0.5000000000000073275, -5.000000000000011546 ) ) ;
#1229 = CARTESIAN_POINT ( 'NONE',  ( -29.69682802813459688, -10.53816223080742454, -0.7140167689015416430 ) ) ;
#1230 = COLOUR_RGB ( '',1.000000000000000000, 0.000000000000000000, 0.000000000000000000 ) ;
#1231 = ORIENTED_EDGE ( 'NONE', *, *, #1194, .T. ) ;
#1232 = CARTESIAN_POINT ( 'NONE',  ( -89.93950248935404090, -18.26499251423499359, 5.073756420237788056 ) ) ;
#1233 =( GEOMETRIC_REPRESENTATION_CONTEXT ( 3 ) GLOBAL_UNCERTAINTY_ASSIGNED_CONTEXT ( ( #3196 ) ) GLOBAL_UNIT_ASSIGNED_CONTEXT ( ( #2605, #3470, #4286 ) ) REPRESENTATION_CONTEXT ( 'NONE', 'WORKASPACE' ) );
#1234 = VECTOR ( 'NONE', #3587, 1000.000000000000114 ) ;
#1235 = STYLED_ITEM ( 'NONE', ( #464 ), #4310 ) ;
#1236 = FILL_AREA_STYLE_COLOUR ( '', #1227 ) ;
#1237 = CARTESIAN_POINT ( 'NONE',  ( -84.30549808165632442, -19.58610407976727785, -2.699636075498073495 ) ) ;
#1238 = FILL_AREA_STYLE_COLOUR ( '', #1783 ) ;
#1239 = ORIENTED_EDGE ( 'NONE', *, *, #975, .F. ) ;
#1240 = CARTESIAN_POINT ( 'NONE',  ( -61.84805817705755260, -8.890079348011330040, -3.844091275960745513 ) ) ;
#1241 = CARTESIAN_POINT ( 'NONE',  ( -21.49999999999999289, -21.68831262582826014, -4.231159986743374013 ) ) ;
#1242 = CARTESIAN_POINT ( 'NONE',  ( -64.15000000000000568, -3.939192046194708752, 12.44774468529295142 ) ) ;
#1243 = CARTESIAN_POINT ( 'NONE',  ( -29.75248348130921272, -29.39729851510134750, -1.360471502862043547 ) ) ;
#1244 = B_SPLINE_CURVE_WITH_KNOTS ( 'NONE', 1,
 ( #2377, #3983 ),
 .UNSPECIFIED., .F., .F.,
 ( 2, 2 ),
 ( 0.000000000000000000, 1.000000000000000000 ),
 .UNSPECIFIED. ) ;
#1245 = STYLED_ITEM ( 'NONE', ( #717 ), #3657 ) ;
#1246 = EDGE_CURVE ( 'NONE', #4026, #3187, #3884, .T. ) ;
#1247 = DIRECTION ( 'NONE',  ( -0.9581977058217490129, 0.2861068970820820900, 8.312545366008647411E-16 ) ) ;
#1248 = EDGE_CURVE ( 'NONE', #3894, #2122, #2015, .T. ) ;
#1249 = ORIENTED_EDGE ( 'NONE', *, *, #4531, .T. ) ;
#1250 =( NAMED_UNIT ( * ) SI_UNIT ( $, .STERADIAN. ) SOLID_ANGLE_UNIT ( ) );
#1251 = CARTESIAN_POINT ( 'NONE',  ( -56.60284393716980134, -11.35897994747013584, -1.082730155062144872 ) ) ;
#1252 = CARTESIAN_POINT ( 'NONE',  ( -57.54613113464592544, -7.659607882767174303, -1.447826645628612185 ) ) ;
#1253 = SURFACE_STYLE_USAGE ( .BOTH. , #852 ) ;
#1254 = VECTOR ( 'NONE', #1387, 1000.000000000000000 ) ;
#1255 = CARTESIAN_POINT ( 'NONE',  ( -89.95096810810051124, -2.231453854282821503, 5.706244448472925335 ) ) ;
#1256 = EDGE_CURVE ( 'NONE', #1272, #1063, #2263, .T. ) ;
#1257 = ORIENTED_EDGE ( 'NONE', *, *, #27, .F. ) ;
#1258 = DIRECTION ( 'NONE',  ( -0.000000000000000000, -0.000000000000000000, 1.000000000000000000 ) ) ;
#1259 = CARTESIAN_POINT ( 'NONE',  ( -84.57484104382584178, -0.5000323443723690975, -2.823898596360330249 ) ) ;
#1260 =( GEOMETRIC_REPRESENTATION_CONTEXT ( 3 ) GLOBAL_UNCERTAINTY_ASSIGNED_CONTEXT ( ( #4768 ) ) GLOBAL_UNIT_ASSIGNED_CONTEXT ( ( #3759, #3785, #3382 ) ) REPRESENTATION_CONTEXT ( 'NONE', 'WORKASPACE' ) );
#1261 = CARTESIAN_POINT ( 'NONE',  ( -83.15005147518995443, 0.000000000000000000, 15.12814413846828110 ) ) ;
#1262 = CARTESIAN_POINT ( 'NONE',  ( -88.07430408234878882, -0.9176348049726720246, -3.886607534748037551 ) ) ;
#1263 = CARTESIAN_POINT ( 'NONE',  ( -30.38640815083867608, -10.20071382716813702, -1.177345955900307217 ) ) ;
#1264 = EDGE_CURVE ( 'NONE', #715, #861, #4269, .T. ) ;
#1265 = ORIENTED_EDGE ( 'NONE', *, *, #2615, .F. ) ;
#1266 = CIRCLE ( 'NONE', #4180, 0.4999999999999917843 ) ;
#1267 = SURFACE_STYLE_USAGE ( .BOTH. , #2865 ) ;
#1268 = CARTESIAN_POINT ( 'NONE',  ( -88.07430408234877461, -19.08236519502732875, -3.886607534748055315 ) ) ;
#1269 =( NAMED_UNIT ( * ) PLANE_ANGLE_UNIT ( ) SI_UNIT ( $, .RADIAN. ) );
#1270 = VECTOR ( 'NONE', #927, 1000.000000000000227 ) ;
#1271 = DIRECTION ( 'NONE',  ( 0.07168455462824002700, -0.6727501656252238282, 0.7363888505938861462 ) ) ;
#1272 = VERTEX_POINT ( 'NONE', #3828 ) ;
#1273 = CARTESIAN_POINT ( 'NONE',  ( -24.12603720542993102, -8.937128527449798909, -3.447949368335760045 ) ) ;
#1274 = CARTESIAN_POINT ( 'NONE',  ( -104.8000000000000114, -30.00000000000000000, -0.8500000000000119682 ) ) ;
#1275 = LINE ( 'NONE', #1242, #1395 ) ;
#1276 = CARTESIAN_POINT ( 'NONE',  ( -29.94107052047120021, -29.48725702086927924, -1.304938251900051194 ) ) ;
#1277 = CARTESIAN_POINT ( 'NONE',  ( -64.15000000000000568, -15.84999999999999964, 1.999999999999992228 ) ) ;
#1278 = VERTEX_POINT ( 'NONE', #277 ) ;
#1279 =( LENGTH_UNIT ( ) NAMED_UNIT ( * ) SI_UNIT ( .MILLI., .METRE. ) );
#1280 = SURFACE_STYLE_USAGE ( .BOTH. , #919 ) ;
#1281 = CARTESIAN_POINT ( 'NONE',  ( -56.79296521563867373, -8.350196077694880259, -1.153799750604130425 ) ) ;
#1282 = ORIENTED_EDGE ( 'NONE', *, *, #5146, .F. ) ;
#1283 = EDGE_CURVE ( 'NONE', #1560, #4071, #4236, .T. ) ;
#1284 = CARTESIAN_POINT ( 'NONE',  ( -26.91861733429097825, -6.753524898721516401, -2.304544253708741941 ) ) ;
#1285 =( GEOMETRIC_REPRESENTATION_CONTEXT ( 3 ) GLOBAL_UNCERTAINTY_ASSIGNED_CONTEXT ( ( #562 ) ) GLOBAL_UNIT_ASSIGNED_CONTEXT ( ( #125, #1663, #1303 ) ) REPRESENTATION_CONTEXT ( 'NONE', 'WORKASPACE' ) );
#1286 = ORIENTED_EDGE ( 'NONE', *, *, #506, .F. ) ;
#1287 = LINE ( 'NONE', #1187, #4342 ) ;
#1288 = CARTESIAN_POINT ( 'NONE',  ( -61.36810750304190520, -11.99164167034922102, -3.619726570715333658 ) ) ;
#1289 = CARTESIAN_POINT ( 'NONE',  ( -28.49999999999999645, -10.00000000000000000, 8.999999999999996447 ) ) ;
#1290 =( GEOMETRIC_REPRESENTATION_CONTEXT ( 3 ) GLOBAL_UNCERTAINTY_ASSIGNED_CONTEXT ( ( #4493 ) ) GLOBAL_UNIT_ASSIGNED_CONTEXT ( ( #2103, #3296, #540 ) ) REPRESENTATION_CONTEXT ( 'NONE', 'WORKASPACE' ) );
#1291 =( LENGTH_UNIT ( ) NAMED_UNIT ( * ) SI_UNIT ( .MILLI., .METRE. ) );
#1292 = ORIENTED_EDGE ( 'NONE', *, *, #2017, .T. ) ;
#1293 = CARTESIAN_POINT ( 'NONE',  ( -57.96512830138507155, -7.440009187207444086, -2.219115456434193057 ) ) ;
#1294 = CYLINDRICAL_SURFACE ( 'NONE', #4159, 2.749999999999999112 ) ;
#1295 = LINE ( 'NONE', #990, #685 ) ;
#1296 = CARTESIAN_POINT ( 'NONE',  ( -23.95543958130999584, -9.799987971644247509, -3.525071715680188955 ) ) ;
#1297 = SURFACE_STYLE_FILL_AREA ( #3799 ) ;
#1298 = DIRECTION ( 'NONE',  ( -0.09688807623778840361, 0.000000000000000000, -0.9952952831612036366 ) ) ;
#1299 = EDGE_LOOP ( 'NONE', ( #217, #813, #3536, #2851 ) ) ;
#1300 =( NAMED_UNIT ( * ) PLANE_ANGLE_UNIT ( ) SI_UNIT ( $, .RADIAN. ) );
#1301 = CARTESIAN_POINT ( 'NONE',  ( -57.27351828944768641, -12.14717580309379841, -1.338984984824759694 ) ) ;
#1302 = CARTESIAN_POINT ( 'NONE',  ( -58.95355624545869233, -7.245632119433930818, -2.052924418834499054 ) ) ;
#1303 =( NAMED_UNIT ( * ) SI_UNIT ( $, .STERADIAN. ) SOLID_ANGLE_UNIT ( ) );
#1304 = VERTEX_POINT ( 'NONE', #3430 ) ;
#1305 =( LENGTH_UNIT ( ) NAMED_UNIT ( * ) SI_UNIT ( .MILLI., .METRE. ) );
#1306 = LINE ( 'NONE', #4517, #3732 ) ;
#1307 = PRESENTATION_STYLE_ASSIGNMENT (( #1671 ) ) ;
#1308 = CARTESIAN_POINT ( 'NONE',  ( -29.21974469776078820, -8.363517653985047318, -1.519406857926622223 ) ) ;
#1309 = EDGE_LOOP ( 'NONE', ( #2169, #281, #992, #1211, #252 ) ) ;
#1310 = EDGE_CURVE ( 'NONE', #395, #4134, #3857, .T. ) ;
#1311 = PLANE ( 'NONE',  #379 ) ;
#1312 = ADVANCED_FACE ( 'NONE', ( #2636 ), #2255, .T. ) ;
#1313 = PRESENTATION_STYLE_ASSIGNMENT (( #111 ) ) ;
#1314 = STYLED_ITEM ( 'NONE', ( #3013 ), #3875 ) ;
#1315 = UNCERTAINTY_MEASURE_WITH_UNIT (LENGTH_MEASURE( 1.000000000000000082E-05 ), #2967, 'distance_accuracy_value', 'NONE');
#1316 =( NAMED_UNIT ( * ) PLANE_ANGLE_UNIT ( ) SI_UNIT ( $, .RADIAN. ) );
#1317 = DIRECTION ( 'NONE',  ( -4.625929269271483942E-16, 0.000000000000000000, 1.000000000000000000 ) ) ;
#1318 = STYLED_ITEM ( 'NONE', ( #2462 ), #2834 ) ;
#1319 =( GEOMETRIC_REPRESENTATION_CONTEXT ( 3 ) GLOBAL_UNCERTAINTY_ASSIGNED_CONTEXT ( ( #1018 ) ) GLOBAL_UNIT_ASSIGNED_CONTEXT ( ( #3985, #2431, #387 ) ) REPRESENTATION_CONTEXT ( 'NONE', 'WORKASPACE' ) );
#1320 = VERTEX_POINT ( 'NONE', #978 ) ;
#1321 = CARTESIAN_POINT ( 'NONE',  ( -61.56857692599638909, -8.302815725723048601, -3.712553706055911285 ) ) ;
#1322 = LINE ( 'NONE', #2895, #1734 ) ;
#1323 = STYLED_ITEM ( 'NONE', ( #1307 ), #3096 ) ;
#1324 = LINE ( 'NONE', #4581, #2656 ) ;
#1325 = ORIENTED_EDGE ( 'NONE', *, *, #5010, .F. ) ;
#1326 = FACE_OUTER_BOUND ( 'NONE', #2625, .T. ) ;
#1327 = CARTESIAN_POINT ( 'NONE',  ( -57.69473258018481232, -12.42626059071127109, -1.508213562464603363 ) ) ;
#1328 = VECTOR ( 'NONE', #3189, 1000.000000000000114 ) ;
#1329 =( GEOMETRIC_REPRESENTATION_CONTEXT ( 3 ) GLOBAL_UNCERTAINTY_ASSIGNED_CONTEXT ( ( #779 ) ) GLOBAL_UNIT_ASSIGNED_CONTEXT ( ( #1291, #1316, #4524 ) ) REPRESENTATION_CONTEXT ( 'NONE', 'WORKASPACE' ) );
#1330 = CARTESIAN_POINT ( 'NONE',  ( -60.75384482636742689, -7.875535310183886750, -2.936986150920335437 ) ) ;
#1331 = SURFACE_SIDE_STYLE ('',( #573 ) ) ;
#1332 = DIRECTION ( 'NONE',  ( 0.000000000000000000, 0.000000000000000000, -1.000000000000000000 ) ) ;
#1333 = STYLED_ITEM ( 'NONE', ( #3307 ), #158 ) ;
#1334 = ORIENTED_EDGE ( 'NONE', *, *, #2866, .F. ) ;
#1335 = FILL_AREA_STYLE_COLOUR ( '', #1812 ) ;
#1336 = CARTESIAN_POINT ( 'NONE',  ( -90.07436813144390442, -1.778874056135093751, 5.197515341528046839 ) ) ;
#1337 = CARTESIAN_POINT ( 'NONE',  ( -26.09585060821428826, -7.379273111997960655, -2.144397187469312183 ) ) ;
#1338 = PRESENTATION_LAYER_ASSIGNMENT (  '', '', ( #3593 ) ) ;
#1339 = EDGE_LOOP ( 'NONE', ( #4085, #2899, #4446, #4175 ) ) ;
#1340 = CIRCLE ( 'NONE', #4262, 1.999999999999998224 ) ;
#1341 = CARTESIAN_POINT ( 'NONE',  ( -61.97366676070343061, -10.62470045515076045, -3.904041035623806444 ) ) ;
#1342 = EDGE_CURVE ( 'NONE', #636, #1131, #2985, .T. ) ;
#1343 = DIRECTION ( 'NONE',  ( -1.000000000000000000, 0.000000000000000000, -5.204170427930424241E-16 ) ) ;
#1344 = EDGE_LOOP ( 'NONE', ( #3375, #1207, #1292, #2781 ) ) ;
#1345 = CARTESIAN_POINT ( 'NONE',  ( -56.83113313436434311, -8.299311246272175424, -1.168192092415090588 ) ) ;
#1346 = SURFACE_SIDE_STYLE ('',( #3329 ) ) ;
#1347 = EDGE_CURVE ( 'NONE', #3599, #1382, #114, .T. ) ;
#1348 = B_SPLINE_CURVE_WITH_KNOTS ( 'NONE', 3,
 ( #2314, #3545, #3175, #4746 ),
 .UNSPECIFIED., .F., .F.,
 ( 4, 4 ),
 ( 0.000000000000000000, 1.000000000000000000 ),
 .UNSPECIFIED. ) ;
#1349 = ORIENTED_EDGE ( 'NONE', *, *, #4344, .F. ) ;
#1350 = CARTESIAN_POINT ( 'NONE',  ( -29.78344557661016268, -29.99195513004038816, -0.8110165415687875523 ) ) ;
#1351 = CARTESIAN_POINT ( 'NONE',  ( -61.11238666972767675, -11.76858509646699247, -3.128430472906525317 ) ) ;
#1352 = CARTESIAN_POINT ( 'NONE',  ( -21.49999999999999645, -13.34999999999999964, -0.5000000000000035527 ) ) ;
#1353 =( LENGTH_UNIT ( ) NAMED_UNIT ( * ) SI_UNIT ( .MILLI., .METRE. ) );
#1354 = ORIENTED_EDGE ( 'NONE', *, *, #3594, .F. ) ;
#1355 = B_SPLINE_CURVE_WITH_KNOTS ( 'NONE', 3,
 ( #2580, #1856, #3817, #633, #734, #3073 ),
 .UNSPECIFIED., .F., .F.,
 ( 4, 2, 4 ),
 ( 0.000000000000000000, 0.5000000000000000000, 1.000000000000000000 ),
 .UNSPECIFIED. ) ;
#1356 = SURFACE_SIDE_STYLE ('',( #4516 ) ) ;
#1357 =( NAMED_UNIT ( * ) SI_UNIT ( $, .STERADIAN. ) SOLID_ANGLE_UNIT ( ) );
#1358 = CARTESIAN_POINT ( 'NONE',  ( -29.11220739489749576, -8.225875295320316027, -1.553214019795186474 ) ) ;
#1359 = ORIENTED_EDGE ( 'NONE', *, *, #3594, .T. ) ;
#1360 = CARTESIAN_POINT ( 'NONE',  ( -89.98299092774490759, -1.752540711672259333, 5.230228189971088071 ) ) ;
#1361 = CARTESIAN_POINT ( 'NONE',  ( -56.31722921572909257, -12.05159963375313481, -1.654925360595107975 ) ) ;
#1362 = CARTESIAN_POINT ( 'NONE',  ( -104.8507206656045270, -6.478913142610582376, -2.853920291921776098 ) ) ;
#1363 = CARTESIAN_POINT ( 'NONE',  ( -63.96839600313990104, -20.19999999999999929, 8.499999999999964473 ) ) ;
#1364 = LINE ( 'NONE', #2940, #2041 ) ;
#1365 = ORIENTED_EDGE ( 'NONE', *, *, #423, .F. ) ;
#1366 = STYLED_ITEM ( 'NONE', ( #2917 ), #4848 ) ;
#1367 = CARTESIAN_POINT ( 'NONE',  ( -57.09388859632921509, -8.004699670597711147, -1.910416930697791837 ) ) ;
#1368 = LINE ( 'NONE', #4885, #4740 ) ;
#1369 = B_SPLINE_CURVE_WITH_KNOTS ( 'NONE', 3,
 ( #4702, #2021, #3609, #4800 ),
 .UNSPECIFIED., .F., .F.,
 ( 4, 4 ),
 ( 0.000000000000000000, 1.000000000000000000 ),
 .UNSPECIFIED. ) ;
#1370 = UNCERTAINTY_MEASURE_WITH_UNIT (LENGTH_MEASURE( 1.000000000000000082E-05 ), #2703, 'distance_accuracy_value', 'NONE');
#1371 = VERTEX_POINT ( 'NONE', #952 ) ;
#1372 = LINE ( 'NONE', #206, #74 ) ;
#1373 = DIRECTION ( 'NONE',  ( -0.7071067811865474617, 0.000000000000000000, 0.7071067811865474617 ) ) ;
#1374 = LINE ( 'NONE', #3809, #2417 ) ;
#1375 = SURFACE_STYLE_USAGE ( .BOTH. , #1331 ) ;
#1376 = ORIENTED_EDGE ( 'NONE', *, *, #1030, .T. ) ;
#1377 = PRESENTATION_STYLE_ASSIGNMENT (( #2532 ) ) ;
#1378 = CARTESIAN_POINT ( 'NONE',  ( -61.36498095626978255, -11.99576246318865458, -3.618286534911925756 ) ) ;
#1379 = DIRECTION ( 'NONE',  ( 0.7071067811865477948, 0.7071067811865473507, 3.271025955591198161E-16 ) ) ;
#1380 = SURFACE_STYLE_USAGE ( .BOTH. , #340 ) ;
#1381 = CARTESIAN_POINT ( 'NONE',  ( -26.95478212944766838, -7.239700485512854833, -2.291301227647406513 ) ) ;
#1382 = VERTEX_POINT ( 'NONE', #237 ) ;
#1383 = CARTESIAN_POINT ( 'NONE',  ( -67.14421354980528633, -24.88651323989752484, -4.315494479480365797 ) ) ;
#1384 = LINE ( 'NONE', #4934, #593 ) ;
#1385 = CARTESIAN_POINT ( 'NONE',  ( -29.92552333113817653, -29.48333094241415253, -1.309482648090705137 ) ) ;
#1386 = CARTESIAN_POINT ( 'NONE',  ( -64.47152336919293703, -26.14731076083653249, -4.486085217250305845 ) ) ;
#1387 = DIRECTION ( 'NONE',  ( 4.625929269271483942E-16, -0.000000000000000000, -1.000000000000000000 ) ) ;
#1388 = COLOUR_RGB ( '',1.000000000000000000, 0.000000000000000000, 0.000000000000000000 ) ;
#1389 = ORIENTED_EDGE ( 'NONE', *, *, #4401, .F. ) ;
#1390 = CARTESIAN_POINT ( 'NONE',  ( -67.03034188611569277, -25.36542638250808679, -3.871961549545621661 ) ) ;
#1391 = CARTESIAN_POINT ( 'NONE',  ( -66.36358403214866541, -0.5000000000000073275, -4.833333333333341919 ) ) ;
#1392 = CARTESIAN_POINT ( 'NONE',  ( -63.89552684790057668, -25.72515774190693350, -4.880434782608703337 ) ) ;
#1393 = AXIS2_PLACEMENT_3D ( 'NONE', #1006, #3475, #4956 ) ;
#1394 = MECHANICAL_DESIGN_GEOMETRIC_PRESENTATION_REPRESENTATION (  '', ( #3309 ), #3486 ) ;
#1395 = VECTOR ( 'NONE', #2752, 1000.000000000000227 ) ;
#1396 = VERTEX_POINT ( 'NONE', #4483 ) ;
#1397 = CARTESIAN_POINT ( 'NONE',  ( -29.94107052047120021, -29.48725702086927924, -1.304938251900051194 ) ) ;
#1398 =( NAMED_UNIT ( * ) SI_UNIT ( $, .STERADIAN. ) SOLID_ANGLE_UNIT ( ) );
#1399 = FILL_AREA_STYLE ('',( #625 ) ) ;
#1400 = ADVANCED_FACE ( 'NONE', ( #1745 ), #1714, .T. ) ;
#1401 = VECTOR ( 'NONE', #4708, 1000.000000000000000 ) ;
#1402 = COLOUR_RGB ( '',1.000000000000000000, 0.000000000000000000, 0.000000000000000000 ) ;
#1403 = B_SPLINE_SURFACE_WITH_KNOTS ( 'NONE', 1, 3, ( 
 ( #439, #4357, #1908, #3119, #5117, #4690 ),
 ( #5090, #4279, #4715, #2389, #1144, #2316 ) ),
 .UNSPECIFIED., .F., .F., .F.,
 ( 2, 2 ),
 ( 4, 2, 4 ),
 ( 0.000000000000000000, 1.000000000000000000 ),
 ( 1.082151089748641937, 1.374993861477207036, 1.667836633205772134 ),
 .UNSPECIFIED. ) ;
#1404 = LINE ( 'NONE', #2576, #100 ) ;
#1405 = ORIENTED_EDGE ( 'NONE', *, *, #575, .T. ) ;
#1406 = SURFACE_SIDE_STYLE ('',( #3419 ) ) ;
#1407 =( GEOMETRIC_REPRESENTATION_CONTEXT ( 3 ) GLOBAL_UNCERTAINTY_ASSIGNED_CONTEXT ( ( #5048 ) ) GLOBAL_UNIT_ASSIGNED_CONTEXT ( ( #2713, #2426, #4313 ) ) REPRESENTATION_CONTEXT ( 'NONE', 'WORKASPACE' ) );
#1408 = CARTESIAN_POINT ( 'NONE',  ( -60.09434020910103413, -12.53355482214001171, -3.056787333328277345 ) ) ;
#1409 = AXIS2_PLACEMENT_3D ( 'NONE', #3271, #193, #165 ) ;
#1410 =( NAMED_UNIT ( * ) SI_UNIT ( $, .STERADIAN. ) SOLID_ANGLE_UNIT ( ) );
#1411 = FACE_OUTER_BOUND ( 'NONE', #1437, .T. ) ;
#1412 = CARTESIAN_POINT ( 'NONE',  ( -21.49999999999999645, 0.000000000000000000, -0.5000000000000038858 ) ) ;
#1413 = EDGE_CURVE ( 'NONE', #4418, #3403, #4176, .T. ) ;
#1414 = VECTOR ( 'NONE', #976, 1000.000000000000114 ) ;
#1415 = ORIENTED_EDGE ( 'NONE', *, *, #3089, .F. ) ;
#1416 = CARTESIAN_POINT ( 'NONE',  ( -82.18113073218394504, 0.5482233704759069681, 6.220453706772524960 ) ) ;
#1417 = STYLED_ITEM ( 'NONE', ( #440 ), #365 ) ;
#1418 = ADVANCED_FACE ( 'NONE', ( #2907 ), #2191, .F. ) ;
#1419 =( LENGTH_UNIT ( ) NAMED_UNIT ( * ) SI_UNIT ( .MILLI., .METRE. ) );
#1420 = CARTESIAN_POINT ( 'NONE',  ( -28.74277245362299738, -12.84278413068026481, -1.672749249902733659 ) ) ;
#1421 = LINE ( 'NONE', #1802, #3173 ) ;
#1422 = FILL_AREA_STYLE ('',( #2998 ) ) ;
#1423 = B_SPLINE_CURVE_WITH_KNOTS ( 'NONE', 3,
 ( #1618, #1575, #1996, #3212 ),
 .UNSPECIFIED., .F., .F.,
 ( 4, 4 ),
 ( 0.000000000000000000, 1.000000000000000000 ),
 .UNSPECIFIED. ) ;
#1424 =( GEOMETRIC_REPRESENTATION_CONTEXT ( 3 ) GLOBAL_UNCERTAINTY_ASSIGNED_CONTEXT ( ( #2034 ) ) GLOBAL_UNIT_ASSIGNED_CONTEXT ( ( #4981, #900, #637 ) ) REPRESENTATION_CONTEXT ( 'NONE', 'WORKASPACE' ) );
#1425 = CARTESIAN_POINT ( 'NONE',  ( -66.14487935724386602, -25.64663734337532119, -4.450703468392515738 ) ) ;
#1426 = ORIENTED_EDGE ( 'NONE', *, *, #521, .F. ) ;
#1427 = CARTESIAN_POINT ( 'NONE',  ( -51.01632745126756419, -29.47891314261057261, -0.3020736150763102534 ) ) ;
#1428 = CARTESIAN_POINT ( 'NONE',  ( -56.30144975595198531, -9.470541238292881303, -0.9728454947404479025 ) ) ;
#1429 = B_SPLINE_CURVE_WITH_KNOTS ( 'NONE', 3,
 ( #220, #539, #1778, #2101, #3698, #136 ),
 .UNSPECIFIED., .F., .F.,
 ( 4, 2, 4 ),
 ( 0.1527058783471290926, 0.4999999999999741318, 1.000000000000000000 ),
 .UNSPECIFIED. ) ;
#1430 =( LENGTH_UNIT ( ) NAMED_UNIT ( * ) SI_UNIT ( .MILLI., .METRE. ) );
#1431 = COLOUR_RGB ( '',1.000000000000000000, 0.000000000000000000, 0.000000000000000000 ) ;
#1432 = AXIS2_PLACEMENT_3D ( 'NONE', #1520, #680, #4694 ) ;
#1433 = ORIENTED_EDGE ( 'NONE', *, *, #677, .T. ) ;
#1434 = CARTESIAN_POINT ( 'NONE',  ( -30.38392494924302412, -9.760695417520688366, -1.178043691369726531 ) ) ;
#1435 = SURFACE_SIDE_STYLE ('',( #4633 ) ) ;
#1436 = SURFACE_STYLE_FILL_AREA ( #2600 ) ;
#1437 = EDGE_LOOP ( 'NONE', ( #2313, #4386, #3268, #747 ) ) ;
#1438 =( LENGTH_UNIT ( ) NAMED_UNIT ( * ) SI_UNIT ( .MILLI., .METRE. ) );
#1439 = CARTESIAN_POINT ( 'NONE',  ( -60.25737723303580395, -12.91380698844510810, -3.126420061941008299 ) ) ;
#1440 =( LENGTH_UNIT ( ) NAMED_UNIT ( * ) SI_UNIT ( .MILLI., .METRE. ) );
#1441 = SURFACE_SIDE_STYLE ('',( #1829 ) ) ;
#1442 = CARTESIAN_POINT ( 'NONE',  ( -24.06201752628115642, -9.145913379851375424, -3.476825626654625356 ) ) ;
#1443 = VERTEX_POINT ( 'NONE', #5095 ) ;
#1444 = ADVANCED_FACE ( 'NONE', ( #3070 ), #2271, .F. ) ;
#1445 = CARTESIAN_POINT ( 'NONE',  ( -76.11783112932513973, -22.56894909536405081, -1.014481162352770527 ) ) ;
#1446 = CARTESIAN_POINT ( 'NONE',  ( -28.89576974299649947, -12.00438846493043954, -1.622205887137835312 ) ) ;
#1447 = CARTESIAN_POINT ( 'NONE',  ( -29.74105457792614615, -10.27101764161243480, -0.6992798955962852281 ) ) ;
#1448 = CARTESIAN_POINT ( 'NONE',  ( -65.90843018481048432, -25.21122988475065796, -5.000021711432758309 ) ) ;
#1449 = ORIENTED_EDGE ( 'NONE', *, *, #749, .T. ) ;
#1450 = DIRECTION ( 'NONE',  ( -0.000000000000000000, -1.000000000000000000, -0.000000000000000000 ) ) ;
#1451 =( GEOMETRIC_REPRESENTATION_CONTEXT ( 3 ) GLOBAL_UNCERTAINTY_ASSIGNED_CONTEXT ( ( #3109 ) ) GLOBAL_UNIT_ASSIGNED_CONTEXT ( ( #4024, #1968, #3229 ) ) REPRESENTATION_CONTEXT ( 'NONE', 'WORKASPACE' ) );
#1452 =( LENGTH_UNIT ( ) NAMED_UNIT ( * ) SI_UNIT ( .MILLI., .METRE. ) );
#1453 = VERTEX_POINT ( 'NONE', #2685 ) ;
#1454 = CARTESIAN_POINT ( 'NONE',  ( -28.13935604367042131, -6.893894168132208122, -1.872023368064064996 ) ) ;
#1455 =( NAMED_UNIT ( * ) PLANE_ANGLE_UNIT ( ) SI_UNIT ( $, .RADIAN. ) );
#1456 = PRESENTATION_LAYER_ASSIGNMENT (  '', '', ( #1366 ) ) ;
#1457 = LINE ( 'NONE', #3035, #708 ) ;
#1458 = CARTESIAN_POINT ( 'NONE',  ( -55.46129873372100860, -28.16846528367092617, -1.374457116982692018 ) ) ;
#1459 = FILL_AREA_STYLE ('',( #5058 ) ) ;
#1460 = CIRCLE ( 'NONE', #3031, 45.49999999999999289 ) ;
#1461 = ORIENTED_EDGE ( 'NONE', *, *, #4507, .T. ) ;
#1462 =( NAMED_UNIT ( * ) PLANE_ANGLE_UNIT ( ) SI_UNIT ( $, .RADIAN. ) );
#1463 = CARTESIAN_POINT ( 'NONE',  ( -56.77578139074397257, -12.51784143673747351, -1.804784305999615812 ) ) ;
#1464 = SURFACE_STYLE_FILL_AREA ( #1828 ) ;
#1465 = PRESENTATION_STYLE_ASSIGNMENT (( #4592 ) ) ;
#1466 = FACE_OUTER_BOUND ( 'NONE', #4120, .T. ) ;
#1467 = CARTESIAN_POINT ( 'NONE',  ( -27.37368256229104091, -7.270627489624173379, -1.583955560329734835 ) ) ;
#1468 = CARTESIAN_POINT ( 'NONE',  ( -69.60107103016541430, -24.56000990005667717, -2.570593809471084068 ) ) ;
#1469 = DIRECTION ( 'NONE',  ( -0.2824171071354925067, 0.6567144085880071147, 0.6992615842087449574 ) ) ;
#1470 = SURFACE_SIDE_STYLE ('',( #3452 ) ) ;
#1471 = CARTESIAN_POINT ( 'NONE',  ( -29.67213415106650132, -10.67452648661636339, -1.379760750432271310 ) ) ;
#1472 = CARTESIAN_POINT ( 'NONE',  ( -104.6844166397084308, -13.51623992338860347, -0.7988465533844835154 ) ) ;
#1473 = CARTESIAN_POINT ( 'NONE',  ( -64.28735663206806805, -25.66839761822595278, -5.000011018344108216 ) ) ;
#1474 = ADVANCED_FACE ( 'NONE', ( #339 ), #4257, .F. ) ;
#1475 = ORIENTED_EDGE ( 'NONE', *, *, #5036, .F. ) ;
#1476 = CARTESIAN_POINT ( 'NONE',  ( -56.39285016633705538, -9.105835536588724466, -1.005790367640909233 ) ) ;
#1477 = MECHANICAL_DESIGN_GEOMETRIC_PRESENTATION_REPRESENTATION (  '', ( #3048 ), #255 ) ;
#1478 = UNCERTAINTY_MEASURE_WITH_UNIT (LENGTH_MEASURE( 1.000000000000000082E-05 ), #1214, 'distance_accuracy_value', 'NONE');
#1479 = ORIENTED_EDGE ( 'NONE', *, *, #1248, .T. ) ;
#1480 = CARTESIAN_POINT ( 'NONE',  ( -30.36021828051850591, -9.540227458367541047, -1.184687781174422749 ) ) ;
#1481 = MECHANICAL_DESIGN_GEOMETRIC_PRESENTATION_REPRESENTATION (  '', ( #758 ), #5150 ) ;
#1482 = FILL_AREA_STYLE_COLOUR ( '', #4068 ) ;
#1483 = VECTOR ( 'NONE', #3256, 1000.000000000000114 ) ;
#1484 = CARTESIAN_POINT ( 'NONE',  ( -22.00000000000000000, -6.649999999999999467, 8.999999999999996447 ) ) ;
#1485 = CARTESIAN_POINT ( 'NONE',  ( -64.64602064803766268, -20.70000000000002771, 8.918005071595212385 ) ) ;
#1486 = CARTESIAN_POINT ( 'NONE',  ( -27.52867926283277100, -12.70372079831927437, -1.519896743943963457 ) ) ;
#1487 = MECHANICAL_DESIGN_GEOMETRIC_PRESENTATION_REPRESENTATION (  '', ( #2319 ), #86 ) ;
#1488 = VERTEX_POINT ( 'NONE', #760 ) ;
#1489 = FILL_AREA_STYLE_COLOUR ( '', #3770 ) ;
#1490 = CARTESIAN_POINT ( 'NONE',  ( -61.17795550029519802, -11.68872208322846440, -3.164045274478755498 ) ) ;
#1491 = LINE ( 'NONE', #712, #4809 ) ;
#1492 =( GEOMETRIC_REPRESENTATION_CONTEXT ( 3 ) GLOBAL_UNCERTAINTY_ASSIGNED_CONTEXT ( ( #4397 ) ) GLOBAL_UNIT_ASSIGNED_CONTEXT ( ( #1027, #4260, #4614 ) ) REPRESENTATION_CONTEXT ( 'NONE', 'WORKASPACE' ) );
#1493 = MECHANICAL_DESIGN_GEOMETRIC_PRESENTATION_REPRESENTATION (  '', ( #2731 ), #4157 ) ;
#1494 = CARTESIAN_POINT ( 'NONE',  ( -2.075901283282906906, 0.000000000000000000, 16.35558586828955185 ) ) ;
#1495 = DIRECTION ( 'NONE',  ( 0.7071067811865473507, -0.7071067811865477948, 3.674173273136576441E-16 ) ) ;
#1496 = CARTESIAN_POINT ( 'NONE',  ( -24.39003235493941446, -9.116623508398015829, -2.994408750304706768 ) ) ;
#1497 = MECHANICAL_DESIGN_GEOMETRIC_PRESENTATION_REPRESENTATION (  '', ( #4407 ), #4741 ) ;
#1498 = AXIS2_PLACEMENT_3D ( 'NONE', #4036, #481, #3168 ) ;
#1499 = B_SPLINE_SURFACE_WITH_KNOTS ( 'NONE', 1, 3, ( 
 ( #5038, #4208, #4265, #1468, #3042, #2631, #5012, #660, #1445, #3018, #4618, #1057, #4232, #2251, #4645, #2665, #450, #1946 ),
 ( #741, #3506, #402, #4799, #4005, #3962, #3102, #1615, #829, #809, #3982, #5103, #4340, #2762, #1545, #1921, #2811, #2375 ) ),
 .UNSPECIFIED., .F., .F., .F.,
 ( 2, 2 ),
 ( 4, 2, 2, 2, 2, 2, 2, 2, 4 ),
 ( 0.000000000000000000, 1.000000000000000000 ),
 ( 4.223743743338411960, 4.364259156384209248, 4.504774569430005648, 4.645289982475802049, 4.785805395521599337, 4.926320808567395737, 5.066836221613192137, 5.207351634658989425, 5.347867047704785826 ),
 .UNSPECIFIED. ) ;
#1500 = FILL_AREA_STYLE ('',( #3854 ) ) ;
#1501 = CARTESIAN_POINT ( 'NONE',  ( -104.6403783298470387, -5.940743370941565793, -1.248928361143627930 ) ) ;
#1502 = FILL_AREA_STYLE ('',( #245 ) ) ;
#1503 = FACE_OUTER_BOUND ( 'NONE', #94, .T. ) ;
#1504 = COLOUR_RGB ( '',1.000000000000000000, 0.000000000000000000, 0.000000000000000000 ) ;
#1505 =( NAMED_UNIT ( * ) SI_UNIT ( $, .STERADIAN. ) SOLID_ANGLE_UNIT ( ) );
#1506 = CARTESIAN_POINT ( 'NONE',  ( -27.56856453603104740, -13.23172976665908429, -2.069320760591883968 ) ) ;
#1507 = EDGE_LOOP ( 'NONE', ( #3612, #926, #1136, #1082 ) ) ;
#1508 = AXIS2_PLACEMENT_3D ( 'NONE', #3935, #2352, #4798 ) ;
#1509 = UNCERTAINTY_MEASURE_WITH_UNIT (LENGTH_MEASURE( 1.000000000000000082E-05 ), #586, 'distance_accuracy_value', 'NONE');
#1510 = FACE_OUTER_BOUND ( 'NONE', #4115, .T. ) ;
#1511 = EDGE_CURVE ( 'NONE', #4514, #1005, #1845, .T. ) ;
#1512 = CARTESIAN_POINT ( 'NONE',  ( -64.00000000000000000, -20.70000000000002771, 8.999999999999992895 ) ) ;
#1513 = COLOUR_RGB ( '',1.000000000000000000, 0.000000000000000000, 0.000000000000000000 ) ;
#1514 = ORIENTED_EDGE ( 'NONE', *, *, #1785, .T. ) ;
#1515 = DIRECTION ( 'NONE',  ( 1.000000000000000000, 0.000000000000000000, 8.163404592832032733E-17 ) ) ;
#1516 = EDGE_CURVE ( 'NONE', #2535, #3239, #3090, .T. ) ;
#1517 = VECTOR ( 'NONE', #4970, 1000.000000000000114 ) ;
#1518 = MECHANICAL_DESIGN_GEOMETRIC_PRESENTATION_REPRESENTATION (  '', ( #2910 ), #3340 ) ;
#1519 = ORIENTED_EDGE ( 'NONE', *, *, #2615, .T. ) ;
#1520 = CARTESIAN_POINT ( 'NONE',  ( -66.11634544454267370, -30.00000000000000000, -5.000000000000009770 ) ) ;
#1521 = CARTESIAN_POINT ( 'NONE',  ( -29.65611139615106495, -29.96666188482840809, -0.8295880108472306613 ) ) ;
#1522 = MECHANICAL_DESIGN_GEOMETRIC_PRESENTATION_REPRESENTATION (  '', ( #3859 ), #4767 ) ;
#1523 = SURFACE_STYLE_USAGE ( .BOTH. , #1541 ) ;
#1524 = CARTESIAN_POINT ( 'NONE',  ( -42.55799999999999272, 0.000000000000000000, -44.50000000000000711 ) ) ;
#1525 = EDGE_LOOP ( 'NONE', ( #644, #496, #2190, #4921, #4803 ) ) ;
#1526 =( LENGTH_UNIT ( ) NAMED_UNIT ( * ) SI_UNIT ( .MILLI., .METRE. ) );
#1527 = SURFACE_STYLE_USAGE ( .BOTH. , #3508 ) ;
#1528 = CARTESIAN_POINT ( 'NONE',  ( -29.94682617374252942, -11.65280294159513907, -1.303077539139617214 ) ) ;
#1529 = ORIENTED_EDGE ( 'NONE', *, *, #1659, .F. ) ;
#1530 = B_SPLINE_CURVE_WITH_KNOTS ( 'NONE', 3,
 ( #4579, #1390, #1874, #4628, #2972, #1064, #4274, #4995, #2227, #1842, #2697, #2641, #4300, #4213, #4240, #3833, #5049, #1014 ),
 .UNSPECIFIED., .F., .F.,
 ( 4, 2, 2, 2, 2, 2, 2, 2, 4 ),
 ( 0.000000000000000000, 0.1250000000000004996, 0.2500000000000002220, 0.3749999999999998890, 0.5000000000000004441, 0.6250000000000001110, 0.7499999999999997780, 0.8750000000000003331, 1.000000000000000000 ),
 .UNSPECIFIED. ) ;
#1531 = UNCERTAINTY_MEASURE_WITH_UNIT (LENGTH_MEASURE( 1.000000000000000082E-05 ), #716, 'distance_accuracy_value', 'NONE');
#1532 = EDGE_LOOP ( 'NONE', ( #3655, #2023, #4578, #1788, #909 ) ) ;
#1533 = UNCERTAINTY_MEASURE_WITH_UNIT (LENGTH_MEASURE( 1.000000000000000082E-05 ), #2403, 'distance_accuracy_value', 'NONE');
#1534 = CARTESIAN_POINT ( 'NONE',  ( -29.20710678118656389, -29.70710678118654613, -0.8958814171211391120 ) ) ;
#1535 = VECTOR ( 'NONE', #1495, 1000.000000000000000 ) ;
#1536 = SURFACE_SIDE_STYLE ('',( #3995 ) ) ;
#1537 = ADVANCED_FACE ( 'NONE', ( #892 ), #3997, .F. ) ;
#1538 = EDGE_LOOP ( 'NONE', ( #5132, #3327, #1140, #3898, #1100 ) ) ;
#1539 = CARTESIAN_POINT ( 'NONE',  ( -50.96324037797908346, -30.00000000000000000, 0.2169088174528172597 ) ) ;
#1540 = CARTESIAN_POINT ( 'NONE',  ( -62.00632278140567877, -9.524533071557019781, -3.919643864499834152 ) ) ;
#1541 = SURFACE_SIDE_STYLE ('',( #3526 ) ) ;
#1542 = FILL_AREA_STYLE ('',( #4754 ) ) ;
#1543 = AXIS2_PLACEMENT_3D ( 'NONE', #3211, #497, #2813 ) ;
#1544 = SURFACE_STYLE_FILL_AREA ( #2810 ) ;
#1545 = CARTESIAN_POINT ( 'NONE',  ( -84.30549808165632442, -19.58610407976727785, -2.699636075498073495 ) ) ;
#1546 = CARTESIAN_POINT ( 'NONE',  ( -23.99999999999999645, -13.34999999999999964, 8.499999999999994671 ) ) ;
#1547 =( NAMED_UNIT ( * ) SI_UNIT ( $, .STERADIAN. ) SOLID_ANGLE_UNIT ( ) );
#1548 = LINE ( 'NONE', #4293, #2453 ) ;
#1549 = FILL_AREA_STYLE ('',( #1205 ) ) ;
#1550 = ADVANCED_FACE ( 'NONE', ( #5143 ), #3567, .F. ) ;
#1551 = DIRECTION ( 'NONE',  ( 0.9806647375034924785, 0.1956953566572441350, 0.000000000000000000 ) ) ;
#1552 = EDGE_LOOP ( 'NONE', ( #4569, #3847, #1067, #4706 ) ) ;
#1553 = CARTESIAN_POINT ( 'NONE',  ( -24.30235858445671937, -11.48185575814068038, -3.369232695104029673 ) ) ;
#1554 = ORIENTED_EDGE ( 'NONE', *, *, #4720, .F. ) ;
#1555 = UNCERTAINTY_MEASURE_WITH_UNIT (LENGTH_MEASURE( 1.000000000000000082E-05 ), #3766, 'distance_accuracy_value', 'NONE');
#1556 = DIRECTION ( 'NONE',  ( 0.000000000000000000, 1.000000000000000000, 0.000000000000000000 ) ) ;
#1557 = CARTESIAN_POINT ( 'NONE',  ( -88.23614783228735803, -0.9635669708914201825, -3.968920049388702243 ) ) ;
#1558 = FILL_AREA_STYLE ('',( #3946 ) ) ;
#1559 = B_SPLINE_SURFACE_WITH_KNOTS ( 'NONE', 1, 3, ( 
 ( #3346, #902, #3324, #4910 ),
 ( #3772, #2914, #2964, #2487 ) ),
 .UNSPECIFIED., .F., .F., .F.,
 ( 2, 2 ),
 ( 4, 4 ),
 ( 0.000000000000000000, 1.000000000000000000 ),
 ( 1.570796326794896558, 1.862253121272755996 ),
 .UNSPECIFIED. ) ;
#1560 = VERTEX_POINT ( 'NONE', #3628 ) ;
#1561 = CARTESIAN_POINT ( 'NONE',  ( -62.01585893902050373, -10.40689560896417198, -3.924220119823575548 ) ) ;
#1562 = SURFACE_SIDE_STYLE ('',( #4019 ) ) ;
#1563 = FILL_AREA_STYLE ('',( #756 ) ) ;
#1564 = CARTESIAN_POINT ( 'NONE',  ( -21.82802967625238821, -30.00000000000000000, -4.559189662995774661 ) ) ;
#1565 = ORIENTED_EDGE ( 'NONE', *, *, #514, .F. ) ;
#1566 = CIRCLE ( 'NONE', #991, 1.500000000000001332 ) ;
#1567 = CARTESIAN_POINT ( 'NONE',  ( -59.82366340949640460, -6.905909535025820389, -2.943547946644442970 ) ) ;
#1568 = ADVANCED_FACE ( 'NONE', ( #1633 ), #3879, .F. ) ;
#1569 = CARTESIAN_POINT ( 'NONE',  ( 0.000000000000000000, -30.00000000000000000, 0.000000000000000000 ) ) ;
#1570 =( LENGTH_UNIT ( ) NAMED_UNIT ( * ) SI_UNIT ( .MILLI., .METRE. ) );
#1571 = COLOUR_RGB ( '',1.000000000000000000, 0.000000000000000000, 0.000000000000000000 ) ;
#1572 = FILL_AREA_STYLE ('',( #3181 ) ) ;
#1573 = PLANE ( 'NONE',  #765 ) ;
#1574 = SURFACE_SIDE_STYLE ('',( #2376 ) ) ;
#1575 = CARTESIAN_POINT ( 'NONE',  ( -50.20572114228908589, -29.50001065255290200, 8.999999999999992895 ) ) ;
#1576 = ORIENTED_EDGE ( 'NONE', *, *, #3844, .F. ) ;
#1577 = EDGE_CURVE ( 'NONE', #2979, #3580, #1372, .T. ) ;
#1578 = CARTESIAN_POINT ( 'NONE',  ( -51.15856999586706877, -29.98591115208564162, 0.2075817636113522213 ) ) ;
#1579 = EDGE_CURVE ( 'NONE', #3202, #3733, #4555, .T. ) ;
#1580 = VECTOR ( 'NONE', #2533, 1000.000000000000000 ) ;
#1581 = COLOUR_RGB ( '',1.000000000000000000, 0.000000000000000000, 0.000000000000000000 ) ;
#1582 = VERTEX_POINT ( 'NONE', #4197 ) ;
#1583 = DIRECTION ( 'NONE',  ( 0.9581977058217489018, -0.2861068970820820900, 7.697800463741138514E-17 ) ) ;
#1584 = CARTESIAN_POINT ( 'NONE',  ( -63.96839600313990104, -4.150000000000000355, 8.499999999999991118 ) ) ;
#1585 = UNCERTAINTY_MEASURE_WITH_UNIT (LENGTH_MEASURE( 1.000000000000000082E-05 ), #1015, 'distance_accuracy_value', 'NONE');
#1586 = LINE ( 'NONE', #4330, #4478 ) ;
#1587 = CARTESIAN_POINT ( 'NONE',  ( -24.25000000000006040, -10.17674011537227408, -3.069224771916190697 ) ) ;
#1588 = EDGE_LOOP ( 'NONE', ( #3170, #931, #3683, #3152 ) ) ;
#1589 = DIRECTION ( 'NONE',  ( -1.000000000000000000, 0.000000000000000000, -8.163404592832033966E-17 ) ) ;
#1590 = CARTESIAN_POINT ( 'NONE',  ( -20.86334045592073494, -21.36334045592074204, -4.315336406215348752 ) ) ;
#1591 = FACE_OUTER_BOUND ( 'NONE', #825, .T. ) ;
#1592 = PRESENTATION_STYLE_ASSIGNMENT (( #3207 ) ) ;
#1593 = FACE_OUTER_BOUND ( 'NONE', #891, .T. ) ;
#1594 = PRESENTATION_LAYER_ASSIGNMENT (  '', '', ( #3343 ) ) ;
#1595 = CARTESIAN_POINT ( 'NONE',  ( -61.75000000000000000, -10.00000000000000000, 2.000000000000000000 ) ) ;
#1596 = PLANE ( 'NONE',  #3565 ) ;
#1597 = VERTEX_POINT ( 'NONE', #2526 ) ;
#1598 = EDGE_CURVE ( 'NONE', #3239, #1942, #3776, .T. ) ;
#1599 = CARTESIAN_POINT ( 'NONE',  ( -21.50000000000000000, -20.70000000000002771, 8.499999999999968026 ) ) ;
#1600 = CARTESIAN_POINT ( 'NONE',  ( -87.86544432192010845, -1.423627065698331196, -4.423830677360240493 ) ) ;
#1601 =( NAMED_UNIT ( * ) SI_UNIT ( $, .STERADIAN. ) SOLID_ANGLE_UNIT ( ) );
#1602 = EDGE_LOOP ( 'NONE', ( #1349, #1056, #3350, #4392 ) ) ;
#1603 = CARTESIAN_POINT ( 'NONE',  ( -63.93704353313367506, -15.84999999999999964, 8.503979351962332345 ) ) ;
#1604 = CARTESIAN_POINT ( 'NONE',  ( -21.67257049925020240, -20.52742950074981820, 0.5634273323336244088 ) ) ;
#1605 = CYLINDRICAL_SURFACE ( 'NONE', #4237, 1.500000000000001332 ) ;
#1606 = SURFACE_STYLE_FILL_AREA ( #1939 ) ;
#1607 =( LENGTH_UNIT ( ) NAMED_UNIT ( * ) SI_UNIT ( .MILLI., .METRE. ) );
#1608 = ORIENTED_EDGE ( 'NONE', *, *, #4881, .F. ) ;
#1609 = DIRECTION ( 'NONE',  ( 0.000000000000000000, 0.000000000000000000, 1.000000000000000000 ) ) ;
#1610 = CARTESIAN_POINT ( 'NONE',  ( -60.20073434038596361, -7.058284051337230913, -3.102225117436220092 ) ) ;
#1611 = VECTOR ( 'NONE', #2114, 1000.000000000000000 ) ;
#1612 = DIRECTION ( 'NONE',  ( -0.000000000000000000, -1.000000000000000000, -0.000000000000000000 ) ) ;
#1613 = FACE_OUTER_BOUND ( 'NONE', #345, .T. ) ;
#1614 = LINE ( 'NONE', #5147, #2822 ) ;
#1615 = CARTESIAN_POINT ( 'NONE',  ( -75.07511471234653300, -22.37880080084330459, -1.615741369599110744 ) ) ;
#1616 = PRESENTATION_STYLE_ASSIGNMENT (( #451 ) ) ;
#1617 = FILL_AREA_STYLE ('',( #44 ) ) ;
#1618 = CARTESIAN_POINT ( 'NONE',  ( -50.15691407104610988, -29.49999999999998579, 8.999999999999994671 ) ) ;
#1619 = VERTEX_POINT ( 'NONE', #1021 ) ;
#1620 = CARTESIAN_POINT ( 'NONE',  ( -28.49999999999999645, -10.00000000000000000, -8.000000000000005329 ) ) ;
#1621 = CARTESIAN_POINT ( 'NONE',  ( -87.67490837539854454, -1.396547947583214766, -4.329783245531522162 ) ) ;
#1622 =( NAMED_UNIT ( * ) SI_UNIT ( $, .STERADIAN. ) SOLID_ANGLE_UNIT ( ) );
#1623 = ADVANCED_FACE ( 'NONE', ( #1326 ), #1708, .T. ) ;
#1624 = EDGE_CURVE ( 'NONE', #896, #4221, #3460, .T. ) ;
#1625 = ORIENTED_EDGE ( 'NONE', *, *, #445, .T. ) ;
#1626 = LINE ( 'NONE', #3974, #3650 ) ;
#1627 = CARTESIAN_POINT ( 'NONE',  ( -61.75000000000000000, -10.00000000000000000, -3.482014481449722254 ) ) ;
#1628 = UNCERTAINTY_MEASURE_WITH_UNIT (LENGTH_MEASURE( 1.000000000000000082E-05 ), #2151, 'distance_accuracy_value', 'NONE');
#1629 = CARTESIAN_POINT ( 'NONE',  ( -24.96233813580455774, -11.85532105496070088, -2.696952779518551946 ) ) ;
#1630 = EDGE_CURVE ( 'NONE', #1582, #2213, #3010, .T. ) ;
#1631 = DIRECTION ( 'NONE',  ( 0.000000000000000000, 0.000000000000000000, -1.000000000000000000 ) ) ;
#1632 = ORIENTED_EDGE ( 'NONE', *, *, #4356, .T. ) ;
#1633 = FACE_OUTER_BOUND ( 'NONE', #1898, .T. ) ;
#1634 = LINE ( 'NONE', #4479, #1483 ) ;
#1635 = CARTESIAN_POINT ( 'NONE',  ( -56.38709628212122738, -10.87747250268243882, -1.673052602394835775 ) ) ;
#1636 = CARTESIAN_POINT ( 'NONE',  ( -27.53726999606256953, -7.298003683625786664, -1.516374181161043611 ) ) ;
#1637 = ORIENTED_EDGE ( 'NONE', *, *, #357, .T. ) ;
#1638 = CARTESIAN_POINT ( 'NONE',  ( -89.85493068599150490, -2.217292858252052135, 5.718412643701067388 ) ) ;
#1639 = AXIS2_PLACEMENT_3D ( 'NONE', #4610, #4218, #2209 ) ;
#1640 = CARTESIAN_POINT ( 'NONE',  ( -61.71576273552481240, -10.44158144788297093, -3.462607765414803307 ) ) ;
#1641 = CARTESIAN_POINT ( 'NONE',  ( -30.32310368922825106, -10.63600990913604605, -1.195181419792733513 ) ) ;
#1642 = COLOUR_RGB ( '',1.000000000000000000, 0.000000000000000000, 0.000000000000000000 ) ;
#1643 = ORIENTED_EDGE ( 'NONE', *, *, #4856, .F. ) ;
#1644 = CARTESIAN_POINT ( 'NONE',  ( -90.03251860178441746, -18.23797144884144217, 5.047867992282160543 ) ) ;
#1645 = STYLED_ITEM ( 'NONE', ( #3880 ), #2091 ) ;
#1646 = FILL_AREA_STYLE_COLOUR ( '', #2399 ) ;
#1647 = FILL_AREA_STYLE_COLOUR ( '', #2322 ) ;
#1648 = FILL_AREA_STYLE_COLOUR ( '', #2160 ) ;
#1649 =( GEOMETRIC_REPRESENTATION_CONTEXT ( 3 ) GLOBAL_UNCERTAINTY_ASSIGNED_CONTEXT ( ( #3574 ) ) GLOBAL_UNIT_ASSIGNED_CONTEXT ( ( #2228, #388, #3892 ) ) REPRESENTATION_CONTEXT ( 'NONE', 'WORKASPACE' ) );
#1650 = STYLED_ITEM ( 'NONE', ( #4396 ), #2332 ) ;
#1651 = FACE_OUTER_BOUND ( 'NONE', #1792, .T. ) ;
#1652 =( GEOMETRIC_REPRESENTATION_CONTEXT ( 3 ) GLOBAL_UNCERTAINTY_ASSIGNED_CONTEXT ( ( #1628 ) ) GLOBAL_UNIT_ASSIGNED_CONTEXT ( ( #2151, #4959, #4113 ) ) REPRESENTATION_CONTEXT ( 'NONE', 'WORKASPACE' ) );
#1653 = ORIENTED_EDGE ( 'NONE', *, *, #941, .T. ) ;
#1654 = FILL_AREA_STYLE ('',( #3544 ) ) ;
#1655 = FACE_OUTER_BOUND ( 'NONE', #3234, .T. ) ;
#1656 = CARTESIAN_POINT ( 'NONE',  ( -24.68032097536453762, -11.49094639557937469, -3.202439038727022513 ) ) ;
#1657 = CARTESIAN_POINT ( 'NONE',  ( -88.17917603167190066, -1.469694737435814247, -4.476859693007898322 ) ) ;
#1658 = LINE ( 'NONE', #3000, #2085 ) ;
#1659 = EDGE_CURVE ( 'NONE', #4532, #4993, #4711, .T. ) ;
#1660 = ORIENTED_EDGE ( 'NONE', *, *, #4734, .T. ) ;
#1661 = CARTESIAN_POINT ( 'NONE',  ( -104.9452746250508994, -6.000000000000000000, -2.342352358419414582 ) ) ;
#1662 = CARTESIAN_POINT ( 'NONE',  ( -51.25330738459791746, -29.95782628522114877, 0.2029294097210636305 ) ) ;
#1663 =( NAMED_UNIT ( * ) PLANE_ANGLE_UNIT ( ) SI_UNIT ( $, .RADIAN. ) );
#1664 = B_SPLINE_CURVE_WITH_KNOTS ( 'NONE', 3,
 ( #392, #1192, #2777, #1962, #1174, #822 ),
 .UNSPECIFIED., .F., .F.,
 ( 4, 2, 4 ),
 ( 0.009077510333417793814, 0.009349704469852209571, 0.009621898606286625327 ),
 .UNSPECIFIED. ) ;
#1665 = CARTESIAN_POINT ( 'NONE',  ( -26.99999999999999645, -10.00000000000000000, 2.000000000000000000 ) ) ;
#1666 = EDGE_CURVE ( 'NONE', #3410, #3733, #1880, .T. ) ;
#1667 = ORIENTED_EDGE ( 'NONE', *, *, #4938, .F. ) ;
#1668 = B_SPLINE_CURVE_WITH_KNOTS ( 'NONE', 1,
 ( #3855, #2994 ),
 .UNSPECIFIED., .F., .F.,
 ( 2, 2 ),
 ( 0.000000000000000000, 1.000000000000000000 ),
 .UNSPECIFIED. ) ;
#1669 =( NAMED_UNIT ( * ) PLANE_ANGLE_UNIT ( ) SI_UNIT ( $, .RADIAN. ) );
#1670 = MECHANICAL_DESIGN_GEOMETRIC_PRESENTATION_REPRESENTATION (  '', ( #2257 ), #2507 ) ;
#1671 = SURFACE_STYLE_USAGE ( .BOTH. , #3264 ) ;
#1672 = CARTESIAN_POINT ( 'NONE',  ( -28.52138407138077270, -7.043320138515183793, -1.744709380709672963 ) ) ;
#1673 = ORIENTED_EDGE ( 'NONE', *, *, #5119, .T. ) ;
#1674 = PRESENTATION_LAYER_ASSIGNMENT (  '', '', ( #2340 ) ) ;
#1675 = CARTESIAN_POINT ( 'NONE',  ( -58.06794035679998700, -13.16676258513915876, -2.256795483584220996 ) ) ;
#1676 = SURFACE_STYLE_USAGE ( .BOTH. , #4912 ) ;
#1677 = ORIENTED_EDGE ( 'NONE', *, *, #1098, .F. ) ;
#1678 = CARTESIAN_POINT ( 'NONE',  ( -59.62602282436758827, -6.847262814560957978, -2.861924706016104381 ) ) ;
#1679 =( LENGTH_UNIT ( ) NAMED_UNIT ( * ) SI_UNIT ( .MILLI., .METRE. ) );
#1680 = DIRECTION ( 'NONE',  ( -0.000000000000000000, 1.000000000000000000, -0.000000000000000000 ) ) ;
#1681 = CARTESIAN_POINT ( 'NONE',  ( -24.42117488367249578, -10.97520264084200647, -3.315542208638598165 ) ) ;
#1682 = LINE ( 'NONE', #146, #3938 ) ;
#1683 = ORIENTED_EDGE ( 'NONE', *, *, #1246, .F. ) ;
#1684 = CARTESIAN_POINT ( 'NONE',  ( -29.76550415098024871, -29.40703118672263727, -1.356608306768201322 ) ) ;
#1685 = FILL_AREA_STYLE ('',( #4923 ) ) ;
#1686 = CARTESIAN_POINT ( 'NONE',  ( -57.99474792702599757, -7.434952119764351330, -1.632742325325056809 ) ) ;
#1687 = DIRECTION ( 'NONE',  ( -0.000000000000000000, -0.000000000000000000, 1.000000000000000000 ) ) ;
#1688 = ORIENTED_EDGE ( 'NONE', *, *, #3889, .F. ) ;
#1689 = DIRECTION ( 'NONE',  ( -1.000000000000000000, 0.000000000000000000, 0.000000000000000000 ) ) ;
#1690 = CARTESIAN_POINT ( 'NONE',  ( -104.9937186631698154, -6.522015325445541301, -2.840000000000014513 ) ) ;
#1691 = CARTESIAN_POINT ( 'NONE',  ( -29.44787730829065708, -8.733229789092574080, -0.7981160587576157095 ) ) ;
#1692 = MECHANICAL_DESIGN_GEOMETRIC_PRESENTATION_REPRESENTATION (  '', ( #48 ), #963 ) ;
#1693 = ORIENTED_EDGE ( 'NONE', *, *, #514, .T. ) ;
#1694 = MECHANICAL_DESIGN_GEOMETRIC_PRESENTATION_REPRESENTATION (  '', ( #3541 ), #2289 ) ;
#1695 = FILL_AREA_STYLE ('',( #2537 ) ) ;
#1696 = LINE ( 'NONE', #901, #4644 ) ;
#1697 = FACE_OUTER_BOUND ( 'NONE', #698, .T. ) ;
#1698 = EDGE_CURVE ( 'NONE', #1304, #4201, #5116, .T. ) ;
#1699 = FILL_AREA_STYLE ('',( #3773 ) ) ;
#1700 = COLOUR_RGB ( '',1.000000000000000000, 0.000000000000000000, 0.000000000000000000 ) ;
#1701 = ORIENTED_EDGE ( 'NONE', *, *, #3260, .T. ) ;
#1702 = CARTESIAN_POINT ( 'NONE',  ( -56.57183942459636938, -8.693336461713546015, -1.734010598473871845 ) ) ;
#1703 = CARTESIAN_POINT ( 'NONE',  ( -50.92033236840464383, -29.49996781371316601, -0.2837820536735796151 ) ) ;
#1704 = CARTESIAN_POINT ( 'NONE',  ( -25.35911656719053653, -12.21374625103398515, -2.498423799973588100 ) ) ;
#1705 = CARTESIAN_POINT ( 'NONE',  ( -66.18952890163463110, -25.63269603006282438, -4.429735321160736206 ) ) ;
#1706 = UNCERTAINTY_MEASURE_WITH_UNIT (LENGTH_MEASURE( 1.000000000000000082E-05 ), #1821, 'distance_accuracy_value', 'NONE');
#1707 = ORIENTED_EDGE ( 'NONE', *, *, #707, .F. ) ;
#1708 = PLANE ( 'NONE',  #4065 ) ;
#1709 = PLANE ( 'NONE',  #3052 ) ;
#1710 = CARTESIAN_POINT ( 'NONE',  ( -59.03065714388651486, -27.69967689357201124, -2.001623517516377682 ) ) ;
#1711 =( BOUNDED_CURVE ( )  B_SPLINE_CURVE ( 3, ( #1352, #2136, #3729, #3358 ),
 .UNSPECIFIED., .F., .T. ) 
 B_SPLINE_CURVE_WITH_KNOTS ( ( 4, 4 ),
 ( 4.712388980384689674, 6.283185307179585344 ),
 .UNSPECIFIED. ) 
 CURVE ( )  GEOMETRIC_REPRESENTATION_ITEM ( )  RATIONAL_B_SPLINE_CURVE ( ( 1.000000000000000000, 0.8047378541243649375, 0.8047378541243649375, 1.000000000000000000 ) ) 
 REPRESENTATION_ITEM ( '' )  );
#1712 = SURFACE_SIDE_STYLE ('',( #4513 ) ) ;
#1713 = ORIENTED_EDGE ( 'NONE', *, *, #1830, .T. ) ;
#1714 = CYLINDRICAL_SURFACE ( 'NONE', #2018, 0.9999999999999993339 ) ;
#1715 = EDGE_CURVE ( 'NONE', #3580, #3361, #2959, .T. ) ;
#1716 = SURFACE_STYLE_FILL_AREA ( #954 ) ;
#1717 =( NAMED_UNIT ( * ) SI_UNIT ( $, .STERADIAN. ) SOLID_ANGLE_UNIT ( ) );
#1718 = CARTESIAN_POINT ( 'NONE',  ( -29.35656882191347705, -8.570871772023481938, -0.8294370943436717436 ) ) ;
#1719 = ORIENTED_EDGE ( 'NONE', *, *, #2405, .F. ) ;
#1720 = EDGE_CURVE ( 'NONE', #1396, #4520, #3521, .T. ) ;
#1721 = COLOUR_RGB ( '',1.000000000000000000, 0.000000000000000000, 0.000000000000000000 ) ;
#1722 = CARTESIAN_POINT ( 'NONE',  ( -55.63087046444222494, -10.46693668163349678, -1.440711019369539381 ) ) ;
#1723 = FILL_AREA_STYLE ('',( #4088 ) ) ;
#1724 = MECHANICAL_DESIGN_GEOMETRIC_PRESENTATION_REPRESENTATION (  '', ( #344 ), #4640 ) ;
#1725 = UNCERTAINTY_MEASURE_WITH_UNIT (LENGTH_MEASURE( 1.000000000000000082E-05 ), #2950, 'distance_accuracy_value', 'NONE');
#1726 = FACE_OUTER_BOUND ( 'NONE', #566, .T. ) ;
#1727 = EDGE_CURVE ( 'NONE', #1038, #3869, #4388, .T. ) ;
#1728 = PRESENTATION_LAYER_ASSIGNMENT (  '', '', ( #4399 ) ) ;
#1729 = ORIENTED_EDGE ( 'NONE', *, *, #452, .F. ) ;
#1730 = CARTESIAN_POINT ( 'NONE',  ( -56.42399866883769022, -7.822311029794772885, -1.689260723146641219 ) ) ;
#1731 = CARTESIAN_POINT ( 'NONE',  ( -84.18315961064274688, -0.04217371477884752917, 5.966350041429635098 ) ) ;
#1732 = AXIS2_PLACEMENT_3D ( 'NONE', #3445, #4203, #5030 ) ;
#1733 =( NAMED_UNIT ( * ) SI_UNIT ( $, .STERADIAN. ) SOLID_ANGLE_UNIT ( ) );
#1734 = VECTOR ( 'NONE', #4499, 1000.000000000000114 ) ;
#1735 = VECTOR ( 'NONE', #4996, 1000.000000000000000 ) ;
#1736 = ORIENTED_EDGE ( 'NONE', *, *, #3651, .T. ) ;
#1737 = CARTESIAN_POINT ( 'NONE',  ( -29.91421356237311002, -30.00000000000000000, -0.7920526160323791975 ) ) ;
#1738 = CARTESIAN_POINT ( 'NONE',  ( -60.75920293483829226, -12.12012548925729583, -2.939803255704030782 ) ) ;
#1739 = AXIS2_PLACEMENT_3D ( 'NONE', #2278, #5039, #2632 ) ;
#1740 = CARTESIAN_POINT ( 'NONE',  ( -61.73207091173394900, -9.639933337220117693, -3.471824081959429265 ) ) ;
#1741 = LINE ( 'NONE', #152, #2929 ) ;
#1742 = PRESENTATION_STYLE_ASSIGNMENT (( #3730 ) ) ;
#1743 = AXIS2_PLACEMENT_3D ( 'NONE', #1665, #3688, #555 ) ;
#1744 = ORIENTED_EDGE ( 'NONE', *, *, #4495, .F. ) ;
#1745 = FACE_OUTER_BOUND ( 'NONE', #917, .T. ) ;
#1746 = PLANE ( 'NONE',  #3921 ) ;
#1747 = SURFACE_STYLE_FILL_AREA ( #104 ) ;
#1748 = CARTESIAN_POINT ( 'NONE',  ( -61.74134256253672248, -10.26647157093918317, -3.477100241476207110 ) ) ;
#1749 = CARTESIAN_POINT ( 'NONE',  ( -24.82713117639596589, -8.304742095037850547, -2.766108859726338132 ) ) ;
#1750 = VECTOR ( 'NONE', #1298, 1000.000000000000114 ) ;
#1751 = ORIENTED_EDGE ( 'NONE', *, *, #2421, .F. ) ;
#1752 = SURFACE_STYLE_USAGE ( .BOTH. , #4931 ) ;
#1753 = CIRCLE ( 'NONE', #2672, 1.000000000000000888 ) ;
#1754 = SURFACE_SIDE_STYLE ('',( #2460 ) ) ;
#1755 = FACE_OUTER_BOUND ( 'NONE', #2742, .T. ) ;
#1756 = DIRECTION ( 'NONE',  ( -0.000000000000000000, -1.000000000000000000, -0.000000000000000000 ) ) ;
#1757 = EDGE_CURVE ( 'NONE', #3495, #2213, #4039, .T. ) ;
#1758 =( GEOMETRIC_REPRESENTATION_CONTEXT ( 3 ) GLOBAL_UNCERTAINTY_ASSIGNED_CONTEXT ( ( #3515 ) ) GLOBAL_UNIT_ASSIGNED_CONTEXT ( ( #802, #4666, #1940 ) ) REPRESENTATION_CONTEXT ( 'NONE', 'WORKASPACE' ) );
#1759 = ORIENTED_EDGE ( 'NONE', *, *, #1865, .T. ) ;
#1760 = CARTESIAN_POINT ( 'NONE',  ( -58.30705398401613593, -7.332867702401117960, -1.765730476797158666 ) ) ;
#1761 = SURFACE_STYLE_USAGE ( .BOTH. , #1346 ) ;
#1762 = CARTESIAN_POINT ( 'NONE',  ( -53.25434525428259036, -28.81713385798938276, -0.7747696933704057987 ) ) ;
#1763 = ORIENTED_EDGE ( 'NONE', *, *, #4027, .F. ) ;
#1764 = CARTESIAN_POINT ( 'NONE',  ( -29.92552333113817653, -29.48333094241415253, -1.309482648090705137 ) ) ;
#1765 = SURFACE_SIDE_STYLE ('',( #995 ) ) ;
#1766 = DIRECTION ( 'NONE',  ( 0.000000000000000000, 1.000000000000000000, 0.000000000000000000 ) ) ;
#1767 = CARTESIAN_POINT ( 'NONE',  ( -90.03251860178441746, -18.23797144884144217, 5.047867992282160543 ) ) ;
#1768 = VERTEX_POINT ( 'NONE', #7 ) ;
#1769 = DIRECTION ( 'NONE',  ( -1.000000000000000000, 0.000000000000000000, 0.000000000000000000 ) ) ;
#1770 = CARTESIAN_POINT ( 'NONE',  ( -60.99381341247307375, -11.90575492177195649, -3.448685488386122433 ) ) ;
#1771 = CARTESIAN_POINT ( 'NONE',  ( -1.103675098334374545E-16, 0.000000000000000000, 1.999999999999997335 ) ) ;
#1772 = DIRECTION ( 'NONE',  ( -5.772398745160936264E-17, -0.7071067811865476838, 0.7071067811865473507 ) ) ;
#1773 = SURFACE_STYLE_USAGE ( .BOTH. , #4226 ) ;
#1774 = CARTESIAN_POINT ( 'NONE',  ( -29.48668445386259407, -8.810021963061561934, -1.436469401795341438 ) ) ;
#1775 = B_SPLINE_CURVE_WITH_KNOTS ( 'NONE', 1,
 ( #2286, #3003 ),
 .UNSPECIFIED., .F., .F.,
 ( 2, 2 ),
 ( 0.000000000000000000, 1.000000000000000000 ),
 .UNSPECIFIED. ) ;
#1776 = VERTEX_POINT ( 'NONE', #3571 ) ;
#1777 = CARTESIAN_POINT ( 'NONE',  ( -88.28459187040625977, -0.8635652215407130239, -4.466567690969307058 ) ) ;
#1778 = CARTESIAN_POINT ( 'NONE',  ( -88.04057665540382516, -18.55079770816364260, -4.463122177474561525 ) ) ;
#1779 = UNCERTAINTY_MEASURE_WITH_UNIT (LENGTH_MEASURE( 1.000000000000000082E-05 ), #5018, 'distance_accuracy_value', 'NONE');
#1780 = CARTESIAN_POINT ( 'NONE',  ( -23.99999999999999289, 0.000000000000000000, 1.999999999999995781 ) ) ;
#1781 = CARTESIAN_POINT ( 'NONE',  ( -50.30126715421037886, -29.47891314261056195, 8.999999999999994671 ) ) ;
#1782 = ORIENTED_EDGE ( 'NONE', *, *, #2390, .T. ) ;
#1783 = COLOUR_RGB ( '',1.000000000000000000, 0.000000000000000000, 0.000000000000000000 ) ;
#1784 = CARTESIAN_POINT ( 'NONE',  ( -59.69018021115215333, -7.332299305608778184, -2.399279424782425174 ) ) ;
#1785 = EDGE_CURVE ( 'NONE', #4071, #1597, #4790, .T. ) ;
#1786 = CARTESIAN_POINT ( 'NONE',  ( -64.15000000000000568, 0.000000000000000000, 8.476950261936984532 ) ) ;
#1787 = UNCERTAINTY_MEASURE_WITH_UNIT (LENGTH_MEASURE( 1.000000000000000082E-05 ), #4539, 'distance_accuracy_value', 'NONE');
#1788 = ORIENTED_EDGE ( 'NONE', *, *, #1889, .F. ) ;
#1789 = SURFACE_STYLE_FILL_AREA ( #3782 ) ;
#1790 = EDGE_CURVE ( 'NONE', #2520, #4413, #1960, .T. ) ;
#1791 = EDGE_CURVE ( 'NONE', #1884, #2758, #1626, .T. ) ;
#1792 = EDGE_LOOP ( 'NONE', ( #5047, #3141, #4789, #2701 ) ) ;
#1793 = DIRECTION ( 'NONE',  ( -0.9952952831612036366, 0.000000000000000000, 0.09688807623778855627 ) ) ;
#1794 = CARTESIAN_POINT ( 'NONE',  ( -56.65312907488245742, -11.44512082345473480, -1.101364452957175111 ) ) ;
#1795 = SURFACE_SIDE_STYLE ('',( #4590 ) ) ;
#1796 = CARTESIAN_POINT ( 'NONE',  ( -88.27292007186075296, -0.9748985136081107505, -3.956817709219616841 ) ) ;
#1797 = ORIENTED_EDGE ( 'NONE', *, *, #4127, .F. ) ;
#1798 = DIRECTION ( 'NONE',  ( 0.04465022602553143233, 0.7064015703960001558, -0.7064015703959991566 ) ) ;
#1799 =( NAMED_UNIT ( * ) PLANE_ANGLE_UNIT ( ) SI_UNIT ( $, .RADIAN. ) );
#1800 =( NAMED_UNIT ( * ) SI_UNIT ( $, .STERADIAN. ) SOLID_ANGLE_UNIT ( ) );
#1801 = CARTESIAN_POINT ( 'NONE',  ( -24.54989642596543575, -11.26206115224949045, -2.910045256674560044 ) ) ;
#1802 = CARTESIAN_POINT ( 'NONE',  ( -22.00000000000000000, -13.34999999999999964, 8.999999999999996447 ) ) ;
#1803 = MECHANICAL_DESIGN_GEOMETRIC_PRESENTATION_REPRESENTATION (  '', ( #1982 ), #4638 ) ;
#1804 = CARTESIAN_POINT ( 'NONE',  ( -64.27560847710920200, -26.20407088451751321, -4.426297099382605182 ) ) ;
#1805 = CARTESIAN_POINT ( 'NONE',  ( -23.99999999999999645, -15.34999999999999787, 8.999999999999996447 ) ) ;
#1806 = CIRCLE ( 'NONE', #4724, 2.500000000000000000 ) ;
#1807 = ORIENTED_EDGE ( 'NONE', *, *, #3322, .T. ) ;
#1808 = VECTOR ( 'NONE', #3998, 1000.000000000000000 ) ;
#1809 = CARTESIAN_POINT ( 'NONE',  ( -59.00000000000000000, -10.00000000000000000, 2.000000000000000000 ) ) ;
#1810 = FILL_AREA_STYLE ('',( #2544 ) ) ;
#1811 = FILL_AREA_STYLE_COLOUR ( '', #4991 ) ;
#1812 = COLOUR_RGB ( '',1.000000000000000000, 0.000000000000000000, 0.000000000000000000 ) ;
#1813 = MECHANICAL_DESIGN_GEOMETRIC_PRESENTATION_REPRESENTATION (  '', ( #2231 ), #1492 ) ;
#1814 = MECHANICAL_DESIGN_GEOMETRIC_PRESENTATION_REPRESENTATION (  '', ( #3 ), #4571 ) ;
#1815 = VERTEX_POINT ( 'NONE', #486 ) ;
#1816 = CARTESIAN_POINT ( 'NONE',  ( -26.11685459921496388, -6.922855039226876173, -2.610508373998795761 ) ) ;
#1817 = FACE_OUTER_BOUND ( 'NONE', #3645, .T. ) ;
#1818 = CARTESIAN_POINT ( 'NONE',  ( -30.32310368922825106, -10.63600990913604605, -1.195181419792731958 ) ) ;
#1819 = PRESENTATION_LAYER_ASSIGNMENT (  '', '', ( #1161 ) ) ;
#1820 = ADVANCED_FACE ( 'NONE', ( #2774 ), #144, .T. ) ;
#1821 =( LENGTH_UNIT ( ) NAMED_UNIT ( * ) SI_UNIT ( .MILLI., .METRE. ) );
#1822 = EDGE_LOOP ( 'NONE', ( #1514, #4021, #1929, #5020, #2830 ) ) ;
#1823 =( NAMED_UNIT ( * ) PLANE_ANGLE_UNIT ( ) SI_UNIT ( $, .RADIAN. ) );
#1824 = VECTOR ( 'NONE', #1977, 1000.000000000000000 ) ;
#1825 = CARTESIAN_POINT ( 'NONE',  ( -59.09066065227938225, -13.24491378096613481, -2.646461445579404881 ) ) ;
#1826 = AXIS2_PLACEMENT_3D ( 'NONE', #1261, #2118, #532 ) ;
#1827 = SURFACE_STYLE_FILL_AREA ( #3116 ) ;
#1828 = FILL_AREA_STYLE ('',( #2193 ) ) ;
#1829 = SURFACE_STYLE_FILL_AREA ( #3849 ) ;
#1830 = EDGE_CURVE ( 'NONE', #4413, #4882, #1806, .T. ) ;
#1831 = AXIS2_PLACEMENT_3D ( 'NONE', #4174, #5003, #3868 ) ;
#1832 = ORIENTED_EDGE ( 'NONE', *, *, #3415, .T. ) ;
#1833 = PLANE ( 'NONE',  #2009 ) ;
#1834 = SURFACE_STYLE_FILL_AREA ( #1500 ) ;
#1835 = CARTESIAN_POINT ( 'NONE',  ( -84.52516014207039063, -0.5000000000000073275, -2.805014361191660921 ) ) ;
#1836 = CARTESIAN_POINT ( 'NONE',  ( -61.59299221987600959, -10.93692810118728431, -3.722935266269418175 ) ) ;
#1837 = CARTESIAN_POINT ( 'NONE',  ( -28.55842129072707181, -12.93915119415523840, -1.732569249864051253 ) ) ;
#1838 = DIRECTION ( 'NONE',  ( 5.795414670865084524E-17, -0.7042760916722607956, -0.7099261839789015038 ) ) ;
#1839 = VECTOR ( 'NONE', #3877, 1000.000000000000000 ) ;
#1840 = CARTESIAN_POINT ( 'NONE',  ( -25.08016709282689050, -12.47745538759544104, -3.032521838418580806 ) ) ;
#1841 = ORIENTED_EDGE ( 'NONE', *, *, #5124, .T. ) ;
#1842 = CARTESIAN_POINT ( 'NONE',  ( -78.03767541320083012, -21.99438697788418651, -0.9691185306298136792 ) ) ;
#1843 = FACE_BOUND ( 'NONE', #320, .T. ) ;
#1844 = CIRCLE ( 'NONE', #541, 20.50000000000000711 ) ;
#1845 = B_SPLINE_CURVE_WITH_KNOTS ( 'NONE', 1,
 ( #3524, #1539 ),
 .UNSPECIFIED., .F., .F.,
 ( 2, 2 ),
 ( 0.000000000000000000, 1.000000000000000000 ),
 .UNSPECIFIED. ) ;
#1846 = MECHANICAL_DESIGN_GEOMETRIC_PRESENTATION_REPRESENTATION (  '', ( #3343 ), #5009 ) ;
#1847 = ORIENTED_EDGE ( 'NONE', *, *, #3091, .T. ) ;
#1848 = CARTESIAN_POINT ( 'NONE',  ( -26.34321958308463607, -26.84321958308462897, -1.827555117131961504 ) ) ;
#1849 = DIRECTION ( 'NONE',  ( 0.5773502691896257311, 0.5773502691896257311, 0.5773502691896257311 ) ) ;
#1850 = CARTESIAN_POINT ( 'NONE',  ( -23.99999999999999645, -6.649999999999999467, 8.499999999999994671 ) ) ;
#1851 = CARTESIAN_POINT ( 'NONE',  ( -61.86131591956307574, -26.30855691748945091, -3.834417971998067554 ) ) ;
#1852 = CARTESIAN_POINT ( 'NONE',  ( -29.20482460245290213, -11.65276485377553861, -0.8823221971515932127 ) ) ;
#1853 = ORIENTED_EDGE ( 'NONE', *, *, #3348, .T. ) ;
#1854 = CARTESIAN_POINT ( 'NONE',  ( -59.74271776275377732, -12.65346819560542357, -2.424796721708572633 ) ) ;
#1855 = SURFACE_STYLE_USAGE ( .BOTH. , #682 ) ;
#1856 = CARTESIAN_POINT ( 'NONE',  ( -64.31185225510452597, -26.19381644893907435, -4.445822818419224554 ) ) ;
#1857 = EDGE_CURVE ( 'NONE', #4532, #3911, #3910, .T. ) ;
#1858 = FILL_AREA_STYLE ('',( #1080 ) ) ;
#1859 = CARTESIAN_POINT ( 'NONE',  ( -24.29244198179857506, -8.537872468953422000, -3.373638421211857974 ) ) ;
#1860 = EDGE_CURVE ( 'NONE', #4588, #2942, #1530, .T. ) ;
#1861 = EDGE_LOOP ( 'NONE', ( #4196, #3627, #1365, #4631 ) ) ;
#1862 = FILL_AREA_STYLE ('',( #346 ) ) ;
#1863 = DIRECTION ( 'NONE',  ( -0.4047047632395472383, 0.000000000000000000, 0.9144474039611146798 ) ) ;
#1864 = CARTESIAN_POINT ( 'NONE',  ( -84.80231539006084063, -6.468874472706707111E-05, -2.352267153110324749 ) ) ;
#1865 = EDGE_CURVE ( 'NONE', #519, #3418, #2475, .T. ) ;
#1866 =( NAMED_UNIT ( * ) PLANE_ANGLE_UNIT ( ) SI_UNIT ( $, .RADIAN. ) );
#1867 = DIRECTION ( 'NONE',  ( -1.000000000000000000, 0.000000000000000000, 0.000000000000000000 ) ) ;
#1868 = CARTESIAN_POINT ( 'NONE',  ( -28.64507903106018105, -12.21093181325293031, -1.084004108351548146 ) ) ;
#1869 = SURFACE_STYLE_FILL_AREA ( #1894 ) ;
#1870 = SURFACE_STYLE_FILL_AREA ( #696 ) ;
#1871 = CARTESIAN_POINT ( 'NONE',  ( -27.36458450419110733, -13.25077821564411806, -2.141905262890497319 ) ) ;
#1872 = ORIENTED_EDGE ( 'NONE', *, *, #4949, .T. ) ;
#1873 = EDGE_CURVE ( 'NONE', #3187, #964, #700, .T. ) ;
#1874 = CARTESIAN_POINT ( 'NONE',  ( -67.86785610559881832, -25.10156421105931912, -3.397531454028062115 ) ) ;
#1875 = SURFACE_STYLE_FILL_AREA ( #4241 ) ;
#1876 =( NAMED_UNIT ( * ) SI_UNIT ( $, .STERADIAN. ) SOLID_ANGLE_UNIT ( ) );
#1877 = B_SPLINE_SURFACE_WITH_KNOTS ( 'NONE', 1, 3, ( 
 ( #3176, #1101, #3652, #4576, #1657, #1009 ),
 ( #4841, #2441, #2080, #1217, #614, #867 ) ),
 .UNSPECIFIED., .F., .F., .F.,
 ( 2, 2 ),
 ( 4, 2, 4 ),
 ( 0.000000000000000000, 1.000000000000000000 ),
 ( 0.9353182594747972978, 1.253057293134845374, 1.570796326794893671 ),
 .UNSPECIFIED. ) ;
#1878 = AXIS2_PLACEMENT_3D ( 'NONE', #2297, #342, #4697 ) ;
#1879 = ORIENTED_EDGE ( 'NONE', *, *, #3844, .T. ) ;
#1880 = LINE ( 'NONE', #3115, #673 ) ;
#1881 = PRESENTATION_STYLE_ASSIGNMENT (( #2186 ) ) ;
#1882 = DIRECTION ( 'NONE',  ( -1.000000000000000000, 0.000000000000000000, 0.000000000000000000 ) ) ;
#1883 = CARTESIAN_POINT ( 'NONE',  ( -52.38889434445707849, -29.62506945717472817, -0.01438234589899754778 ) ) ;
#1884 = VERTEX_POINT ( 'NONE', #750 ) ;
#1885 = CARTESIAN_POINT ( 'NONE',  ( -60.93890635447529291, -12.45216782245748988, -3.424847535534822907 ) ) ;
#1886 = CARTESIAN_POINT ( 'NONE',  ( -29.70348808198004420, -29.35355339059327306, -1.375047555394534049 ) ) ;
#1887 = DIRECTION ( 'NONE',  ( -0.7071067811865482389, -0.7071067811865469066, -5.772398745160943660E-17 ) ) ;
#1888 = ORIENTED_EDGE ( 'NONE', *, *, #1188, .T. ) ;
#1889 = EDGE_CURVE ( 'NONE', #2270, #2122, #280, .T. ) ;
#1890 = DIRECTION ( 'NONE',  ( -0.000000000000000000, -1.000000000000000000, -0.000000000000000000 ) ) ;
#1891 = PRESENTATION_STYLE_ASSIGNMENT (( #4621 ) ) ;
#1892 =( LENGTH_UNIT ( ) NAMED_UNIT ( * ) SI_UNIT ( .MILLI., .METRE. ) );
#1893 = CARTESIAN_POINT ( 'NONE',  ( -27.85273575089431830, -12.62597676146473269, -1.969973229155483674 ) ) ;
#1894 = FILL_AREA_STYLE ('',( #301 ) ) ;
#1895 = CARTESIAN_POINT ( 'NONE',  ( -55.96750774184849320, -11.51511578692349147, -1.544284782791395472 ) ) ;
#1896 = EDGE_CURVE ( 'NONE', #475, #1304, #2459, .T. ) ;
#1897 = CARTESIAN_POINT ( 'NONE',  ( -23.95776596341831066, -10.23401482524366379, -3.524015629809286398 ) ) ;
#1898 = EDGE_LOOP ( 'NONE', ( #4611, #2493, #726, #4155 ) ) ;
#1899 = SURFACE_STYLE_FILL_AREA ( #332 ) ;
#1900 = CARTESIAN_POINT ( 'NONE',  ( -22.53553390593273065, -4.150000000000000355, 1.999999999999995781 ) ) ;
#1901 = EDGE_CURVE ( 'NONE', #5120, #2711, #1775, .T. ) ;
#1902 = UNCERTAINTY_MEASURE_WITH_UNIT (LENGTH_MEASURE( 1.000000000000000082E-05 ), #4522, 'distance_accuracy_value', 'NONE');
#1903 = ORIENTED_EDGE ( 'NONE', *, *, #4634, .T. ) ;
#1904 = CARTESIAN_POINT ( 'NONE',  ( -29.54495454362175977, -7.798372242195751980, -1.422318788510042342 ) ) ;
#1905 = PRESENTATION_LAYER_ASSIGNMENT (  '', '', ( #4145 ) ) ;
#1906 =( NAMED_UNIT ( * ) PLANE_ANGLE_UNIT ( ) SI_UNIT ( $, .RADIAN. ) );
#1907 = MECHANICAL_DESIGN_GEOMETRIC_PRESENTATION_REPRESENTATION (  '', ( #1314 ), #4146 ) ;
#1908 = CARTESIAN_POINT ( 'NONE',  ( -66.19294948573151771, -25.16772420074470062, -4.929247520589181697 ) ) ;
#1909 = CARTESIAN_POINT ( 'NONE',  ( -53.25434525428259036, -28.81713385798938276, -0.7747696933704057987 ) ) ;
#1910 = STYLED_ITEM ( 'NONE', ( #3818 ), #3169 ) ;
#1911 = CARTESIAN_POINT ( 'NONE',  ( -25.93475831171308954, -12.54052586937170943, -2.221449732914130060 ) ) ;
#1912 = PRESENTATION_LAYER_ASSIGNMENT (  '', '', ( #3491 ) ) ;
#1913 = ORIENTED_EDGE ( 'NONE', *, *, #2926, .T. ) ;
#1914 = DIRECTION ( 'NONE',  ( 0.2859959951305290349, 0.9578262852211514300, -0.02784058384351938489 ) ) ;
#1915 = CONICAL_SURFACE ( 'NONE', #358, 0.4999999999999926170, 0.7853981633974482790 ) ;
#1916 = LINE ( 'NONE', #5064, #1202 ) ;
#1917 = EDGE_LOOP ( 'NONE', ( #3988, #2471, #2226, #4365, #2870 ) ) ;
#1918 =( LENGTH_UNIT ( ) NAMED_UNIT ( * ) SI_UNIT ( .MILLI., .METRE. ) );
#1919 = PRESENTATION_LAYER_ASSIGNMENT (  '', '', ( #3920 ) ) ;
#1920 =( GEOMETRIC_REPRESENTATION_CONTEXT ( 3 ) GLOBAL_UNCERTAINTY_ASSIGNED_CONTEXT ( ( #2006 ) ) GLOBAL_UNIT_ASSIGNED_CONTEXT ( ( #967, #364, #1876 ) ) REPRESENTATION_CONTEXT ( 'NONE', 'WORKASPACE' ) );
#1921 = CARTESIAN_POINT ( 'NONE',  ( -86.03265627252419279, -19.07913153207352863, -3.425640671349520883 ) ) ;
#1922 =( LENGTH_UNIT ( ) NAMED_UNIT ( * ) SI_UNIT ( .MILLI., .METRE. ) );
#1923 = DIRECTION ( 'NONE',  ( 0.000000000000000000, 0.000000000000000000, 1.000000000000000000 ) ) ;
#1924 = FACE_OUTER_BOUND ( 'NONE', #4333, .T. ) ;
#1925 = PRESENTATION_STYLE_ASSIGNMENT (( #719 ) ) ;
#1926 = VECTOR ( 'NONE', #1890, 1000.000000000000000 ) ;
#1927 = CARTESIAN_POINT ( 'NONE',  ( -25.49999999999999645, -10.00000000000000000, 2.000000000000000000 ) ) ;
#1928 = CARTESIAN_POINT ( 'NONE',  ( -29.70558466493056571, -12.01034629064360537, -1.374239306181070930 ) ) ;
#1929 = ORIENTED_EDGE ( 'NONE', *, *, #1264, .T. ) ;
#1930 = COLOUR_RGB ( '',1.000000000000000000, 0.000000000000000000, 0.000000000000000000 ) ;
#1931 = UNCERTAINTY_MEASURE_WITH_UNIT (LENGTH_MEASURE( 1.000000000000000082E-05 ), #2342, 'distance_accuracy_value', 'NONE');
#1932 = DIRECTION ( 'NONE',  ( -0.9812909978356393337, -0.1925304588025886776, 0.000000000000000000 ) ) ;
#1933 = DIRECTION ( 'NONE',  ( 0.000000000000000000, 1.000000000000000000, 0.000000000000000000 ) ) ;
#1934 = ADVANCED_FACE ( 'NONE', ( #3404 ), #3067, .F. ) ;
#1935 = VECTOR ( 'NONE', #5108, 1000.000000000000000 ) ;
#1936 = ORIENTED_EDGE ( 'NONE', *, *, #4118, .F. ) ;
#1937 = CARTESIAN_POINT ( 'NONE',  ( -64.28735663206806805, -25.66839761822595278, -5.000011018344108216 ) ) ;
#1938 = AXIS2_PLACEMENT_3D ( 'NONE', #4023, #63, #2087 ) ;
#1939 = FILL_AREA_STYLE ('',( #335 ) ) ;
#1940 =( NAMED_UNIT ( * ) SI_UNIT ( $, .STERADIAN. ) SOLID_ANGLE_UNIT ( ) );
#1941 = CIRCLE ( 'NONE', #4426, 0.4999999999999926170 ) ;
#1942 = VERTEX_POINT ( 'NONE', #478 ) ;
#1943 = ADVANCED_FACE ( 'NONE', ( #1 ), #3139, .F. ) ;
#1944 = CARTESIAN_POINT ( 'NONE',  ( -22.76628868220421609, -22.33927399748661102, -4.058611825289031749 ) ) ;
#1945 = CARTESIAN_POINT ( 'NONE',  ( -21.49999999999999289, -0.05752163434241674977, -4.231159986743374013 ) ) ;
#1946 = CARTESIAN_POINT ( 'NONE',  ( -88.07430408234874619, -19.08236519502734296, -3.886607534748027337 ) ) ;
#1947 = DIRECTION ( 'NONE',  ( 0.7071067811865469066, -0.7071067811865481278, 3.271025955591194217E-16 ) ) ;
#1948 = SURFACE_STYLE_USAGE ( .BOTH. , #2763 ) ;
#1949 = PRESENTATION_STYLE_ASSIGNMENT (( #325 ) ) ;
#1950 = CARTESIAN_POINT ( 'NONE',  ( -30.21639643529055874, -11.06201282477643488, -1.225384219769083183 ) ) ;
#1951 = CARTESIAN_POINT ( 'NONE',  ( -64.15000000000000568, 0.000000000000000000, -5.236824046301750484E-15 ) ) ;
#1952 = CARTESIAN_POINT ( 'NONE',  ( -24.06884963567664215, -10.87877057056302910, -3.473744041169884333 ) ) ;
#1953 = EDGE_LOOP ( 'NONE', ( #1415, #2290, #4256, #2482 ) ) ;
#1954 = CARTESIAN_POINT ( 'NONE',  ( -69.65224198302371406, -24.08109675744636391, -3.045867415993391170 ) ) ;
#1955 =( NAMED_UNIT ( * ) SI_UNIT ( $, .STERADIAN. ) SOLID_ANGLE_UNIT ( ) );
#1956 = UNCERTAINTY_MEASURE_WITH_UNIT (LENGTH_MEASURE( 1.000000000000000082E-05 ), #1220, 'distance_accuracy_value', 'NONE');
#1957 = EDGE_CURVE ( 'NONE', #3618, #5155, #3390, .T. ) ;
#1958 =( GEOMETRIC_REPRESENTATION_CONTEXT ( 3 ) GLOBAL_UNCERTAINTY_ASSIGNED_CONTEXT ( ( #748 ) ) GLOBAL_UNIT_ASSIGNED_CONTEXT ( ( #1570, #3630, #2014 ) ) REPRESENTATION_CONTEXT ( 'NONE', 'WORKASPACE' ) );
#1959 = ORIENTED_EDGE ( 'NONE', *, *, #4437, .F. ) ;
#1960 = LINE ( 'NONE', #4838, #4639 ) ;
#1961 = UNCERTAINTY_MEASURE_WITH_UNIT (LENGTH_MEASURE( 1.000000000000000082E-05 ), #4374, 'distance_accuracy_value', 'NONE');
#1962 = CARTESIAN_POINT ( 'NONE',  ( -24.27243150448839515, -9.637876702401038997, -3.057198843885772899 ) ) ;
#1963 =( BOUNDED_SURFACE ( )  B_SPLINE_SURFACE ( 3, 2, ( 
 ( #2717, #2358, #4270 ),
 ( #768, #4680, #3966 ),
 ( #721, #2693, #2282 ),
 ( #3886, #2039, #4296 ),
 ( #3631, #1635, #328 ),
 ( #1895, #3083, #745 ),
 ( #2306, #3872, #1794 ),
 ( #4589, #2579, #2243 ),
 ( #4222, #2955, #5006 ),
 ( #1463, #2554, #654 ),
 ( #2662, #604, #3012 ),
 ( #4148, #4950, #4563 ),
 ( #711, #4178, #2215 ),
 ( #3848, #238, #3815 ),
 ( #1052, #290, #3363 ),
 ( #4976, #316, #3387 ),
 ( #212, #2626, #263 ),
 ( #1825, #681, #3420 ),
 ( #3444, #5029, #2165 ),
 ( #4637, #1025, #1854 ),
 ( #3039, #1002, #631 ),
 ( #1439, #1408, #4258 ),
 ( #2604, #1076, #3764 ),
 ( #2192, #3788, #2272 ),
 ( #1885, #4612, #2986 ),
 ( #3469, #1770, #5061 ),
 ( #1378, #4202, #1490 ),
 ( #3072, #4671, #2280 ),
 ( #2220, #4267, #3532 ),
 ( #2668, #1836, #383 ),
 ( #4678, #2692, #3826 ),
 ( #4600, #3045, #2304 ) ),
 .UNSPECIFIED., .F., .F., .T. ) 
 B_SPLINE_SURFACE_WITH_KNOTS ( ( 4, 2, 2, 2, 2, 2, 2, 2, 2, 2, 2, 2, 2, 2, 2, 4 ),
 ( 3, 3 ),
 ( 0.01053141648144873682, 0.01184784354162982979, 0.01250605707172037714, 0.01316427060181092276, 0.01382248413190146838, 0.01448069766199201573, 0.01513891119208256308, 0.01579712472217310870, 0.01645533825226365432, 0.01711355178235419994, 0.01777176531244474555, 0.01842997884253529117, 0.01908819237262583679, 0.01974640590271638241, 0.02040461943280692803, 0.02106283296289747711 ),
 ( 0.000000000000000000, 1.000000000000000000 ),
 .UNSPECIFIED. ) 
 GEOMETRIC_REPRESENTATION_ITEM ( )  RATIONAL_B_SPLINE_SURFACE ( (
 ( 1.000000000000000000, 0.5975696426974586029, 1.000000000000000000),
 ( 1.000000000000000000, 0.5951634329705201010, 1.000000000000000000),
 ( 1.000000000000000000, 0.5952549865172990229, 1.000000000000000000),
 ( 1.000000000000000000, 0.5992986854770080418, 1.000000000000000000),
 ( 1.000000000000000000, 0.6012619093243453117, 1.000000000000000000),
 ( 1.000000000000000000, 0.6064552124500911523, 1.000000000000000000),
 ( 1.000000000000000000, 0.6097356019223149071, 1.000000000000000000),
 ( 1.000000000000000000, 0.6174601345366202976, 1.000000000000000000),
 ( 1.000000000000000000, 0.6219034087245220999, 1.000000000000000000),
 ( 1.000000000000000000, 0.6320655323754436061, 1.000000000000000000),
 ( 1.000000000000000000, 0.6377431467498944073, 1.000000000000000000),
 ( 1.000000000000000000, 0.6499932900525047241, 1.000000000000000000),
 ( 1.000000000000000000, 0.6566592300653143477, 1.000000000000000000),
 ( 1.000000000000000000, 0.6708351228150609691, 1.000000000000000000),
 ( 1.000000000000000000, 0.6782329902527263199, 1.000000000000000000),
 ( 1.000000000000000000, 0.6936296256778796687, 1.000000000000000000),
 ( 1.000000000000000000, 0.7017071045243035154, 1.000000000000000000),
 ( 1.000000000000000000, 0.7179347193020038098, 1.000000000000000000),
 ( 1.000000000000000000, 0.7261070374506539693, 1.000000000000000000),
 ( 1.000000000000000000, 0.7425194133400045970, 1.000000000000000000),
 ( 1.000000000000000000, 0.7508062637119858884, 1.000000000000000000),
 ( 1.000000000000000000, 0.7667646170223330060, 1.000000000000000000),
 ( 1.000000000000000000, 0.7745100026774152102, 1.000000000000000000),
 ( 1.000000000000000000, 0.7894479455416516522, 1.000000000000000000),
 ( 1.000000000000000000, 0.7966461535066829969, 1.000000000000000000),
 ( 1.000000000000000000, 0.8097629561162650313, 1.000000000000000000),
 ( 1.000000000000000000, 0.8157686824274074100, 1.000000000000000000),
 ( 1.000000000000000000, 0.8265287272616220760, 1.000000000000000000),
 ( 1.000000000000000000, 0.8312264809363529849, 1.000000000000000000),
 ( 1.000000000000000000, 0.8387638241699921782, 1.000000000000000000),
 ( 1.000000000000000000, 0.8416705535920764314, 1.000000000000000000),
 ( 1.000000000000000000, 0.8436272063283519751, 1.000000000000000000) ) ) 
 REPRESENTATION_ITEM ( '' )  SURFACE ( )  );
#1964 = FACE_OUTER_BOUND ( 'NONE', #2749, .T. ) ;
#1965 = VERTEX_POINT ( 'NONE', #2408 ) ;
#1966 = STYLED_ITEM ( 'NONE', ( #3349 ), #4872 ) ;
#1967 = CARTESIAN_POINT ( 'NONE',  ( -29.68755126791272048, -29.97451404173849099, -0.8249931213656699347 ) ) ;
#1968 =( NAMED_UNIT ( * ) PLANE_ANGLE_UNIT ( ) SI_UNIT ( $, .RADIAN. ) );
#1969 = EDGE_CURVE ( 'NONE', #2942, #4520, #2941, .T. ) ;
#1970 = CARTESIAN_POINT ( 'NONE',  ( -88.22005048367475410, -1.475878246280176720, -4.471273422369572259 ) ) ;
#1971 = EDGE_CURVE ( 'NONE', #577, #3418, #3903, .T. ) ;
#1972 = FILL_AREA_STYLE_COLOUR ( '', #834 ) ;
#1973 = FILL_AREA_STYLE_COLOUR ( '', #3306 ) ;
#1974 = CARTESIAN_POINT ( 'NONE',  ( -29.65185262345790207, -9.248607790902058312, -0.7290433816137036338 ) ) ;
#1975 = ORIENTED_EDGE ( 'NONE', *, *, #372, .F. ) ;
#1976 = CARTESIAN_POINT ( 'NONE',  ( -56.27143898582520620, -9.645881265281390782, -0.9620611886770685794 ) ) ;
#1977 = DIRECTION ( 'NONE',  ( -1.000000000000000000, 0.000000000000000000, -8.163404592832032733E-17 ) ) ;
#1978 = B_SPLINE_SURFACE_WITH_KNOTS ( 'NONE', 1, 3, ( 
 ( #5044, #1473, #4525, #2200, #223, #3374 ),
 ( #962, #1386, #3800, #3400, #247, #1804 ) ),
 .UNSPECIFIED., .F., .F., .F.,
 ( 2, 2 ),
 ( 4, 2, 4 ),
 ( 0.000000000000000000, 1.000000000000000000 ),
 ( 1.667836633205770358, 1.914845616277831564, 2.161854599349892769 ),
 .UNSPECIFIED. ) ;
#1979 = VERTEX_POINT ( 'NONE', #835 ) ;
#1980 = CARTESIAN_POINT ( 'NONE',  ( -61.75167223109029635, -10.15919303724133904, -3.482963245604658642 ) ) ;
#1981 =( NAMED_UNIT ( * ) SI_UNIT ( $, .STERADIAN. ) SOLID_ANGLE_UNIT ( ) );
#1982 = STYLED_ITEM ( 'NONE', ( #1616 ), #3811 ) ;
#1983 = CARTESIAN_POINT ( 'NONE',  ( -21.49999999999999645, -20.70000000000002771, -0.5000000000000038858 ) ) ;
#1984 = ORIENTED_EDGE ( 'NONE', *, *, #2783, .F. ) ;
#1985 = CARTESIAN_POINT ( 'NONE',  ( -90.13372251549840541, -17.67373305704873943, 5.640818751586841096 ) ) ;
#1986 =( LENGTH_UNIT ( ) NAMED_UNIT ( * ) SI_UNIT ( .MILLI., .METRE. ) );
#1987 = EDGE_CURVE ( 'NONE', #1396, #1278, #4370, .T. ) ;
#1988 = COLOUR_RGB ( '',1.000000000000000000, 0.000000000000000000, 0.000000000000000000 ) ;
#1989 =( GEOMETRIC_REPRESENTATION_CONTEXT ( 3 ) GLOBAL_UNCERTAINTY_ASSIGNED_CONTEXT ( ( #1531 ) ) GLOBAL_UNIT_ASSIGNED_CONTEXT ( ( #716, #1799, #1085 ) ) REPRESENTATION_CONTEXT ( 'NONE', 'WORKASPACE' ) );
#1990 = COLOUR_RGB ( '',1.000000000000000000, 0.000000000000000000, 0.000000000000000000 ) ;
#1991 = CARTESIAN_POINT ( 'NONE',  ( -21.49999999999999289, -0.01917573112965560364, -4.187891243366538951 ) ) ;
#1992 =( GEOMETRIC_REPRESENTATION_CONTEXT ( 3 ) GLOBAL_UNCERTAINTY_ASSIGNED_CONTEXT ( ( #463 ) ) GLOBAL_UNIT_ASSIGNED_CONTEXT ( ( #2324, #3125, #5122 ) ) REPRESENTATION_CONTEXT ( 'NONE', 'WORKASPACE' ) );
#1993 = VECTOR ( 'NONE', #2043, 1000.000000000000000 ) ;
#1994 = CARTESIAN_POINT ( 'NONE',  ( -21.49999999999999289, -21.99999999999999289, -6.000000000000010658 ) ) ;
#1995 = CARTESIAN_POINT ( 'NONE',  ( -84.67147019778840900, -0.5210868573894342770, -2.861285558542647767 ) ) ;
#1996 = CARTESIAN_POINT ( 'NONE',  ( -50.25452153392686938, -29.49288197281527957, 8.999999999999991118 ) ) ;
#1997 = AXIS2_PLACEMENT_3D ( 'NONE', #4806, #2049, #3566 ) ;
#1998 = ORIENTED_EDGE ( 'NONE', *, *, #3613, .T. ) ;
#1999 = SURFACE_STYLE_FILL_AREA ( #4832 ) ;
#2000 =( LENGTH_UNIT ( ) NAMED_UNIT ( * ) SI_UNIT ( .MILLI., .METRE. ) );
#2001 = B_SPLINE_CURVE_WITH_KNOTS ( 'NONE', 3,
 ( #4353, #2031, #3247, #1212 ),
 .UNSPECIFIED., .F., .F.,
 ( 4, 4 ),
 ( 0.000000000000000000, 1.000000000000000000 ),
 .UNSPECIFIED. ) ;
#2002 = SURFACE_STYLE_USAGE ( .BOTH. , #836 ) ;
#2003 = EDGE_LOOP ( 'NONE', ( #1075, #197, #3787, #2083 ) ) ;
#2004 = CARTESIAN_POINT ( 'NONE',  ( -61.72421923257471832, -9.576199739733885608, -3.784446492323700895 ) ) ;
#2005 = DIRECTION ( 'NONE',  ( 0.000000000000000000, 1.000000000000000000, 0.000000000000000000 ) ) ;
#2006 = UNCERTAINTY_MEASURE_WITH_UNIT (LENGTH_MEASURE( 1.000000000000000082E-05 ), #967, 'distance_accuracy_value', 'NONE');
#2007 = LINE ( 'NONE', #755, #3059 ) ;
#2008 = VECTOR ( 'NONE', #4866, 1000.000000000000000 ) ;
#2009 = AXIS2_PLACEMENT_3D ( 'NONE', #740, #3041, #3529 ) ;
#2010 = ORIENTED_EDGE ( 'NONE', *, *, #1129, .T. ) ;
#2011 = PRESENTATION_STYLE_ASSIGNMENT (( #2370 ) ) ;
#2012 = FACE_OUTER_BOUND ( 'NONE', #1124, .T. ) ;
#2013 = CARTESIAN_POINT ( 'NONE',  ( -64.15000000000000568, -15.84999999999999964, 8.533716037108698416 ) ) ;
#2014 =( NAMED_UNIT ( * ) SI_UNIT ( $, .STERADIAN. ) SOLID_ANGLE_UNIT ( ) );
#2015 = CIRCLE ( 'NONE', #204, 2.750000000000002665 ) ;
#2016 = CARTESIAN_POINT ( 'NONE',  ( -88.28459187040625977, -1.485582296336816155, -4.466567690969307058 ) ) ;
#2017 = EDGE_CURVE ( 'NONE', #4954, #3599, #3595, .T. ) ;
#2018 = AXIS2_PLACEMENT_3D ( 'NONE', #3763, #3814, #1793 ) ;
#2019 = FILL_AREA_STYLE ('',( #1972 ) ) ;
#2020 = PLANE ( 'NONE',  #4332 ) ;
#2021 = CARTESIAN_POINT ( 'NONE',  ( -83.99176922244363652, 2.130510585122628961E-05, 5.969415027836891596 ) ) ;
#2022 = CARTESIAN_POINT ( 'NONE',  ( -66.36358403214866541, -0.5000000000000073275, -4.833333333333341919 ) ) ;
#2023 = ORIENTED_EDGE ( 'NONE', *, *, #3449, .T. ) ;
#2024 = FILL_AREA_STYLE_COLOUR ( '', #3080 ) ;
#2025 = EDGE_CURVE ( 'NONE', #519, #367, #5052, .T. ) ;
#2026 = CARTESIAN_POINT ( 'NONE',  ( -88.04057674266107369, -1.449202304578858236, -4.463122197051007767 ) ) ;
#2027 =( NAMED_UNIT ( * ) PLANE_ANGLE_UNIT ( ) SI_UNIT ( $, .RADIAN. ) );
#2028 = EDGE_CURVE ( 'NONE', #3077, #1560, #2913, .T. ) ;
#2029 = VERTEX_POINT ( 'NONE', #985 ) ;
#2030 = CARTESIAN_POINT ( 'NONE',  ( -61.74785713472429194, -9.775806264975990700, -3.795598856514414532 ) ) ;
#2031 = CARTESIAN_POINT ( 'NONE',  ( -50.35121272633801937, -29.98576394563062308, 8.509412506801091070 ) ) ;
#2032 = CARTESIAN_POINT ( 'NONE',  ( -24.63997274994999032, -11.42316259018360114, -2.862867623746413681 ) ) ;
#2033 =( NAMED_UNIT ( * ) PLANE_ANGLE_UNIT ( ) SI_UNIT ( $, .RADIAN. ) );
#2034 = UNCERTAINTY_MEASURE_WITH_UNIT (LENGTH_MEASURE( 1.000000000000000082E-05 ), #4981, 'distance_accuracy_value', 'NONE');
#2035 = ORIENTED_EDGE ( 'NONE', *, *, #3198, .T. ) ;
#2036 =( NAMED_UNIT ( * ) PLANE_ANGLE_UNIT ( ) SI_UNIT ( $, .RADIAN. ) );
#2037 = CARTESIAN_POINT ( 'NONE',  ( -56.60239882239685727, -8.641926322105357272, -1.082567362264942545 ) ) ;
#2038 = CARTESIAN_POINT ( 'NONE',  ( -51.25330738459791746, -29.95782628522114877, 0.2029294097210636305 ) ) ;
#2039 = CARTESIAN_POINT ( 'NONE',  ( -56.33768353619382907, -10.71272608259357995, -1.656891405856743438 ) ) ;
#2040 = CARTESIAN_POINT ( 'NONE',  ( -90.13372251549840541, -2.257787198745652368, 5.640818751586841096 ) ) ;
#2041 = VECTOR ( 'NONE', #3431, 1000.000000000000000 ) ;
#2042 = ORIENTED_EDGE ( 'NONE', *, *, #805, .T. ) ;
#2043 = DIRECTION ( 'NONE',  ( -1.000000000000000000, 0.000000000000000000, -8.163404592832032733E-17 ) ) ;
#2044 = SURFACE_SIDE_STYLE ('',( #3210 ) ) ;
#2045 = PRESENTATION_LAYER_ASSIGNMENT (  '', '', ( #3118 ) ) ;
#2046 = ORIENTED_EDGE ( 'NONE', *, *, #297, .F. ) ;
#2047 = CARTESIAN_POINT ( 'NONE',  ( -50.96881817481351362, -29.49295557604281015, -0.2929815887347906322 ) ) ;
#2048 = CARTESIAN_POINT ( 'NONE',  ( -72.31335683429445282, -23.23966492586505694, -2.139991028234566439 ) ) ;
#2049 = DIRECTION ( 'NONE',  ( -7.575620348129778241E-17, -0.000000000000000000, 1.000000000000000000 ) ) ;
#2050 = EDGE_CURVE ( 'NONE', #229, #2525, #1696, .T. ) ;
#2051 = ORIENTED_EDGE ( 'NONE', *, *, #3804, .T. ) ;
#2052 = PLANE ( 'NONE',  #4817 ) ;
#2053 = LINE ( 'NONE', #512, #912 ) ;
#2054 =( NAMED_UNIT ( * ) SI_UNIT ( $, .STERADIAN. ) SOLID_ANGLE_UNIT ( ) );
#2055 = CARTESIAN_POINT ( 'NONE',  ( -29.83491147665418808, -29.44897151156255077, -1.336088655156544958 ) ) ;
#2056 = LINE ( 'NONE', #868, #1254 ) ;
#2057 = VERTEX_POINT ( 'NONE', #2561 ) ;
#2058 = SURFACE_STYLE_FILL_AREA ( #4360 ) ;
#2059 = CARTESIAN_POINT ( 'NONE',  ( -56.33600924344781191, -10.70546326755359168, -0.9852811536594026087 ) ) ;
#2060 = CARTESIAN_POINT ( 'NONE',  ( -61.66332485609361669, -9.292497223113578286, -3.432970137041172709 ) ) ;
#2061 = LINE ( 'NONE', #3359, #1044 ) ;
#2062 = CARTESIAN_POINT ( 'NONE',  ( -83.89400266867322387, 0.000000000000000000, 5.970980692451534289 ) ) ;
#2063 = CARTESIAN_POINT ( 'NONE',  ( -24.01924625598385532, -9.361886506485214809, -3.496163476831489092 ) ) ;
#2064 = VECTOR ( 'NONE', #585, 1000.000000000000000 ) ;
#2065 = CARTESIAN_POINT ( 'NONE',  ( -29.66494658939932094, -9.297938432237240036, -1.381945235687221496 ) ) ;
#2066 = VERTEX_POINT ( 'NONE', #135 ) ;
#2067 = SURFACE_SIDE_STYLE ('',( #3614 ) ) ;
#2068 = STYLED_ITEM ( 'NONE', ( #3206 ), #3186 ) ;
#2069 = CARTESIAN_POINT ( 'NONE',  ( -61.86906946493988357, -11.04873572851990637, -3.854081008832520805 ) ) ;
#2070 = SURFACE_STYLE_USAGE ( .BOTH. , #4957 ) ;
#2071 = SURFACE_SIDE_STYLE ('',( #3295 ) ) ;
#2072 = PRESENTATION_LAYER_ASSIGNMENT (  '', '', ( #4243 ) ) ;
#2073 = COLOUR_RGB ( '',1.000000000000000000, 0.000000000000000000, 0.000000000000000000 ) ;
#2074 = MECHANICAL_DESIGN_GEOMETRIC_PRESENTATION_REPRESENTATION (  '', ( #1084 ), #1920 ) ;
#2075 = ORIENTED_EDGE ( 'NONE', *, *, #4664, .T. ) ;
#2076 = CARTESIAN_POINT ( 'NONE',  ( -60.19623054529257900, -7.056170471716430193, -3.100308628270497913 ) ) ;
#2077 = ADVANCED_FACE ( 'NONE', ( #3697 ), #4878, .T. ) ;
#2078 = FACE_OUTER_BOUND ( 'NONE', #583, .T. ) ;
#2079 = CARTESIAN_POINT ( 'NONE',  ( -25.31037447376884941, -12.18103383465756018, -2.935601283503971981 ) ) ;
#2080 = CARTESIAN_POINT ( 'NONE',  ( -88.16957205571311817, -0.9447139231180008423, -3.933631250685630132 ) ) ;
#2081 = PRESENTATION_LAYER_ASSIGNMENT (  '', '', ( #279 ) ) ;
#2082 =( NAMED_UNIT ( * ) SI_UNIT ( $, .STERADIAN. ) SOLID_ANGLE_UNIT ( ) );
#2083 = ORIENTED_EDGE ( 'NONE', *, *, #4507, .F. ) ;
#2084 =( LENGTH_UNIT ( ) NAMED_UNIT ( * ) SI_UNIT ( .MILLI., .METRE. ) );
#2085 = VECTOR ( 'NONE', #3253, 1000.000000000000000 ) ;
#2086 = CARTESIAN_POINT ( 'NONE',  ( -23.99999999999999645, -15.84999999999999964, 8.499999999999994671 ) ) ;
#2087 = DIRECTION ( 'NONE',  ( -1.000000000000000000, 0.000000000000000000, 0.000000000000000000 ) ) ;
#2088 = CARTESIAN_POINT ( 'NONE',  ( -21.50000000000000000, -20.70000000000002771, 8.499999999999968026 ) ) ;
#2089 = B_SPLINE_CURVE_WITH_KNOTS ( 'NONE', 3,
 ( #327, #5017, #1447, #4990, #4624 ),
 .UNSPECIFIED., .F., .F.,
 ( 4, 1, 4 ),
 ( 0.000000000000000000, 0.0002705361924796987781, 0.0005410723849593975562 ),
 .UNSPECIFIED. ) ;
#2090 =( NAMED_UNIT ( * ) SI_UNIT ( $, .STERADIAN. ) SOLID_ANGLE_UNIT ( ) );
#2091 = ADVANCED_FACE ( 'NONE', ( #2218 ), #3825, .T. ) ;
#2092 = ORIENTED_EDGE ( 'NONE', *, *, #4059, .F. ) ;
#2093 =( NAMED_UNIT ( * ) SI_UNIT ( $, .STERADIAN. ) SOLID_ANGLE_UNIT ( ) );
#2094 = DIRECTION ( 'NONE',  ( 0.9533199837684295241, -0.2873478855663454401, -0.09280194614506452611 ) ) ;
#2095 =( GEOMETRIC_REPRESENTATION_CONTEXT ( 3 ) GLOBAL_UNCERTAINTY_ASSIGNED_CONTEXT ( ( #1370 ) ) GLOBAL_UNIT_ASSIGNED_CONTEXT ( ( #2703, #3094, #1981 ) ) REPRESENTATION_CONTEXT ( 'NONE', 'WORKASPACE' ) );
#2096 = CARTESIAN_POINT ( 'NONE',  ( -28.15535679980762751, -7.498193962518539202, -1.269650595879048494 ) ) ;
#2097 = B_SPLINE_CURVE_WITH_KNOTS ( 'NONE', 3,
 ( #4846, #2445, #151, #4823, #2037, #1281, #176, #3257, #97, #1252, #922, #1686, #2832, #3283, #4102, #1302, #894, #4894, #2528, #3709, #4048, #468, #4433, #1330, #4535, #493, #2854, #2505, #3629, #872, #2060, #1740, #553, #3659 ),
 .UNSPECIFIED., .F., .F.,
 ( 4, 2, 2, 2, 2, 2, 2, 2, 2, 2, 2, 2, 2, 2, 2, 2, 4 ),
 ( 0.009664195362871571757, 0.01020140688171339814, 0.01073861840055522626, 0.01127582991939705265, 0.01181304143823887903, 0.01235025295708070542, 0.01288746447592253354, 0.01342467599476435992, 0.01396188751360618457, 0.01449909903244801096, 0.01503631055128983908, 0.01557352207013166547, 0.01611073358897349012, 0.01664794510781531997, 0.01718515662665714636, 0.01772236814549897274, 0.01825957966434079913 ),
 .UNSPECIFIED. ) ;
#2098 = ORIENTED_EDGE ( 'NONE', *, *, #4248, .F. ) ;
#2099 = PRESENTATION_LAYER_ASSIGNMENT (  '', '', ( #3859 ) ) ;
#2100 = CARTESIAN_POINT ( 'NONE',  ( -55.78960877979402966, -11.10703161834283392, -1.489155847435166935 ) ) ;
#2101 = CARTESIAN_POINT ( 'NONE',  ( -87.86544432192005161, -18.57637293430166636, -4.423830677360233388 ) ) ;
#2102 = B_SPLINE_CURVE_WITH_KNOTS ( 'NONE', 3,
 ( #4336, #4695, #850, #2420, #418, #4306, #3931, #1198, #3553, #4022, #3503, #1521, #1967, #3525, #2733, #39, #2785, #3205 ),
 .UNSPECIFIED., .F., .F.,
 ( 4, 2, 2, 2, 2, 2, 2, 2, 4 ),
 ( 0.000000000000000000, 0.1249999999999999445, 0.2500000000000000555, 0.3750000000000000000, 0.5000000000000000000, 0.6250000000000000000, 0.7500000000000000000, 0.8750000000000000000, 1.000000000000000000 ),
 .UNSPECIFIED. ) ;
#2103 =( LENGTH_UNIT ( ) NAMED_UNIT ( * ) SI_UNIT ( .MILLI., .METRE. ) );
#2104 = ORIENTED_EDGE ( 'NONE', *, *, #4461, .F. ) ;
#2105 = CARTESIAN_POINT ( 'NONE',  ( -56.95067065550863106, -8.157340101548557598, -1.213585841964621936 ) ) ;
#2106 = DIRECTION ( 'NONE',  ( 0.000000000000000000, 0.000000000000000000, 1.000000000000000000 ) ) ;
#2107 = CARTESIAN_POINT ( 'NONE',  ( -24.40460821183266660, -10.92722561517024005, -2.986655904488982216 ) ) ;
#2108 = ADVANCED_FACE ( 'NONE', ( #2689 ), #1499, .F. ) ;
#2109 = DIRECTION ( 'NONE',  ( -8.163404592832033966E-17, -0.000000000000000000, 1.000000000000000000 ) ) ;
#2110 = ORIENTED_EDGE ( 'NONE', *, *, #1413, .T. ) ;
#2111 = CARTESIAN_POINT ( 'NONE',  ( -29.83491147665418808, -29.44897151156255077, -1.336088655156544958 ) ) ;
#2112 = DIRECTION ( 'NONE',  ( -4.625929269271483942E-16, -0.000000000000000000, 1.000000000000000000 ) ) ;
#2113 = CARTESIAN_POINT ( 'NONE',  ( -55.74766671721653921, -28.64737842628149878, -0.8813641263607533416 ) ) ;
#2114 = DIRECTION ( 'NONE',  ( 0.000000000000000000, 1.000000000000000000, 0.000000000000000000 ) ) ;
#2115 = LINE ( 'NONE', #2857, #3841 ) ;
#2116 = ORIENTED_EDGE ( 'NONE', *, *, #2300, .T. ) ;
#2117 = FACE_OUTER_BOUND ( 'NONE', #1091, .T. ) ;
#2118 = DIRECTION ( 'NONE',  ( 0.2859959951305289239, -0.9578262852211515410, -0.02784058384351937449 ) ) ;
#2119 = CARTESIAN_POINT ( 'NONE',  ( -28.30545827962965788, -7.567727661190937205, -1.815753707583428689 ) ) ;
#2120 = ADVANCED_FACE ( 'NONE', ( #3530, #2712 ), #1573, .F. ) ;
#2121 = EDGE_CURVE ( 'NONE', #715, #1597, #3557, .T. ) ;
#2122 = VERTEX_POINT ( 'NONE', #1595 ) ;
#2123 = CARTESIAN_POINT ( 'NONE',  ( -55.96245135300687679, -11.50522616133607912, -1.542708773217379425 ) ) ;
#2124 = SURFACE_STYLE_USAGE ( .BOTH. , #561 ) ;
#2125 =( GEOMETRIC_REPRESENTATION_CONTEXT ( 3 ) GLOBAL_UNCERTAINTY_ASSIGNED_CONTEXT ( ( #4911 ) ) GLOBAL_UNIT_ASSIGNED_CONTEXT ( ( #3243, #2492, #4857 ) ) REPRESENTATION_CONTEXT ( 'NONE', 'WORKASPACE' ) );
#2126 = LINE ( 'NONE', #1780, #3312 ) ;
#2127 = CARTESIAN_POINT ( 'NONE',  ( -84.57484104382584178, -0.5000323443723690975, -2.823898596360330249 ) ) ;
#2128 = ORIENTED_EDGE ( 'NONE', *, *, #506, .T. ) ;
#2129 = CARTESIAN_POINT ( 'NONE',  ( -61.40930754909285127, -8.657993726064118434, -3.637771983411145271 ) ) ;
#2130 = LINE ( 'NONE', #618, #3405 ) ;
#2131 = CARTESIAN_POINT ( 'NONE',  ( -59.77104143905923195, -26.91235304737495326, -2.906505657929590480 ) ) ;
#2132 = UNCERTAINTY_MEASURE_WITH_UNIT (LENGTH_MEASURE( 1.000000000000000082E-05 ), #2817, 'distance_accuracy_value', 'NONE');
#2133 = ORIENTED_EDGE ( 'NONE', *, *, #3681, .F. ) ;
#2134 = CARTESIAN_POINT ( 'NONE',  ( -29.65611139615106495, -29.96666188482840809, -0.8295880108472306613 ) ) ;
#2135 =( NAMED_UNIT ( * ) SI_UNIT ( $, .STERADIAN. ) SOLID_ANGLE_UNIT ( ) );
#2136 = CARTESIAN_POINT ( 'NONE',  ( -21.49999999999999645, -14.81446609406726012, 0.9644660940672581395 ) ) ;
#2137 = LINE ( 'NONE', #2529, #3191 ) ;
#2138 = SURFACE_SIDE_STYLE ('',( #2530 ) ) ;
#2139 = ORIENTED_EDGE ( 'NONE', *, *, #3480, .T. ) ;
#2140 = DIRECTION ( 'NONE',  ( -1.000000000000000000, 0.000000000000000000, -8.163404592832032733E-17 ) ) ;
#2141 = PRESENTATION_STYLE_ASSIGNMENT (( #4436 ) ) ;
#2142 = CARTESIAN_POINT ( 'NONE',  ( -21.50000000000000000, -30.00000000000000000, 8.499999999999968026 ) ) ;
#2143 = EDGE_CURVE ( 'NONE', #2122, #3894, #4973, .T. ) ;
#2144 = DIRECTION ( 'NONE',  ( 0.000000000000000000, 1.000000000000000000, 0.000000000000000000 ) ) ;
#2145 = CARTESIAN_POINT ( 'NONE',  ( -29.54003876450846633, -7.792963827070642502, -1.423802699236120128 ) ) ;
#2146 = ORIENTED_EDGE ( 'NONE', *, *, #677, .F. ) ;
#2147 = CARTESIAN_POINT ( 'NONE',  ( -89.93950248935404090, -18.26499251423499715, 5.073756420237788056 ) ) ;
#2148 =( GEOMETRIC_REPRESENTATION_CONTEXT ( 3 ) GLOBAL_UNCERTAINTY_ASSIGNED_CONTEXT ( ( #1168 ) ) GLOBAL_UNIT_ASSIGNED_CONTEXT ( ( #4684, #3214, #4323 ) ) REPRESENTATION_CONTEXT ( 'NONE', 'WORKASPACE' ) );
#2149 = CARTESIAN_POINT ( 'NONE',  ( -88.07430408234878882, -0.9176348049726720246, -3.886607534748037551 ) ) ;
#2150 = VECTOR ( 'NONE', #4509, 1000.000000000000000 ) ;
#2151 =( LENGTH_UNIT ( ) NAMED_UNIT ( * ) SI_UNIT ( .MILLI., .METRE. ) );
#2152 = DIRECTION ( 'NONE',  ( -1.000000000000000000, 0.000000000000000000, -8.163404592832032733E-17 ) ) ;
#2153 = PRESENTATION_LAYER_ASSIGNMENT (  '', '', ( #1645 ) ) ;
#2154 =( GEOMETRIC_REPRESENTATION_CONTEXT ( 3 ) GLOBAL_UNCERTAINTY_ASSIGNED_CONTEXT ( ( #3912 ) ) GLOBAL_UNIT_ASSIGNED_CONTEXT ( ( #35, #1906, #2727 ) ) REPRESENTATION_CONTEXT ( 'NONE', 'WORKASPACE' ) );
#2155 = CARTESIAN_POINT ( 'NONE',  ( -60.72552356710039589, -7.374974528879603142, -3.329905843468103033 ) ) ;
#2156 = CARTESIAN_POINT ( 'NONE',  ( -19.88758898174789280, -20.19999999999999929, 14.09487166040741890 ) ) ;
#2157 = PRESENTATION_LAYER_ASSIGNMENT (  '', '', ( #1323 ) ) ;
#2158 = CIRCLE ( 'NONE', #1156, 20.00000000000000000 ) ;
#2159 = COLOUR_RGB ( '',1.000000000000000000, 0.000000000000000000, 0.000000000000000000 ) ;
#2160 = COLOUR_RGB ( '',1.000000000000000000, 0.000000000000000000, 0.000000000000000000 ) ;
#2161 = EDGE_LOOP ( 'NONE', ( #4359, #389, #2139, #4998 ) ) ;
#2162 = CARTESIAN_POINT ( 'NONE',  ( -21.71906639835711417, -21.48961145894735836, -4.450226385100505055 ) ) ;
#2163 = DIRECTION ( 'NONE',  ( 0.9920412960753397513, 0.000000000000000000, 0.1259129337326394538 ) ) ;
#2164 = ORIENTED_EDGE ( 'NONE', *, *, #1099, .T. ) ;
#2165 = CARTESIAN_POINT ( 'NONE',  ( -59.40378694358771838, -12.72570710906134828, -2.262134239396873969 ) ) ;
#2166 = SURFACE_SIDE_STYLE ('',( #1747 ) ) ;
#2167 = CARTESIAN_POINT ( 'NONE',  ( -25.01192067781440542, -8.088487118911595886, -3.060564626328782012 ) ) ;
#2168 = PRESENTATION_LAYER_ASSIGNMENT (  '', '', ( #854 ) ) ;
#2169 = ORIENTED_EDGE ( 'NONE', *, *, #1865, .F. ) ;
#2170 = ADVANCED_FACE ( 'NONE', ( #42 ), #1203, .F. ) ;
#2171 = CARTESIAN_POINT ( 'NONE',  ( -25.49999999999999645, -10.00000000000000000, -8.000000000000005329 ) ) ;
#2172 = EDGE_CURVE ( 'NONE', #2029, #2927, #3748, .T. ) ;
#2173 = CIRCLE ( 'NONE', #3760, 0.4999999999999865663 ) ;
#2174 = CARTESIAN_POINT ( 'NONE',  ( -21.49999999999999645, -13.34999999999999964, -0.5000000000000035527 ) ) ;
#2175 = CARTESIAN_POINT ( 'NONE',  ( -29.98849078301390847, -29.49597756502021184, -1.291115260892139682 ) ) ;
#2176 = AXIS2_PLACEMENT_3D ( 'NONE', #1850, #3440, #5026 ) ;
#2177 = ADVANCED_FACE ( 'NONE', ( #2117, #156 ), #2838, .F. ) ;
#2178 = VERTEX_POINT ( 'NONE', #4457 ) ;
#2179 = CARTESIAN_POINT ( 'NONE',  ( -57.65251620409733846, -7.590050668335346806, -2.106146287972073594 ) ) ;
#2180 = CARTESIAN_POINT ( 'NONE',  ( -84.15647910040975432, -0.2018114289823657870, 6.127050160134980494 ) ) ;
#2181 = CARTESIAN_POINT ( 'NONE',  ( -23.81326010327255460, -9.361886506485216586, -3.040565293240703681 ) ) ;
#2182 = EDGE_CURVE ( 'NONE', #5109, #3922, #2449, .T. ) ;
#2183 = EDGE_CURVE ( 'NONE', #4693, #338, #4827, .T. ) ;
#2184 = EDGE_LOOP ( 'NONE', ( #4641, #4941, #410, #139 ) ) ;
#2185 = CARTESIAN_POINT ( 'NONE',  ( -29.56334406026783768, -29.93699125909134295, -0.8431813481845743530 ) ) ;
#2186 = SURFACE_STYLE_USAGE ( .BOTH. , #1765 ) ;
#2187 = CARTESIAN_POINT ( 'NONE',  ( -79.05559363457062716, -7.570867134140741861, 21.41484361414396886 ) ) ;
#2188 = CARTESIAN_POINT ( 'NONE',  ( -56.55333997283653247, -27.84882016552585426, -1.716381333373208751 ) ) ;
#2189 = CARTESIAN_POINT ( 'NONE',  ( -27.84749444228602044, -12.62132811538501542, -1.390831384556724837 ) ) ;
#2190 = ORIENTED_EDGE ( 'NONE', *, *, #1194, .F. ) ;
#2191 = PLANE ( 'NONE',  #31 ) ;
#2192 = CARTESIAN_POINT ( 'NONE',  ( -60.77670293488455400, -12.58620935973414490, -3.352540172684547404 ) ) ;
#2193 = FILL_AREA_STYLE_COLOUR ( '', #2562 ) ;
#2194 = LINE ( 'NONE', #3014, #1535 ) ;
#2195 = ORIENTED_EDGE ( 'NONE', *, *, #968, .F. ) ;
#2196 = LINE ( 'NONE', #2171, #537 ) ;
#2197 = FACE_OUTER_BOUND ( 'NONE', #127, .T. ) ;
#2198 = CARTESIAN_POINT ( 'NONE',  ( -26.28815402572050886, -12.68338232754398831, -2.542373103301950099 ) ) ;
#2199 = CARTESIAN_POINT ( 'NONE',  ( -29.71517378780059460, -29.36536823065967994, -1.371564327567928565 ) ) ;
#2200 = CARTESIAN_POINT ( 'NONE',  ( -64.04535090881250881, -25.70379383907453530, -4.949516165033725379 ) ) ;
#2201 = CARTESIAN_POINT ( 'NONE',  ( -65.95381123132138157, -25.70471636546555771, -4.486079708078260175 ) ) ;
#2202 = ORIENTED_EDGE ( 'NONE', *, *, #4287, .T. ) ;
#2203 = AXIS2_PLACEMENT_3D ( 'NONE', #507, #1317, #1343 ) ;
#2204 = CARTESIAN_POINT ( 'NONE',  ( -23.02360379984201089, -22.59944817198704570, -3.938664192565398015 ) ) ;
#2205 =( LENGTH_UNIT ( ) NAMED_UNIT ( * ) SI_UNIT ( .MILLI., .METRE. ) );
#2206 = CARTESIAN_POINT ( 'NONE',  ( -21.49999999999999645, -6.649999999999999467, -0.5000000000000035527 ) ) ;
#2207 = EDGE_CURVE ( 'NONE', #2178, #2823, #897, .T. ) ;
#2208 = ORIENTED_EDGE ( 'NONE', *, *, #950, .F. ) ;
#2209 = DIRECTION ( 'NONE',  ( 0.000000000000000000, 0.000000000000000000, -1.000000000000000000 ) ) ;
#2210 = CARTESIAN_POINT ( 'NONE',  ( -104.8648765340123390, -13.99999999999999822, -1.516452579075469487 ) ) ;
#2211 = CARTESIAN_POINT ( 'NONE',  ( -22.00000000000002487, -20.19999999999999929, 8.999999999999996447 ) ) ;
#2212 = DIRECTION ( 'NONE',  ( -0.000000000000000000, -1.000000000000000000, 0.000000000000000000 ) ) ;
#2213 = VERTEX_POINT ( 'NONE', #3634 ) ;
#2214 = FILL_AREA_STYLE ('',( #2928 ) ) ;
#2215 = CARTESIAN_POINT ( 'NONE',  ( -57.86082278025644143, -12.50927437422231314, -1.576655568792313167 ) ) ;
#2216 = DIRECTION ( 'NONE',  ( 0.000000000000000000, 1.000000000000000000, 0.000000000000000000 ) ) ;
#2217 = VERTEX_POINT ( 'NONE', #579 ) ;
#2218 = FACE_OUTER_BOUND ( 'NONE', #1822, .T. ) ;
#2219 = CARTESIAN_POINT ( 'NONE',  ( -84.70281280611139607, 0.000000000000000000, -2.337625959924284125 ) ) ;
#2220 = CARTESIAN_POINT ( 'NONE',  ( -61.70436274773319951, -11.44897771107199169, -3.776235130157922004 ) ) ;
#2221 = CARTESIAN_POINT ( 'NONE',  ( -29.60553404410959644, -10.89862623633499261, -0.7445551552722857735 ) ) ;
#2222 = DIRECTION ( 'NONE',  ( -1.000000000000000000, 0.000000000000000000, 0.000000000000000000 ) ) ;
#2223 =( NAMED_UNIT ( * ) PLANE_ANGLE_UNIT ( ) SI_UNIT ( $, .RADIAN. ) );
#2224 = DIRECTION ( 'NONE',  ( 0.2051049823727816301, 0.6869150152148398858, 0.6971941681327071816 ) ) ;
#2225 = PRESENTATION_LAYER_ASSIGNMENT (  '', '', ( #3224 ) ) ;
#2226 = ORIENTED_EDGE ( 'NONE', *, *, #2643, .T. ) ;
#2227 = CARTESIAN_POINT ( 'NONE',  ( -76.11783112932513973, -22.56894909536405081, -1.014481162352770527 ) ) ;
#2228 =( LENGTH_UNIT ( ) NAMED_UNIT ( * ) SI_UNIT ( .MILLI., .METRE. ) );
#2229 = PRESENTATION_LAYER_ASSIGNMENT (  '', '', ( #4890 ) ) ;
#2230 = ADVANCED_FACE ( 'NONE', ( #67 ), #1746, .T. ) ;
#2231 = STYLED_ITEM ( 'NONE', ( #1465 ), #3160 ) ;
#2232 = VECTOR ( 'NONE', #59, 1000.000000000000114 ) ;
#2233 = ADVANCED_FACE ( 'NONE', ( #5137 ), #391, .T. ) ;
#2234 = ORIENTED_EDGE ( 'NONE', *, *, #2524, .F. ) ;
#2235 = CARTESIAN_POINT ( 'NONE',  ( -88.34762784337050334, -18.83369313207009554, -4.125522401967741892 ) ) ;
#2236 = CARTESIAN_POINT ( 'NONE',  ( -22.00000000000002487, -20.70000000000002771, 8.999999999999996447 ) ) ;
#2237 = CARTESIAN_POINT ( 'NONE',  ( -77.41899999999999693, 0.000000000000000000, -21.50000000000000711 ) ) ;
#2238 = AXIS2_PLACEMENT_3D ( 'NONE', #4324, #3863, #2261 ) ;
#2239 = PRESENTATION_LAYER_ASSIGNMENT (  '', '', ( #1084 ) ) ;
#2240 = CARTESIAN_POINT ( 'NONE',  ( -29.69682802813460043, -10.53816223080742454, -0.7140167689015415320 ) ) ;
#2241 = ORIENTED_EDGE ( 'NONE', *, *, #2143, .T. ) ;
#2242 = FILL_AREA_STYLE ('',( #3957 ) ) ;
#2243 = CARTESIAN_POINT ( 'NONE',  ( -56.86595599041463345, -11.74414262567526457, -1.181384316836131987 ) ) ;
#2244 = COLOUR_RGB ( '',1.000000000000000000, 0.000000000000000000, 0.000000000000000000 ) ;
#2245 = PRESENTATION_STYLE_ASSIGNMENT (( #1380 ) ) ;
#2246 = CARTESIAN_POINT ( 'NONE',  ( -24.12680677663313134, -8.934687616272222854, -3.447602472103787452 ) ) ;
#2247 = COLOUR_RGB ( '',1.000000000000000000, 0.000000000000000000, 0.000000000000000000 ) ;
#2248 = ADVANCED_FACE ( 'NONE', ( #4712 ), #3816, .T. ) ;
#2249 = VERTEX_POINT ( 'NONE', #1584 ) ;
#2250 =( NAMED_UNIT ( * ) SI_UNIT ( $, .STERADIAN. ) SOLID_ANGLE_UNIT ( ) );
#2251 = CARTESIAN_POINT ( 'NONE',  ( -83.70931547421275809, -20.32812961486687797, -1.905925142754034018 ) ) ;
#2252 = SURFACE_STYLE_USAGE ( .BOTH. , #2608 ) ;
#2253 = STYLED_ITEM ( 'NONE', ( #3927 ), #293 ) ;
#2254 = CARTESIAN_POINT ( 'NONE',  ( -27.56946069998425486, -13.23155325887965716, -2.069009311258630301 ) ) ;
#2255 = PLANE ( 'NONE',  #1019 ) ;
#2256 = PRESENTATION_STYLE_ASSIGNMENT (( #3829 ) ) ;
#2257 = STYLED_ITEM ( 'NONE', ( #5101 ), #874 ) ;
#2258 = CARTESIAN_POINT ( 'NONE',  ( -24.64636523916743016, -12.02284905246046876, -3.218158289586440013 ) ) ;
#2259 = ORIENTED_EDGE ( 'NONE', *, *, #250, .T. ) ;
#2260 = DIRECTION ( 'NONE',  ( 0.000000000000000000, 1.000000000000000000, 0.000000000000000000 ) ) ;
#2261 = DIRECTION ( 'NONE',  ( 0.9813527358085878394, 0.1922155246617718583, 0.000000000000000000 ) ) ;
#2262 = DIRECTION ( 'NONE',  ( -0.9533199837684295241, 0.2873478855663454401, 0.09280194614506452611 ) ) ;
#2263 = CIRCLE ( 'NONE', #862, 1.999999999999998224 ) ;
#2264 = UNCERTAINTY_MEASURE_WITH_UNIT (LENGTH_MEASURE( 1.000000000000000082E-05 ), #2084, 'distance_accuracy_value', 'NONE');
#2265 = ORIENTED_EDGE ( 'NONE', *, *, #2458, .T. ) ;
#2266 = CARTESIAN_POINT ( 'NONE',  ( -60.50000000000000000, -10.00000000000000000, -8.000000000000008882 ) ) ;
#2267 = PRESENTATION_STYLE_ASSIGNMENT (( #705 ) ) ;
#2268 = CARTESIAN_POINT ( 'NONE',  ( -21.60972362992889728, -21.58885282065442368, -4.340883616672253531 ) ) ;
#2269 = EDGE_CURVE ( 'NONE', #3733, #2369, #1275, .T. ) ;
#2270 = VERTEX_POINT ( 'NONE', #1627 ) ;
#2271 = CYLINDRICAL_SURFACE ( 'NONE', #3177, 1.500000000000001332 ) ;
#2272 = CARTESIAN_POINT ( 'NONE',  ( -60.67465097322492795, -12.18833099766395023, -2.895346174377729564 ) ) ;
#2273 = FACE_OUTER_BOUND ( 'NONE', #5094, .T. ) ;
#2274 = CARTESIAN_POINT ( 'NONE',  ( -88.32643791048546689, -0.9907815948252411964, -3.960145758486232292 ) ) ;
#2275 = EDGE_CURVE ( 'NONE', #2823, #819, #3220, .T. ) ;
#2276 = EDGE_LOOP ( 'NONE', ( #289, #1576, #4168, #783 ) ) ;
#2277 =( LENGTH_UNIT ( ) NAMED_UNIT ( * ) SI_UNIT ( .MILLI., .METRE. ) );
#2278 = CARTESIAN_POINT ( 'NONE',  ( -23.99999999999999289, -30.00000000000000000, -0.5000000000000047740 ) ) ;
#2279 = FILL_AREA_STYLE ('',( #4292 ) ) ;
#2280 = CARTESIAN_POINT ( 'NONE',  ( -61.38053709524542256, -11.38863802836090322, -3.275026469902069692 ) ) ;
#2281 = DIRECTION ( 'NONE',  ( -0.9920412960753397513, 0.000000000000000000, -0.1259129337326394538 ) ) ;
#2282 = CARTESIAN_POINT ( 'NONE',  ( -56.23280972776471742, -10.21638923374041674, -0.9481172239720473405 ) ) ;
#2283 = DIRECTION ( 'NONE',  ( -4.625929269271483942E-16, 0.000000000000000000, 1.000000000000000000 ) ) ;
#2284 = EDGE_LOOP ( 'NONE', ( #4826, #2046, #1257, #4776, #1744, #3822, #1426, #2133 ) ) ;
#2285 = UNCERTAINTY_MEASURE_WITH_UNIT (LENGTH_MEASURE( 1.000000000000000082E-05 ), #2868, 'distance_accuracy_value', 'NONE');
#2286 = CARTESIAN_POINT ( 'NONE',  ( -83.95695913553954881, -0.4999999999999857891, 6.467001340489200167 ) ) ;
#2287 = CARTESIAN_POINT ( 'NONE',  ( -64.64602064803766268, -4.150000000000001243, 8.918005071595212385 ) ) ;
#2288 = COLOUR_RGB ( '',1.000000000000000000, 0.000000000000000000, 0.000000000000000000 ) ;
#2289 =( GEOMETRIC_REPRESENTATION_CONTEXT ( 3 ) GLOBAL_UNCERTAINTY_ASSIGNED_CONTEXT ( ( #3537 ) ) GLOBAL_UNIT_ASSIGNED_CONTEXT ( ( #5097, #1081, #267 ) ) REPRESENTATION_CONTEXT ( 'NONE', 'WORKASPACE' ) );
#2290 = ORIENTED_EDGE ( 'NONE', *, *, #1987, .F. ) ;
#2291 = CARTESIAN_POINT ( 'NONE',  ( -30.27094898605995965, -9.113787917022447616, -1.209925746526006929 ) ) ;
#2292 = PRESENTATION_STYLE_ASSIGNMENT (( #4747 ) ) ;
#2293 =( NAMED_UNIT ( * ) SI_UNIT ( $, .STERADIAN. ) SOLID_ANGLE_UNIT ( ) );
#2294 = CARTESIAN_POINT ( 'NONE',  ( -27.36794664354657769, -12.73010855285218312, -1.586347986599140558 ) ) ;
#2295 = ORIENTED_EDGE ( 'NONE', *, *, #1310, .T. ) ;
#2296 = FILL_AREA_STYLE ('',( #1107 ) ) ;
#2297 = CARTESIAN_POINT ( 'NONE',  ( -59.00000000000000000, -10.00000000000000000, 8.999999999999992895 ) ) ;
#2298 = CARTESIAN_POINT ( 'NONE',  ( -26.56532284435610336, -7.279772510907359440, -1.932509720536108366 ) ) ;
#2299 = SURFACE_STYLE_FILL_AREA ( #4595 ) ;
#2300 = EDGE_CURVE ( 'NONE', #3361, #3673, #2158, .T. ) ;
#2301 =( NAMED_UNIT ( * ) PLANE_ANGLE_UNIT ( ) SI_UNIT ( $, .RADIAN. ) );
#2302 = FILL_AREA_STYLE_COLOUR ( '', #2977 ) ;
#2303 = CARTESIAN_POINT ( 'NONE',  ( -84.58437814325429827, -0.3333333333333381998, -2.649222814201587450 ) ) ;
#2304 = CARTESIAN_POINT ( 'NONE',  ( -61.69872002347361928, -10.52859269281987409, -3.452974824908512819 ) ) ;
#2305 = CARTESIAN_POINT ( 'NONE',  ( -27.34093347057557466, -12.73439121842417521, -1.597553859243814545 ) ) ;
#2306 = CARTESIAN_POINT ( 'NONE',  ( -56.07622279577765312, -11.70787006331927671, -1.578272536210084454 ) ) ;
#2307 = CARTESIAN_POINT ( 'NONE',  ( -29.26620652174155879, -12.47391781922897813, -1.507520135327470312 ) ) ;
#2308 = VERTEX_POINT ( 'NONE', #2848 ) ;
#2309 = DIRECTION ( 'NONE',  ( -0.000000000000000000, -0.000000000000000000, 1.000000000000000000 ) ) ;
#2310 = DIRECTION ( 'NONE',  ( 0.000000000000000000, 1.000000000000000000, 0.000000000000000000 ) ) ;
#2311 = COLOUR_RGB ( '',1.000000000000000000, 0.000000000000000000, 0.000000000000000000 ) ;
#2312 = UNCERTAINTY_MEASURE_WITH_UNIT (LENGTH_MEASURE( 1.000000000000000082E-05 ), #4111, 'distance_accuracy_value', 'NONE');
#2313 = ORIENTED_EDGE ( 'NONE', *, *, #3379, .F. ) ;
#2314 = CARTESIAN_POINT ( 'NONE',  ( -64.36969411118725759, -25.65610494240483419, -5.000000000000011546 ) ) ;
#2315 = PRESENTATION_LAYER_ASSIGNMENT (  '', '', ( #4560 ) ) ;
#2316 = CARTESIAN_POINT ( 'NONE',  ( -65.95381123132138157, -25.70471636546555416, -4.486079708078259287 ) ) ;
#2317 =( GEOMETRIC_REPRESENTATION_CONTEXT ( 3 ) GLOBAL_UNCERTAINTY_ASSIGNED_CONTEXT ( ( #1215 ) ) GLOBAL_UNIT_ASSIGNED_CONTEXT ( ( #2862, #3693, #4152 ) ) REPRESENTATION_CONTEXT ( 'NONE', 'WORKASPACE' ) );
#2318 = CARTESIAN_POINT ( 'NONE',  ( -24.33433711812556766, -10.69852347614055077, -3.024099225989445472 ) ) ;
#2319 = STYLED_ITEM ( 'NONE', ( #2738 ), #2170 ) ;
#2320 = ORIENTED_EDGE ( 'NONE', *, *, #2659, .F. ) ;
#2321 = CARTESIAN_POINT ( 'NONE',  ( -26.34321958308463607, -26.84321958308462897, -1.827555117131961504 ) ) ;
#2322 = COLOUR_RGB ( '',1.000000000000000000, 0.000000000000000000, 0.000000000000000000 ) ;
#2323 = AXIS2_PLACEMENT_3D ( 'NONE', #1016, #4166, #117 ) ;
#2324 =( LENGTH_UNIT ( ) NAMED_UNIT ( * ) SI_UNIT ( .MILLI., .METRE. ) );
#2325 = DIRECTION ( 'NONE',  ( 0.000000000000000000, 0.000000000000000000, -1.000000000000000000 ) ) ;
#2326 = PRESENTATION_LAYER_ASSIGNMENT (  '', '', ( #693 ) ) ;
#2327 =( GEOMETRIC_REPRESENTATION_CONTEXT ( 3 ) GLOBAL_UNCERTAINTY_ASSIGNED_CONTEXT ( ( #4772 ) ) GLOBAL_UNIT_ASSIGNED_CONTEXT ( ( #1452, #1269, #1601 ) ) REPRESENTATION_CONTEXT ( 'NONE', 'WORKASPACE' ) );
#2328 =( NAMED_UNIT ( * ) SI_UNIT ( $, .STERADIAN. ) SOLID_ANGLE_UNIT ( ) );
#2329 = CARTESIAN_POINT ( 'NONE',  ( -28.18704419804529593, -12.48697408691278632, -1.257375574575923860 ) ) ;
#2330 =( GEOMETRIC_REPRESENTATION_CONTEXT ( 3 ) GLOBAL_UNCERTAINTY_ASSIGNED_CONTEXT ( ( #3706 ) ) GLOBAL_UNIT_ASSIGNED_CONTEXT ( ( #1353, #258, #3009 ) ) REPRESENTATION_CONTEXT ( 'NONE', 'WORKASPACE' ) );
#2331 = PRESENTATION_STYLE_ASSIGNMENT (( #3479 ) ) ;
#2332 = ADVANCED_FACE ( 'NONE', ( #438 ), #1605, .F. ) ;
#2333 = CARTESIAN_POINT ( 'NONE',  ( -30.32310368922825106, -10.63600990913604605, -1.195181419792731958 ) ) ;
#2334 = VERTEX_POINT ( 'NONE', #488 ) ;
#2335 = UNCERTAINTY_MEASURE_WITH_UNIT (LENGTH_MEASURE( 1.000000000000000082E-05 ), #3464, 'distance_accuracy_value', 'NONE');
#2336 = CARTESIAN_POINT ( 'NONE',  ( -88.28459187040625977, -1.485582296336816155, -4.466567690969307058 ) ) ;
#2337 = EDGE_CURVE ( 'NONE', #3500, #1582, #2053, .T. ) ;
#2338 = VERTEX_POINT ( 'NONE', #3573 ) ;
#2339 = CARTESIAN_POINT ( 'NONE',  ( -25.05626148078830440, -7.543543959491852746, -3.042617159171923991 ) ) ;
#2340 = STYLED_ITEM ( 'NONE', ( #2292 ), #1154 ) ;
#2341 = PRESENTATION_STYLE_ASSIGNMENT (( #632 ) ) ;
#2342 =( LENGTH_UNIT ( ) NAMED_UNIT ( * ) SI_UNIT ( .MILLI., .METRE. ) );
#2343 = EDGE_CURVE ( 'NONE', #3500, #3535, #162, .T. ) ;
#2344 = LINE ( 'NONE', #3954, #3601 ) ;
#2345 = B_SPLINE_SURFACE_WITH_KNOTS ( 'NONE', 1, 3, ( 
 ( #4511, #1883, #4557, #4172, #3843, #3896, #2654, #5091, #1102, #3466 ),
 ( #626, #336, #1909, #1458, #2188, #286, #5057, #1851, #232, #3036 ) ),
 .UNSPECIFIED., .F., .F., .F.,
 ( 2, 2 ),
 ( 4, 2, 2, 2, 4 ),
 ( 0.000000000000000000, 1.000000000000000000 ),
 ( 4.998516883154392687, 5.074749475600713211, 5.150982068047032847, 5.227214660493352483, 5.303447252939673007 ),
 .UNSPECIFIED. ) ;
#2346 = VECTOR ( 'NONE', #2140, 1000.000000000000000 ) ;
#2347 = CARTESIAN_POINT ( 'NONE',  ( -25.23820268798648669, -12.11792231512427165, -2.558317156517184277 ) ) ;
#2348 = VERTEX_POINT ( 'NONE', #87 ) ;
#2349 = DIRECTION ( 'NONE',  ( -8.163404592832033966E-17, -0.000000000000000000, 1.000000000000000000 ) ) ;
#2350 = CARTESIAN_POINT ( 'NONE',  ( -56.28016327025105880, -7.995484603058041984, -1.643049807199983947 ) ) ;
#2351 = CARTESIAN_POINT ( 'NONE',  ( -77.41899999999999693, -0.5000000000000073275, -21.50000000000000711 ) ) ;
#2352 = DIRECTION ( 'NONE',  ( -8.163404592832033966E-17, -0.000000000000000000, 1.000000000000000000 ) ) ;
#2353 = SURFACE_STYLE_USAGE ( .BOTH. , #5128 ) ;
#2354 = FILL_AREA_STYLE_COLOUR ( '', #2073 ) ;
#2355 = CARTESIAN_POINT ( 'NONE',  ( -88.07430408234874619, -19.08236519502733941, -3.886607534748023784 ) ) ;
#2356 = SHAPE_DEFINITION_REPRESENTATION ( #4716, #564 ) ;
#2357 = B_SPLINE_CURVE_WITH_KNOTS ( 'NONE', 3,
 ( #2992, #1110, #1496, #4594, #4207, #3876, #658, #739, #2688, #269, #3425, #5099, #4288, #5011, #2298, #3448, #5034, #1467, #1636, #3233, #1201, #5125, #3585, #827, #17, #2761, #41, #4410, #448, #4339, #1224, #1153 ),
 .UNSPECIFIED., .F., .F.,
 ( 4, 2, 2, 2, 2, 2, 2, 2, 2, 2, 2, 2, 2, 2, 2, 4 ),
 ( 0.009621898606286625327, 0.01015524489642155234, 0.01068859118655647936, 0.01122193747669140637, 0.01175528376682633339, 0.01228863005696126040, 0.01282197634709618742, 0.01335532263723111790, 0.01388866892736604491, 0.01442201521750097366, 0.01495536150763590241, 0.01602205408790575991, 0.01655540037804069040, 0.01708874666817562088, 0.01762209295831055136, 0.01815543924844548185 ),
 .UNSPECIFIED. ) ;
#2358 = CARTESIAN_POINT ( 'NONE',  ( -56.29389086232502848, -9.509067476249493112, -1.642594127529933612 ) ) ;
#2359 = ORIENTED_EDGE ( 'NONE', *, *, #414, .T. ) ;
#2360 = CARTESIAN_POINT ( 'NONE',  ( -88.18770437496436898, -1.471049079216155686, -4.471269662070493034 ) ) ;
#2361 = UNCERTAINTY_MEASURE_WITH_UNIT (LENGTH_MEASURE( 1.000000000000000082E-05 ), #1438, 'distance_accuracy_value', 'NONE');
#2362 = ORIENTED_EDGE ( 'NONE', *, *, #4880, .T. ) ;
#2363 = DIRECTION ( 'NONE',  ( 0.9920412960753397513, 0.000000000000000000, 0.1259129337326394538 ) ) ;
#2364 = SURFACE_STYLE_FILL_AREA ( #58 ) ;
#2365 = ADVANCED_FACE ( 'NONE', ( #2078 ), #2800, .T. ) ;
#2366 =( LENGTH_UNIT ( ) NAMED_UNIT ( * ) SI_UNIT ( .MILLI., .METRE. ) );
#2367 = UNCERTAINTY_MEASURE_WITH_UNIT (LENGTH_MEASURE( 1.000000000000000082E-05 ), #305, 'distance_accuracy_value', 'NONE');
#2368 = DIRECTION ( 'NONE',  ( -0.9521326466281559986, -0.2807833320455910275, -0.1208476051489584119 ) ) ;
#2369 = VERTEX_POINT ( 'NONE', #1786 ) ;
#2370 = SURFACE_STYLE_USAGE ( .BOTH. , #442 ) ;
#2371 = CARTESIAN_POINT ( 'NONE',  ( -55.66516904541840915, -9.374276008891587963, -1.451165873919126659 ) ) ;
#2372 = FILL_AREA_STYLE ('',( #2396 ) ) ;
#2373 =( LENGTH_UNIT ( ) NAMED_UNIT ( * ) SI_UNIT ( .MILLI., .METRE. ) );
#2374 = CARTESIAN_POINT ( 'NONE',  ( -104.1013796174811290, -23.09350549880335635, 6.326668156097690066 ) ) ;
#2375 = CARTESIAN_POINT ( 'NONE',  ( -87.67490837539850190, -18.60345205241676680, -4.329783245531495517 ) ) ;
#2376 = SURFACE_STYLE_FILL_AREA ( #3183 ) ;
#2377 = CARTESIAN_POINT ( 'NONE',  ( -66.36358403214866541, -25.14085549570262401, -4.833333333333341919 ) ) ;
#2378 = CARTESIAN_POINT ( 'NONE',  ( -89.85493068599150490, -17.70075412244228374, 5.718412643701067388 ) ) ;
#2379 = LINE ( 'NONE', #23, #565 ) ;
#2380 = ORIENTED_EDGE ( 'NONE', *, *, #2183, .F. ) ;
#2381 = PRESENTATION_STYLE_ASSIGNMENT (( #1267 ) ) ;
#2382 = CARTESIAN_POINT ( 'NONE',  ( -88.22005030483310861, -18.52412178054539993, -4.471273431008262911 ) ) ;
#2383 = CARTESIAN_POINT ( 'NONE',  ( -65.81081323375609315, -0.5000000000000073275, -5.000000000000009770 ) ) ;
#2384 = SURFACE_SIDE_STYLE ('',( #2795 ) ) ;
#2385 = ORIENTED_EDGE ( 'NONE', *, *, #1213, .F. ) ;
#2386 = CARTESIAN_POINT ( 'NONE',  ( -24.01924625598385532, -9.361886506485214809, -3.496163476831489092 ) ) ;
#2387 = FACE_OUTER_BOUND ( 'NONE', #3977, .T. ) ;
#2388 = FACE_OUTER_BOUND ( 'NONE', #530, .T. ) ;
#2389 = CARTESIAN_POINT ( 'NONE',  ( -66.05141823999369421, -25.67536284591853502, -4.478883055520344492 ) ) ;
#2390 = EDGE_CURVE ( 'NONE', #229, #49, #998, .T. ) ;
#2391 = FILL_AREA_STYLE_COLOUR ( '', #1513 ) ;
#2392 = VECTOR ( 'NONE', #3463, 1000.000000000000000 ) ;
#2393 = EDGE_LOOP ( 'NONE', ( #1050, #776, #3040, #261 ) ) ;
#2394 = PRESENTATION_LAYER_ASSIGNMENT (  '', '', ( #3226 ) ) ;
#2395 = CARTESIAN_POINT ( 'NONE',  ( -23.99999999999999645, -4.650000000000001243, 8.999999999999996447 ) ) ;
#2396 = FILL_AREA_STYLE_COLOUR ( '', #4739 ) ;
#2397 = COLOUR_RGB ( '',1.000000000000000000, 0.000000000000000000, 0.000000000000000000 ) ;
#2398 = B_SPLINE_CURVE_WITH_KNOTS ( 'NONE', 3,
 ( #1644, #4010, #4784, #1232 ),
 .UNSPECIFIED., .F., .F.,
 ( 4, 4 ),
 ( 0.000000000000000000, 1.000000000000000000 ),
 .UNSPECIFIED. ) ;
#2399 = COLOUR_RGB ( '',1.000000000000000000, 0.000000000000000000, 0.000000000000000000 ) ;
#2400 = CARTESIAN_POINT ( 'NONE',  ( -90.04520773104542286, -2.245142101123736467, 5.680015490656594501 ) ) ;
#2401 = MECHANICAL_DESIGN_GEOMETRIC_PRESENTATION_REPRESENTATION (  '', ( #2068 ), #1992 ) ;
#2402 = COLOUR_RGB ( '',1.000000000000000000, 0.000000000000000000, 0.000000000000000000 ) ;
#2403 =( LENGTH_UNIT ( ) NAMED_UNIT ( * ) SI_UNIT ( .MILLI., .METRE. ) );
#2404 =( NAMED_UNIT ( * ) SI_UNIT ( $, .STERADIAN. ) SOLID_ANGLE_UNIT ( ) );
#2405 = EDGE_CURVE ( 'NONE', #2213, #2066, #4552, .T. ) ;
#2406 = AXIS2_PLACEMENT_3D ( 'NONE', #3971, #4421, #2820 ) ;
#2407 = ORIENTED_EDGE ( 'NONE', *, *, #1785, .F. ) ;
#2408 = CARTESIAN_POINT ( 'NONE',  ( -84.70281280611139607, 0.000000000000000000, -2.337625959924284125 ) ) ;
#2409 =( LENGTH_UNIT ( ) NAMED_UNIT ( * ) SI_UNIT ( .MILLI., .METRE. ) );
#2410 = STYLED_ITEM ( 'NONE', ( #1742 ), #203 ) ;
#2411 = ORIENTED_EDGE ( 'NONE', *, *, #4938, .T. ) ;
#2412 = CARTESIAN_POINT ( 'NONE',  ( -24.29052948861666650, -8.541866673137386456, -3.374489247659424596 ) ) ;
#2413 = UNCERTAINTY_MEASURE_WITH_UNIT (LENGTH_MEASURE( 1.000000000000000082E-05 ), #686, 'distance_accuracy_value', 'NONE');
#2414 = CARTESIAN_POINT ( 'NONE',  ( -24.24882472577353099, -9.821773497443427203, -3.391875271973609163 ) ) ;
#2415 = VECTOR ( 'NONE', #2283, 1000.000000000000000 ) ;
#2416 =( NAMED_UNIT ( * ) PLANE_ANGLE_UNIT ( ) SI_UNIT ( $, .RADIAN. ) );
#2417 = VECTOR ( 'NONE', #1070, 1000.000000000000000 ) ;
#2418 = ORIENTED_EDGE ( 'NONE', *, *, #749, .F. ) ;
#2419 =( NAMED_UNIT ( * ) PLANE_ANGLE_UNIT ( ) SI_UNIT ( $, .RADIAN. ) );
#2420 = CARTESIAN_POINT ( 'NONE',  ( -29.30618636649676390, -29.79459703020277672, -0.8811434084493876551 ) ) ;
#2421 = EDGE_CURVE ( 'NONE', #1178, #1768, #2945, .T. ) ;
#2422 =( GEOMETRIC_REPRESENTATION_CONTEXT ( 3 ) GLOBAL_UNCERTAINTY_ASSIGNED_CONTEXT ( ( #3032 ) ) GLOBAL_UNIT_ASSIGNED_CONTEXT ( ( #889, #465, #4449 ) ) REPRESENTATION_CONTEXT ( 'NONE', 'WORKASPACE' ) );
#2423 = CARTESIAN_POINT ( 'NONE',  ( -89.85493068599150490, -2.217292858252052135, 5.718412643701067388 ) ) ;
#2424 = ORIENTED_EDGE ( 'NONE', *, *, #5114, .T. ) ;
#2425 = MECHANICAL_DESIGN_GEOMETRIC_PRESENTATION_REPRESENTATION (  '', ( #3432 ), #4271 ) ;
#2426 =( NAMED_UNIT ( * ) PLANE_ANGLE_UNIT ( ) SI_UNIT ( $, .RADIAN. ) );
#2427 = EDGE_CURVE ( 'NONE', #1453, #1131, #4126, .T. ) ;
#2428 = CARTESIAN_POINT ( 'NONE',  ( -87.09253158297065056, -0.6415355097917276872, -3.300131303220063650 ) ) ;
#2429 = DIRECTION ( 'NONE',  ( 1.000000000000000000, 0.000000000000000000, 4.625929269271483942E-16 ) ) ;
#2430 = ORIENTED_EDGE ( 'NONE', *, *, #2337, .T. ) ;
#2431 =( NAMED_UNIT ( * ) PLANE_ANGLE_UNIT ( ) SI_UNIT ( $, .RADIAN. ) );
#2432 = EDGE_CURVE ( 'NONE', #964, #1169, #1368, .T. ) ;
#2433 = LINE ( 'NONE', #3986, #1824 ) ;
#2434 = PLANE ( 'NONE',  #1498 ) ;
#2435 = DIRECTION ( 'NONE',  ( -0.4496290381741792075, -0.6841400612784803714, 0.5742700624135299581 ) ) ;
#2436 = EDGE_LOOP ( 'NONE', ( #703, #4843, #314, #4831, #4129, #4328, #3011, #1020, #1719 ) ) ;
#2437 = CARTESIAN_POINT ( 'NONE',  ( -61.73481752163061742, -10.34429759680952188, -3.473377976250176857 ) ) ;
#2438 =( NAMED_UNIT ( * ) SI_UNIT ( $, .STERADIAN. ) SOLID_ANGLE_UNIT ( ) );
#2439 = DIRECTION ( 'NONE',  ( 0.000000000000000000, 0.000000000000000000, -1.000000000000000000 ) ) ;
#2440 = CARTESIAN_POINT ( 'NONE',  ( -25.80023303304462345, -12.49914842319240371, -2.283772461306392110 ) ) ;
#2441 = CARTESIAN_POINT ( 'NONE',  ( -88.11976185099685210, -0.9304182472515378777, -3.913777322381434054 ) ) ;
#2442 = CARTESIAN_POINT ( 'NONE',  ( -66.00261970684854873, -25.69014302736123767, -4.486090563794631336 ) ) ;
#2443 = ORIENTED_EDGE ( 'NONE', *, *, #19, .F. ) ;
#2444 = SURFACE_STYLE_FILL_AREA ( #2852 ) ;
#2445 = CARTESIAN_POINT ( 'NONE',  ( -56.33581587935607615, -9.295383667191192245, -0.9852114798414434160 ) ) ;
#2446 = CARTESIAN_POINT ( 'NONE',  ( -66.23019663051765349, -25.61976863831320372, -4.402746374744928914 ) ) ;
#2447 = CARTESIAN_POINT ( 'NONE',  ( -104.9937186631698154, -13.47798467455446314, -2.840000000000014513 ) ) ;
#2448 = ORIENTED_EDGE ( 'NONE', *, *, #4287, .F. ) ;
#2449 = LINE ( 'NONE', #3262, #4403 ) ;
#2450 = PRESENTATION_STYLE_ASSIGNMENT (( #4081 ) ) ;
#2451 = SURFACE_STYLE_FILL_AREA ( #4928 ) ;
#2452 = CARTESIAN_POINT ( 'NONE',  ( -29.74907102903391376, -9.813058170245861689, -1.356445374457500463 ) ) ;
#2453 = VECTOR ( 'NONE', #1033, 1000.000000000000000 ) ;
#2454 = STYLED_ITEM ( 'NONE', ( #1592 ), #4558 ) ;
#2455 = ORIENTED_EDGE ( 'NONE', *, *, #4658, .T. ) ;
#2456 = EDGE_CURVE ( 'NONE', #3869, #3069, #3151, .T. ) ;
#2457 = CARTESIAN_POINT ( 'NONE',  ( -64.00000000000000000, -15.34999999999999964, 8.999999999999992895 ) ) ;
#2458 = EDGE_CURVE ( 'NONE', #2029, #3591, #1295, .T. ) ;
#2459 = B_SPLINE_CURVE_WITH_KNOTS ( 'NONE', 3,
 ( #3862, #1094, #645, #2675, #2204, #2618 ),
 .UNSPECIFIED., .F., .F.,
 ( 4, 2, 4 ),
 ( 0.000000000000000000, 0.5250000082042372007, 1.000000000000000000 ),
 .UNSPECIFIED. ) ;
#2460 = SURFACE_STYLE_FILL_AREA ( #3240 ) ;
#2461 = LINE ( 'NONE', #1557, #1328 ) ;
#2462 = PRESENTATION_STYLE_ASSIGNMENT (( #883 ) ) ;
#2463 = CARTESIAN_POINT ( 'NONE',  ( -97.01138785558323718, -16.24393592340868864, 1.959246802256337405 ) ) ;
#2464 = ORIENTED_EDGE ( 'NONE', *, *, #3252, .T. ) ;
#2465 = CARTESIAN_POINT ( 'NONE',  ( -56.72638983061797546, -7.524143833362432865, -1.788385114555027799 ) ) ;
#2466 = SURFACE_STYLE_USAGE ( .BOTH. , #3600 ) ;
#2467 = CARTESIAN_POINT ( 'NONE',  ( -26.99999999999999645, -10.00000000000000000, -8.000000000000005329 ) ) ;
#2468 = CARTESIAN_POINT ( 'NONE',  ( -24.24893762392009933, -9.830759052934435971, -3.069794734737996134 ) ) ;
#2469 = CARTESIAN_POINT ( 'NONE',  ( -90.03011073921739182, -1.766228958513171854, 5.217113711062930648 ) ) ;
#2470 = DIRECTION ( 'NONE',  ( 0.000000000000000000, 1.000000000000000000, 0.000000000000000000 ) ) ;
#2471 = ORIENTED_EDGE ( 'NONE', *, *, #4943, .F. ) ;
#2472 = CARTESIAN_POINT ( 'NONE',  ( -58.63411298676816585, -12.73044596090845282, -1.909090433825142874 ) ) ;
#2473 = CARTESIAN_POINT ( 'NONE',  ( -60.10529545261404394, -27.39126618998553653, -2.430435428873722437 ) ) ;
#2474 = DIRECTION ( 'NONE',  ( 0.000000000000000000, 0.000000000000000000, 1.000000000000000000 ) ) ;
#2475 = CIRCLE ( 'NONE', #2639, 0.5000000000000019984 ) ;
#2476 = COLOUR_RGB ( '',1.000000000000000000, 0.000000000000000000, 0.000000000000000000 ) ;
#2477 = ORIENTED_EDGE ( 'NONE', *, *, #4356, .F. ) ;
#2478 = CARTESIAN_POINT ( 'NONE',  ( -84.62361244274097771, -0.5070285843726308750, -2.842663740992469990 ) ) ;
#2479 = COLOUR_RGB ( '',1.000000000000000000, 0.000000000000000000, 0.000000000000000000 ) ;
#2480 = CARTESIAN_POINT ( 'NONE',  ( -27.13172094117697597, -7.247661610516749953, -1.685679289895552158 ) ) ;
#2481 = VECTOR ( 'NONE', #4714, 1000.000000000000000 ) ;
#2482 = ORIENTED_EDGE ( 'NONE', *, *, #101, .F. ) ;
#2483 = DIRECTION ( 'NONE',  ( 0.6124452383905286679, 0.000000000000000000, 0.7905130169534013707 ) ) ;
#2484 = VECTOR ( 'NONE', #4753, 1000.000000000000000 ) ;
#2485 = AXIS2_PLACEMENT_3D ( 'NONE', #2181, #3330, #200 ) ;
#2486 = CARTESIAN_POINT ( 'NONE',  ( -56.07011746486845993, -11.69776571593877179, -1.576352775157306318 ) ) ;
#2487 = CARTESIAN_POINT ( 'NONE',  ( -50.44426515177563886, -29.95782628522115232, 8.513920291921751371 ) ) ;
#2488 = FILL_AREA_STYLE_COLOUR ( '', #2397 ) ;
#2489 = EDGE_CURVE ( 'NONE', #2066, #4514, #953, .T. ) ;
#2490 = PRESENTATION_LAYER_ASSIGNMENT (  '', '', ( #516 ) ) ;
#2491 = VECTOR ( 'NONE', #775, 1000.000000000000114 ) ;
#2492 =( NAMED_UNIT ( * ) PLANE_ANGLE_UNIT ( ) SI_UNIT ( $, .RADIAN. ) );
#2493 = ORIENTED_EDGE ( 'NONE', *, *, #1157, .T. ) ;
#2494 = CARTESIAN_POINT ( 'NONE',  ( -58.13852592681017484, -7.382488007726546009, -1.693511203747292138 ) ) ;
#2495 = FILL_AREA_STYLE_COLOUR ( '', #4983 ) ;
#2496 = SURFACE_STYLE_USAGE ( .BOTH. , #4469 ) ;
#2497 =( NAMED_UNIT ( * ) PLANE_ANGLE_UNIT ( ) SI_UNIT ( $, .RADIAN. ) );
#2498 = COLOUR_RGB ( '',1.000000000000000000, 0.000000000000000000, 0.000000000000000000 ) ;
#2499 = LINE ( 'NONE', #4044, #2008 ) ;
#2500 = UNCERTAINTY_MEASURE_WITH_UNIT (LENGTH_MEASURE( 1.000000000000000082E-05 ), #4899, 'distance_accuracy_value', 'NONE');
#2501 = EDGE_LOOP ( 'NONE', ( #3690, #3523, #4544, #2705 ) ) ;
#2502 = CARTESIAN_POINT ( 'NONE',  ( -29.23073787517921573, -29.73073646131938830, -0.8923594867631364780 ) ) ;
#2503 = VECTOR ( 'NONE', #2368, 999.9999999999998863 ) ;
#2504 =( LENGTH_UNIT ( ) NAMED_UNIT ( * ) SI_UNIT ( .MILLI., .METRE. ) );
#2505 = CARTESIAN_POINT ( 'NONE',  ( -61.39988582740973300, -8.646489338331084795, -3.285749461117005055 ) ) ;
#2506 = LINE ( 'NONE', #4536, #317 ) ;
#2507 =( GEOMETRIC_REPRESENTATION_CONTEXT ( 3 ) GLOBAL_UNCERTAINTY_ASSIGNED_CONTEXT ( ( #366 ) ) GLOBAL_UNIT_ASSIGNED_CONTEXT ( ( #1918, #4924, #3228 ) ) REPRESENTATION_CONTEXT ( 'NONE', 'WORKASPACE' ) );
#2508 = CARTESIAN_POINT ( 'NONE',  ( -84.05578767060032419, -0.5071180271846728038, 6.454457718731482885 ) ) ;
#2509 = ORIENTED_EDGE ( 'NONE', *, *, #4037, .T. ) ;
#2510 =( LENGTH_UNIT ( ) NAMED_UNIT ( * ) SI_UNIT ( .MILLI., .METRE. ) );
#2511 =( LENGTH_UNIT ( ) NAMED_UNIT ( * ) SI_UNIT ( .MILLI., .METRE. ) );
#2512 = PRESENTATION_LAYER_ASSIGNMENT (  '', '', ( #5102 ) ) ;
#2513 = LINE ( 'NONE', #607, #1580 ) ;
#2514 = CARTESIAN_POINT ( 'NONE',  ( -29.59564539637631952, -9.072942795747117373, -0.7478836340311540987 ) ) ;
#2515 = ORIENTED_EDGE ( 'NONE', *, *, #2172, .T. ) ;
#2516 = COLOUR_RGB ( '',1.000000000000000000, 0.000000000000000000, 0.000000000000000000 ) ;
#2517 =( NAMED_UNIT ( * ) PLANE_ANGLE_UNIT ( ) SI_UNIT ( $, .RADIAN. ) );
#2518 = DIRECTION ( 'NONE',  ( 4.625929269271483942E-16, 0.000000000000000000, -1.000000000000000000 ) ) ;
#2519 = SURFACE_STYLE_FILL_AREA ( #2890 ) ;
#2520 = VERTEX_POINT ( 'NONE', #2206 ) ;
#2521 = CARTESIAN_POINT ( 'NONE',  ( -59.52531248824436005, -7.289643645014573181, -2.820787672350940412 ) ) ;
#2522 = FILL_AREA_STYLE ('',( #2597 ) ) ;
#2523 = CARTESIAN_POINT ( 'NONE',  ( -23.97668520858198704, -9.576798114542803830, -3.515406280524348670 ) ) ;
#2524 = EDGE_CURVE ( 'NONE', #2249, #4853, #3703, .T. ) ;
#2525 = VERTEX_POINT ( 'NONE', #4141 ) ;
#2526 = CARTESIAN_POINT ( 'NONE',  ( -63.96839600314000052, -15.84999999999999964, 8.499999999999991118 ) ) ;
#2527 = CARTESIAN_POINT ( 'NONE',  ( -60.36000234027370936, -12.41284103475936362, -2.731688713915146227 ) ) ;
#2528 = CARTESIAN_POINT ( 'NONE',  ( -59.59588332383862763, -7.310517928825300160, -2.353872209473416799 ) ) ;
#2529 = CARTESIAN_POINT ( 'NONE',  ( -21.50000000000000000, -30.00000000000000000, 8.499999999999994671 ) ) ;
#2530 = SURFACE_STYLE_FILL_AREA ( #180 ) ;
#2531 = ORIENTED_EDGE ( 'NONE', *, *, #669, .T. ) ;
#2532 = SURFACE_STYLE_USAGE ( .BOTH. , #1406 ) ;
#2533 = DIRECTION ( 'NONE',  ( 0.000000000000000000, -0.7071067811865487940, -0.7071067811865463515 ) ) ;
#2534 = CARTESIAN_POINT ( 'NONE',  ( -24.63125022652563345, -7.996513385404184326, -3.224723047727569014 ) ) ;
#2535 = VERTEX_POINT ( 'NONE', #3275 ) ;
#2536 = VECTOR ( 'NONE', #4782, 999.9999999999998863 ) ;
#2537 = FILL_AREA_STYLE_COLOUR ( '', #1017 ) ;
#2538 = CARTESIAN_POINT ( 'NONE',  ( -56.93541029452169511, -12.64175685417995076, -1.858175264518317826 ) ) ;
#2539 = PRESENTATION_STYLE_ASSIGNMENT (( #2124 ) ) ;
#2540 = AXIS2_PLACEMENT_3D ( 'NONE', #2463, #2435, #482 ) ;
#2541 = DIRECTION ( 'NONE',  ( -0.000000000000000000, -1.000000000000000000, -0.000000000000000000 ) ) ;
#2542 = ORIENTED_EDGE ( 'NONE', *, *, #2683, .T. ) ;
#2543 = CARTESIAN_POINT ( 'NONE',  ( -56.62398032915162815, -8.603269445580101760, -1.090540555839964787 ) ) ;
#2544 = FILL_AREA_STYLE_COLOUR ( '', #3749 ) ;
#2545 = CARTESIAN_POINT ( 'NONE',  ( -51.01632745126756419, -29.47891314261057261, -0.3020736150763092542 ) ) ;
#2546 = ORIENTED_EDGE ( 'NONE', *, *, #798, .T. ) ;
#2547 = PRESENTATION_STYLE_ASSIGNMENT (( #970 ) ) ;
#2548 = CARTESIAN_POINT ( 'NONE',  ( -61.69872002347361928, -10.52859269281987409, -3.452974824908512819 ) ) ;
#2549 = SURFACE_STYLE_USAGE ( .BOTH. , #973 ) ;
#2550 = DIRECTION ( 'NONE',  ( 0.000000000000000000, -1.000000000000000000, 0.000000000000000000 ) ) ;
#2551 = EDGE_CURVE ( 'NONE', #3928, #3317, #227, .T. ) ;
#2552 = ORIENTED_EDGE ( 'NONE', *, *, #4472, .F. ) ;
#2553 = CARTESIAN_POINT ( 'NONE',  ( -26.99999999999999645, -10.00000000000000000, 8.999999999999996447 ) ) ;
#2554 = CARTESIAN_POINT ( 'NONE',  ( -57.13234803415215168, -12.03165908631217995, -1.923653892960216716 ) ) ;
#2555 = CARTESIAN_POINT ( 'NONE',  ( -84.00637678465352565, -0.4999893474470578081, 6.460729100409341008 ) ) ;
#2556 = CARTESIAN_POINT ( 'NONE',  ( -27.30803930705697624, -7.261622106424764134, -1.611295097830677481 ) ) ;
#2557 = EDGE_CURVE ( 'NONE', #4138, #4837, #1324, .T. ) ;
#2558 = ORIENTED_EDGE ( 'NONE', *, *, #1860, .T. ) ;
#2559 =( NAMED_UNIT ( * ) SI_UNIT ( $, .STERADIAN. ) SOLID_ANGLE_UNIT ( ) );
#2560 =( GEOMETRIC_REPRESENTATION_CONTEXT ( 3 ) GLOBAL_UNCERTAINTY_ASSIGNED_CONTEXT ( ( #2264 ) ) GLOBAL_UNIT_ASSIGNED_CONTEXT ( ( #2084, #1300, #4632 ) ) REPRESENTATION_CONTEXT ( 'NONE', 'WORKASPACE' ) );
#2561 = CARTESIAN_POINT ( 'NONE',  ( -24.24999999999999645, -10.00000000000094857, -3.069224771916217342 ) ) ;
#2562 = COLOUR_RGB ( '',1.000000000000000000, 0.000000000000000000, 0.000000000000000000 ) ;
#2563 = CARTESIAN_POINT ( 'NONE',  ( -57.49999999999999289, -10.00000000000000000, -8.000000000000008882 ) ) ;
#2564 = DIRECTION ( 'NONE',  ( 7.093091546216276758E-15, 0.000000000000000000, -1.000000000000000000 ) ) ;
#2565 = CARTESIAN_POINT ( 'NONE',  ( -60.37981663171318303, -7.151140156536896164, -3.179080148616710844 ) ) ;
#2566 = SURFACE_STYLE_USAGE ( .BOTH. , #2596 ) ;
#2567 = PRESENTATION_LAYER_ASSIGNMENT (  '', '', ( #2731 ) ) ;
#2568 = CARTESIAN_POINT ( 'NONE',  ( -61.86131591956307574, -26.30855691748945091, -3.834417971998067554 ) ) ;
#2569 =( GEOMETRIC_REPRESENTATION_CONTEXT ( 3 ) GLOBAL_UNCERTAINTY_ASSIGNED_CONTEXT ( ( #1173 ) ) GLOBAL_UNIT_ASSIGNED_CONTEXT ( ( #459, #2027, #1955 ) ) REPRESENTATION_CONTEXT ( 'NONE', 'WORKASPACE' ) );
#2570 = UNCERTAINTY_MEASURE_WITH_UNIT (LENGTH_MEASURE( 1.000000000000000082E-05 ), #1305, 'distance_accuracy_value', 'NONE');
#2571 = EDGE_LOOP ( 'NONE', ( #5078, #2805, #2035, #2875, #2650 ) ) ;
#2572 = CARTESIAN_POINT ( 'NONE',  ( -29.25529671732425996, -29.75293416404312197, -0.8887045137612747947 ) ) ;
#2573 = FILL_AREA_STYLE ('',( #1482 ) ) ;
#2574 = MECHANICAL_DESIGN_GEOMETRIC_PRESENTATION_REPRESENTATION (  '', ( #4822 ), #187 ) ;
#2575 = CARTESIAN_POINT ( 'NONE',  ( -85.71125883167822224, -0.8272651078794620583, -3.265825484479421004 ) ) ;
#2576 = CARTESIAN_POINT ( 'NONE',  ( -89.91693524149283689, -18.27099647312382658, 5.099021438897689329 ) ) ;
#2577 = VECTOR ( 'NONE', #3499, 1000.000000000000000 ) ;
#2578 = ORIENTED_EDGE ( 'NONE', *, *, #4460, .T. ) ;
#2579 = CARTESIAN_POINT ( 'NONE',  ( -56.78522245429896742, -11.64406160898347942, -1.805394165152363506 ) ) ;
#2580 = CARTESIAN_POINT ( 'NONE',  ( -64.27560847710925884, -26.20407088451750255, -4.426297099382622946 ) ) ;
#2581 = SURFACE_STYLE_FILL_AREA ( #3366 ) ;
#2582 = CARTESIAN_POINT ( 'NONE',  ( -29.06506503762887306, -7.365694703509968910, -1.570112558193832220 ) ) ;
#2583 = PRESENTATION_LAYER_ASSIGNMENT (  '', '', ( #2253 ) ) ;
#2584 = ORIENTED_EDGE ( 'NONE', *, *, #1889, .T. ) ;
#2585 = LINE ( 'NONE', #4086, #782 ) ;
#2586 = ADVANCED_FACE ( 'NONE', ( #4918 ), #4000, .F. ) ;
#2587 = VECTOR ( 'NONE', #4185, 1000.000000000000000 ) ;
#2588 = DIRECTION ( 'NONE',  ( -0.9144474039611146798, 0.000000000000000000, -0.4047047632395472383 ) ) ;
#2589 = FILL_AREA_STYLE_COLOUR ( '', #1504 ) ;
#2590 = DIRECTION ( 'NONE',  ( 1.000000000000000000, 0.000000000000000000, 8.163404592832032733E-17 ) ) ;
#2591 = CARTESIAN_POINT ( 'NONE',  ( -29.72731827018007067, -29.37646708202159473, -1.367949519104532996 ) ) ;
#2592 = FACE_OUTER_BOUND ( 'NONE', #1219, .T. ) ;
#2593 = COLOUR_RGB ( '',1.000000000000000000, 0.000000000000000000, 0.000000000000000000 ) ;
#2594 = ORIENTED_EDGE ( 'NONE', *, *, #423, .T. ) ;
#2595 = CARTESIAN_POINT ( 'NONE',  ( -55.77200069506404390, -8.943260180124145364, -1.483748715504565219 ) ) ;
#2596 = SURFACE_SIDE_STYLE ('',( #4884 ) ) ;
#2597 = FILL_AREA_STYLE_COLOUR ( '', #840 ) ;
#2598 = ORIENTED_EDGE ( 'NONE', *, *, #2803, .F. ) ;
#2599 = CARTESIAN_POINT ( 'NONE',  ( -66.36358403214866541, -30.00000000000000000, -4.833333333333341919 ) ) ;
#2600 = FILL_AREA_STYLE ('',( #4124 ) ) ;
#2601 = SURFACE_STYLE_FILL_AREA ( #1459 ) ;
#2602 = EDGE_LOOP ( 'NONE', ( #1688, #2546, #4105, #4730 ) ) ;
#2603 = FILL_AREA_STYLE ('',( #3386 ) ) ;
#2604 = CARTESIAN_POINT ( 'NONE',  ( -60.43597895740499837, -12.81663864783253004, -3.203360242403571867 ) ) ;
#2605 =( LENGTH_UNIT ( ) NAMED_UNIT ( * ) SI_UNIT ( .MILLI., .METRE. ) );
#2606 = CARTESIAN_POINT ( 'NONE',  ( -24.30918384564342460, -9.431811409979372840, -3.365076192528307697 ) ) ;
#2607 = ORIENTED_EDGE ( 'NONE', *, *, #4404, .F. ) ;
#2608 = SURFACE_SIDE_STYLE ('',( #661 ) ) ;
#2609 = DIRECTION ( 'NONE',  ( 0.000000000000000000, 0.000000000000000000, -1.000000000000000000 ) ) ;
#2610 = CARTESIAN_POINT ( 'NONE',  ( -29.46263923223710179, -11.23763677203384503, -0.7930700521129053771 ) ) ;
#2611 = DIRECTION ( 'NONE',  ( -1.000000000000000000, 0.000000000000000000, 0.000000000000000000 ) ) ;
#2612 = MECHANICAL_DESIGN_GEOMETRIC_PRESENTATION_REPRESENTATION (  '', ( #4444 ), #3540 ) ;
#2613 = DIRECTION ( 'NONE',  ( -8.163404592832032733E-17, 0.000000000000000000, 1.000000000000000000 ) ) ;
#2614 =( GEOMETRIC_REPRESENTATION_CONTEXT ( 3 ) GLOBAL_UNCERTAINTY_ASSIGNED_CONTEXT ( ( #2696 ) ) GLOBAL_UNIT_ASSIGNED_CONTEXT ( ( #4343, #793, #2404 ) ) REPRESENTATION_CONTEXT ( 'NONE', 'WORKASPACE' ) );
#2615 = EDGE_CURVE ( 'NONE', #4520, #4837, #306, .T. ) ;
#2616 = DIRECTION ( 'NONE',  ( 0.7071067811865474617, 0.000000000000000000, -0.7071067811865474617 ) ) ;
#2617 = VERTEX_POINT ( 'NONE', #3030 ) ;
#2618 = CARTESIAN_POINT ( 'NONE',  ( -21.82802967625238821, -21.39058945509440690, -4.559189662995772885 ) ) ;
#2619 = CARTESIAN_POINT ( 'NONE',  ( -64.64602064803766268, -0.4999999999999857891, 8.918005071595212385 ) ) ;
#2620 = UNCERTAINTY_MEASURE_WITH_UNIT (LENGTH_MEASURE( 1.000000000000000082E-05 ), #4080, 'distance_accuracy_value', 'NONE');
#2621 = EDGE_LOOP ( 'NONE', ( #4891, #2128, #4051, #3255, #2407 ) ) ;
#2622 = DIRECTION ( 'NONE',  ( -8.163404592832033966E-17, -0.000000000000000000, 1.000000000000000000 ) ) ;
#2623 = EDGE_CURVE ( 'NONE', #4201, #1979, #90, .T. ) ;
#2624 = SURFACE_STYLE_FILL_AREA ( #1399 ) ;
#2625 = EDGE_LOOP ( 'NONE', ( #2418, #3261, #2424, #1625 ) ) ;
#2626 = CARTESIAN_POINT ( 'NONE',  ( -58.70006120554894125, -12.74545930815115646, -2.494405521717704133 ) ) ;
#2627 = DIRECTION ( 'NONE',  ( -0.000000000000000000, -1.000000000000000000, -0.000000000000000000 ) ) ;
#2628 = SURFACE_STYLE_FILL_AREA ( #1858 ) ;
#2629 = CARTESIAN_POINT ( 'NONE',  ( -88.37914582985263223, -1.006669153726374777, -3.954999757466923338 ) ) ;
#2630 = ORIENTED_EDGE ( 'NONE', *, *, #3159, .T. ) ;
#2631 = CARTESIAN_POINT ( 'NONE',  ( -72.32871375271810166, -23.71857806847532402, -1.642070512018359407 ) ) ;
#2632 = DIRECTION ( 'NONE',  ( 0.000000000000000000, 0.000000000000000000, -1.000000000000000000 ) ) ;
#2633 = CARTESIAN_POINT ( 'NONE',  ( -29.20710678118656745, -29.70710678118654613, 8.499999999999994671 ) ) ;
#2634 = FILL_AREA_STYLE_COLOUR ( '', #1700 ) ;
#2635 = CARTESIAN_POINT ( 'NONE',  ( -27.51446645013358960, -12.71247285864398968, -2.088608612150510524 ) ) ;
#2636 = FACE_OUTER_BOUND ( 'NONE', #1552, .T. ) ;
#2637 =( NAMED_UNIT ( * ) SI_UNIT ( $, .STERADIAN. ) SOLID_ANGLE_UNIT ( ) );
#2638 = DIRECTION ( 'NONE',  ( -0.9581977058217490129, 0.2861068970820821455, 8.309858998073164525E-16 ) ) ;
#2639 = AXIS2_PLACEMENT_3D ( 'NONE', #1039, #4193, #1932 ) ;
#2640 = EDGE_LOOP ( 'NONE', ( #4538, #969, #3393, #4320 ) ) ;
#2641 = CARTESIAN_POINT ( 'NONE',  ( -80.90645864061765735, -21.14561517245701339, -1.237955153746092662 ) ) ;
#2642 = DIRECTION ( 'NONE',  ( 0.000000000000000000, 0.000000000000000000, 1.000000000000000000 ) ) ;
#2643 = EDGE_CURVE ( 'NONE', #4749, #395, #3112, .T. ) ;
#2644 = FILL_AREA_STYLE ('',( #1811 ) ) ;
#2645 = VECTOR ( 'NONE', #221, 1000.000000000000000 ) ;
#2646 = COLOUR_RGB ( '',1.000000000000000000, 0.000000000000000000, 0.000000000000000000 ) ;
#2647 = AXIS2_PLACEMENT_3D ( 'NONE', #369, #10, #1143 ) ;
#2648 = STYLED_ITEM ( 'NONE', ( #4062 ), #3266 ) ;
#2649 = COLOUR_RGB ( '',1.000000000000000000, 0.000000000000000000, 0.000000000000000000 ) ;
#2650 = ORIENTED_EDGE ( 'NONE', *, *, #4472, .T. ) ;
#2651 = ADVANCED_FACE ( 'NONE', ( #3864, #1843, #5083 ), #752, .F. ) ;
#2652 = DIRECTION ( 'NONE',  ( 0.000000000000000000, 1.000000000000000000, 0.000000000000000000 ) ) ;
#2653 = DIRECTION ( 'NONE',  ( 0.04465022602553084946, 0.7064015703959996006, -0.7064015703959997117 ) ) ;
#2654 = CARTESIAN_POINT ( 'NONE',  ( -60.10529545261404394, -27.39126618998553653, -2.430435428873722437 ) ) ;
#2655 = MECHANICAL_DESIGN_GEOMETRIC_PRESENTATION_REPRESENTATION (  '', ( #4242 ), #1649 ) ;
#2656 = VECTOR ( 'NONE', #4862, 1000.000000000000114 ) ;
#2657 = B_SPLINE_SURFACE_WITH_KNOTS ( 'NONE', 1, 3, ( 
 ( #65, #2508, #4076, #2836 ),
 ( #3259, #4537, #576, #2062 ) ),
 .UNSPECIFIED., .F., .F., .F.,
 ( 2, 2 ),
 ( 4, 4 ),
 ( 0.000000000000000000, 1.000000000000000000 ),
 ( 1.279339532317036676, 1.570796326794896780 ),
 .UNSPECIFIED. ) ;
#2658 = CARTESIAN_POINT ( 'NONE',  ( -28.72836899121318410, -12.14566500937838889, -1.053323332213621288 ) ) ;
#2659 = EDGE_CURVE ( 'NONE', #3410, #1443, #4215, .T. ) ;
#2660 = ORIENTED_EDGE ( 'NONE', *, *, #2489, .T. ) ;
#2661 =( GEOMETRIC_REPRESENTATION_CONTEXT ( 3 ) GLOBAL_UNCERTAINTY_ASSIGNED_CONTEXT ( ( #411 ) ) GLOBAL_UNIT_ASSIGNED_CONTEXT ( ( #2000, #2819, #2769 ) ) REPRESENTATION_CONTEXT ( 'NONE', 'WORKASPACE' ) );
#2662 = CARTESIAN_POINT ( 'NONE',  ( -56.94506223663960043, -12.64872332985018843, -1.861431028161330437 ) ) ;
#2663 = DIRECTION ( 'NONE',  ( 0.08903388928144091718, -0.7071067811865541231, -0.7014791276719577473 ) ) ;
#2664 = ORIENTED_EDGE ( 'NONE', *, *, #4495, .T. ) ;
#2665 = CARTESIAN_POINT ( 'NONE',  ( -86.39099567690321635, -19.55804467468392716, -2.959861396211762141 ) ) ;
#2666 = LINE ( 'NONE', #4266, #1926 ) ;
#2667 = DIRECTION ( 'NONE',  ( -4.625929269271483942E-16, -0.000000000000000000, 1.000000000000000000 ) ) ;
#2668 = CARTESIAN_POINT ( 'NONE',  ( -61.86841983812789891, -11.05082987188142241, -3.853771179638255440 ) ) ;
#2669 = SURFACE_STYLE_FILL_AREA ( #1114 ) ;
#2670 = DIRECTION ( 'NONE',  ( -0.000000000000000000, -0.000000000000000000, -1.000000000000000000 ) ) ;
#2671 = FILL_AREA_STYLE ('',( #3106 ) ) ;
#2672 = AXIS2_PLACEMENT_3D ( 'NONE', #5056, #1047, #652 ) ;
#2673 = CARTESIAN_POINT ( 'NONE',  ( -27.97244356699415846, -13.15419955613213432, -1.928797764385007829 ) ) ;
#2674 = ORIENTED_EDGE ( 'NONE', *, *, #3720, .F. ) ;
#2675 = CARTESIAN_POINT ( 'NONE',  ( -24.24705819826913356, -23.83649650817446286, -3.371860475215312292 ) ) ;
#2676 = SURFACE_SIDE_STYLE ('',( #2700 ) ) ;
#2677 = STYLED_ITEM ( 'NONE', ( #4046 ), #1537 ) ;
#2678 = ORIENTED_EDGE ( 'NONE', *, *, #2458, .F. ) ;
#2679 = CARTESIAN_POINT ( 'NONE',  ( -27.32594083697942366, -6.747228251491779183, -2.155796576614160909 ) ) ;
#2680 = CARTESIAN_POINT ( 'NONE',  ( -64.36969411118725759, 0.000000000000000000, -4.500000000000003553 ) ) ;
#2681 = SURFACE_STYLE_FILL_AREA ( #36 ) ;
#2682 = CARTESIAN_POINT ( 'NONE',  ( -22.00000000000002487, -30.00000000000000000, 8.999999999999996447 ) ) ;
#2683 = EDGE_CURVE ( 'NONE', #4221, #2886, #3055, .T. ) ;
#2684 = EDGE_LOOP ( 'NONE', ( #406, #173, #4505, #1683 ) ) ;
#2685 = CARTESIAN_POINT ( 'NONE',  ( -50.15691407104610988, -30.00000000000000000, 8.499999999999992895 ) ) ;
#2686 = SURFACE_STYLE_USAGE ( .BOTH. , #5031 ) ;
#2687 = CARTESIAN_POINT ( 'NONE',  ( -24.30352777969215694, -9.460057813179798103, -3.040565293240703681 ) ) ;
#2688 = CARTESIAN_POINT ( 'NONE',  ( -25.24398384749292745, -7.877290461660043874, -2.555443400600013515 ) ) ;
#2689 = FACE_OUTER_BOUND ( 'NONE', #211, .T. ) ;
#2690 = PLANE ( 'NONE',  #11 ) ;
#2691 = SURFACE_STYLE_USAGE ( .BOTH. , #3904 ) ;
#2692 = CARTESIAN_POINT ( 'NONE',  ( -61.65297298763167788, -10.75176939329907100, -3.751023556438632944 ) ) ;
#2693 = CARTESIAN_POINT ( 'NONE',  ( -56.23486693815590343, -10.19782342603753733, -1.623321919645399625 ) ) ;
#2694 = CARTESIAN_POINT ( 'NONE',  ( -23.95567227325823723, -9.797508263734682643, -3.524966083374379888 ) ) ;
#2695 = ORIENTED_EDGE ( 'NONE', *, *, #1342, .F. ) ;
#2696 = UNCERTAINTY_MEASURE_WITH_UNIT (LENGTH_MEASURE( 1.000000000000000082E-05 ), #4343, 'distance_accuracy_value', 'NONE');
#2697 = CARTESIAN_POINT ( 'NONE',  ( -78.99918325886784487, -21.70859595934039632, -1.013989841985680984 ) ) ;
#2698 = PRESENTATION_STYLE_ASSIGNMENT (( #1095 ) ) ;
#2699 = VECTOR ( 'NONE', #3710, 1000.000000000000000 ) ;
#2700 = SURFACE_STYLE_FILL_AREA ( #2644 ) ;
#2701 = ORIENTED_EDGE ( 'NONE', *, *, #3804, .F. ) ;
#2702 = CARTESIAN_POINT ( 'NONE',  ( -29.07084657469713207, -7.369928304940659203, -1.568295716891321412 ) ) ;
#2703 =( LENGTH_UNIT ( ) NAMED_UNIT ( * ) SI_UNIT ( .MILLI., .METRE. ) );
#2704 = CARTESIAN_POINT ( 'NONE',  ( -24.59414415915225760, -11.34301378888867440, -2.886816658244529155 ) ) ;
#2705 = ORIENTED_EDGE ( 'NONE', *, *, #4191, .F. ) ;
#2706 = SURFACE_STYLE_USAGE ( .BOTH. , #4334 ) ;
#2707 = CARTESIAN_POINT ( 'NONE',  ( -24.11585745653805546, -23.70383798042415435, -3.425629362477492279 ) ) ;
#2708 = ADVANCED_FACE ( 'NONE', ( #4607 ), #4659, .T. ) ;
#2709 = PLANE ( 'NONE',  #3577 ) ;
#2710 = CARTESIAN_POINT ( 'NONE',  ( -24.53726190181302513, -8.762815166479466455, -2.916678848374369082 ) ) ;
#2711 = VERTEX_POINT ( 'NONE', #3987 ) ;
#2712 = FACE_BOUND ( 'NONE', #2846, .T. ) ;
#2713 =( LENGTH_UNIT ( ) NAMED_UNIT ( * ) SI_UNIT ( .MILLI., .METRE. ) );
#2714 = ADVANCED_FACE ( 'NONE', ( #4443 ), #3617, .F. ) ;
#2715 =( NAMED_UNIT ( * ) PLANE_ANGLE_UNIT ( ) SI_UNIT ( $, .RADIAN. ) );
#2716 = CARTESIAN_POINT ( 'NONE',  ( -27.34166656383205307, -12.73999024847548256, -2.150273852610777414 ) ) ;
#2717 = CARTESIAN_POINT ( 'NONE',  ( -55.66516904541840915, -9.374276008891584411, -1.451165873919110894 ) ) ;
#2718 = CARTESIAN_POINT ( 'NONE',  ( -30.05105755771426246, -11.45914861321632650, -1.272880641654701606 ) ) ;
#2719 = VERTEX_POINT ( 'NONE', #2336 ) ;
#2720 = CARTESIAN_POINT ( 'NONE',  ( -88.07430408234878882, -0.9176348049726720246, -3.886607534748037551 ) ) ;
#2721 = AXIS2_PLACEMENT_3D ( 'NONE', #1546, #1204, #68 ) ;
#2722 = UNCERTAINTY_MEASURE_WITH_UNIT (LENGTH_MEASURE( 1.000000000000000082E-05 ), #710, 'distance_accuracy_value', 'NONE');
#2723 = ORIENTED_EDGE ( 'NONE', *, *, #3981, .F. ) ;
#2724 = CARTESIAN_POINT ( 'NONE',  ( -18.35247065561925695, -4.150000000000000355, 8.499999999999994671 ) ) ;
#2725 =( GEOMETRIC_REPRESENTATION_CONTEXT ( 3 ) GLOBAL_UNCERTAINTY_ASSIGNED_CONTEXT ( ( #3951 ) ) GLOBAL_UNIT_ASSIGNED_CONTEXT ( ( #4829, #4851, #1357 ) ) REPRESENTATION_CONTEXT ( 'NONE', 'WORKASPACE' ) );
#2726 = UNCERTAINTY_MEASURE_WITH_UNIT (LENGTH_MEASURE( 1.000000000000000082E-05 ), #2409, 'distance_accuracy_value', 'NONE');
#2727 =( NAMED_UNIT ( * ) SI_UNIT ( $, .STERADIAN. ) SOLID_ANGLE_UNIT ( ) );
#2728 = VECTOR ( 'NONE', #2112, 1000.000000000000000 ) ;
#2729 = DIRECTION ( 'NONE',  ( -0.000000000000000000, -1.000000000000000000, -0.000000000000000000 ) ) ;
#2730 = CARTESIAN_POINT ( 'NONE',  ( -24.77935772440007156, -11.63112729359319175, -2.790711057876465340 ) ) ;
#2731 = STYLED_ITEM ( 'NONE', ( #2956 ), #2233 ) ;
#2732 = EDGE_LOOP ( 'NONE', ( #2918, #1841 ) ) ;
#2733 = CARTESIAN_POINT ( 'NONE',  ( -29.78344557661016268, -29.99195513004038816, -0.8110165415687875523 ) ) ;
#2734 = PRESENTATION_LAYER_ASSIGNMENT (  '', '', ( #5 ) ) ;
#2735 = CYLINDRICAL_SURFACE ( 'NONE', #511, 1.000000000000000888 ) ;
#2736 = FILL_AREA_STYLE ('',( #4721 ) ) ;
#2737 = AXIS2_PLACEMENT_3D ( 'NONE', #961, #2965, #2590 ) ;
#2738 = PRESENTATION_STYLE_ASSIGNMENT (( #1158 ) ) ;
#2739 = CARTESIAN_POINT ( 'NONE',  ( -101.5906744410804237, -14.82906906971571459, 3.594953826364819971 ) ) ;
#2740 = LINE ( 'NONE', #2022, #138 ) ;
#2741 = DIRECTION ( 'NONE',  ( 0.6454511755213131474, 0.5773502691896268413, -0.5000594431513323279 ) ) ;
#2742 = EDGE_LOOP ( 'NONE', ( #3297, #1701, #4948, #4099 ) ) ;
#2743 = ADVANCED_FACE ( 'NONE', ( #1210 ), #2434, .T. ) ;
#2744 = LINE ( 'NONE', #722, #2415 ) ;
#2745 = AXIS2_PLACEMENT_3D ( 'NONE', #3107, #329, #1090 ) ;
#2746 = UNCERTAINTY_MEASURE_WITH_UNIT (LENGTH_MEASURE( 1.000000000000000082E-05 ), #1440, 'distance_accuracy_value', 'NONE');
#2747 = CARTESIAN_POINT ( 'NONE',  ( -88.32643791048542425, -19.00921840517475303, -3.960145758486246059 ) ) ;
#2748 = CARTESIAN_POINT ( 'NONE',  ( -87.76582391269465688, -1.409331389862114703, -4.384122820798306286 ) ) ;
#2749 = EDGE_LOOP ( 'NONE', ( #1282, #2864, #3570, #2578, #2664 ) ) ;
#2750 = CYLINDRICAL_SURFACE ( 'NONE', #3662, 20.00000000000000000 ) ;
#2751 = MECHANICAL_DESIGN_GEOMETRIC_PRESENTATION_REPRESENTATION (  '', ( #4504 ), #1758 ) ;
#2752 = DIRECTION ( 'NONE',  ( 5.795414670865185597E-17, 0.7042760916722484721, -0.7099261839789138273 ) ) ;
#2753 = PRESENTATION_STYLE_ASSIGNMENT (( #3197 ) ) ;
#2754 = DIRECTION ( 'NONE',  ( 0.000000000000000000, 0.000000000000000000, -1.000000000000000000 ) ) ;
#2755 = PRODUCT ( 'FINGER PAD_t30_L', 'FINGER PAD_t30_L', '', ( #4415 ) ) ;
#2756 =( GEOMETRIC_REPRESENTATION_CONTEXT ( 3 ) GLOBAL_UNCERTAINTY_ASSIGNED_CONTEXT ( ( #4246 ) ) GLOBAL_UNIT_ASSIGNED_CONTEXT ( ( #2510, #4562, #578 ) ) REPRESENTATION_CONTEXT ( 'NONE', 'WORKASPACE' ) );
#2757 = DIRECTION ( 'NONE',  ( 0.000000000000000000, 1.000000000000000000, 0.000000000000000000 ) ) ;
#2758 = VERTEX_POINT ( 'NONE', #4369 ) ;
#2759 = CARTESIAN_POINT ( 'NONE',  ( -56.72088846023822128, -7.528918371646607710, -1.786562183091547462 ) ) ;
#2760 = SURFACE_STYLE_FILL_AREA ( #1542 ) ;
#2761 = CARTESIAN_POINT ( 'NONE',  ( -29.39972495213270065, -8.645819869852381601, -0.8145879937960001094 ) ) ;
#2762 = CARTESIAN_POINT ( 'NONE',  ( -83.41638290404547718, -19.84921647225655050, -2.397410180171283045 ) ) ;
#2763 = SURFACE_SIDE_STYLE ('',( #4385 ) ) ;
#2764 = CARTESIAN_POINT ( 'NONE',  ( -30.20483827643097996, -8.904386940049093369, -1.228676121857183778 ) ) ;
#2765 = ORIENTED_EDGE ( 'NONE', *, *, #3582, .F. ) ;
#2766 = DIRECTION ( 'NONE',  ( -1.000000000000000000, 0.000000000000000000, -7.575620348129778241E-17 ) ) ;
#2767 = B_SPLINE_CURVE_WITH_KNOTS ( 'NONE', 3,
 ( #1662, #2878, #4480, #2113, #4454, #1710, #2473, #4074, #526, #2925 ),
 .UNSPECIFIED., .F., .F.,
 ( 4, 2, 2, 2, 4 ),
 ( 0.000000000000000000, 0.2500000000000014433, 0.5000000000000000000, 0.7499999999999985567, 1.000000000000000000 ),
 .UNSPECIFIED. ) ;
#2768 = CARTESIAN_POINT ( 'NONE',  ( -88.27292007186073874, -19.02510148639188614, -3.956817709219636825 ) ) ;
#2769 =( NAMED_UNIT ( * ) SI_UNIT ( $, .STERADIAN. ) SOLID_ANGLE_UNIT ( ) );
#2770 = ADVANCED_FACE ( 'NONE', ( #77 ), #4834, .T. ) ;
#2771 = EDGE_CURVE ( 'NONE', #4882, #3928, #2126, .T. ) ;
#2772 = UNCERTAINTY_MEASURE_WITH_UNIT (LENGTH_MEASURE( 1.000000000000000082E-05 ), #4230, 'distance_accuracy_value', 'NONE');
#2773 = VERTEX_POINT ( 'NONE', #2938 ) ;
#2774 = FACE_OUTER_BOUND ( 'NONE', #4423, .T. ) ;
#2775 = CARTESIAN_POINT ( 'NONE',  ( -64.27560847710925884, -26.20407088451750255, -4.426297099382622946 ) ) ;
#2776 = SURFACE_SIDE_STYLE ('',( #2826 ) ) ;
#2777 = CARTESIAN_POINT ( 'NONE',  ( -24.25447151604586082, -9.818791489802920935, -3.066824568557847908 ) ) ;
#2778 = EDGE_CURVE ( 'NONE', #1619, #1005, #908, .T. ) ;
#2779 = CIRCLE ( 'NONE', #1878, 1.500000000000001332 ) ;
#2780 = B_SPLINE_CURVE_WITH_KNOTS ( 'NONE', 3,
 ( #3126, #469, #5123, #2038 ),
 .UNSPECIFIED., .F., .F.,
 ( 4, 4 ),
 ( 0.000000000000000000, 1.000000000000000000 ),
 .UNSPECIFIED. ) ;
#2781 = ORIENTED_EDGE ( 'NONE', *, *, #5124, .F. ) ;
#2782 = SURFACE_STYLE_USAGE ( .BOTH. , #870 ) ;
#2783 = EDGE_CURVE ( 'NONE', #1169, #3033, #4982, .T. ) ;
#2784 = VECTOR ( 'NONE', #4992, 1000.000000000000000 ) ;
#2785 = CARTESIAN_POINT ( 'NONE',  ( -29.88142366238408343, -29.99999916561180768, -0.7967953289520547377 ) ) ;
#2786 =( LENGTH_UNIT ( ) NAMED_UNIT ( * ) SI_UNIT ( .MILLI., .METRE. ) );
#2787 = SURFACE_SIDE_STYLE ('',( #4363 ) ) ;
#2788 = CARTESIAN_POINT ( 'NONE',  ( -64.27560847710925884, -26.20407088451750255, -4.426297099382622946 ) ) ;
#2789 = CARTESIAN_POINT ( 'NONE',  ( -86.06156330003544497, -0.3483519652688759627, -2.796050829669645132 ) ) ;
#2790 = APPLICATION_PROTOCOL_DEFINITION ( 'draft international standard', 'automotive_design', 1998, #5098 ) ;
#2791 = VERTEX_POINT ( 'NONE', #2174 ) ;
#2792 = DIRECTION ( 'NONE',  ( 0.7071067811865474617, 0.000000000000000000, -0.7071067811865474617 ) ) ;
#2793 = CARTESIAN_POINT ( 'NONE',  ( -56.25423415132718219, -9.823321787943994465, -0.9558936436882152776 ) ) ;
#2794 = SURFACE_SIDE_STYLE ('',( #4420 ) ) ;
#2795 = SURFACE_STYLE_FILL_AREA ( #1558 ) ;
#2796 = EDGE_CURVE ( 'NONE', #3911, #3865, #505, .T. ) ;
#2797 = ORIENTED_EDGE ( 'NONE', *, *, #4248, .T. ) ;
#2798 = CARTESIAN_POINT ( 'NONE',  ( -61.69872002347361928, -10.52859269281987409, -3.452974824908512819 ) ) ;
#2799 =( NAMED_UNIT ( * ) SI_UNIT ( $, .STERADIAN. ) SOLID_ANGLE_UNIT ( ) );
#2800 = CYLINDRICAL_SURFACE ( 'NONE', #2323, 1.000000000000000000 ) ;
#2801 = CARTESIAN_POINT ( 'NONE',  ( -29.87964937383179631, -29.46849562954498580, -1.322926608095107204 ) ) ;
#2802 = CARTESIAN_POINT ( 'NONE',  ( -25.11210919933913033, -12.00654844883143646, -2.621389528881763464 ) ) ;
#2803 = EDGE_CURVE ( 'NONE', #2369, #2711, #1384, .T. ) ;
#2804 = PRESENTATION_LAYER_ASSIGNMENT (  '', '', ( #1145 ) ) ;
#2805 = ORIENTED_EDGE ( 'NONE', *, *, #2623, .F. ) ;
#2806 = PRESENTATION_LAYER_ASSIGNMENT (  '', '', ( #1314 ) ) ;
#2807 = CARTESIAN_POINT ( 'NONE',  ( -61.67601051867747941, -8.494447722920591914, -3.762906298297729268 ) ) ;
#2808 = CARTESIAN_POINT ( 'NONE',  ( -65.81081323375609315, 0.000000000000000000, -4.000000000000010658 ) ) ;
#2809 =( GEOMETRIC_REPRESENTATION_CONTEXT ( 3 ) GLOBAL_UNCERTAINTY_ASSIGNED_CONTEXT ( ( #1931 ) ) GLOBAL_UNIT_ASSIGNED_CONTEXT ( ( #2342, #3146, #3994 ) ) REPRESENTATION_CONTEXT ( 'NONE', 'WORKASPACE' ) );
#2810 = FILL_AREA_STYLE ('',( #3606 ) ) ;
#2811 = CARTESIAN_POINT ( 'NONE',  ( -86.87069238045624786, -18.83527266215039830, -3.849391576291233186 ) ) ;
#2812 = PRESENTATION_STYLE_ASSIGNMENT (( #3635 ) ) ;
#2813 = DIRECTION ( 'NONE',  ( 1.000000000000000000, 0.000000000000000000, 0.000000000000000000 ) ) ;
#2814 = CARTESIAN_POINT ( 'NONE',  ( -63.93198507296619937, -25.93459340888745857, 8.374710553856250073 ) ) ;
#2815 = MECHANICAL_DESIGN_GEOMETRIC_PRESENTATION_REPRESENTATION (  '', ( #4243 ), #2327 ) ;
#2816 = ORIENTED_EDGE ( 'NONE', *, *, #2771, .F. ) ;
#2817 =( LENGTH_UNIT ( ) NAMED_UNIT ( * ) SI_UNIT ( .MILLI., .METRE. ) );
#2818 = FILL_AREA_STYLE ('',( #1236 ) ) ;
#2819 =( NAMED_UNIT ( * ) PLANE_ANGLE_UNIT ( ) SI_UNIT ( $, .RADIAN. ) );
#2820 = DIRECTION ( 'NONE',  ( 8.163404592832033966E-17, 0.000000000000000000, -1.000000000000000000 ) ) ;
#2821 = SURFACE_STYLE_FILL_AREA ( #3325 ) ;
#2822 = VECTOR ( 'NONE', #3555, 1000.000000000000114 ) ;
#2823 = VERTEX_POINT ( 'NONE', #1363 ) ;
#2824 = CARTESIAN_POINT ( 'NONE',  ( -61.57367283849875861, -9.010648746482248228, -3.713921089581908141 ) ) ;
#2825 = CARTESIAN_POINT ( 'NONE',  ( -21.49999999999994671, -21.89602930103902878, -4.066194071642463825 ) ) ;
#2826 = SURFACE_STYLE_FILL_AREA ( #888 ) ;
#2827 = CARTESIAN_POINT ( 'NONE',  ( -24.01924625598384111, -9.361886506485214809, -3.496163476831464667 ) ) ;
#2828 = FILL_AREA_STYLE_COLOUR ( '', #4098 ) ;
#2829 = CARTESIAN_POINT ( 'NONE',  ( -29.70348808198004420, -29.35355339059327306, -1.375047555394533161 ) ) ;
#2830 = ORIENTED_EDGE ( 'NONE', *, *, #1283, .T. ) ;
#2831 = CARTESIAN_POINT ( 'NONE',  ( -56.52018551769718613, -11.20162992631829546, -1.052316011182902411 ) ) ;
#2832 = CARTESIAN_POINT ( 'NONE',  ( -58.14954799919554063, -7.379659108988406047, -1.698230508185787579 ) ) ;
#2833 = SURFACE_SIDE_STYLE ('',( #4002 ) ) ;
#2834 = ADVANCED_FACE ( 'NONE', ( #4547 ), #2916, .T. ) ;
#2835 = MECHANICAL_DESIGN_GEOMETRIC_PRESENTATION_REPRESENTATION (  '', ( #5102 ), #2422 ) ;
#2836 = CARTESIAN_POINT ( 'NONE',  ( -83.95695913553954881, -0.4999999999999865663, 6.467001340489199279 ) ) ;
#2837 = ORIENTED_EDGE ( 'NONE', *, *, #2269, .F. ) ;
#2838 = PLANE ( 'NONE',  #359 ) ;
#2839 = CARTESIAN_POINT ( 'NONE',  ( -84.89997267616865884, -0.01405716874524700136, -2.366861270348286528 ) ) ;
#2840 = CARTESIAN_POINT ( 'NONE',  ( -84.05578767060032419, -0.5071180271846728038, 6.454457718731482885 ) ) ;
#2841 = SURFACE_STYLE_FILL_AREA ( #1549 ) ;
#2842 = ORIENTED_EDGE ( 'NONE', *, *, #19, .T. ) ;
#2843 = DIRECTION ( 'NONE',  ( 0.000000000000000000, 1.000000000000000000, 0.000000000000000000 ) ) ;
#2844 = CARTESIAN_POINT ( 'NONE',  ( -81.60456822366990082, -20.38951838635919600, -1.920455619004685532 ) ) ;
#2845 = CARTESIAN_POINT ( 'NONE',  ( -64.36969411118725759, 0.000000000000000000, -4.500000000000003553 ) ) ;
#2846 = EDGE_LOOP ( 'NONE', ( #3342, #2509 ) ) ;
#2847 = CARTESIAN_POINT ( 'NONE',  ( -56.86029933973412653, -8.258650386214057448, -1.830691066060178285 ) ) ;
#2848 = CARTESIAN_POINT ( 'NONE',  ( -64.51269210875254601, -26.13501808501540324, -4.486079708078259287 ) ) ;
#2849 = CARTESIAN_POINT ( 'NONE',  ( -24.25116091745640645, -10.20216427361662959, -3.068601941684123702 ) ) ;
#2850 = SURFACE_STYLE_FILL_AREA ( #2970 ) ;
#2851 = ORIENTED_EDGE ( 'NONE', *, *, #1957, .T. ) ;
#2852 = FILL_AREA_STYLE ('',( #417 ) ) ;
#2853 = CARTESIAN_POINT ( 'NONE',  ( -61.21645714645432435, -11.63684262021221549, -3.185040511967828891 ) ) ;
#2854 = CARTESIAN_POINT ( 'NONE',  ( -61.21475686901617053, -8.361007899043110925, -3.184115659826836531 ) ) ;
#2855 = CARTESIAN_POINT ( 'NONE',  ( -89.85493068599150490, -30.00000000000000000, 5.718412643701067388 ) ) ;
#2856 = VECTOR ( 'NONE', #4802, 999.9999999999998863 ) ;
#2857 = CARTESIAN_POINT ( 'NONE',  ( -64.15000000000000568, -15.84999999999999964, 1.999999999999992228 ) ) ;
#2858 = ORIENTED_EDGE ( 'NONE', *, *, #587, .F. ) ;
#2859 = EDGE_CURVE ( 'NONE', #3673, #1965, #3625, .T. ) ;
#2860 = PRESENTATION_STYLE_ASSIGNMENT (( #2908 ) ) ;
#2861 = CARTESIAN_POINT ( 'NONE',  ( -57.49999999999999289, -10.00000000000000000, 8.999999999999992895 ) ) ;
#2862 =( LENGTH_UNIT ( ) NAMED_UNIT ( * ) SI_UNIT ( .MILLI., .METRE. ) );
#2863 = CARTESIAN_POINT ( 'NONE',  ( -28.62050607053383544, -7.770972441482374649, -1.093113808509331930 ) ) ;
#2864 = ORIENTED_EDGE ( 'NONE', *, *, #3560, .T. ) ;
#2865 = SURFACE_SIDE_STYLE ('',( #1999 ) ) ;
#2866 = EDGE_CURVE ( 'NONE', #896, #1045, #4987, .T. ) ;
#2867 = CARTESIAN_POINT ( 'NONE',  ( -55.60722775496211057, -10.24948059246227317, -1.433566904271394549 ) ) ;
#2868 =( LENGTH_UNIT ( ) NAMED_UNIT ( * ) SI_UNIT ( .MILLI., .METRE. ) );
#2869 = ADVANCED_FACE ( 'NONE', ( #2197 ), #5014, .T. ) ;
#2870 = ORIENTED_EDGE ( 'NONE', *, *, #2275, .T. ) ;
#2871 = CARTESIAN_POINT ( 'NONE',  ( -58.82800001680256941, -7.232692373148220888, -1.994172253814465279 ) ) ;
#2872 = SURFACE_STYLE_FILL_AREA ( #2522 ) ;
#2873 = FILL_AREA_STYLE ('',( #4041 ) ) ;
#2874 = FACE_OUTER_BOUND ( 'NONE', #3944, .T. ) ;
#2875 = ORIENTED_EDGE ( 'NONE', *, *, #707, .T. ) ;
#2876 = CARTESIAN_POINT ( 'NONE',  ( -29.89481714139161639, -29.47395299974451177, -1.318475526615454196 ) ) ;
#2877 = CARTESIAN_POINT ( 'NONE',  ( -103.1241033929254485, -14.22822792948766235, 8.513920291921747818 ) ) ;
#2878 = CARTESIAN_POINT ( 'NONE',  ( -52.38889434445707849, -29.62506945717472817, -0.01438234589899754778 ) ) ;
#2879 =( NAMED_UNIT ( * ) SI_UNIT ( $, .STERADIAN. ) SOLID_ANGLE_UNIT ( ) );
#2880 = VERTEX_POINT ( 'NONE', #1087 ) ;
#2881 = CARTESIAN_POINT ( 'NONE',  ( -84.52516014207039063, -0.5000000000000073275, -2.805014361191660921 ) ) ;
#2882 = STYLED_ITEM ( 'NONE', ( #2812 ), #3002 ) ;
#2883 =( GEOMETRIC_REPRESENTATION_CONTEXT ( 3 ) GLOBAL_UNCERTAINTY_ASSIGNED_CONTEXT ( ( #307 ) ) GLOBAL_UNIT_ASSIGNED_CONTEXT ( ( #2511, #1669, #2093 ) ) REPRESENTATION_CONTEXT ( 'NONE', 'WORKASPACE' ) );
#2884 = FACE_OUTER_BOUND ( 'NONE', #1339, .T. ) ;
#2885 = CARTESIAN_POINT ( 'NONE',  ( -25.33152890070141439, -7.806838032087300761, -2.512019176683702337 ) ) ;
#2886 = VERTEX_POINT ( 'NONE', #2633 ) ;
#2887 = CARTESIAN_POINT ( 'NONE',  ( -89.93497221669042574, -1.738379715641486190, 5.236312287585160874 ) ) ;
#2888 = AXIS2_PLACEMENT_3D ( 'NONE', #1771, #5007, #778 ) ;
#2889 =( NAMED_UNIT ( * ) PLANE_ANGLE_UNIT ( ) SI_UNIT ( $, .RADIAN. ) );
#2890 = FILL_AREA_STYLE ('',( #78 ) ) ;
#2891 = ADVANCED_FACE ( 'NONE', ( #5040 ), #324, .F. ) ;
#2892 = VECTOR ( 'NONE', #296, 1000.000000000000000 ) ;
#2893 = EDGE_LOOP ( 'NONE', ( #804, #1461 ) ) ;
#2894 = CARTESIAN_POINT ( 'NONE',  ( -60.63086417999942057, -7.778824601631613156, -2.872460352526507332 ) ) ;
#2895 = CARTESIAN_POINT ( 'NONE',  ( -29.20710678118656745, -29.70710678118654613, 8.499999999999994671 ) ) ;
#2896 = CARTESIAN_POINT ( 'NONE',  ( -26.15558665655084170, -13.11068501737510772, -2.593653191551421155 ) ) ;
#2897 = PRESENTATION_LAYER_ASSIGNMENT (  '', '', ( #1333 ) ) ;
#2898 = UNCERTAINTY_MEASURE_WITH_UNIT (LENGTH_MEASURE( 1.000000000000000082E-05 ), #3660, 'distance_accuracy_value', 'NONE');
#2899 = ORIENTED_EDGE ( 'NONE', *, *, #3089, .T. ) ;
#2900 = CARTESIAN_POINT ( 'NONE',  ( -29.71517378780059460, -29.36536823065967994, -1.371564327567928565 ) ) ;
#2901 = CIRCLE ( 'NONE', #3672, 2.749999999999999112 ) ;
#2902 = DIRECTION ( 'NONE',  ( -0.9581977058217490129, 0.2861068970820821455, -7.822155552546381911E-17 ) ) ;
#2903 = CARTESIAN_POINT ( 'NONE',  ( -21.49999999999999289, -21.99999999999999289, -3.983633143994596004 ) ) ;
#2904 = LINE ( 'NONE', #4455, #2699 ) ;
#2905 =( NAMED_UNIT ( * ) PLANE_ANGLE_UNIT ( ) SI_UNIT ( $, .RADIAN. ) );
#2906 = ORIENTED_EDGE ( 'NONE', *, *, #2926, .F. ) ;
#2907 = FACE_OUTER_BOUND ( 'NONE', #4497, .T. ) ;
#2908 = SURFACE_STYLE_USAGE ( .BOTH. , #4903 ) ;
#2909 = PLANE ( 'NONE',  #1148 ) ;
#2910 = STYLED_ITEM ( 'NONE', ( #4650 ), #1312 ) ;
#2911 = CARTESIAN_POINT ( 'NONE',  ( -25.22080600746072321, -7.408081309895111488, -2.973425559703558818 ) ) ;
#2912 = ORIENTED_EDGE ( 'NONE', *, *, #4344, .T. ) ;
#2913 = LINE ( 'NONE', #4135, #2064 ) ;
#2914 = CARTESIAN_POINT ( 'NONE',  ( -50.25407004694552171, -30.00002130510583953, 8.504706575465199592 ) ) ;
#2915 = UNCERTAINTY_MEASURE_WITH_UNIT (LENGTH_MEASURE( 1.000000000000000082E-05 ), #3942, 'distance_accuracy_value', 'NONE');
#2916 = PLANE ( 'NONE',  #2737 ) ;
#2917 = PRESENTATION_STYLE_ASSIGNMENT (( #1676 ) ) ;
#2918 = ORIENTED_EDGE ( 'NONE', *, *, #1347, .T. ) ;
#2919 = CARTESIAN_POINT ( 'NONE',  ( -58.12828231175310378, -7.379352276999232352, -2.278964124392393487 ) ) ;
#2920 =( NAMED_UNIT ( * ) PLANE_ANGLE_UNIT ( ) SI_UNIT ( $, .RADIAN. ) );
#2921 = ADVANCED_FACE ( 'NONE', ( #4599 ), #729, .F. ) ;
#2922 = ORIENTED_EDGE ( 'NONE', *, *, #4375, .F. ) ;
#2923 = CARTESIAN_POINT ( 'NONE',  ( -29.68755126791272048, -29.97451404173849099, -0.8249931213656699347 ) ) ;
#2924 = ADVANCED_FACE ( 'NONE', ( #4781 ), #3531, .T. ) ;
#2925 = CARTESIAN_POINT ( 'NONE',  ( -64.27560847710925884, -26.20407088451750255, -4.426297099382622946 ) ) ;
#2926 = EDGE_CURVE ( 'NONE', #3317, #4853, #810, .T. ) ;
#2927 = VERTEX_POINT ( 'NONE', #5151 ) ;
#2928 = FILL_AREA_STYLE_COLOUR ( '', #787 ) ;
#2929 = VECTOR ( 'NONE', #3336, 1000.000000000000114 ) ;
#2930 = LINE ( 'NONE', #4518, #4488 ) ;
#2931 = CARTESIAN_POINT ( 'NONE',  ( -28.71098455747348055, -7.139460021163197112, -1.683009295381862058 ) ) ;
#2932 = VECTOR ( 'NONE', #4317, 1000.000000000000000 ) ;
#2933 = VERTEX_POINT ( 'NONE', #4028 ) ;
#2934 = MECHANICAL_DESIGN_GEOMETRIC_PRESENTATION_REPRESENTATION (  '', ( #318 ), #2614 ) ;
#2935 = CARTESIAN_POINT ( 'NONE',  ( -56.45657799948183708, -12.21395712570547509, -1.699812053602084649 ) ) ;
#2936 = PRESENTATION_STYLE_ASSIGNMENT (( #2070 ) ) ;
#2937 = PRODUCT_DEFINITION_FORMATION_WITH_SPECIFIED_SOURCE ( 'ANY', '', #2755, .NOT_KNOWN. ) ;
#2938 = CARTESIAN_POINT ( 'NONE',  ( -87.67490837539854454, -18.60345205241675615, -4.329783245531522162 ) ) ;
#2939 = CARTESIAN_POINT ( 'NONE',  ( -22.00000000000002487, -21.79289321881345387, 8.999999999999996447 ) ) ;
#2940 = CARTESIAN_POINT ( 'NONE',  ( -29.91421356237311002, -30.00000000000000000, -1.436225943375557756 ) ) ;
#2941 = B_SPLINE_CURVE_WITH_KNOTS ( 'NONE', 3,
 ( #3538, #4012, #4736, #2768, #2747, #51 ),
 .UNSPECIFIED., .F., .F.,
 ( 4, 2, 4 ),
 ( 0.000000000000000000, 0.4999999999999998335, 1.000000000000000000 ),
 .UNSPECIFIED. ) ;
#2942 = VERTEX_POINT ( 'NONE', #2355 ) ;
#2943 = CARTESIAN_POINT ( 'NONE',  ( -61.35214316536234946, -8.563920998447914101, -3.259359858015200118 ) ) ;
#2944 = CARTESIAN_POINT ( 'NONE',  ( -64.15000000000000568, -4.150000000000000355, 1.999999999999992228 ) ) ;
#2945 = LINE ( 'NONE', #3352, #2975 ) ;
#2946 = ORIENTED_EDGE ( 'NONE', *, *, #2456, .T. ) ;
#2947 = CARTESIAN_POINT ( 'NONE',  ( -29.59401665688519500, -29.94790599948893473, -0.8386808102445657553 ) ) ;
#2948 = PRESENTATION_STYLE_ASSIGNMENT (( #4665 ) ) ;
#2949 = CARTESIAN_POINT ( 'NONE',  ( -50.96324037797908346, -30.00000000000000000, 0.2169088174528172597 ) ) ;
#2950 =( LENGTH_UNIT ( ) NAMED_UNIT ( * ) SI_UNIT ( .MILLI., .METRE. ) );
#2951 = EDGE_CURVE ( 'NONE', #3949, #4588, #1244, .T. ) ;
#2952 = CARTESIAN_POINT ( 'NONE',  ( -27.04403652449551032, -12.75443973021088340, -1.723176629521307568 ) ) ;
#2953 = EDGE_LOOP ( 'NONE', ( #4304, #5023, #81, #4900 ) ) ;
#2954 = DIRECTION ( 'NONE',  ( 0.8847462923946362023, 0.2527938945223109912, 0.3915600145395179976 ) ) ;
#2955 = CARTESIAN_POINT ( 'NONE',  ( -56.89167943034052399, -11.77959000441889792, -1.841317526051835740 ) ) ;
#2956 = PRESENTATION_STYLE_ASSIGNMENT (( #1855 ) ) ;
#2957 = FACE_OUTER_BOUND ( 'NONE', #794, .T. ) ;
#2958 = CARTESIAN_POINT ( 'NONE',  ( -26.25126731956648740, -7.326155180262812650, -2.556643369061401216 ) ) ;
#2959 = CIRCLE ( 'NONE', #1639, 1.000000000000000000 ) ;
#2960 = PRESENTATION_LAYER_ASSIGNMENT (  '', '', ( #1982 ) ) ;
#2961 = ORIENTED_EDGE ( 'NONE', *, *, #476, .F. ) ;
#2962 = FACE_OUTER_BOUND ( 'NONE', #3097, .T. ) ;
#2963 =( GEOMETRIC_REPRESENTATION_CONTEXT ( 3 ) GLOBAL_UNCERTAINTY_ASSIGNED_CONTEXT ( ( #2978 ) ) GLOBAL_UNIT_ASSIGNED_CONTEXT ( ( #1279, #2036, #1250 ) ) REPRESENTATION_CONTEXT ( 'NONE', 'WORKASPACE' ) );
#2964 = CARTESIAN_POINT ( 'NONE',  ( -50.35121272633801937, -29.98576394563062308, 8.509412506801091070 ) ) ;
#2965 = DIRECTION ( 'NONE',  ( -5.772398745161017615E-17, -0.7071067811865376918, 0.7071067811865573427 ) ) ;
#2966 = CARTESIAN_POINT ( 'NONE',  ( -29.76550415098024871, -29.40703118672263727, -1.356608306768201322 ) ) ;
#2967 =( LENGTH_UNIT ( ) NAMED_UNIT ( * ) SI_UNIT ( .MILLI., .METRE. ) );
#2968 = PRESENTATION_LAYER_ASSIGNMENT (  '', '', ( #4812 ) ) ;
#2969 =( GEOMETRIC_REPRESENTATION_CONTEXT ( 3 ) GLOBAL_UNCERTAINTY_ASSIGNED_CONTEXT ( ( #5086 ) ) GLOBAL_UNIT_ASSIGNED_CONTEXT ( ( #2277, #5069, #4597 ) ) REPRESENTATION_CONTEXT ( 'NONE', 'WORKASPACE' ) );
#2970 = FILL_AREA_STYLE ('',( #4097 ) ) ;
#2971 = ORIENTED_EDGE ( 'NONE', *, *, #297, .T. ) ;
#2972 = CARTESIAN_POINT ( 'NONE',  ( -70.49676601081871752, -24.28232030666077890, -2.218115053394873026 ) ) ;
#2973 = CARTESIAN_POINT ( 'NONE',  ( -64.00000000000000000, -25.32535728412303300, 8.999999999999994671 ) ) ;
#2974 = MECHANICAL_DESIGN_GEOMETRIC_PRESENTATION_REPRESENTATION (  '', ( #516 ), #1083 ) ;
#2975 = VECTOR ( 'NONE', #647, 999.9999999999998863 ) ;
#2976 = CARTESIAN_POINT ( 'NONE',  ( -50.15691407104610988, -30.00000000000000000, 8.499999999999992895 ) ) ;
#2977 = COLOUR_RGB ( '',1.000000000000000000, 0.000000000000000000, 0.000000000000000000 ) ;
#2978 = UNCERTAINTY_MEASURE_WITH_UNIT (LENGTH_MEASURE( 1.000000000000000082E-05 ), #1279, 'distance_accuracy_value', 'NONE');
#2979 = VERTEX_POINT ( 'NONE', #1228 ) ;
#2980 = CARTESIAN_POINT ( 'NONE',  ( -29.33251705405343301, -29.81406237344517862, -0.8772372879545493607 ) ) ;
#2981 = PLANE ( 'NONE',  #3392 ) ;
#2982 = VECTOR ( 'NONE', #808, 1000.000000000000114 ) ;
#2983 = CARTESIAN_POINT ( 'NONE',  ( -50.44426515177564596, -29.95782628522114877, 8.513920291921751371 ) ) ;
#2984 = ORIENTED_EDGE ( 'NONE', *, *, #4763, .T. ) ;
#2985 = LINE ( 'NONE', #3734, #2346 ) ;
#2986 = CARTESIAN_POINT ( 'NONE',  ( -60.81342500902615456, -12.07491123428501112, -2.968456952932296389 ) ) ;
#2987 =( NAMED_UNIT ( * ) PLANE_ANGLE_UNIT ( ) SI_UNIT ( $, .RADIAN. ) );
#2988 = EDGE_CURVE ( 'NONE', #2711, #3354, #1369, .T. ) ;
#2989 = FILL_AREA_STYLE_COLOUR ( '', #600 ) ;
#2990 = FACE_OUTER_BOUND ( 'NONE', #2393, .T. ) ;
#2991 =( GEOMETRIC_REPRESENTATION_CONTEXT ( 3 ) GLOBAL_UNCERTAINTY_ASSIGNED_CONTEXT ( ( #2312 ) ) GLOBAL_UNIT_ASSIGNED_CONTEXT ( ( #4111, #161, #2559 ) ) REPRESENTATION_CONTEXT ( 'NONE', 'WORKASPACE' ) );
#2992 = CARTESIAN_POINT ( 'NONE',  ( -24.30352777969217115, -9.460057813179798103, -3.040565293240729439 ) ) ;
#2993 = FILL_AREA_STYLE_COLOUR ( '', #3678 ) ;
#2994 = CARTESIAN_POINT ( 'NONE',  ( -29.20710678118656389, -29.70710678118654613, -0.8958814171211391120 ) ) ;
#2995 = DIRECTION ( 'NONE',  ( 0.000000000000000000, -1.000000000000000000, 0.000000000000000000 ) ) ;
#2996 = CARTESIAN_POINT ( 'NONE',  ( -29.23646753412211297, -11.61352576528968683, -1.514164192544458887 ) ) ;
#2997 = CARTESIAN_POINT ( 'NONE',  ( -50.11345970112578385, -29.95782628522114877, 11.91216203085108560 ) ) ;
#2998 = FILL_AREA_STYLE_COLOUR ( '', #2288 ) ;
#2999 = PRESENTATION_LAYER_ASSIGNMENT (  '', '', ( #3432 ) ) ;
#3000 = CARTESIAN_POINT ( 'NONE',  ( -18.35247065561925695, -15.84999999999999964, 1.999999999999995781 ) ) ;
#3001 = VERTEX_POINT ( 'NONE', #1995 ) ;
#3002 = ADVANCED_FACE ( 'NONE', ( #473 ), #69, .F. ) ;
#3003 = CARTESIAN_POINT ( 'NONE',  ( -83.89400266867322387, 0.000000000000000000, 5.970980692451534289 ) ) ;
#3004 = CARTESIAN_POINT ( 'NONE',  ( -84.99577995029837041, -0.04217371477884752917, -2.381397405584445792 ) ) ;
#3005 = CARTESIAN_POINT ( 'NONE',  ( -29.20710678118656745, -29.70710678118654613, 8.999999999999996447 ) ) ;
#3006 = ORIENTED_EDGE ( 'NONE', *, *, #1666, .T. ) ;
#3007 = CARTESIAN_POINT ( 'NONE',  ( -29.20710678118656389, -29.70710678118654613, -0.8958814171211391120 ) ) ;
#3008 = SURFACE_SIDE_STYLE ('',( #5055 ) ) ;
#3009 =( NAMED_UNIT ( * ) SI_UNIT ( $, .STERADIAN. ) SOLID_ANGLE_UNIT ( ) );
#3010 = B_SPLINE_CURVE_WITH_KNOTS ( 'NONE', 3,
 ( #3518, #1937, #5024, #3093, #704, #672 ),
 .UNSPECIFIED., .F., .F.,
 ( 4, 2, 4 ),
 ( 0.000000000000000000, 0.5000000000000000000, 1.000000000000000000 ),
 .UNSPECIFIED. ) ;
#3011 = ORIENTED_EDGE ( 'NONE', *, *, #1185, .F. ) ;
#3012 = CARTESIAN_POINT ( 'NONE',  ( -57.39646948601646415, -12.24122743341031949, -1.387669150408673557 ) ) ;
#3013 = PRESENTATION_STYLE_ASSIGNMENT (( #2686 ) ) ;
#3014 = CARTESIAN_POINT ( 'NONE',  ( -21.50000000000000000, -20.70000000000002771, 8.499999999999968026 ) ) ;
#3015 = B_SPLINE_CURVE_WITH_KNOTS ( 'NONE', 3,
 ( #2887, #1360, #4955, #134 ),
 .UNSPECIFIED., .F., .F.,
 ( 4, 4 ),
 ( 0.000000000000000000, 1.000000000000000000 ),
 .UNSPECIFIED. ) ;
#3016 = ORIENTED_EDGE ( 'NONE', *, *, #2028, .T. ) ;
#3017 = EDGE_CURVE ( 'NONE', #471, #5109, #2513, .T. ) ;
#3018 = CARTESIAN_POINT ( 'NONE',  ( -78.03767541320083012, -21.99438697788418651, -0.9691185306298136792 ) ) ;
#3019 = CARTESIAN_POINT ( 'NONE',  ( -64.00000000000000000, -30.00000000000000000, 8.999999999999992895 ) ) ;
#3020 = CARTESIAN_POINT ( 'NONE',  ( -65.81081323375609315, -0.5000000000000073275, -5.000000000000009770 ) ) ;
#3021 = CARTESIAN_POINT ( 'NONE',  ( -29.13183320812368393, -11.75026505219220496, -1.547018267941928205 ) ) ;
#3022 = DIRECTION ( 'NONE',  ( -0.09688807623778840361, -0.000000000000000000, -0.9952952831612036366 ) ) ;
#3023 = PRESENTATION_LAYER_ASSIGNMENT (  '', '', ( #5127 ) ) ;
#3024 = DIRECTION ( 'NONE',  ( 0.000000000000000000, 1.000000000000000000, 0.000000000000000000 ) ) ;
#3025 = CARTESIAN_POINT ( 'NONE',  ( -24.01924625598385532, -9.361886506485214809, -3.496163476831489092 ) ) ;
#3026 = VERTEX_POINT ( 'NONE', #1690 ) ;
#3027 = PRESENTATION_LAYER_ASSIGNMENT (  '', '', ( #1966 ) ) ;
#3028 = CARTESIAN_POINT ( 'NONE',  ( -55.66516904541828126, -9.374276008892211465, -1.451165873919075588 ) ) ;
#3029 = CARTESIAN_POINT ( 'NONE',  ( -64.36969411118725759, 0.000000000000000000, -4.000000000000012434 ) ) ;
#3030 = CARTESIAN_POINT ( 'NONE',  ( -64.15000000000000568, 0.000000000000000000, 1.999999999999992673 ) ) ;
#3031 = AXIS2_PLACEMENT_3D ( 'NONE', #4648, #1113, #2609 ) ;
#3032 = UNCERTAINTY_MEASURE_WITH_UNIT (LENGTH_MEASURE( 1.000000000000000082E-05 ), #889, 'distance_accuracy_value', 'NONE');
#3033 = VERTEX_POINT ( 'NONE', #1336 ) ;
#3034 = CARTESIAN_POINT ( 'NONE',  ( -27.53301922637946930, -6.763907314852996677, -2.081884454160752185 ) ) ;
#3035 = CARTESIAN_POINT ( 'NONE',  ( -63.87745414729094051, -18.76122856467306832, 7.061228564673034391 ) ) ;
#3036 = CARTESIAN_POINT ( 'NONE',  ( -63.89552684790060511, -25.72515774190692639, -4.880434782608716660 ) ) ;
#3037 = CARTESIAN_POINT ( 'NONE',  ( -50.39659915258722833, -29.79818857101761509, 8.675946861281166989 ) ) ;
#3038 = ORIENTED_EDGE ( 'NONE', *, *, #1111, .T. ) ;
#3039 = CARTESIAN_POINT ( 'NONE',  ( -59.88400926550306025, -13.07336921937608309, -2.968680802796957785 ) ) ;
#3040 = ORIENTED_EDGE ( 'NONE', *, *, #27, .T. ) ;
#3041 = DIRECTION ( 'NONE',  ( -5.772398745160936264E-17, 0.7071067811865476838, 0.7071067811865474617 ) ) ;
#3042 = CARTESIAN_POINT ( 'NONE',  ( -70.49676601081871752, -24.28232030666077890, -2.218115053394873026 ) ) ;
#3043 = FACE_OUTER_BOUND ( 'NONE', #899, .T. ) ;
#3044 = CARTESIAN_POINT ( 'NONE',  ( -18.35247065561925695, -4.150000000000000355, 1.999999999999995781 ) ) ;
#3045 = CARTESIAN_POINT ( 'NONE',  ( -61.69312044193318201, -10.55718125076159986, -3.769865270962964754 ) ) ;
#3046 = CARTESIAN_POINT ( 'NONE',  ( -27.68482608727751426, -12.66910925159277213, -1.456146560718201366 ) ) ;
#3047 = SURFACE_SIDE_STYLE ('',( #1869 ) ) ;
#3048 = STYLED_ITEM ( 'NONE', ( #2450 ), #3813 ) ;
#3049 = CARTESIAN_POINT ( 'NONE',  ( -26.14781259457289764, -13.10833701597123735, -2.596677661711204621 ) ) ;
#3050 = PRESENTATION_LAYER_ASSIGNMENT (  '', '', ( #170 ) ) ;
#3051 = ORIENTED_EDGE ( 'NONE', *, *, #2207, .T. ) ;
#3052 = AXIS2_PLACEMENT_3D ( 'NONE', #2877, #523, #2902 ) ;
#3053 = CARTESIAN_POINT ( 'NONE',  ( -55.70717535606212323, -9.157798997173419053, -1.463955623647736015 ) ) ;
#3054 = DIRECTION ( 'NONE',  ( 0.000000000000000000, -1.000000000000000000, 0.000000000000000000 ) ) ;
#3055 = LINE ( 'NONE', #3005, #3066 ) ;
#3056 = B_SPLINE_CURVE_WITH_KNOTS ( 'NONE', 3,
 ( #4058, #2127, #936, #4014 ),
 .UNSPECIFIED., .F., .F.,
 ( 4, 4 ),
 ( 0.000000000000000000, 1.000000000000000000 ),
 .UNSPECIFIED. ) ;
#3057 = EDGE_CURVE ( 'NONE', #3928, #1371, #2930, .T. ) ;
#3058 = VECTOR ( 'NONE', #2667, 1000.000000000000000 ) ;
#3059 = VECTOR ( 'NONE', #3520, 1000.000000000000000 ) ;
#3060 = PRESENTATION_LAYER_ASSIGNMENT (  '', '', ( #2648 ) ) ;
#3061 = ORIENTED_EDGE ( 'NONE', *, *, #4947, .F. ) ;
#3062 = CARTESIAN_POINT ( 'NONE',  ( -30.20576488520753244, -8.907220297633223538, -1.228413007252759925 ) ) ;
#3063 = FACE_OUTER_BOUND ( 'NONE', #4217, .T. ) ;
#3064 = CARTESIAN_POINT ( 'NONE',  ( -29.91421356237311358, -28.99999999999999645, 8.999999999999996447 ) ) ;
#3065 = LINE ( 'NONE', #2682, #3542 ) ;
#3066 = VECTOR ( 'NONE', #4244, 1000.000000000000000 ) ;
#3067 = B_SPLINE_SURFACE_WITH_KNOTS ( 'NONE', 1, 3, ( 
 ( #1427, #2047, #1163, #3110 ),
 ( #429, #1578, #5111, #3563 ) ),
 .UNSPECIFIED., .F., .F., .F.,
 ( 2, 2 ),
 ( 4, 4 ),
 ( 0.000000000000000000, 1.000000000000000000 ),
 ( 0.000000000000000000, 0.0001511684211111810009 ),
 .UNSPECIFIED. ) ;
#3068 = CARTESIAN_POINT ( 'NONE',  ( -23.99999999999999289, -20.19999999999999929, 1.999999999999995337 ) ) ;
#3069 = VERTEX_POINT ( 'NONE', #876 ) ;
#3070 = FACE_OUTER_BOUND ( 'NONE', #2003, .T. ) ;
#3071 = COLOUR_RGB ( '',1.000000000000000000, 0.000000000000000000, 0.000000000000000000 ) ;
#3072 = CARTESIAN_POINT ( 'NONE',  ( -61.60176463492155108, -11.64111766868968978, -3.728048157332846557 ) ) ;
#3073 = CARTESIAN_POINT ( 'NONE',  ( -64.51269210875254601, -26.13501808501540324, -4.486079708078259287 ) ) ;
#3074 = LINE ( 'NONE', #3446, #4150 ) ;
#3075 = PRESENTATION_STYLE_ASSIGNMENT (( #3389 ) ) ;
#3076 = MECHANICAL_DESIGN_GEOMETRIC_PRESENTATION_REPRESENTATION (  '', ( #2410 ), #2330 ) ;
#3077 = VERTEX_POINT ( 'NONE', #4541 ) ;
#3078 = FILL_AREA_STYLE_COLOUR ( '', #2646 ) ;
#3079 = FILL_AREA_STYLE ('',( #4986 ) ) ;
#3080 = COLOUR_RGB ( '',1.000000000000000000, 0.000000000000000000, 0.000000000000000000 ) ;
#3081 = SURFACE_STYLE_USAGE ( .BOTH. , #4622 ) ;
#3082 = CARTESIAN_POINT ( 'NONE',  ( -29.04867436911054313, -11.84344526995968039, -0.9374105886378172325 ) ) ;
#3083 = CARTESIAN_POINT ( 'NONE',  ( -56.51656152356667917, -11.19719944264443434, -1.715728024797049889 ) ) ;
#3084 = PRESENTATION_LAYER_ASSIGNMENT (  '', '', ( #201 ) ) ;
#3085 = ORIENTED_EDGE ( 'NONE', *, *, #4971, .F. ) ;
#3086 = SURFACE_STYLE_USAGE ( .BOTH. , #4629 ) ;
#3087 = PRESENTATION_STYLE_ASSIGNMENT (( #3514 ) ) ;
#3088 = VECTOR ( 'NONE', #1838, 1000.000000000000114 ) ;
#3089 = EDGE_CURVE ( 'NONE', #1278, #4451, #4053, .T. ) ;
#3090 = CIRCLE ( 'NONE', #4681, 45.00000000000000711 ) ;
#3091 = EDGE_CURVE ( 'NONE', #3591, #5120, #76, .T. ) ;
#3092 = EDGE_LOOP ( 'NONE', ( #241, #4192 ) ) ;
#3093 = CARTESIAN_POINT ( 'NONE',  ( -64.04535090881250881, -25.70379383907453530, -4.949516165033725379 ) ) ;
#3094 =( NAMED_UNIT ( * ) PLANE_ANGLE_UNIT ( ) SI_UNIT ( $, .RADIAN. ) );
#3095 = SURFACE_STYLE_USAGE ( .BOTH. , #3150 ) ;
#3096 = ADVANCED_FACE ( 'NONE', ( #2884 ), #130, .T. ) ;
#3097 = EDGE_LOOP ( 'NONE', ( #72, #2295, #3707, #3051 ) ) ;
#3098 = PRESENTATION_STYLE_ASSIGNMENT (( #2706 ) ) ;
#3099 = CARTESIAN_POINT ( 'NONE',  ( -61.91496424472493487, -9.098407901883353688, -3.875986186465899319 ) ) ;
#3100 = ORIENTED_EDGE ( 'NONE', *, *, #1830, .F. ) ;
#3101 = EDGE_CURVE ( 'NONE', #2270, #2348, #4177, .T. ) ;
#3102 = CARTESIAN_POINT ( 'NONE',  ( -73.22675471808821612, -22.95361841421134486, -1.921884181090380839 ) ) ;
#3103 = LINE ( 'NONE', #3476, #2892 ) ;
#3104 = FILL_AREA_STYLE_COLOUR ( '', #5133 ) ;
#3105 = CARTESIAN_POINT ( 'NONE',  ( -27.36651702635060701, -13.25058798019474615, -2.141218281576510840 ) ) ;
#3106 = FILL_AREA_STYLE_COLOUR ( '', #480 ) ;
#3107 = CARTESIAN_POINT ( 'NONE',  ( -59.00000000000000000, -10.00000000000000000, 8.999999999999992895 ) ) ;
#3108 = ORIENTED_EDGE ( 'NONE', *, *, #2405, .T. ) ;
#3109 = UNCERTAINTY_MEASURE_WITH_UNIT (LENGTH_MEASURE( 1.000000000000000082E-05 ), #4024, 'distance_accuracy_value', 'NONE');
#3110 = CARTESIAN_POINT ( 'NONE',  ( -50.87087509910018923, -29.49999999999999645, -0.2744857849367653979 ) ) ;
#3111 = LINE ( 'NONE', #3834, #1401 ) ;
#3112 = LINE ( 'NONE', #1512, #2491 ) ;
#3113 = MECHANICAL_DESIGN_GEOMETRIC_PRESENTATION_REPRESENTATION (  '', ( #4865 ), #3792 ) ;
#3114 = ORIENTED_EDGE ( 'NONE', *, *, #3807, .F. ) ;
#3115 = CARTESIAN_POINT ( 'NONE',  ( -40.79311445722834151, 20.83620997606155001, -9.561891533571346358 ) ) ;
#3116 = FILL_AREA_STYLE ('',( #4951 ) ) ;
#3117 = CARTESIAN_POINT ( 'NONE',  ( -21.49999999999999645, -21.99999999999998934, 8.499999999999994671 ) ) ;
#3118 = STYLED_ITEM ( 'NONE', ( #1949 ), #5084 ) ;
#3119 = CARTESIAN_POINT ( 'NONE',  ( -66.00602725097026280, -25.19644970332801037, -4.985606694923523818 ) ) ;
#3120 = CONICAL_SURFACE ( 'NONE', #3798, 20.00000000000000000, 0.7853981633974447263 ) ;
#3121 = FILL_AREA_STYLE ('',( #2391 ) ) ;
#3122 = ORIENTED_EDGE ( 'NONE', *, *, #1630, .F. ) ;
#3123 = CARTESIAN_POINT ( 'NONE',  ( -42.55799999999999272, -29.49999999999999645, -44.50000000000000711 ) ) ;
#3124 = CARTESIAN_POINT ( 'NONE',  ( -59.62892849629512426, -6.847968470668415186, -2.863111376492173399 ) ) ;
#3125 =( NAMED_UNIT ( * ) PLANE_ANGLE_UNIT ( ) SI_UNIT ( $, .RADIAN. ) );
#3126 = CARTESIAN_POINT ( 'NONE',  ( -50.96324037797908346, -30.00000000000000000, 0.2169088174528172597 ) ) ;
#3127 = ADVANCED_FACE ( 'NONE', ( #2273 ), #4181, .F. ) ;
#3128 = SURFACE_SIDE_STYLE ('',( #1544 ) ) ;
#3129 = B_SPLINE_SURFACE_WITH_KNOTS ( 'NONE', 1, 3, ( 
 ( #2881, #1259, #2478, #4052 ),
 ( #3311, #4485, #2839, #4874 ) ),
 .UNSPECIFIED., .F., .F., .F.,
 ( 2, 2 ),
 ( 4, 4 ),
 ( 0.000000000000000000, 1.000000000000000000 ),
 ( 0.000000000000000000, 0.0001620547678653685292 ),
 .UNSPECIFIED. ) ;
#3130 = DIRECTION ( 'NONE',  ( -0.000000000000000000, -0.000000000000000000, -1.000000000000000000 ) ) ;
#3131 = FACE_OUTER_BOUND ( 'NONE', #3802, .T. ) ;
#3132 = CARTESIAN_POINT ( 'NONE',  ( -86.71708154673693514, -1.120448652402303846, -3.757611312333511311 ) ) ;
#3133 = DIRECTION ( 'NONE',  ( -4.625929269271483942E-16, 0.000000000000000000, 1.000000000000000000 ) ) ;
#3134 = DIRECTION ( 'NONE',  ( 0.000000000000000000, 0.000000000000000000, -1.000000000000000000 ) ) ;
#3135 = DIRECTION ( 'NONE',  ( 0.1953969246603765308, -0.9791692409272283459, -0.05520542958136419320 ) ) ;
#3136 = EDGE_LOOP ( 'NONE', ( #3777, #4435, #102, #1000 ) ) ;
#3137 = CARTESIAN_POINT ( 'NONE',  ( -25.75965099282834103, -12.94930314488389733, -2.751302302355498774 ) ) ;
#3138 = ORIENTED_EDGE ( 'NONE', *, *, #1598, .T. ) ;
#3139 = PLANE ( 'NONE',  #348 ) ;
#3140 = CARTESIAN_POINT ( 'NONE',  ( -87.67490837539854454, -18.60345205241675259, -4.329783245531523939 ) ) ;
#3141 = ORIENTED_EDGE ( 'NONE', *, *, #941, .F. ) ;
#3142 = CARTESIAN_POINT ( 'NONE',  ( -61.73304449679281447, -10.36367584941672781, -3.788602141295986492 ) ) ;
#3143 =( GEOMETRIC_REPRESENTATION_CONTEXT ( 3 ) GLOBAL_UNCERTAINTY_ASSIGNED_CONTEXT ( ( #4713 ) ) GLOBAL_UNIT_ASSIGNED_CONTEXT ( ( #1133, #2715, #22 ) ) REPRESENTATION_CONTEXT ( 'NONE', 'WORKASPACE' ) );
#3144 = B_SPLINE_CURVE_WITH_KNOTS ( 'NONE', 3,
 ( #3025, #278, #2694, #1897, #697, #1952, #5019, #1553, #3482, #2258, #302, #1840, #4705, #3137, #3049, #5077, #3860, #1871, #1506, #2673, #4272, #4682, #1115, #746, #2307, #3909, #1928, #1528, #2718, #4318, #771, #2333 ),
 .UNSPECIFIED., .F., .F.,
 ( 4, 2, 2, 2, 2, 2, 2, 2, 2, 2, 2, 2, 2, 2, 2, 4 ),
 ( 0.009914537230808651014, 0.01057476466504457362, 0.01123499209928049448, 0.01189521953351641709, 0.01255544696775233796, 0.01321567440198826056, 0.01387590183622418316, 0.01519635670469602663, 0.01585658413893194923, 0.01651681157316787010, 0.01717703900740379097, 0.01783726644163971531, 0.01849749387587563618, 0.01915772131011155704, 0.01981794874434748138, 0.02047817617858340225 ),
 .UNSPECIFIED. ) ;
#3145 = SURFACE_STYLE_USAGE ( .BOTH. , #1562 ) ;
#3146 =( NAMED_UNIT ( * ) PLANE_ANGLE_UNIT ( ) SI_UNIT ( $, .RADIAN. ) );
#3147 = VECTOR ( 'NONE', #728, 999.9999999999998863 ) ;
#3148 = SURFACE_SIDE_STYLE ('',( #3547 ) ) ;
#3149 = COLOUR_RGB ( '',1.000000000000000000, 0.000000000000000000, 0.000000000000000000 ) ;
#3150 = SURFACE_SIDE_STYLE ('',( #3955 ) ) ;
#3151 = CIRCLE ( 'NONE', #2485, 0.4999999999999987232 ) ;
#3152 = ORIENTED_EDGE ( 'NONE', *, *, #4417, .T. ) ;
#3153 = FILL_AREA_STYLE ('',( #3203 ) ) ;
#3154 = CARTESIAN_POINT ( 'NONE',  ( -60.73052677829294765, -7.378671096463324197, -3.332113660896595331 ) ) ;
#3155 = LINE ( 'NONE', #1199, #2484 ) ;
#3156 = LINE ( 'NONE', #2374, #2982 ) ;
#3157 = STYLED_ITEM ( 'NONE', ( #3428 ), #3711 ) ;
#3158 = MECHANICAL_DESIGN_GEOMETRIC_PRESENTATION_REPRESENTATION (  '', ( #1318 ), #1329 ) ;
#3159 = EDGE_CURVE ( 'NONE', #2525, #819, #3074, .T. ) ;
#3160 = ADVANCED_FACE ( 'NONE', ( #1411 ), #215, .F. ) ;
#3161 = CARTESIAN_POINT ( 'NONE',  ( -59.00000000000000000, -10.00000000000000000, 2.000000000000000000 ) ) ;
#3162 = DIRECTION ( 'NONE',  ( -0.9521326466281558876, 0.2807833320455911941, -0.1208476051489584119 ) ) ;
#3163 = CARTESIAN_POINT ( 'NONE',  ( -30.38399764765550515, -9.763086193266333979, -1.178023264255029012 ) ) ;
#3164 = COLOUR_RGB ( '',1.000000000000000000, 0.000000000000000000, 0.000000000000000000 ) ;
#3165 = EDGE_LOOP ( 'NONE', ( #2448, #2075, #759, #4163, #559 ) ) ;
#3166 =( GEOMETRIC_REPRESENTATION_CONTEXT ( 3 ) GLOBAL_UNCERTAINTY_ASSIGNED_CONTEXT ( ( #944 ) ) GLOBAL_UNIT_ASSIGNED_CONTEXT ( ( #4190, #1062, #4626 ) ) REPRESENTATION_CONTEXT ( 'NONE', 'WORKASPACE' ) );
#3167 = SURFACE_SIDE_STYLE ('',( #4348 ) ) ;
#3168 = DIRECTION ( 'NONE',  ( -0.9533199837684296352, -0.2873478855663453846, 0.09280194614506453998 ) ) ;
#3169 = ADVANCED_FACE ( 'NONE', ( #4204 ), #656, .T. ) ;
#3170 = ORIENTED_EDGE ( 'NONE', *, *, #1030, .F. ) ;
#3171 = CARTESIAN_POINT ( 'NONE',  ( -62.03134786846315762, -9.748861621125962884, -3.931678266794288223 ) ) ;
#3172 = CARTESIAN_POINT ( 'NONE',  ( -77.41899999999999693, -30.00000000000000000, -21.50000000000000711 ) ) ;
#3173 = VECTOR ( 'NONE', #720, 1000.000000000000114 ) ;
#3174 =( NAMED_UNIT ( * ) PLANE_ANGLE_UNIT ( ) SI_UNIT ( $, .RADIAN. ) );
#3175 = CARTESIAN_POINT ( 'NONE',  ( -64.46502610956412127, -25.97538037081188733, -4.657386472052178483 ) ) ;
#3176 = CARTESIAN_POINT ( 'NONE',  ( -87.67490837539854454, -1.396547947583256288, -4.329783245531523939 ) ) ;
#3177 = AXIS2_PLACEMENT_3D ( 'NONE', #1051, #2349, #396 ) ;
#3178 = LINE ( 'NONE', #3522, #2503 ) ;
#3179 = ORIENTED_EDGE ( 'NONE', *, *, #3582, .T. ) ;
#3180 = CARTESIAN_POINT ( 'NONE',  ( -57.80787815023493437, -6.908043014082228872, -2.162280566183431674 ) ) ;
#3181 = FILL_AREA_STYLE_COLOUR ( '', #2498 ) ;
#3182 = PRESENTATION_STYLE_ASSIGNMENT (( #2353 ) ) ;
#3183 = FILL_AREA_STYLE ('',( #2354 ) ) ;
#3184 =( NAMED_UNIT ( * ) PLANE_ANGLE_UNIT ( ) SI_UNIT ( $, .RADIAN. ) );
#3185 = SURFACE_SIDE_STYLE ('',( #2841 ) ) ;
#3186 = ADVANCED_FACE ( 'NONE', ( #1591 ), #2735, .T. ) ;
#3187 = VERTEX_POINT ( 'NONE', #4337 ) ;
#3188 = SURFACE_STYLE_USAGE ( .BOTH. , #3167 ) ;
#3189 = DIRECTION ( 'NONE',  ( 0.9533199837684296352, 0.2873478855663453291, -0.09280194614506455386 ) ) ;
#3190 = EDGE_CURVE ( 'NONE', #3317, #2617, #3155, .T. ) ;
#3191 = VECTOR ( 'NONE', #4049, 1000.000000000000000 ) ;
#3192 = EDGE_LOOP ( 'NONE', ( #2208, #2098, #4431, #1763, #1667, #2765 ) ) ;
#3193 = CARTESIAN_POINT ( 'NONE',  ( -61.91467422501599316, -9.097078393112514760, -3.875847615452295614 ) ) ;
#3194 = FILL_AREA_STYLE ('',( #4839 ) ) ;
#3195 =( NAMED_UNIT ( * ) SI_UNIT ( $, .STERADIAN. ) SOLID_ANGLE_UNIT ( ) );
#3196 = UNCERTAINTY_MEASURE_WITH_UNIT (LENGTH_MEASURE( 1.000000000000000082E-05 ), #2605, 'distance_accuracy_value', 'NONE');
#3197 = SURFACE_STYLE_USAGE ( .BOTH. , #5089 ) ;
#3198 = EDGE_CURVE ( 'NONE', #4201, #3495, #265, .T. ) ;
#3199 = CARTESIAN_POINT ( 'NONE',  ( -29.97255424172537275, -29.49358025237399872, -1.295754561219362611 ) ) ;
#3200 = ADVANCED_FACE ( 'NONE', ( #5145 ), #2709, .F. ) ;
#3201 = FILL_AREA_STYLE ('',( #394 ) ) ;
#3202 = VERTEX_POINT ( 'NONE', #487 ) ;
#3203 = FILL_AREA_STYLE_COLOUR ( '', #3391 ) ;
#3204 = MECHANICAL_DESIGN_GEOMETRIC_PRESENTATION_REPRESENTATION (  '', ( #1966 ), #4616 ) ;
#3205 = CARTESIAN_POINT ( 'NONE',  ( -29.91421356237311002, -30.00000000000000000, -0.7920526160323791975 ) ) ;
#3206 = PRESENTATION_STYLE_ASSIGNMENT (( #1523 ) ) ;
#3207 = SURFACE_STYLE_USAGE ( .BOTH. , #786 ) ;
#3208 = B_SPLINE_CURVE_WITH_KNOTS ( 'NONE', 1,
 ( #208, #4556 ),
 .UNSPECIFIED., .F., .F.,
 ( 2, 2 ),
 ( 0.000000000000000000, 1.000000000000000000 ),
 .UNSPECIFIED. ) ;
#3209 = SURFACE_SIDE_STYLE ('',( #3980 ) ) ;
#3210 = SURFACE_STYLE_FILL_AREA ( #1617 ) ;
#3211 = CARTESIAN_POINT ( 'NONE',  ( 0.000000000000000000, 0.000000000000000000, 0.000000000000000000 ) ) ;
#3212 = CARTESIAN_POINT ( 'NONE',  ( -50.30126715421037886, -29.47891314261056195, 8.999999999999994671 ) ) ;
#3213 = VERTEX_POINT ( 'NONE', #2775 ) ;
#3214 =( NAMED_UNIT ( * ) PLANE_ANGLE_UNIT ( ) SI_UNIT ( $, .RADIAN. ) );
#3215 = CARTESIAN_POINT ( 'NONE',  ( -88.28459187040625977, -18.51441770366304240, -4.466567690969308835 ) ) ;
#3216 = ORIENTED_EDGE ( 'NONE', *, *, #1791, .F. ) ;
#3217 = CARTESIAN_POINT ( 'NONE',  ( -61.63707309390152034, -9.194701814959934438, -3.743580043965809789 ) ) ;
#3218 = PRESENTATION_STYLE_ASSIGNMENT (( #2466 ) ) ;
#3219 = EDGE_CURVE ( 'NONE', #338, #49, #4920, .T. ) ;
#3220 = LINE ( 'NONE', #4448, #2232 ) ;
#3221 = CARTESIAN_POINT ( 'NONE',  ( -24.27088135389263357, -10.38612149182796429, -3.058000719328847872 ) ) ;
#3222 = CARTESIAN_POINT ( 'NONE',  ( -90.13372251549841963, -2.257787198745655921, 5.640818751586834878 ) ) ;
#3223 = LINE ( 'NONE', #3801, #4011 ) ;
#3224 = STYLED_ITEM ( 'NONE', ( #4770 ), #1820 ) ;
#3225 = ORIENTED_EDGE ( 'NONE', *, *, #4195, .F. ) ;
#3226 = STYLED_ITEM ( 'NONE', ( #3684 ), #4033 ) ;
#3227 = CARTESIAN_POINT ( 'NONE',  ( -57.14156375441642410, -12.03427374162624197, -1.287350959001524631 ) ) ;
#3228 =( NAMED_UNIT ( * ) SI_UNIT ( $, .STERADIAN. ) SOLID_ANGLE_UNIT ( ) );
#3229 =( NAMED_UNIT ( * ) SI_UNIT ( $, .STERADIAN. ) SOLID_ANGLE_UNIT ( ) );
#3230 = MECHANICAL_DESIGN_GEOMETRIC_PRESENTATION_REPRESENTATION (  '', ( #1323 ), #2317 ) ;
#3231 = STYLED_ITEM ( 'NONE', ( #1313 ), #2077 ) ;
#3232 = COLOUR_RGB ( '',1.000000000000000000, 0.000000000000000000, 0.000000000000000000 ) ;
#3233 = CARTESIAN_POINT ( 'NONE',  ( -27.85486697032423464, -7.381098397148617707, -1.387893879305937439 ) ) ;
#3234 = EDGE_LOOP ( 'NONE', ( #772, #1643, #38, #4867, #168, #2443, #4743, #4819 ) ) ;
#3235 = FILL_AREA_STYLE ('',( #557 ) ) ;
#3236 = CARTESIAN_POINT ( 'NONE',  ( -61.69872002347361928, -10.52859269281987409, -3.452974824908512819 ) ) ;
#3237 = CARTESIAN_POINT ( 'NONE',  ( -29.70392699976387973, -10.50258800325143937, -1.370117208511310691 ) ) ;
#3238 = B_SPLINE_CURVE_WITH_KNOTS ( 'NONE', 3,
 ( #1621, #2748, #1600, #2026, #4368, #2360 ),
 .UNSPECIFIED., .F., .F.,
 ( 4, 2, 4 ),
 ( 0.000000000000000000, 0.5000000000000053291, 0.8472945438053411937 ),
 .UNSPECIFIED. ) ;
#3239 = VERTEX_POINT ( 'NONE', #843 ) ;
#3240 = FILL_AREA_STYLE ('',( #1646 ) ) ;
#3241 = STYLED_ITEM ( 'NONE', ( #3761 ), #119 ) ;
#3242 =( NAMED_UNIT ( * ) PLANE_ANGLE_UNIT ( ) SI_UNIT ( $, .RADIAN. ) );
#3243 =( LENGTH_UNIT ( ) NAMED_UNIT ( * ) SI_UNIT ( .MILLI., .METRE. ) );
#3244 =( GEOMETRIC_REPRESENTATION_CONTEXT ( 3 ) GLOBAL_UNCERTAINTY_ASSIGNED_CONTEXT ( ( #4475 ) ) GLOBAL_UNIT_ASSIGNED_CONTEXT ( ( #2786, #4383, #3961 ) ) REPRESENTATION_CONTEXT ( 'NONE', 'WORKASPACE' ) );
#3245 = ORIENTED_EDGE ( 'NONE', *, *, #735, .T. ) ;
#3246 = DIRECTION ( 'NONE',  ( -0.000000000000000000, -1.000000000000000000, -0.000000000000000000 ) ) ;
#3247 = CARTESIAN_POINT ( 'NONE',  ( -50.25407004694552171, -30.00002130510583953, 8.504706575465199592 ) ) ;
#3248 = DIRECTION ( 'NONE',  ( -0.000000000000000000, -1.000000000000000000, -0.000000000000000000 ) ) ;
#3249 = CARTESIAN_POINT ( 'NONE',  ( -24.41249362525232769, -11.68191942384478033, -3.320418529279214326 ) ) ;
#3250 = AXIS2_PLACEMENT_3D ( 'NONE', #4069, #2470, #1631 ) ;
#3251 = SURFACE_SIDE_STYLE ('',( #1297 ) ) ;
#3252 = EDGE_CURVE ( 'NONE', #3661, #896, #150, .T. ) ;
#3253 = DIRECTION ( 'NONE',  ( 1.000000000000000000, 0.000000000000000000, 7.575620348129778241E-17 ) ) ;
#3254 = STYLED_ITEM ( 'NONE', ( #584 ), #742 ) ;
#3255 = ORIENTED_EDGE ( 'NONE', *, *, #4104, .F. ) ;
#3256 = DIRECTION ( 'NONE',  ( 0.000000000000000000, -0.7071067811865549002, 0.7071067811865402453 ) ) ;
#3257 = CARTESIAN_POINT ( 'NONE',  ( -57.14124493385025261, -7.966069751249365893, -1.287228550284209572 ) ) ;
#3258 = VECTOR ( 'NONE', #1061, 1000.000000000000000 ) ;
#3259 = CARTESIAN_POINT ( 'NONE',  ( -84.18315961064273267, -0.04217371477884679365, 5.966350041429676843 ) ) ;
#3260 = EDGE_CURVE ( 'NONE', #2758, #1453, #2001, .T. ) ;
#3261 = ORIENTED_EDGE ( 'NONE', *, *, #4027, .T. ) ;
#3262 = CARTESIAN_POINT ( 'NONE',  ( -23.99999999999999289, -15.84999999999999964, 1.999999999999993561 ) ) ;
#3263 = SURFACE_STYLE_USAGE ( .BOTH. , #2166 ) ;
#3264 = SURFACE_SIDE_STYLE ('',( #2451 ) ) ;
#3265 = CARTESIAN_POINT ( 'NONE',  ( -26.77817408054513137, -7.247934971534539805, -2.356942635177281975 ) ) ;
#3266 = ADVANCED_FACE ( 'NONE', ( #1655 ), #2052, .T. ) ;
#3267 = ADVANCED_FACE ( 'NONE', ( #2387 ), #2750, .F. ) ;
#3268 = ORIENTED_EDGE ( 'NONE', *, *, #4720, .T. ) ;
#3269 = CARTESIAN_POINT ( 'NONE',  ( -60.26036103834667301, -12.91235265329751059, -3.127693299434748830 ) ) ;
#3270 = FILL_AREA_STYLE ('',( #2589 ) ) ;
#3271 = CARTESIAN_POINT ( 'NONE',  ( -66.11634544454267370, -0.5000000000000073275, -5.000000000000009770 ) ) ;
#3272 = FACE_BOUND ( 'NONE', #2893, .T. ) ;
#3273 = EDGE_LOOP ( 'NONE', ( #3114, #3108, #709, #3437 ) ) ;
#3274 = CARTESIAN_POINT ( 'NONE',  ( -57.81240093327166818, -6.906576735811571943, -2.163912179327070362 ) ) ;
#3275 = CARTESIAN_POINT ( 'NONE',  ( -42.55799999999999272, -29.49999999999999645, 0.5000000000000004441 ) ) ;
#3276 = CARTESIAN_POINT ( 'NONE',  ( -24.26903896272185079, -9.622422798648930353, -3.382864947476221129 ) ) ;
#3277 = CARTESIAN_POINT ( 'NONE',  ( -90.13372251549840541, -2.257787198745652368, 5.640818751586841096 ) ) ;
#3278 = CARTESIAN_POINT ( 'NONE',  ( -103.0559571384140298, -6.000000000000000000, 17.06590566322405067 ) ) ;
#3279 = COLOUR_RGB ( '',1.000000000000000000, 0.000000000000000000, 0.000000000000000000 ) ;
#3280 = ORIENTED_EDGE ( 'NONE', *, *, #1790, .T. ) ;
#3281 = DIRECTION ( 'NONE',  ( -1.000000000000000000, -0.000000000000000000, 8.672384569055758038E-16 ) ) ;
#3282 = CARTESIAN_POINT ( 'NONE',  ( -61.66427944944933870, -10.70442839392163137, -3.433508204831725585 ) ) ;
#3283 = CARTESIAN_POINT ( 'NONE',  ( -58.46735552205859676, -7.297085859503068761, -1.835559589662566715 ) ) ;
#3284 = CARTESIAN_POINT ( 'NONE',  ( -90.13372251549840541, -17.67373305704873943, 5.640818751586841096 ) ) ;
#3285 = PRESENTATION_LAYER_ASSIGNMENT (  '', '', ( #3541 ) ) ;
#3286 = CARTESIAN_POINT ( 'NONE',  ( -23.99999999999999645, -6.649999999999999467, 8.999999999999996447 ) ) ;
#3287 = ORIENTED_EDGE ( 'NONE', *, *, #1987, .T. ) ;
#3288 = DIRECTION ( 'NONE',  ( 4.625929269271483942E-16, 0.000000000000000000, -1.000000000000000000 ) ) ;
#3289 = ADVANCED_FACE ( 'NONE', ( #4580 ), #141, .T. ) ;
#3290 = CARTESIAN_POINT ( 'NONE',  ( -61.74999999999999289, -10.08919380851257763, -3.482014481449722254 ) ) ;
#3291 = CARTESIAN_POINT ( 'NONE',  ( -27.65530030733832234, -7.323400812613889421, -1.468107660348381360 ) ) ;
#3292 = ORIENTED_EDGE ( 'NONE', *, *, #4573, .F. ) ;
#3293 = SURFACE_STYLE_FILL_AREA ( #1695 ) ;
#3294 = CARTESIAN_POINT ( 'NONE',  ( -61.23553678181870197, -12.15351467002637165, -3.558878621295376465 ) ) ;
#3295 = SURFACE_STYLE_FILL_AREA ( #1699 ) ;
#3296 =( NAMED_UNIT ( * ) PLANE_ANGLE_UNIT ( ) SI_UNIT ( $, .RADIAN. ) );
#3297 = ORIENTED_EDGE ( 'NONE', *, *, #228, .F. ) ;
#3298 = CARTESIAN_POINT ( 'NONE',  ( -61.02609207921792489, -8.132124526053729596, -3.081827249452135042 ) ) ;
#3299 =( NAMED_UNIT ( * ) PLANE_ANGLE_UNIT ( ) SI_UNIT ( $, .RADIAN. ) );
#3300 = CARTESIAN_POINT ( 'NONE',  ( -55.46129873372100860, -28.16846528367092617, -1.374457116982692018 ) ) ;
#3301 = CARTESIAN_POINT ( 'NONE',  ( -25.76864200580092756, -12.95353904659220845, -2.747687049123312963 ) ) ;
#3302 = LINE ( 'NONE', #4430, #4582 ) ;
#3303 = ORIENTED_EDGE ( 'NONE', *, *, #3017, .T. ) ;
#3304 = CARTESIAN_POINT ( 'NONE',  ( -29.30618636649676390, -29.79459703020277672, -0.8811434084493876551 ) ) ;
#3305 = LINE ( 'NONE', #2086, #2150 ) ;
#3306 = COLOUR_RGB ( '',1.000000000000000000, 0.000000000000000000, 0.000000000000000000 ) ;
#3307 = PRESENTATION_STYLE_ASSIGNMENT (( #4849 ) ) ;
#3308 = VECTOR ( 'NONE', #3246, 1000.000000000000000 ) ;
#3309 = STYLED_ITEM ( 'NONE', ( #3339 ), #3873 ) ;
#3310 = ORIENTED_EDGE ( 'NONE', *, *, #574, .T. ) ;
#3311 = CARTESIAN_POINT ( 'NONE',  ( -84.70281414562214195, 0.000000000000000000, -2.337639720221444062 ) ) ;
#3312 = VECTOR ( 'NONE', #2541, 1000.000000000000000 ) ;
#3313 = PRESENTATION_LAYER_ASSIGNMENT (  '', '', ( #427 ) ) ;
#3314 = CARTESIAN_POINT ( 'NONE',  ( -88.18770379416847049, -30.00000000000000000, -3.471272407808104088 ) ) ;
#3315 = CARTESIAN_POINT ( 'NONE',  ( -26.78410081335306359, -7.252982606940212129, -1.835705856505579048 ) ) ;
#3316 = PRESENTATION_LAYER_ASSIGNMENT (  '', '', ( #3919 ) ) ;
#3317 = VERTEX_POINT ( 'NONE', #2944 ) ;
#3318 = EDGE_CURVE ( 'NONE', #1005, #1453, #2130, .T. ) ;
#3319 = CARTESIAN_POINT ( 'NONE',  ( -89.85493068599149069, -17.70075412244228374, 5.718412643701068276 ) ) ;
#3320 = COLOUR_RGB ( '',1.000000000000000000, 0.000000000000000000, 0.000000000000000000 ) ;
#3321 = MECHANICAL_DESIGN_GEOMETRIC_PRESENTATION_REPRESENTATION (  '', ( #4898 ), #3663 ) ;
#3322 = EDGE_CURVE ( 'NONE', #3026, #4060, #4528, .T. ) ;
#3323 = CARTESIAN_POINT ( 'NONE',  ( -57.86904516978893298, -13.11190626853825947, -2.184342375038017980 ) ) ;
#3324 = CARTESIAN_POINT ( 'NONE',  ( -50.25452153392686938, -29.49288197281527957, 8.999999999999991118 ) ) ;
#3325 = FILL_AREA_STYLE ('',( #1238 ) ) ;
#3326 = PRESENTATION_LAYER_ASSIGNMENT (  '', '', ( #3157 ) ) ;
#3327 = ORIENTED_EDGE ( 'NONE', *, *, #2778, .F. ) ;
#3328 = CARTESIAN_POINT ( 'NONE',  ( -61.18747825334273927, -7.792510804537633007, -3.536972005233117500 ) ) ;
#3329 = SURFACE_STYLE_FILL_AREA ( #199 ) ;
#3330 = DIRECTION ( 'NONE',  ( -0.1955735391825897673, 0.9766945949136356386, 0.08842318156504913595 ) ) ;
#3331 = VERTEX_POINT ( 'NONE', #966 ) ;
#3332 = CARTESIAN_POINT ( 'NONE',  ( -29.88142366238408343, -29.99999916561180768, -0.7967953289520547377 ) ) ;
#3333 =( GEOMETRIC_REPRESENTATION_CONTEXT ( 3 ) GLOBAL_UNCERTAINTY_ASSIGNED_CONTEXT ( ( #4119 ) ) GLOBAL_UNIT_ASSIGNED_CONTEXT ( ( #3549, #2033, #1218 ) ) REPRESENTATION_CONTEXT ( 'NONE', 'WORKASPACE' ) );
#3334 = SURFACE_STYLE_FILL_AREA ( #1685 ) ;
#3335 = LINE ( 'NONE', #2211, #3598 ) ;
#3336 = DIRECTION ( 'NONE',  ( 0.6454511755213128144, 0.5773502691896272854, -0.5000594431513321059 ) ) ;
#3337 = ORIENTED_EDGE ( 'NONE', *, *, #1013, .F. ) ;
#3338 = SURFACE_STYLE_FILL_AREA ( #2603 ) ;
#3339 = PRESENTATION_STYLE_ASSIGNMENT (( #3263 ) ) ;
#3340 =( GEOMETRIC_REPRESENTATION_CONTEXT ( 3 ) GLOBAL_UNCERTAINTY_ASSIGNED_CONTEXT ( ( #1787 ) ) GLOBAL_UNIT_ASSIGNED_CONTEXT ( ( #4539, #1823, #4975 ) ) REPRESENTATION_CONTEXT ( 'NONE', 'WORKASPACE' ) );
#3341 = CARTESIAN_POINT ( 'NONE',  ( -29.68043446070192104, -7.957722707736154533, -1.381736837566584386 ) ) ;
#3342 = ORIENTED_EDGE ( 'NONE', *, *, #1857, .T. ) ;
#3343 = STYLED_ITEM ( 'NONE', ( #262 ), #1418 ) ;
#3344 = FILL_AREA_STYLE ('',( #984 ) ) ;
#3345 = DIRECTION ( 'NONE',  ( -8.163404592832033966E-17, -0.000000000000000000, 1.000000000000000000 ) ) ;
#3346 = CARTESIAN_POINT ( 'NONE',  ( -50.15691407104610988, -29.49999999999998579, 8.999999999999994671 ) ) ;
#3347 = DIRECTION ( 'NONE',  ( 0.000000000000000000, 0.000000000000000000, -1.000000000000000000 ) ) ;
#3348 = EDGE_CURVE ( 'NONE', #3591, #3354, #3357, .T. ) ;
#3349 = PRESENTATION_STYLE_ASSIGNMENT (( #194 ) ) ;
#3350 = ORIENTED_EDGE ( 'NONE', *, *, #3379, .T. ) ;
#3351 = CARTESIAN_POINT ( 'NONE',  ( -57.81172297618409317, -7.513736875721953368, -1.556311286879981770 ) ) ;
#3352 = CARTESIAN_POINT ( 'NONE',  ( -25.85355339059328372, -25.64644660940670562, 8.999999999999996447 ) ) ;
#3353 = ADVANCED_FACE ( 'NONE', ( #4551 ), #1294, .F. ) ;
#3354 = VERTEX_POINT ( 'NONE', #4964 ) ;
#3355 = CARTESIAN_POINT ( 'NONE',  ( -29.50287472594850158, -29.91207294981961695, -0.8520706779268826248 ) ) ;
#3356 =( NAMED_UNIT ( * ) PLANE_ANGLE_UNIT ( ) SI_UNIT ( $, .RADIAN. ) );
#3357 = B_SPLINE_CURVE_WITH_KNOTS ( 'NONE', 3,
 ( #3724, #940, #2180, #1731 ),
 .UNSPECIFIED., .F., .F.,
 ( 4, 4 ),
 ( 0.000000000000000000, 1.000000000000000000 ),
 .UNSPECIFIED. ) ;
#3358 = CARTESIAN_POINT ( 'NONE',  ( -23.99999999999999289, -15.84999999999999964, 1.999999999999995337 ) ) ;
#3359 = CARTESIAN_POINT ( 'NONE',  ( -21.50000000000000000, -30.00000000000000000, 8.499999999999968026 ) ) ;
#3360 = CARTESIAN_POINT ( 'NONE',  ( -89.85493068599150490, -17.70075412244228374, 5.718412643701067388 ) ) ;
#3361 = VERTEX_POINT ( 'NONE', #1391 ) ;
#3362 = SURFACE_STYLE_USAGE ( .BOTH. , #4106 ) ;
#3363 = CARTESIAN_POINT ( 'NONE',  ( -58.36328362253679813, -12.68097567073808740, -1.790091898265858017 ) ) ;
#3364 = COLOUR_RGB ( '',1.000000000000000000, 0.000000000000000000, 0.000000000000000000 ) ;
#3365 =( LENGTH_UNIT ( ) NAMED_UNIT ( * ) SI_UNIT ( .MILLI., .METRE. ) );
#3366 = FILL_AREA_STYLE ('',( #266 ) ) ;
#3367 = CARTESIAN_POINT ( 'NONE',  ( -29.92539812321042092, -8.311030276314014031, -1.309333390345636561 ) ) ;
#3368 = STYLED_ITEM ( 'NONE', ( #2331 ), #5008 ) ;
#3369 = ORIENTED_EDGE ( 'NONE', *, *, #982, .F. ) ;
#3370 = STYLED_ITEM ( 'NONE', ( #1200 ), #4508 ) ;
#3371 = CARTESIAN_POINT ( 'NONE',  ( -64.15000000000000568, 5.545013348348540205, 8.533716037108698416 ) ) ;
#3372 = PRESENTATION_STYLE_ASSIGNMENT (( #3699 ) ) ;
#3373 = CARTESIAN_POINT ( 'NONE',  ( -29.89481714139161639, -29.47395299974451177, -1.318475526615454196 ) ) ;
#3374 = CARTESIAN_POINT ( 'NONE',  ( -63.89552684790057668, -25.72515774190694060, -4.880434782608706890 ) ) ;
#3375 = ORIENTED_EDGE ( 'NONE', *, *, #798, .F. ) ;
#3376 = CARTESIAN_POINT ( 'NONE',  ( -57.20938309488035856, -7.905044782661387437, -1.313811616155954320 ) ) ;
#3377 = DIRECTION ( 'NONE',  ( -0.000000000000000000, -0.000000000000000000, 1.000000000000000000 ) ) ;
#3378 = DIRECTION ( 'NONE',  ( -1.000000000000000000, 0.000000000000000000, -7.575620348129778241E-17 ) ) ;
#3379 = EDGE_CURVE ( 'NONE', #2886, #1768, #1322, .T. ) ;
#3380 = EDGE_LOOP ( 'NONE', ( #3602, #2660, #1024, #1249 ) ) ;
#3381 = CARTESIAN_POINT ( 'NONE',  ( -30.03694148477002557, -29.49999958280588075, -1.277050325337186987 ) ) ;
#3382 =( NAMED_UNIT ( * ) SI_UNIT ( $, .STERADIAN. ) SOLID_ANGLE_UNIT ( ) );
#3383 = APPLICATION_CONTEXT ( 'automotive_design' ) ;
#3384 = CARTESIAN_POINT ( 'NONE',  ( -50.34893315339880360, -29.63855085681408852, 8.837973430640580830 ) ) ;
#3385 = ORIENTED_EDGE ( 'NONE', *, *, #18, .T. ) ;
#3386 = FILL_AREA_STYLE_COLOUR ( '', #4926 ) ;
#3387 = CARTESIAN_POINT ( 'NONE',  ( -58.70776654197986488, -12.74000691576371658, -1.941856313170242432 ) ) ;
#3388 =( LENGTH_UNIT ( ) NAMED_UNIT ( * ) SI_UNIT ( .MILLI., .METRE. ) );
#3389 = SURFACE_STYLE_USAGE ( .BOTH. , #3850 ) ;
#3390 = B_SPLINE_CURVE_WITH_KNOTS ( 'NONE', 3,
 ( #2720, #28, #3945, #4785 ),
 .UNSPECIFIED., .F., .F.,
 ( 4, 4 ),
 ( 0.000000000000000000, 1.000000000000000000 ),
 .UNSPECIFIED. ) ;
#3391 = COLOUR_RGB ( '',1.000000000000000000, 0.000000000000000000, 0.000000000000000000 ) ;
#3392 = AXIS2_PLACEMENT_3D ( 'NONE', #1046, #1849, #1373 ) ;
#3393 = ORIENTED_EDGE ( 'NONE', *, *, #3752, .T. ) ;
#3394 = CARTESIAN_POINT ( 'NONE',  ( -90.13372251549840541, -17.67373305704873232, 5.640818751586841096 ) ) ;
#3395 = STYLED_ITEM ( 'NONE', ( #691 ), #2891 ) ;
#3396 = FILL_AREA_STYLE ('',( #2302 ) ) ;
#3397 = VECTOR ( 'NONE', #207, 1000.000000000000114 ) ;
#3398 = CARTESIAN_POINT ( 'NONE',  ( -26.75213132244771685, -13.22879713240298472, -2.366642883247440210 ) ) ;
#3399 = DIRECTION ( 'NONE',  ( -0.8847462923946362023, 0.2527938945223112133, -0.3915600145395179421 ) ) ;
#3400 = CARTESIAN_POINT ( 'NONE',  ( -64.35052050758233122, -26.18270698168010924, -4.460837790599444297 ) ) ;
#3401 = COLOUR_RGB ( '',1.000000000000000000, 0.000000000000000000, 0.000000000000000000 ) ;
#3402 = CARTESIAN_POINT ( 'NONE',  ( -55.66516904541840915, -9.374276008891587963, -1.451165873919126659 ) ) ;
#3403 = VERTEX_POINT ( 'NONE', #2973 ) ;
#3404 = FACE_OUTER_BOUND ( 'NONE', #3380, .T. ) ;
#3405 = VECTOR ( 'NONE', #568, 1000.000000000000000 ) ;
#3406 = MECHANICAL_DESIGN_GEOMETRIC_PRESENTATION_REPRESENTATION (  '', ( #5 ), #272 ) ;
#3407 = AXIS2_PLACEMENT_3D ( 'NONE', #164, #2518, #4492 ) ;
#3408 = B_SPLINE_CURVE_WITH_KNOTS ( 'NONE', 3,
 ( #1031, #4701, #1864, #1086 ),
 .UNSPECIFIED., .F., .F.,
 ( 4, 4 ),
 ( 0.000000000000000000, 1.000000000000000000 ),
 .UNSPECIFIED. ) ;
#3409 = PRESENTATION_LAYER_ASSIGNMENT (  '', '', ( #3991 ) ) ;
#3410 = VERTEX_POINT ( 'NONE', #2619 ) ;
#3411 = CARTESIAN_POINT ( 'NONE',  ( -30.32310368922825106, -10.63600990913604605, -1.195181419792731958 ) ) ;
#3412 = FILL_AREA_STYLE_COLOUR ( '', #3492 ) ;
#3413 = MECHANICAL_DESIGN_GEOMETRIC_PRESENTATION_REPRESENTATION (  '', ( #279 ), #3244 ) ;
#3414 = PRESENTATION_STYLE_ASSIGNMENT (( #2549 ) ) ;
#3415 = EDGE_CURVE ( 'NONE', #188, #4026, #3871, .T. ) ;
#3416 =( NAMED_UNIT ( * ) PLANE_ANGLE_UNIT ( ) SI_UNIT ( $, .RADIAN. ) );
#3417 = STYLED_ITEM ( 'NONE', ( #2381 ), #643 ) ;
#3418 = VERTEX_POINT ( 'NONE', #1428 ) ;
#3419 = SURFACE_STYLE_FILL_AREA ( #2214 ) ;
#3420 = CARTESIAN_POINT ( 'NONE',  ( -59.23214813071538742, -12.74569627538423511, -2.181422128239757452 ) ) ;
#3421 =( NAMED_UNIT ( * ) SI_UNIT ( $, .STERADIAN. ) SOLID_ANGLE_UNIT ( ) );
#3422 = SURFACE_STYLE_FILL_AREA ( #2296 ) ;
#3423 = DIRECTION ( 'NONE',  ( 0.000000000000000000, 1.000000000000000000, 0.000000000000000000 ) ) ;
#3424 = PRESENTATION_LAYER_ASSIGNMENT (  '', '', ( #2257 ) ) ;
#3425 = CARTESIAN_POINT ( 'NONE',  ( -25.65115119549631473, -7.598054355764758405, -2.356316096772847590 ) ) ;
#3426 = COLOUR_RGB ( '',1.000000000000000000, 0.000000000000000000, 0.000000000000000000 ) ;
#3427 = PRESENTATION_STYLE_ASSIGNMENT (( #295 ) ) ;
#3428 = PRESENTATION_STYLE_ASSIGNMENT (( #3507 ) ) ;
#3429 = CARTESIAN_POINT ( 'NONE',  ( -26.64166278100818630, -12.73205911218702902, -1.898494470957782454 ) ) ;
#3430 = CARTESIAN_POINT ( 'NONE',  ( -21.82802967625238821, -21.39058945509440690, -4.559189662995772885 ) ) ;
#3431 = DIRECTION ( 'NONE',  ( 4.625929269271483942E-16, 0.000000000000000000, -1.000000000000000000 ) ) ;
#3432 = STYLED_ITEM ( 'NONE', ( #3098 ), #1474 ) ;
#3433 = CARTESIAN_POINT ( 'NONE',  ( -66.36358403214866541, -25.14085549570262401, -4.833333333333341919 ) ) ;
#3434 = CARTESIAN_POINT ( 'NONE',  ( -61.75000000000000000, -10.00000000000000000, -17.00000000000000000 ) ) ;
#3435 = CARTESIAN_POINT ( 'NONE',  ( -89.95096810810046861, -17.69130477235727739, 5.706244448472935993 ) ) ;
#3436 = PRESENTATION_STYLE_ASSIGNMENT (( #1096 ) ) ;
#3437 = ORIENTED_EDGE ( 'NONE', *, *, #885, .T. ) ;
#3438 = CARTESIAN_POINT ( 'NONE',  ( -28.71669710511061169, -7.142587622543892678, -1.681162155636709343 ) ) ;
#3439 = LINE ( 'NONE', #3840, #3397 ) ;
#3440 = DIRECTION ( 'NONE',  ( -0.000000000000000000, -0.000000000000000000, 1.000000000000000000 ) ) ;
#3441 = CARTESIAN_POINT ( 'NONE',  ( -29.09734167784506198, -11.78686152619093974, -0.9201561098415117490 ) ) ;
#3442 = ORIENTED_EDGE ( 'NONE', *, *, #1715, .T. ) ;
#3443 = SURFACE_STYLE_USAGE ( .BOTH. , #4305 ) ;
#3444 = CARTESIAN_POINT ( 'NONE',  ( -59.29127744670977052, -13.22129022042593149, -2.726286610327320226 ) ) ;
#3445 = CARTESIAN_POINT ( 'NONE',  ( -65.81081323375609315, -30.00000000000000000, -4.000000000000010658 ) ) ;
#3446 = CARTESIAN_POINT ( 'NONE',  ( -64.15000000000000568, -20.19999999999999929, 1.999999999999992228 ) ) ;
#3447 = CARTESIAN_POINT ( 'NONE',  ( -88.18770437496436898, -1.471049079216155686, -4.471269662070493034 ) ) ;
#3448 = CARTESIAN_POINT ( 'NONE',  ( -26.88671314447098837, -7.247592342980738955, -1.791033347232431794 ) ) ;
#3449 = EDGE_CURVE ( 'NONE', #577, #3894, #3111, .T. ) ;
#3450 = CYLINDRICAL_SURFACE ( 'NONE', #1739, 2.500000000000000000 ) ;
#3451 = FILL_AREA_STYLE ('',( #718 ) ) ;
#3452 = SURFACE_STYLE_FILL_AREA ( #5106 ) ;
#3453 = FILL_AREA_STYLE_COLOUR ( '', #3232 ) ;
#3454 = LINE ( 'NONE', #2997, #3853 ) ;
#3455 = MECHANICAL_DESIGN_GEOMETRIC_PRESENTATION_REPRESENTATION (  '', ( #5127 ), #1285 ) ;
#3456 = CARTESIAN_POINT ( 'NONE',  ( -103.2276935266996958, -14.57516059535677222, -4.486079708078228201 ) ) ;
#3457 = ORIENTED_EDGE ( 'NONE', *, *, #2343, .T. ) ;
#3458 = CARTESIAN_POINT ( 'NONE',  ( -56.53619096277193989, -8.764522209479430614, -1.058190027082492879 ) ) ;
#3459 = CARTESIAN_POINT ( 'NONE',  ( -65.95381123132138157, -25.70471636546555771, -4.486079708078260175 ) ) ;
#3460 = B_SPLINE_CURVE_WITH_KNOTS ( 'NONE', 3,
 ( #1141, #282, #309, #1848, #651, #3007 ),
 .UNSPECIFIED., .F., .F.,
 ( 4, 2, 4 ),
 ( 0.000000000000000000, 0.4568271691595797712, 1.000000000000000000 ),
 .UNSPECIFIED. ) ;
#3461 = UNCERTAINTY_MEASURE_WITH_UNIT (LENGTH_MEASURE( 1.000000000000000082E-05 ), #3789, 'distance_accuracy_value', 'NONE');
#3462 = ORIENTED_EDGE ( 'NONE', *, *, #2951, .T. ) ;
#3463 = DIRECTION ( 'NONE',  ( 0.000000000000000000, 1.000000000000000000, 0.000000000000000000 ) ) ;
#3464 =( LENGTH_UNIT ( ) NAMED_UNIT ( * ) SI_UNIT ( .MILLI., .METRE. ) );
#3465 = DIRECTION ( 'NONE',  ( 8.163404592832032733E-17, -0.000000000000000000, -1.000000000000000000 ) ) ;
#3466 = CARTESIAN_POINT ( 'NONE',  ( -64.27560847710924463, -26.20407088451749900, -4.426297099382622946 ) ) ;
#3467 = CARTESIAN_POINT ( 'NONE',  ( -28.00603358940563226, -12.56476535183550425, -1.328069940716746444 ) ) ;
#3468 = ORIENTED_EDGE ( 'NONE', *, *, #3735, .T. ) ;
#3469 = CARTESIAN_POINT ( 'NONE',  ( -61.23205011561360323, -12.15750249503878599, -3.557287331313755185 ) ) ;
#3470 =( NAMED_UNIT ( * ) PLANE_ANGLE_UNIT ( ) SI_UNIT ( $, .RADIAN. ) );
#3471 = CARTESIAN_POINT ( 'NONE',  ( -24.56714960216034527, -8.701863371131882019, -3.251646248867417821 ) ) ;
#3472 = ORIENTED_EDGE ( 'NONE', *, *, #3252, .F. ) ;
#3473 = B_SPLINE_CURVE_WITH_KNOTS ( 'NONE', 3,
 ( #2983, #3037, #3384, #1023 ),
 .UNSPECIFIED., .F., .F.,
 ( 4, 4 ),
 ( 0.000000000000000000, 1.000000000000000000 ),
 .UNSPECIFIED. ) ;
#3474 = B_SPLINE_CURVE_WITH_KNOTS ( 'NONE', 1,
 ( #45, #2378 ),
 .UNSPECIFIED., .F., .F.,
 ( 2, 2 ),
 ( 0.000000000000000000, 1.000000000000000000 ),
 .UNSPECIFIED. ) ;
#3475 = DIRECTION ( 'NONE',  ( -0.08903388928144245762, -0.7071067811865417996, 0.7014791276719699598 ) ) ;
#3476 = CARTESIAN_POINT ( 'NONE',  ( -29.91421356237311358, -30.00000000000000000, 8.499999999999994671 ) ) ;
#3477 =( NAMED_UNIT ( * ) PLANE_ANGLE_UNIT ( ) SI_UNIT ( $, .RADIAN. ) );
#3478 = CARTESIAN_POINT ( 'NONE',  ( -28.76392018797687911, -12.12205598505566506, -1.664679371817172626 ) ) ;
#3479 = SURFACE_STYLE_USAGE ( .BOTH. , #4824 ) ;
#3480 = EDGE_CURVE ( 'NONE', #3001, #5155, #3685, .T. ) ;
#3481 = EDGE_CURVE ( 'NONE', #2520, #3928, #4255, .T. ) ;
#3482 = CARTESIAN_POINT ( 'NONE',  ( -24.40664166486345721, -11.67203651705086997, -3.323000286585044538 ) ) ;
#3483 =( GEOMETRIC_REPRESENTATION_CONTEXT ( 3 ) GLOBAL_UNCERTAINTY_ASSIGNED_CONTEXT ( ( #3948 ) ) GLOBAL_UNIT_ASSIGNED_CONTEXT ( ( #3950, #777, #842 ) ) REPRESENTATION_CONTEXT ( 'NONE', 'WORKASPACE' ) );
#3484 = EDGE_LOOP ( 'NONE', ( #3633, #2906, #308, #3061, #2837, #3973 ) ) ;
#3485 = UNCERTAINTY_MEASURE_WITH_UNIT (LENGTH_MEASURE( 1.000000000000000082E-05 ), #4470, 'distance_accuracy_value', 'NONE');
#3486 =( GEOMETRIC_REPRESENTATION_CONTEXT ( 3 ) GLOBAL_UNCERTAINTY_ASSIGNED_CONTEXT ( ( #1555 ) ) GLOBAL_UNIT_ASSIGNED_CONTEXT ( ( #3766, #214, #3715 ) ) REPRESENTATION_CONTEXT ( 'NONE', 'WORKASPACE' ) );
#3487 = SURFACE_STYLE_USAGE ( .BOTH. , #4605 ) ;
#3488 = CARTESIAN_POINT ( 'NONE',  ( -65.81081323375609315, -25.22580322285497800, -5.000000000000009770 ) ) ;
#3489 = FILL_AREA_STYLE_COLOUR ( '', #916 ) ;
#3490 = MECHANICAL_DESIGN_GEOMETRIC_PRESENTATION_REPRESENTATION (  '', ( #4812 ), #1233 ) ;
#3491 = STYLED_ITEM ( 'NONE', ( #2860 ), #2177 ) ;
#3492 = COLOUR_RGB ( '',1.000000000000000000, 0.000000000000000000, 0.000000000000000000 ) ;
#3493 = EDGE_CURVE ( 'NONE', #367, #2348, #4156, .T. ) ;
#3494 = PRESENTATION_LAYER_ASSIGNMENT (  '', '', ( #2231 ) ) ;
#3495 = VERTEX_POINT ( 'NONE', #1139 ) ;
#3496 = CARTESIAN_POINT ( 'NONE',  ( -26.71497249701607757, -6.776133073395734563, -2.380585561556383123 ) ) ;
#3497 = FACE_OUTER_BOUND ( 'NONE', #2621, .T. ) ;
#3498 = PRESENTATION_LAYER_ASSIGNMENT (  '', '', ( #4902 ) ) ;
#3499 = DIRECTION ( 'NONE',  ( 0.000000000000000000, 1.000000000000000000, 0.000000000000000000 ) ) ;
#3500 = VERTEX_POINT ( 'NONE', #3488 ) ;
#3501 =( NAMED_UNIT ( * ) SI_UNIT ( $, .STERADIAN. ) SOLID_ANGLE_UNIT ( ) );
#3502 = COLOUR_RGB ( '',1.000000000000000000, 0.000000000000000000, 0.000000000000000000 ) ;
#3503 = CARTESIAN_POINT ( 'NONE',  ( -29.59401665688519500, -29.94790599948893473, -0.8386808102445657553 ) ) ;
#3504 = DIRECTION ( 'NONE',  ( 1.830037952678828483E-15, 0.000000000000000000, -1.000000000000000000 ) ) ;
#3505 = ORIENTED_EDGE ( 'NONE', *, *, #3807, .T. ) ;
#3506 = CARTESIAN_POINT ( 'NONE',  ( -67.14421354980528633, -24.88651323989752484, -4.315494479480365797 ) ) ;
#3507 = SURFACE_STYLE_USAGE ( .BOTH. , #350 ) ;
#3508 = SURFACE_SIDE_STYLE ('',( #1112 ) ) ;
#3509 = PLANE ( 'NONE',  #323 ) ;
#3510 =( LENGTH_UNIT ( ) NAMED_UNIT ( * ) SI_UNIT ( .MILLI., .METRE. ) );
#3511 = FACE_OUTER_BOUND ( 'NONE', #1309, .T. ) ;
#3512 = STYLED_ITEM ( 'NONE', ( #4490 ), #818 ) ;
#3513 = CARTESIAN_POINT ( 'NONE',  ( -56.37184697559538193, -9.169572438850986273, -1.668053370738901142 ) ) ;
#3514 = SURFACE_STYLE_USAGE ( .BOTH. , #2676 ) ;
#3515 = UNCERTAINTY_MEASURE_WITH_UNIT (LENGTH_MEASURE( 1.000000000000000082E-05 ), #802, 'distance_accuracy_value', 'NONE');
#3516 = AXIS2_PLACEMENT_3D ( 'NONE', #4844, #1589, #3552 ) ;
#3517 = ORIENTED_EDGE ( 'NONE', *, *, #1720, .F. ) ;
#3518 = CARTESIAN_POINT ( 'NONE',  ( -64.36969411118725759, -25.65610494240483419, -5.000000000000011546 ) ) ;
#3519 = ADVANCED_FACE ( 'NONE', ( #1510 ), #1915, .T. ) ;
#3520 = DIRECTION ( 'NONE',  ( 0.000000000000000000, 1.000000000000000000, 0.000000000000000000 ) ) ;
#3521 = B_SPLINE_CURVE_WITH_KNOTS ( 'NONE', 3,
 ( #3806, #4688, #2235, #1068 ),
 .UNSPECIFIED., .F., .F.,
 ( 4, 4 ),
 ( 0.000000000000000000, 1.000000000000000000 ),
 .UNSPECIFIED. ) ;
#3522 = CARTESIAN_POINT ( 'NONE',  ( -89.80429505045512428, -1.699843099669157143, 5.252898235607334598 ) ) ;
#3523 = ORIENTED_EDGE ( 'NONE', *, *, #1624, .F. ) ;
#3524 = CARTESIAN_POINT ( 'NONE',  ( -50.87087509910018923, -29.49999999999999645, -0.2744857849367653979 ) ) ;
#3525 = CARTESIAN_POINT ( 'NONE',  ( -29.75121834867191239, -29.98716050474807915, -0.8157073896773092692 ) ) ;
#3526 = SURFACE_STYLE_FILL_AREA ( #2372 ) ;
#3527 = SURFACE_STYLE_USAGE ( .BOTH. , #2833 ) ;
#3528 = CARTESIAN_POINT ( 'NONE',  ( -88.25239672291810678, -1.480730062477320086, -4.469710980702227054 ) ) ;
#3529 = DIRECTION ( 'NONE',  ( 1.000000000000000000, 0.000000000000000000, 8.163404592832032733E-17 ) ) ;
#3530 = FACE_OUTER_BOUND ( 'NONE', #856, .T. ) ;
#3531 = PLANE ( 'NONE',  #921 ) ;
#3532 = CARTESIAN_POINT ( 'NONE',  ( -61.46831547859514444, -11.22605806307290699, -3.323748854097092753 ) ) ;
#3533 = CARTESIAN_POINT ( 'NONE',  ( -29.37292055775796484, -11.40192877286795792, -0.8237938141187751695 ) ) ;
#3534 = LINE ( 'NONE', #5107, #4128 ) ;
#3535 = VERTEX_POINT ( 'NONE', #3459 ) ;
#3536 = ORIENTED_EDGE ( 'NONE', *, *, #5146, .T. ) ;
#3537 = UNCERTAINTY_MEASURE_WITH_UNIT (LENGTH_MEASURE( 1.000000000000000082E-05 ), #5097, 'distance_accuracy_value', 'NONE');
#3538 = CARTESIAN_POINT ( 'NONE',  ( -88.07430408234874619, -19.08236519502733941, -3.886607534748023784 ) ) ;
#3539 = CARTESIAN_POINT ( 'NONE',  ( -67.96130059320422845, -24.62265106844848361, -3.852635849706761206 ) ) ;
#3540 =( GEOMETRIC_REPRESENTATION_CONTEXT ( 3 ) GLOBAL_UNCERTAINTY_ASSIGNED_CONTEXT ( ( #1137 ) ) GLOBAL_UNIT_ASSIGNED_CONTEXT ( ( #2373, #16, #4847 ) ) REPRESENTATION_CONTEXT ( 'NONE', 'WORKASPACE' ) );
#3541 = STYLED_ITEM ( 'NONE', ( #3075 ), #4502 ) ;
#3542 = VECTOR ( 'NONE', #4114, 1000.000000000000000 ) ;
#3543 = ORIENTED_EDGE ( 'NONE', *, *, #4003, .T. ) ;
#3544 = FILL_AREA_STYLE_COLOUR ( '', #1388 ) ;
#3545 = CARTESIAN_POINT ( 'NONE',  ( -64.41736011037569654, -25.81574265660836076, -4.828693236026095015 ) ) ;
#3546 = AXIS2_PLACEMENT_3D ( 'NONE', #4801, #4727, #4029 ) ;
#3547 = SURFACE_STYLE_FILL_AREA ( #1563 ) ;
#3548 = ADVANCED_FACE ( 'NONE', ( #773 ), #3915, .F. ) ;
#3549 =( LENGTH_UNIT ( ) NAMED_UNIT ( * ) SI_UNIT ( .MILLI., .METRE. ) );
#3550 = ADVANCED_FACE ( 'NONE', ( #4442 ), #4290, .F. ) ;
#3551 = ORIENTED_EDGE ( 'NONE', *, *, #2050, .F. ) ;
#3552 = DIRECTION ( 'NONE',  ( 8.163404592832033966E-17, 0.000000000000000000, -1.000000000000000000 ) ) ;
#3553 = CARTESIAN_POINT ( 'NONE',  ( -29.50287472594850158, -29.91207294981961695, -0.8520706779268826248 ) ) ;
#3554 = DIRECTION ( 'NONE',  ( 0.000000000000000000, 0.000000000000000000, -1.000000000000000000 ) ) ;
#3555 = DIRECTION ( 'NONE',  ( 0.09688807623778841749, -1.463194661920372392E-19, 0.9952952831612036366 ) ) ;
#3556 = B_SPLINE_SURFACE_WITH_KNOTS ( 'NONE', 1, 3, ( 
 ( #1886, #4952, #5062, #2707, #1944, #15 ),
 ( #3604, #444, #2321, #467, #1221, #1590 ) ),
 .UNSPECIFIED., .F., .F., .F.,
 ( 2, 2 ),
 ( 4, 2, 4 ),
 ( 0.000000000000000000, 1.000000000000000000 ),
 ( 5.002079673914701097, 5.101333405822897404, 5.200587137731094600 ),
 .UNSPECIFIED. ) ;
#3557 = LINE ( 'NONE', #349, #1234 ) ;
#3558 = PRESENTATION_STYLE_ASSIGNMENT (( #1948 ) ) ;
#3559 = DIRECTION ( 'NONE',  ( 0.000000000000000000, 0.7071067811865482389, -0.7071067811865469066 ) ) ;
#3560 = EDGE_CURVE ( 'NONE', #671, #4451, #3238, .T. ) ;
#3561 = ORIENTED_EDGE ( 'NONE', *, *, #4818, .T. ) ;
#3562 = FACE_OUTER_BOUND ( 'NONE', #1953, .T. ) ;
#3563 = CARTESIAN_POINT ( 'NONE',  ( -50.96324037797908346, -30.00000000000000000, 0.2169088174528172597 ) ) ;
#3564 = CARTESIAN_POINT ( 'NONE',  ( -75.07511471234653300, -22.37880080084330459, -1.615741369599110744 ) ) ;
#3565 = AXIS2_PLACEMENT_3D ( 'NONE', #3588, #21, #4780 ) ;
#3566 = DIRECTION ( 'NONE',  ( -1.000000000000000000, 0.000000000000000000, -7.575620348129778241E-17 ) ) ;
#3567 = CONICAL_SURFACE ( 'NONE', #4314, 45.50000000000000000, 0.7853981633974380649 ) ;
#3568 = COLOUR_RGB ( '',1.000000000000000000, 0.000000000000000000, 0.000000000000000000 ) ;
#3569 = UNCERTAINTY_MEASURE_WITH_UNIT (LENGTH_MEASURE( 1.000000000000000082E-05 ), #1132, 'distance_accuracy_value', 'NONE');
#3570 = ORIENTED_EDGE ( 'NONE', *, *, #101, .T. ) ;
#3571 = CARTESIAN_POINT ( 'NONE',  ( -29.74999999999999645, -10.00000000000000000, -0.6963113881947181616 ) ) ;
#3572 = PRESENTATION_LAYER_ASSIGNMENT (  '', '', ( #3395 ) ) ;
#3573 = CARTESIAN_POINT ( 'NONE',  ( -21.50000000000000000, -13.34999999999999964, 8.499999999999994671 ) ) ;
#3574 = UNCERTAINTY_MEASURE_WITH_UNIT (LENGTH_MEASURE( 1.000000000000000082E-05 ), #2228, 'distance_accuracy_value', 'NONE');
#3575 = DIRECTION ( 'NONE',  ( 0.000000000000000000, 0.000000000000000000, -1.000000000000000000 ) ) ;
#3576 = STYLED_ITEM ( 'NONE', ( #1925 ), #4311 ) ;
#3577 = AXIS2_PLACEMENT_3D ( 'NONE', #1569, #8, #4040 ) ;
#3578 = CARTESIAN_POINT ( 'NONE',  ( -24.51432246108046797, -11.18903713258412047, -2.928746794026970246 ) ) ;
#3579 =( GEOMETRIC_REPRESENTATION_CONTEXT ( 3 ) GLOBAL_UNCERTAINTY_ASSIGNED_CONTEXT ( ( #3461 ) ) GLOBAL_UNIT_ASSIGNED_CONTEXT ( ( #3789, #4540, #3421 ) ) REPRESENTATION_CONTEXT ( 'NONE', 'WORKASPACE' ) );
#3580 = VERTEX_POINT ( 'NONE', #2383 ) ;
#3581 = CARTESIAN_POINT ( 'NONE',  ( -58.00547421655277702, -6.848906220574908055, -2.233905131488131524 ) ) ;
#3582 = EDGE_CURVE ( 'NONE', #471, #715, #2433, .T. ) ;
#3583 = MECHANICAL_DESIGN_GEOMETRIC_PRESENTATION_REPRESENTATION (  '', ( #1161 ), #4 ) ;
#3584 = VECTOR ( 'NONE', #2262, 1000.000000000000114 ) ;
#3585 = CARTESIAN_POINT ( 'NONE',  ( -28.74475356241568846, -7.846435164909332904, -1.046635576840718063 ) ) ;
#3586 = COLOUR_RGB ( '',1.000000000000000000, 0.000000000000000000, 0.000000000000000000 ) ;
#3587 = DIRECTION ( 'NONE',  ( 0.04465022602541352664, -0.7064015703960032644, -0.7064015703960035975 ) ) ;
#3588 = CARTESIAN_POINT ( 'NONE',  ( -104.9937186631698154, -30.00000000000000000, -2.840000000000014513 ) ) ;
#3589 = EDGE_CURVE ( 'NONE', #4060, #3331, #2461, .T. ) ;
#3590 = PRESENTATION_LAYER_ASSIGNMENT (  '', '', ( #699 ) ) ;
#3591 = VERTEX_POINT ( 'NONE', #4805 ) ;
#3592 = CARTESIAN_POINT ( 'NONE',  ( -29.91421356237311358, -29.49999999999998579, 8.999999999999996447 ) ) ;
#3593 = STYLED_ITEM ( 'NONE', ( #4577 ), #522 ) ;
#3594 = EDGE_CURVE ( 'NONE', #2773, #3949, #4543, .T. ) ;
#3595 = LINE ( 'NONE', #1620, #1152 ) ;
#3596 = CARTESIAN_POINT ( 'NONE',  ( -88.07214035462961021, -18.54618834375106573, -4.470203594521138690 ) ) ;
#3597 = PRESENTATION_STYLE_ASSIGNMENT (( #2002 ) ) ;
#3598 = VECTOR ( 'NONE', #4945, 1000.000000000000000 ) ;
#3599 = VERTEX_POINT ( 'NONE', #1289 ) ;
#3600 = SURFACE_SIDE_STYLE ('',( #2364 ) ) ;
#3601 = VECTOR ( 'NONE', #393, 1000.000000000000114 ) ;
#3602 = ORIENTED_EDGE ( 'NONE', *, *, #1043, .F. ) ;
#3603 =( NAMED_UNIT ( * ) PLANE_ANGLE_UNIT ( ) SI_UNIT ( $, .RADIAN. ) );
#3604 = CARTESIAN_POINT ( 'NONE',  ( -29.20710678118656034, -29.70710678118654968, -0.8958814171211444410 ) ) ;
#3605 = CARTESIAN_POINT ( 'NONE',  ( -88.37914582985263223, -18.99333084627362567, -3.954999757466954424 ) ) ;
#3606 = FILL_AREA_STYLE_COLOUR ( '', #2247 ) ;
#3607 = DIRECTION ( 'NONE',  ( -1.000000000000000000, 0.000000000000000000, 0.000000000000000000 ) ) ;
#3608 = SURFACE_STYLE_USAGE ( .BOTH. , #3937 ) ;
#3609 = CARTESIAN_POINT ( 'NONE',  ( -84.08952239614518476, -0.01423605436936940284, 5.967849577494901858 ) ) ;
#3610 = CARTESIAN_POINT ( 'NONE',  ( -23.99999999999999645, -4.650000000000001243, 8.999999999999996447 ) ) ;
#3611 = LINE ( 'NONE', #5152, #2536 ) ;
#3612 = ORIENTED_EDGE ( 'NONE', *, *, #476, .T. ) ;
#3613 = EDGE_CURVE ( 'NONE', #2719, #3026, #503, .T. ) ;
#3614 = SURFACE_STYLE_FILL_AREA ( #3667 ) ;
#3615 = CARTESIAN_POINT ( 'NONE',  ( -88.18770410670204285, -18.52895096083308601, -4.471269662043559023 ) ) ;
#3616 = CARTESIAN_POINT ( 'NONE',  ( -87.67490837539854454, -18.60345205241675615, -4.329783245531522162 ) ) ;
#3617 = PLANE ( 'NONE',  #2406 ) ;
#3618 = VERTEX_POINT ( 'NONE', #2149 ) ;
#3619 = CARTESIAN_POINT ( 'NONE',  ( -61.72688103377780777, -9.598686133267118947, -3.468876355743578443 ) ) ;
#3620 = DIRECTION ( 'NONE',  ( -0.09688807623778991629, 0.000000000000000000, -0.9952952831612034146 ) ) ;
#3621 = UNCERTAINTY_MEASURE_WITH_UNIT (LENGTH_MEASURE( 1.000000000000000082E-05 ), #1430, 'distance_accuracy_value', 'NONE');
#3622 = CARTESIAN_POINT ( 'NONE',  ( -24.65374831870159866, -12.03225975508373580, -3.214953028578707350 ) ) ;
#3623 = CARTESIAN_POINT ( 'NONE',  ( -30.05315627047889393, -29.49999999999999645, -1.272359730141905843 ) ) ;
#3624 = VECTOR ( 'NONE', #3721, 1000.000000000000000 ) ;
#3625 = B_SPLINE_CURVE_WITH_KNOTS ( 'NONE', 3,
 ( #1835, #2303, #273, #2219 ),
 .UNSPECIFIED., .F., .F.,
 ( 4, 4 ),
 ( 0.000000000000000000, 1.000000000000000000 ),
 .UNSPECIFIED. ) ;
#3626 = CARTESIAN_POINT ( 'NONE',  ( -66.05141823999369421, -25.67536284591853502, -4.478883055520344492 ) ) ;
#3627 = ORIENTED_EDGE ( 'NONE', *, *, #2337, .F. ) ;
#3628 = CARTESIAN_POINT ( 'NONE',  ( -64.15000000000000568, -15.79368600682593282, 8.533716037108698416 ) ) ;
#3629 = CARTESIAN_POINT ( 'NONE',  ( -61.48103483974200145, -8.801032803472637056, -3.330831524943917543 ) ) ;
#3630 =( NAMED_UNIT ( * ) PLANE_ANGLE_UNIT ( ) SI_UNIT ( $, .RADIAN. ) );
#3631 = CARTESIAN_POINT ( 'NONE',  ( -55.79275853498021576, -11.11596629623369914, -1.490122829501249191 ) ) ;
#3632 = SURFACE_STYLE_USAGE ( .BOTH. , #3128 ) ;
#3633 = ORIENTED_EDGE ( 'NONE', *, *, #853, .F. ) ;
#3634 = CARTESIAN_POINT ( 'NONE',  ( -63.89552684790057668, -25.72515774190693350, -4.880434782608703337 ) ) ;
#3635 = SURFACE_STYLE_USAGE ( .BOTH. , #2044 ) ;
#3636 = APPLICATION_PROTOCOL_DEFINITION ( 'draft international standard', 'automotive_design', 1998, #3383 ) ;
#3637 = CARTESIAN_POINT ( 'NONE',  ( -30.36597725600503850, -10.41877552250735306, -1.183068364913739012 ) ) ;
#3638 = ORIENTED_EDGE ( 'NONE', *, *, #445, .F. ) ;
#3639 = PLANE ( 'NONE',  #4674 ) ;
#3640 = CARTESIAN_POINT ( 'NONE',  ( -60.43938478183324747, -12.81467354811508486, -3.204833594191897284 ) ) ;
#3641 = CARTESIAN_POINT ( 'NONE',  ( -70.52609074463846639, -23.80340716404989720, -2.701985702747616624 ) ) ;
#3642 = ADVANCED_FACE ( 'NONE', ( #4523 ), #191, .T. ) ;
#3643 = LINE ( 'NONE', #4835, #4206 ) ;
#3644 = ADVANCED_FACE ( 'NONE', ( #1755 ), #1559, .F. ) ;
#3645 = EDGE_LOOP ( 'NONE', ( #1608, #4967, #1729, #2922, #2695, #181, #1751, #224, #667 ) ) ;
#3646 = CARTESIAN_POINT ( 'NONE',  ( -62.03555895193765224, -10.18813722582570414, -3.933699913242486357 ) ) ;
#3647 = CARTESIAN_POINT ( 'NONE',  ( -22.00000000000002132, -20.19999999999999929, 1.000000000000034195 ) ) ;
#3648 = CARTESIAN_POINT ( 'NONE',  ( -65.81081323375609315, -25.22580322285497800, -5.000000000000009770 ) ) ;
#3649 = CARTESIAN_POINT ( 'NONE',  ( -24.30918384564343171, -9.431811409979372840, -3.365076192528307253 ) ) ;
#3650 = VECTOR ( 'NONE', #1583, 1000.000000000000114 ) ;
#3651 = EDGE_CURVE ( 'NONE', #1278, #2773, #1429, .T. ) ;
#3652 = CARTESIAN_POINT ( 'NONE',  ( -87.86544432192010845, -1.423627065698331196, -4.423830677360240493 ) ) ;
#3653 = CARTESIAN_POINT ( 'NONE',  ( -89.93950248935404090, -18.26499251423499359, 5.073756420237788056 ) ) ;
#3654 =( GEOMETRIC_REPRESENTATION_CONTEXT ( 3 ) GLOBAL_UNCERTAINTY_ASSIGNED_CONTEXT ( ( #3569 ) ) GLOBAL_UNIT_ASSIGNED_CONTEXT ( ( #1132, #2301, #1225 ) ) REPRESENTATION_CONTEXT ( 'NONE', 'WORKASPACE' ) );
#3655 = ORIENTED_EDGE ( 'NONE', *, *, #1971, .F. ) ;
#3656 = FILL_AREA_STYLE_COLOUR ( '', #788 ) ;
#3657 = ADVANCED_FACE ( 'NONE', ( #1697 ), #3450, .T. ) ;
#3658 = MECHANICAL_DESIGN_GEOMETRIC_PRESENTATION_REPRESENTATION (  '', ( #3226 ), #5154 ) ;
#3659 = CARTESIAN_POINT ( 'NONE',  ( -61.75000000000000000, -10.00000000000000000, -3.482014481449722254 ) ) ;
#3660 =( LENGTH_UNIT ( ) NAMED_UNIT ( * ) SI_UNIT ( .MILLI., .METRE. ) );
#3661 = VERTEX_POINT ( 'NONE', #4646 ) ;
#3662 = AXIS2_PLACEMENT_3D ( 'NONE', #3172, #2005, #461 ) ;
#3663 =( GEOMETRIC_REPRESENTATION_CONTEXT ( 3 ) GLOBAL_UNCERTAINTY_ASSIGNED_CONTEXT ( ( #2620 ) ) GLOBAL_UNIT_ASSIGNED_CONTEXT ( ( #4080, #3691, #4224 ) ) REPRESENTATION_CONTEXT ( 'NONE', 'WORKASPACE' ) );
#3664 = FACE_OUTER_BOUND ( 'NONE', #2161, .T. ) ;
#3665 = CARTESIAN_POINT ( 'NONE',  ( -25.06125859835358938, -7.539149217830869887, -3.040506510364902049 ) ) ;
#3666 = ORIENTED_EDGE ( 'NONE', *, *, #5114, .F. ) ;
#3667 = FILL_AREA_STYLE ('',( #2024 ) ) ;
#3668 = CARTESIAN_POINT ( 'NONE',  ( -57.47848468603669403, -12.96127494427860150, -2.045057753448015436 ) ) ;
#3669 =( NAMED_UNIT ( * ) SI_UNIT ( $, .STERADIAN. ) SOLID_ANGLE_UNIT ( ) );
#3670 = AXIS2_PLACEMENT_3D ( 'NONE', #3286, #1332, #99 ) ;
#3671 = CARTESIAN_POINT ( 'NONE',  ( -64.15000000000000568, -4.150000000000000355, 8.476950261936977427 ) ) ;
#3672 = AXIS2_PLACEMENT_3D ( 'NONE', #1037, #4603, #517 ) ;
#3673 = VERTEX_POINT ( 'NONE', #322 ) ;
#3674 = CARTESIAN_POINT ( 'NONE',  ( -61.67401643184249593, -8.490440893822539081, -3.761968942655025128 ) ) ;
#3675 = CARTESIAN_POINT ( 'NONE',  ( -21.50000000000000000, -21.79213303863333095, -4.148702965042110336 ) ) ;
#3676 = CARTESIAN_POINT ( 'NONE',  ( -77.41899999999999693, -0.5000000000000073275, -21.50000000000000711 ) ) ;
#3677 = CARTESIAN_POINT ( 'NONE',  ( -25.21893790842515415, -12.10287895888754583, -2.567919025754437534 ) ) ;
#3678 = COLOUR_RGB ( '',1.000000000000000000, 0.000000000000000000, 0.000000000000000000 ) ;
#3679 = CARTESIAN_POINT ( 'NONE',  ( -29.84974695576507031, -29.45603647491048704, -1.331718252894230181 ) ) ;
#3680 = LINE ( 'NONE', #1277, #5093 ) ;
#3681 = EDGE_CURVE ( 'NONE', #3033, #629, #244, .T. ) ;
#3682 = CIRCLE ( 'NONE', #2176, 2.499999999999998668 ) ;
#3683 = ORIENTED_EDGE ( 'NONE', *, *, #2623, .T. ) ;
#3684 = PRESENTATION_STYLE_ASSIGNMENT (( #1280 ) ) ;
#3685 = B_SPLINE_CURVE_WITH_KNOTS ( 'NONE', 1,
 ( #5080, #3004 ),
 .UNSPECIFIED., .F., .F.,
 ( 2, 2 ),
 ( 0.000000000000000000, 1.000000000000000000 ),
 .UNSPECIFIED. ) ;
#3686 = FILL_AREA_STYLE ('',( #4103 ) ) ;
#3687 = STYLED_ITEM ( 'NONE', ( #2011 ), #1550 ) ;
#3688 = DIRECTION ( 'NONE',  ( 0.000000000000000000, 0.000000000000000000, 1.000000000000000000 ) ) ;
#3689 = PRODUCT_DEFINITION ( 'UNKNOWN', '', #2937, #3953 ) ;
#3690 = ORIENTED_EDGE ( 'NONE', *, *, #2683, .F. ) ;
#3691 =( NAMED_UNIT ( * ) PLANE_ANGLE_UNIT ( ) SI_UNIT ( $, .RADIAN. ) );
#3692 = CARTESIAN_POINT ( 'NONE',  ( -18.35247065561925695, -15.84999999999999964, 8.499999999999994671 ) ) ;
#3693 =( NAMED_UNIT ( * ) PLANE_ANGLE_UNIT ( ) SI_UNIT ( $, .RADIAN. ) );
#3694 = CARTESIAN_POINT ( 'NONE',  ( -27.82398271194820083, -7.364739879207157891, -1.979934363546792309 ) ) ;
#3695 = ORIENTED_EDGE ( 'NONE', *, *, #3219, .F. ) ;
#3696 = LINE ( 'NONE', #1777, #2587 ) ;
#3697 = FACE_OUTER_BOUND ( 'NONE', #2684, .T. ) ;
#3698 = CARTESIAN_POINT ( 'NONE',  ( -87.76582391269464267, -18.59066861013787531, -4.384122820798292963 ) ) ;
#3699 = SURFACE_STYLE_USAGE ( .BOTH. , #2071 ) ;
#3700 = SURFACE_STYLE_USAGE ( .BOTH. , #884 ) ;
#3701 = ORIENTED_EDGE ( 'NONE', *, *, #3260, .F. ) ;
#3702 = CARTESIAN_POINT ( 'NONE',  ( -56.04215283161262562, -8.349318435308530795, -1.567567583062235537 ) ) ;
#3703 = LINE ( 'NONE', #4529, #4079 ) ;
#3704 = CARTESIAN_POINT ( 'NONE',  ( -24.25128446612317390, -10.21292764862573677, -3.390781082829822157 ) ) ;
#3705 = DIRECTION ( 'NONE',  ( -0.000000000000000000, -1.000000000000000000, -0.000000000000000000 ) ) ;
#3706 = UNCERTAINTY_MEASURE_WITH_UNIT (LENGTH_MEASURE( 1.000000000000000082E-05 ), #1353, 'distance_accuracy_value', 'NONE');
#3707 = ORIENTED_EDGE ( 'NONE', *, *, #372, .T. ) ;
#3708 = CARTESIAN_POINT ( 'NONE',  ( -29.98849078301390847, -29.49597756502021184, -1.291115260892139682 ) ) ;
#3709 = CARTESIAN_POINT ( 'NONE',  ( -59.90547339843543284, -7.398364231579506622, -2.504579700146992494 ) ) ;
#3710 = DIRECTION ( 'NONE',  ( -0.000000000000000000, -1.000000000000000000, -0.000000000000000000 ) ) ;
#3711 = ADVANCED_FACE ( 'NONE', ( #3043 ), #2690, .T. ) ;
#3712 = FACE_OUTER_BOUND ( 'NONE', #2953, .T. ) ;
#3713 = EDGE_LOOP ( 'NONE', ( #1807, #3756, #4604, #1998 ) ) ;
#3714 = CARTESIAN_POINT ( 'NONE',  ( -89.93497221669042574, -1.738379715641486190, 5.236312287585160874 ) ) ;
#3715 =( NAMED_UNIT ( * ) SI_UNIT ( $, .STERADIAN. ) SOLID_ANGLE_UNIT ( ) );
#3716 = CARTESIAN_POINT ( 'NONE',  ( -28.45845039478354010, -7.656856109175798508, -1.764833714100479289 ) ) ;
#3717 =( GEOMETRIC_REPRESENTATION_CONTEXT ( 3 ) GLOBAL_UNCERTAINTY_ASSIGNED_CONTEXT ( ( #904 ) ) GLOBAL_UNIT_ASSIGNED_CONTEXT ( ( #1892, #3477, #2328 ) ) REPRESENTATION_CONTEXT ( 'NONE', 'WORKASPACE' ) );
#3718 = ORIENTED_EDGE ( 'NONE', *, *, #610, .F. ) ;
#3719 = B_SPLINE_CURVE_WITH_KNOTS ( 'NONE', 3,
 ( #3433, #4731, #4347, #4298, #1448, #4238 ),
 .UNSPECIFIED., .F., .F.,
 ( 4, 2, 4 ),
 ( 0.000000000000000000, 0.5000000000000000000, 1.000000000000000000 ),
 .UNSPECIFIED. ) ;
#3720 = EDGE_CURVE ( 'NONE', #475, #4221, #1668, .T. ) ;
#3721 = DIRECTION ( 'NONE',  ( 1.000000000000000000, 0.000000000000000000, -8.672384569055758038E-16 ) ) ;
#3722 = ORIENTED_EDGE ( 'NONE', *, *, #1896, .T. ) ;
#3723 = CARTESIAN_POINT ( 'NONE',  ( -58.98698806933011696, -7.219966847072003979, -2.604419383580501179 ) ) ;
#3724 = CARTESIAN_POINT ( 'NONE',  ( -84.10311807994379762, -0.5210868573894099631, 6.448450397545584245 ) ) ;
#3725 = CARTESIAN_POINT ( 'NONE',  ( -50.15691407104610988, -29.49999999999998579, 8.999999999999994671 ) ) ;
#3726 = ORIENTED_EDGE ( 'NONE', *, *, #5036, .T. ) ;
#3727 = CARTESIAN_POINT ( 'NONE',  ( -64.15000000000000568, 0.000000000000000000, 8.533716037108698416 ) ) ;
#3728 = CARTESIAN_POINT ( 'NONE',  ( -57.54963533482950311, -12.34255103771253737, -1.449243215216597269 ) ) ;
#3729 = CARTESIAN_POINT ( 'NONE',  ( -22.53553390593273065, -15.84999999999999964, 1.999999999999995781 ) ) ;
#3730 = SURFACE_STYLE_USAGE ( .BOTH. , #2138 ) ;
#3731 = MECHANICAL_DESIGN_GEOMETRIC_PRESENTATION_REPRESENTATION (  '', ( #170 ), #2148 ) ;
#3732 = VECTOR ( 'NONE', #2094, 1000.000000000000227 ) ;
#3733 = VERTEX_POINT ( 'NONE', #4619 ) ;
#3734 = CARTESIAN_POINT ( 'NONE',  ( -50.10824104009892466, -29.49999999999998579, 8.999999999999994671 ) ) ;
#3735 = EDGE_CURVE ( 'NONE', #1453, #32, #3103, .T. ) ;
#3736 = DIRECTION ( 'NONE',  ( -1.000000000000000000, 0.000000000000000000, 0.000000000000000000 ) ) ;
#3737 = DIRECTION ( 'NONE',  ( -0.7071067811865475727, 0.000000000000000000, -0.7071067811865475727 ) ) ;
#3738 = AXIS2_PLACEMENT_3D ( 'NONE', #3044, #2995, #1923 ) ;
#3739 = PRESENTATION_LAYER_ASSIGNMENT (  '', '', ( #2319 ) ) ;
#3740 = CARTESIAN_POINT ( 'NONE',  ( -61.75000000000000000, -10.00000000000000000, -3.482014481449722254 ) ) ;
#3741 = CARTESIAN_POINT ( 'NONE',  ( -27.32492657460027985, -6.747236449182164364, -2.156166330644025297 ) ) ;
#3742 =( GEOMETRIC_REPRESENTATION_CONTEXT ( 3 ) GLOBAL_UNCERTAINTY_ASSIGNED_CONTEXT ( ( #386 ) ) GLOBAL_UNIT_ASSIGNED_CONTEXT ( ( #4198, #1455, #1398 ) ) REPRESENTATION_CONTEXT ( 'NONE', 'WORKASPACE' ) );
#3743 = ORIENTED_EDGE ( 'NONE', *, *, #1624, .T. ) ;
#3744 = CARTESIAN_POINT ( 'NONE',  ( -90.00298652705683367, -18.24640927016621461, 5.060945593209936533 ) ) ;
#3745 =( GEOMETRIC_REPRESENTATION_CONTEXT ( 3 ) GLOBAL_UNCERTAINTY_ASSIGNED_CONTEXT ( ( #1478 ) ) GLOBAL_UNIT_ASSIGNED_CONTEXT ( ( #1214, #4427, #3195 ) ) REPRESENTATION_CONTEXT ( 'NONE', 'WORKASPACE' ) );
#3746 = EDGE_CURVE ( 'NONE', #5155, #1965, #3408, .T. ) ;
#3747 = CARTESIAN_POINT ( 'NONE',  ( -90.07436813144390442, -1.778874056135093751, 5.197515341528046839 ) ) ;
#3748 = B_SPLINE_CURVE_WITH_KNOTS ( 'NONE', 1,
 ( #1638, #3714 ),
 .UNSPECIFIED., .F., .F.,
 ( 2, 2 ),
 ( 0.000000000000000000, 1.000000000000000000 ),
 .UNSPECIFIED. ) ;
#3749 = COLOUR_RGB ( '',1.000000000000000000, 0.000000000000000000, 0.000000000000000000 ) ;
#3750 = PRESENTATION_LAYER_ASSIGNMENT (  '', '', ( #4984 ) ) ;
#3751 = SURFACE_SIDE_STYLE ('',( #642 ) ) ;
#3752 = EDGE_CURVE ( 'NONE', #1169, #4026, #2666, .T. ) ;
#3753 = MECHANICAL_DESIGN_GEOMETRIC_PRESENTATION_REPRESENTATION (  '', ( #1245 ), #4164 ) ;
#3754 = CARTESIAN_POINT ( 'NONE',  ( -61.30958533334914762, -8.493321675760064693, -3.591877629612357126 ) ) ;
#3755 = MECHANICAL_DESIGN_GEOMETRIC_PRESENTATION_REPRESENTATION (  '', ( #699 ), #370 ) ;
#3756 = ORIENTED_EDGE ( 'NONE', *, *, #3589, .T. ) ;
#3757 = CARTESIAN_POINT ( 'NONE',  ( -29.75121834867191239, -29.98716050474807915, -0.8157073896773092692 ) ) ;
#3758 = VECTOR ( 'NONE', #4379, 1000.000000000000000 ) ;
#3759 =( LENGTH_UNIT ( ) NAMED_UNIT ( * ) SI_UNIT ( .MILLI., .METRE. ) );
#3760 = AXIS2_PLACEMENT_3D ( 'NONE', #4510, #948, #4123 ) ;
#3761 = PRESENTATION_STYLE_ASSIGNMENT (( #3632 ) ) ;
#3762 = ORIENTED_EDGE ( 'NONE', *, *, #1111, .F. ) ;
#3763 = CARTESIAN_POINT ( 'NONE',  ( -50.50575019067045446, -28.99999999999999645, 4.916535884082765762 ) ) ;
#3764 = CARTESIAN_POINT ( 'NONE',  ( -60.38314267992193862, -12.38330962412323544, -2.744508689766925080 ) ) ;
#3765 = CARTESIAN_POINT ( 'NONE',  ( -22.00000000000002132, -20.19999999999999929, 1.999999999999994005 ) ) ;
#3766 =( LENGTH_UNIT ( ) NAMED_UNIT ( * ) SI_UNIT ( .MILLI., .METRE. ) );
#3767 = PRESENTATION_LAYER_ASSIGNMENT (  '', '', ( #2910 ) ) ;
#3768 = CARTESIAN_POINT ( 'NONE',  ( -24.66244581520905399, -8.537262599138374597, -3.210177037869275551 ) ) ;
#3769 = ORIENTED_EDGE ( 'NONE', *, *, #390, .F. ) ;
#3770 = COLOUR_RGB ( '',1.000000000000000000, 0.000000000000000000, 0.000000000000000000 ) ;
#3771 = CARTESIAN_POINT ( 'NONE',  ( -89.97154441708273964, -18.25554316414998013, 5.069696623301065408 ) ) ;
#3772 = CARTESIAN_POINT ( 'NONE',  ( -50.15691407104610988, -30.00000000000000000, 8.499999999999992895 ) ) ;
#3773 = FILL_AREA_STYLE_COLOUR ( '', #4408 ) ;
#3774 = DIRECTION ( 'NONE',  ( -0.000000000000000000, -1.000000000000000000, -0.000000000000000000 ) ) ;
#3775 = ADVANCED_FACE ( 'NONE', ( #4598 ), #2020, .T. ) ;
#3776 = B_SPLINE_CURVE_WITH_KNOTS ( 'NONE', 3,
 ( #623, #122, #4584, #1737 ),
 .UNSPECIFIED., .F., .F.,
 ( 4, 4 ),
 ( 0.000000000000000000, 1.000000000000000000 ),
 .UNSPECIFIED. ) ;
#3777 = ORIENTED_EDGE ( 'NONE', *, *, #3219, .T. ) ;
#3778 = CARTESIAN_POINT ( 'NONE',  ( -57.65244079331716165, -7.596010949145513891, -1.490929748852481751 ) ) ;
#3779 = DIRECTION ( 'NONE',  ( 0.9920412960753397513, 0.000000000000000000, 0.1259129337326394538 ) ) ;
#3780 = DIRECTION ( 'NONE',  ( -0.9920412960753397513, 0.000000000000000000, -0.1259129337326394538 ) ) ;
#3781 = EDGE_LOOP ( 'NONE', ( #4380, #1936, #441, #2584, #115 ) ) ;
#3782 = FILL_AREA_STYLE ('',( #4922 ) ) ;
#3783 = CARTESIAN_POINT ( 'NONE',  ( -56.25000000000002842, -10.17762978514854311, -0.9543786816630811520 ) ) ;
#3784 = ADVANCED_FACE ( 'NONE', ( #4758 ), #1596, .T. ) ;
#3785 =( NAMED_UNIT ( * ) PLANE_ANGLE_UNIT ( ) SI_UNIT ( $, .RADIAN. ) );
#3786 = CARTESIAN_POINT ( 'NONE',  ( -64.36969411118725759, -30.00000000000000000, -5.000000000000011546 ) ) ;
#3787 = ORIENTED_EDGE ( 'NONE', *, *, #1659, .T. ) ;
#3788 = CARTESIAN_POINT ( 'NONE',  ( -60.57063809966786039, -12.26825797227273185, -3.261387864954643945 ) ) ;
#3789 =( LENGTH_UNIT ( ) NAMED_UNIT ( * ) SI_UNIT ( .MILLI., .METRE. ) );
#3790 = CARTESIAN_POINT ( 'NONE',  ( -66.36358403214866541, -25.14085549570262401, -4.833333333333341919 ) ) ;
#3791 = FILL_AREA_STYLE ('',( #4261 ) ) ;
#3792 =( GEOMETRIC_REPRESENTATION_CONTEXT ( 3 ) GLOBAL_UNCERTAINTY_ASSIGNED_CONTEXT ( ( #1779 ) ) GLOBAL_UNIT_ASSIGNED_CONTEXT ( ( #5018, #4162, #2637 ) ) REPRESENTATION_CONTEXT ( 'NONE', 'WORKASPACE' ) );
#3793 = ORIENTED_EDGE ( 'NONE', *, *, #4573, .T. ) ;
#3794 = FACE_OUTER_BOUND ( 'NONE', #154, .T. ) ;
#3795 = DIRECTION ( 'NONE',  ( -0.8847462923946362023, -0.2527938945223109912, -0.3915600145395180531 ) ) ;
#3796 = DIRECTION ( 'NONE',  ( -0.1259129337326394538, 0.000000000000000000, 0.9920412960753397513 ) ) ;
#3797 = CARTESIAN_POINT ( 'NONE',  ( -26.13128567793894774, -12.63211809131762919, -2.128027115664583580 ) ) ;
#3798 = AXIS2_PLACEMENT_3D ( 'NONE', #2351, #1223, #2325 ) ;
#3799 = FILL_AREA_STYLE ('',( #2828 ) ) ;
#3800 = CARTESIAN_POINT ( 'NONE',  ( -64.43035888646184617, -26.15945331574321742, -4.480969701564215590 ) ) ;
#3801 = CARTESIAN_POINT ( 'NONE',  ( -103.2276935266996958, -14.57516059535677222, -4.486079708078228201 ) ) ;
#3802 = EDGE_LOOP ( 'NONE', ( #1554, #2455, #2146, #2984 ) ) ;
#3803 = DIRECTION ( 'NONE',  ( 0.000000000000000000, 0.000000000000000000, -1.000000000000000000 ) ) ;
#3804 = EDGE_CURVE ( 'NONE', #5109, #2338, #4223, .T. ) ;
#3805 = ORIENTED_EDGE ( 'NONE', *, *, #4531, .F. ) ;
#3806 = CARTESIAN_POINT ( 'NONE',  ( -88.28459187040625977, -18.51441770366304240, -4.466567690969307058 ) ) ;
#3807 = EDGE_CURVE ( 'NONE', #2213, #3213, #4965, .T. ) ;
#3808 = PLANE ( 'NONE',  #4567 ) ;
#3809 = CARTESIAN_POINT ( 'NONE',  ( -29.74999999999999645, -10.00000000000000000, -17.00000000000000000 ) ) ;
#3810 = SURFACE_SIDE_STYLE ('',( #2601 ) ) ;
#3811 = ADVANCED_FACE ( 'NONE', ( #3131 ), #4723, .F. ) ;
#3812 = ORIENTED_EDGE ( 'NONE', *, *, #3057, .F. ) ;
#3813 = ADVANCED_FACE ( 'NONE', ( #3664 ), #3129, .F. ) ;
#3814 = DIRECTION ( 'NONE',  ( 0.09688807623778840361, 0.000000000000000000, 0.9952952831612036366 ) ) ;
#3815 = CARTESIAN_POINT ( 'NONE',  ( -58.19380272090658224, -12.63519042391509473, -1.717086756757596255 ) ) ;
#3816 = PLANE ( 'NONE',  #2888 ) ;
#3817 = CARTESIAN_POINT ( 'NONE',  ( -64.35052050758233122, -26.18270698168010924, -4.460837790599444297 ) ) ;
#3818 = PRESENTATION_STYLE_ASSIGNMENT (( #1773 ) ) ;
#3819 = DIRECTION ( 'NONE',  ( 0.000000000000000000, -1.000000000000000000, 0.000000000000000000 ) ) ;
#3820 = MECHANICAL_DESIGN_GEOMETRIC_PRESENTATION_REPRESENTATION (  '', ( #1145 ), #2560 ) ;
#3821 = AXIS2_PLACEMENT_3D ( 'NONE', #4613, #1914, #1026 ) ;
#3822 = ORIENTED_EDGE ( 'NONE', *, *, #3589, .F. ) ;
#3823 = SURFACE_STYLE_USAGE ( .BOTH. , #4699 ) ;
#3824 = MECHANICAL_DESIGN_GEOMETRIC_PRESENTATION_REPRESENTATION (  '', ( #3991 ), #1166 ) ;
#3825 = PLANE ( 'NONE',  #1393 ) ;
#3826 = CARTESIAN_POINT ( 'NONE',  ( -61.66258800399175755, -10.71306403680320152, -3.432552157348062405 ) ) ;
#3827 = CARTESIAN_POINT ( 'NONE',  ( -26.95674580285975352, -13.24938460396885631, -2.290422756394001169 ) ) ;
#3828 = CARTESIAN_POINT ( 'NONE',  ( -23.99999999999999645, -4.650000000000001243, 8.999999999999996447 ) ) ;
#3829 = SURFACE_STYLE_USAGE ( .BOTH. , #1010 ) ;
#3830 = PRESENTATION_LAYER_ASSIGNMENT (  '', '', ( #5076 ) ) ;
#3831 = CARTESIAN_POINT ( 'NONE',  ( -21.49999999999999645, -30.00000000000000000, -0.5000000000000038858 ) ) ;
#3832 = ORIENTED_EDGE ( 'NONE', *, *, #196, .T. ) ;
#3833 = CARTESIAN_POINT ( 'NONE',  ( -86.39099567690321635, -19.55804467468392716, -2.959861396211762141 ) ) ;
#3834 = CARTESIAN_POINT ( 'NONE',  ( -56.24999999999999289, -10.00000000000000000, -17.00000000000000000 ) ) ;
#3835 = MECHANICAL_DESIGN_GEOMETRIC_PRESENTATION_REPRESENTATION (  '', ( #4984 ), #2569 ) ;
#3836 = DIRECTION ( 'NONE',  ( 0.000000000000000000, 0.000000000000000000, -1.000000000000000000 ) ) ;
#3837 = VECTOR ( 'NONE', #3795, 1000.000000000000114 ) ;
#3838 = ORIENTED_EDGE ( 'NONE', *, *, #4596, .T. ) ;
#3839 = CARTESIAN_POINT ( 'NONE',  ( -29.23675271578461121, -7.500782597970455434, -1.516627151870624468 ) ) ;
#3840 = CARTESIAN_POINT ( 'NONE',  ( -64.36969411118725759, -0.5000000000000073275, -5.000000000000012434 ) ) ;
#3841 = VECTOR ( 'NONE', #126, 1000.000000000000000 ) ;
#3842 = DIRECTION ( 'NONE',  ( 0.000000000000000000, 1.000000000000000000, 0.000000000000000000 ) ) ;
#3843 = CARTESIAN_POINT ( 'NONE',  ( -56.85184174787775646, -28.32773330813643042, -1.227087500711162127 ) ) ;
#3844 = EDGE_CURVE ( 'NONE', #121, #1396, #1306, .T. ) ;
#3845 = CARTESIAN_POINT ( 'NONE',  ( -29.47836868087452444, -11.20444739663720135, -0.7877075095879528810 ) ) ;
#3846 = AXIS2_PLACEMENT_3D ( 'NONE', #3456, #2224, #2638 ) ;
#3847 = ORIENTED_EDGE ( 'NONE', *, *, #2432, .T. ) ;
#3848 = CARTESIAN_POINT ( 'NONE',  ( -57.87701017273229098, -13.11431595713789733, -2.187228660405042380 ) ) ;
#3849 = FILL_AREA_STYLE ('',( #2989 ) ) ;
#3850 = SURFACE_SIDE_STYLE ('',( #4227 ) ) ;
#3851 = ORIENTED_EDGE ( 'NONE', *, *, #5021, .T. ) ;
#3852 = CARTESIAN_POINT ( 'NONE',  ( -21.49999999999999289, 0.000000000000000000, -4.166259335390176233 ) ) ;
#3853 = VECTOR ( 'NONE', #3022, 1000.000000000000000 ) ;
#3854 = FILL_AREA_STYLE_COLOUR ( '', #676 ) ;
#3855 = CARTESIAN_POINT ( 'NONE',  ( -29.70348808198004420, -29.35355339059327306, -1.375047555394533161 ) ) ;
#3856 = CARTESIAN_POINT ( 'NONE',  ( -29.49965263936222826, -11.16216524687243705, -1.432480463783532665 ) ) ;
#3857 = LINE ( 'NONE', #1089, #3258 ) ;
#3858 = FACE_OUTER_BOUND ( 'NONE', #3192, .T. ) ;
#3859 = STYLED_ITEM ( 'NONE', ( #4284 ), #1444 ) ;
#3860 = CARTESIAN_POINT ( 'NONE',  ( -26.95258680150562469, -13.24917356136643320, -2.291954047948545625 ) ) ;
#3861 = ORIENTED_EDGE ( 'NONE', *, *, #1246, .T. ) ;
#3862 = CARTESIAN_POINT ( 'NONE',  ( -29.70348808198004420, -29.35355339059327306, -1.375047555394533161 ) ) ;
#3863 = DIRECTION ( 'NONE',  ( 0.1914084154826092843, -0.9772320551171538305, 0.09154413653501226877 ) ) ;
#3864 = FACE_OUTER_BOUND ( 'NONE', #2436, .T. ) ;
#3865 = VERTEX_POINT ( 'NONE', #2861 ) ;
#3866 = CARTESIAN_POINT ( 'NONE',  ( -21.82802967625238466, -30.00000000000000000, -4.559189662995767556 ) ) ;
#3867 = FACE_OUTER_BOUND ( 'NONE', #1602, .T. ) ;
#3868 = DIRECTION ( 'NONE',  ( 1.387778780781445676E-14, 0.000000000000000000, -1.000000000000000000 ) ) ;
#3869 = VERTEX_POINT ( 'NONE', #2063 ) ;
#3870 = DIRECTION ( 'NONE',  ( 0.000000000000000000, 0.000000000000000000, 1.000000000000000000 ) ) ;
#3871 = B_SPLINE_CURVE_WITH_KNOTS ( 'NONE', 3,
 ( #701, #3435, #1119, #4214 ),
 .UNSPECIFIED., .F., .F.,
 ( 4, 4 ),
 ( 0.000000000000000000, 1.000000000000000000 ),
 .UNSPECIFIED. ) ;
#3872 = CARTESIAN_POINT ( 'NONE',  ( -56.59730352760850991, -11.35316721554639940, -1.742471013233093613 ) ) ;
#3873 = ADVANCED_FACE ( 'NONE', ( #928 ), #2909, .T. ) ;
#3874 = CARTESIAN_POINT ( 'NONE',  ( -88.37914582985263223, -1.006669153726374777, -3.954999757466923338 ) ) ;
#3875 = ADVANCED_FACE ( 'NONE', ( #2957 ), #4564, .F. ) ;
#3876 = CARTESIAN_POINT ( 'NONE',  ( -24.78537425874711886, -8.360832537341472914, -2.787612281797944291 ) ) ;
#3877 = DIRECTION ( 'NONE',  ( -5.795414670865141223E-17, -0.7042760916722540232, 0.7099261839789083872 ) ) ;
#3878 = VECTOR ( 'NONE', #1687, 1000.000000000000000 ) ;
#3879 = B_SPLINE_SURFACE_WITH_KNOTS ( 'NONE', 1, 3, ( 
 ( #4750, #3381, #230, #3708, #174, #1397, #1764, #2876, #4121, #4506, #2111, #4942, #4477, #1684, #946, #4968, #2900, #4892 ),
 ( #595, #3332, #918, #1350, #3757, #2923, #2134, #2947, #2185, #3355, #148, #4169, #4100, #2980, #3304, #2572, #2502, #551 ) ),
 .UNSPECIFIED., .F., .F., .F.,
 ( 2, 2 ),
 ( 4, 2, 2, 2, 2, 2, 2, 2, 4 ),
 ( 0.000000000000000000, 1.000000000000000000 ),
 ( 0.000000000000000000, 5.048138895140870554E-05, 0.0001009627779028174111, 0.0001514441668542261098, 0.0002019255558056348222, 0.0002524069447570435345, 0.0003028883337084522197, 0.0003533697226598609591, 0.0004038511116112696443 ),
 .UNSPECIFIED. ) ;
#3880 = PRESENTATION_STYLE_ASSIGNMENT (( #243 ) ) ;
#3881 =( NAMED_UNIT ( * ) PLANE_ANGLE_UNIT ( ) SI_UNIT ( $, .RADIAN. ) );
#3882 = CYLINDRICAL_SURFACE ( 'NONE', #234, 2.750000000000002665 ) ;
#3883 = CARTESIAN_POINT ( 'NONE',  ( -28.33553406497079052, -12.41587015856285880, -1.805685778475688119 ) ) ;
#3884 = LINE ( 'NONE', #1472, #937 ) ;
#3885 = CIRCLE ( 'NONE', #732, 0.5000000000000012212 ) ;
#3886 = CARTESIAN_POINT ( 'NONE',  ( -55.72512289495194437, -10.90773342164150783, -1.469438058660699431 ) ) ;
#3887 = CARTESIAN_POINT ( 'NONE',  ( -24.24999999999999645, -10.00000000000000000, 2.000000000000000000 ) ) ;
#3888 = ORIENTED_EDGE ( 'NONE', *, *, #3159, .F. ) ;
#3889 = EDGE_CURVE ( 'NONE', #4974, #4954, #1566, .T. ) ;
#3890 = AXIS2_PLACEMENT_3D ( 'NONE', #3907, #5074, #5130 ) ;
#3891 = DIRECTION ( 'NONE',  ( -1.000000000000000000, 0.000000000000000000, 0.000000000000000000 ) ) ;
#3892 =( NAMED_UNIT ( * ) SI_UNIT ( $, .STERADIAN. ) SOLID_ANGLE_UNIT ( ) );
#3893 = UNCERTAINTY_MEASURE_WITH_UNIT (LENGTH_MEASURE( 1.000000000000000082E-05 ), #3365, 'distance_accuracy_value', 'NONE');
#3894 = VERTEX_POINT ( 'NONE', #291 ) ;
#3895 = CARTESIAN_POINT ( 'NONE',  ( -26.31163712604833194, -6.861378275642274538, -2.534510768185224361 ) ) ;
#3896 = CARTESIAN_POINT ( 'NONE',  ( -59.03065714388651486, -27.69967689357201124, -2.001623517516377682 ) ) ;
#3897 = CARTESIAN_POINT ( 'NONE',  ( -26.87939642908065707, -12.75213464489980808, -1.794207743623566609 ) ) ;
#3898 = ORIENTED_EDGE ( 'NONE', *, *, #4880, .F. ) ;
#3899 = CARTESIAN_POINT ( 'NONE',  ( -23.99999999999999289, -15.84999999999999964, 1.999999999999995337 ) ) ;
#3900 =( NAMED_UNIT ( * ) SI_UNIT ( $, .STERADIAN. ) SOLID_ANGLE_UNIT ( ) );
#3901 = CARTESIAN_POINT ( 'NONE',  ( -88.07430408234878882, -0.9176348049726720246, -3.886607534748037551 ) ) ;
#3902 = EDGE_LOOP ( 'NONE', ( #3743, #2674, #3722, #1376, #2464 ) ) ;
#3903 = B_SPLINE_CURVE_WITH_KNOTS ( 'NONE', 3,
 ( #796, #408, #2793, #1976, #4389, #4367 ),
 .UNSPECIFIED., .F., .F.,
 ( 4, 2, 4 ),
 ( 0.009130417585596808938, 0.009397306474234191215, 0.009664195362871571757 ),
 .UNSPECIFIED. ) ;
#3904 = SURFACE_SIDE_STYLE ('',( #4233 ) ) ;
#3905 = DIRECTION ( 'NONE',  ( -0.000000000000000000, -0.000000000000000000, 1.000000000000000000 ) ) ;
#3906 = CARTESIAN_POINT ( 'NONE',  ( -30.04937652507470958, -11.46266163965946561, -1.273365985337149286 ) ) ;
#3907 = CARTESIAN_POINT ( 'NONE',  ( -26.99999999999999645, -10.00000000000000000, 2.000000000000000000 ) ) ;
#3908 = EDGE_CURVE ( 'NONE', #3213, #2308, #1355, .T. ) ;
#3909 = CARTESIAN_POINT ( 'NONE',  ( -29.56924890574392606, -12.17442250410666915, -1.414997460898204995 ) ) ;
#3910 = CIRCLE ( 'NONE', #4887, 1.500000000000001332 ) ;
#3911 = VERTEX_POINT ( 'NONE', #655 ) ;
#3912 = UNCERTAINTY_MEASURE_WITH_UNIT (LENGTH_MEASURE( 1.000000000000000082E-05 ), #35, 'distance_accuracy_value', 'NONE');
#3913 = CIRCLE ( 'NONE', #832, 1.500000000000001332 ) ;
#3914 = CARTESIAN_POINT ( 'NONE',  ( -56.32454161014270255, -9.339033666350355034, -1.652595393569275206 ) ) ;
#3915 = CYLINDRICAL_SURFACE ( 'NONE', #4570, 1.500000000000001332 ) ;
#3916 = FILL_AREA_STYLE ('',( #3489 ) ) ;
#3917 = AXIS2_PLACEMENT_3D ( 'NONE', #1494, #2663, #736 ) ;
#3918 = PRESENTATION_LAYER_ASSIGNMENT (  '', '', ( #3231 ) ) ;
#3919 = STYLED_ITEM ( 'NONE', ( #2267 ), #4184 ) ;
#3920 = STYLED_ITEM ( 'NONE', ( #989 ), #3353 ) ;
#3921 = AXIS2_PLACEMENT_3D ( 'NONE', #3765, #1379, #1053 ) ;
#3922 = VERTEX_POINT ( 'NONE', #3899 ) ;
#3923 = DIRECTION ( 'NONE',  ( -5.772398745160941194E-17, 0.7071067811865470176, 0.7071067811865480168 ) ) ;
#3924 = CARTESIAN_POINT ( 'NONE',  ( -22.00000000000000000, -30.00000000000000000, 8.999999999999996447 ) ) ;
#3925 = FACE_OUTER_BOUND ( 'NONE', #5027, .T. ) ;
#3926 = COLOUR_RGB ( '',1.000000000000000000, 0.000000000000000000, 0.000000000000000000 ) ;
#3927 = PRESENTATION_STYLE_ASSIGNMENT (( #3095 ) ) ;
#3928 = VERTEX_POINT ( 'NONE', #1054 ) ;
#3929 =( NAMED_UNIT ( * ) SI_UNIT ( $, .STERADIAN. ) SOLID_ANGLE_UNIT ( ) );
#3930 =( GEOMETRIC_REPRESENTATION_CONTEXT ( 3 ) GLOBAL_UNCERTAINTY_ASSIGNED_CONTEXT ( ( #2500 ) ) GLOBAL_UNIT_ASSIGNED_CONTEXT ( ( #4899, #2905, #2879 ) ) REPRESENTATION_CONTEXT ( 'NONE', 'WORKASPACE' ) );
#3931 = CARTESIAN_POINT ( 'NONE',  ( -29.41501098878902454, -29.86710107280284987, -0.8650280303767948764 ) ) ;
#3932 = CARTESIAN_POINT ( 'NONE',  ( -29.91421356237311002, -28.99999999999999645, -1.383810360854197513E-14 ) ) ;
#3933 = FILL_AREA_STYLE ('',( #4593 ) ) ;
#3934 = CIRCLE ( 'NONE', #2745, 1.500000000000001332 ) ;
#3935 = CARTESIAN_POINT ( 'NONE',  ( -59.00000000000000000, -10.00000000000000000, -8.000000000000008882 ) ) ;
#3936 =( NAMED_UNIT ( * ) PLANE_ANGLE_UNIT ( ) SI_UNIT ( $, .RADIAN. ) );
#3937 = SURFACE_SIDE_STYLE ('',( #4828 ) ) ;
#3938 = VECTOR ( 'NONE', #4888, 999.9999999999998863 ) ;
#3939 = CARTESIAN_POINT ( 'NONE',  ( -84.99577995029839883, -0.04217371477886137227, -2.381397405584444904 ) ) ;
#3940 = DIRECTION ( 'NONE',  ( 0.000000000000000000, 0.7071067811865481278, 0.7071067811865469066 ) ) ;
#3941 = CARTESIAN_POINT ( 'NONE',  ( -28.78898052847002020, -12.09640306304449275, -1.031145363929622860 ) ) ;
#3942 =( LENGTH_UNIT ( ) NAMED_UNIT ( * ) SI_UNIT ( .MILLI., .METRE. ) );
#3943 = CARTESIAN_POINT ( 'NONE',  ( -104.8477689512001518, -6.000000000000000000, -1.340712723972202536 ) ) ;
#3944 = EDGE_LOOP ( 'NONE', ( #4554, #2430, #886, #616 ) ) ;
#3945 = CARTESIAN_POINT ( 'NONE',  ( -86.06156330003544497, -0.3483519652688759627, -2.796050829669645132 ) ) ;
#3946 = FILL_AREA_STYLE_COLOUR ( '', #3926 ) ;
#3947 = CONICAL_SURFACE ( 'NONE', #5002, 0.4999999999999865663, 0.7853981633974613796 ) ;
#3948 = UNCERTAINTY_MEASURE_WITH_UNIT (LENGTH_MEASURE( 1.000000000000000082E-05 ), #3950, 'distance_accuracy_value', 'NONE');
#3949 = VERTEX_POINT ( 'NONE', #3790 ) ;
#3950 =( LENGTH_UNIT ( ) NAMED_UNIT ( * ) SI_UNIT ( .MILLI., .METRE. ) );
#3951 = UNCERTAINTY_MEASURE_WITH_UNIT (LENGTH_MEASURE( 1.000000000000000082E-05 ), #4829, 'distance_accuracy_value', 'NONE');
#3952 = LINE ( 'NONE', #3117, #3147 ) ;
#3953 = PRODUCT_DEFINITION_CONTEXT ( 'detailed design', #3383, 'design' ) ;
#3954 = CARTESIAN_POINT ( 'NONE',  ( -64.00000000000000000, -4.650000000000002132, 8.999999999999992895 ) ) ;
#3955 = SURFACE_STYLE_FILL_AREA ( #3201 ) ;
#3956 = ORIENTED_EDGE ( 'NONE', *, *, #1791, .T. ) ;
#3957 = FILL_AREA_STYLE_COLOUR ( '', #545 ) ;
#3958 = CARTESIAN_POINT ( 'NONE',  ( -56.03943186496793061, -8.354093348071433667, -1.566715248961034757 ) ) ;
#3959 = DIRECTION ( 'NONE',  ( 0.6124452383905286679, 0.000000000000000000, 0.7905130169534013707 ) ) ;
#3960 = CARTESIAN_POINT ( 'NONE',  ( -50.87087509910018923, -29.49999999999999645, -0.2744857849367653979 ) ) ;
#3961 =( NAMED_UNIT ( * ) SI_UNIT ( $, .STERADIAN. ) SOLID_ANGLE_UNIT ( ) );
#3962 = CARTESIAN_POINT ( 'NONE',  ( -72.31335683429445282, -23.23966492586505694, -2.139991028234566439 ) ) ;
#3963 = SURFACE_STYLE_USAGE ( .BOTH. , #1574 ) ;
#3964 = CARTESIAN_POINT ( 'NONE',  ( -23.99999999999999645, -15.84999999999999964, 8.499999999999994671 ) ) ;
#3965 = CARTESIAN_POINT ( 'NONE',  ( -30.27053503544989965, -9.111991025380046239, -1.210042904742482106 ) ) ;
#3966 = CARTESIAN_POINT ( 'NONE',  ( -56.22856248829643278, -9.842033728634712375, -0.9466184207746548562 ) ) ;
#3967 = MECHANICAL_DESIGN_GEOMETRIC_PRESENTATION_REPRESENTATION (  '', ( #2454 ), #1451 ) ;
#3968 = ORIENTED_EDGE ( 'NONE', *, *, #885, .F. ) ;
#3969 =( NAMED_UNIT ( * ) PLANE_ANGLE_UNIT ( ) SI_UNIT ( $, .RADIAN. ) );
#3970 = FILL_AREA_STYLE ('',( #1647 ) ) ;
#3971 = CARTESIAN_POINT ( 'NONE',  ( -64.15000000000000568, 5.545013348348540205, 1.999999999999992228 ) ) ;
#3972 = EDGE_CURVE ( 'NONE', #671, #2773, #1491, .T. ) ;
#3973 = ORIENTED_EDGE ( 'NONE', *, *, #1579, .F. ) ;
#3974 = CARTESIAN_POINT ( 'NONE',  ( -50.40082051888782644, -29.97079835667872061, 8.513920291921758476 ) ) ;
#3975 = FILL_AREA_STYLE ('',( #1172 ) ) ;
#3976 = PLANE ( 'NONE',  #4755 ) ;
#3977 = EDGE_LOOP ( 'NONE', ( #4859, #5066, #1239, #1354, #1106, #2195 ) ) ;
#3978 = CARTESIAN_POINT ( 'NONE',  ( -57.42499932994961398, -7.064271714207038144, -2.026318721155578650 ) ) ;
#3979 = ADVANCED_FACE ( 'NONE', ( #4672 ), #3556, .F. ) ;
#3980 = SURFACE_STYLE_FILL_AREA ( #1572 ) ;
#3981 = EDGE_CURVE ( 'NONE', #4221, #1942, #2102, .T. ) ;
#3982 = CARTESIAN_POINT ( 'NONE',  ( -78.82113196224739227, -21.22968281672951463, -1.527229398934197624 ) ) ;
#3983 = CARTESIAN_POINT ( 'NONE',  ( -66.23019663051765349, -25.61976863831320372, -4.402746374744928914 ) ) ;
#3984 = ORIENTED_EDGE ( 'NONE', *, *, #4104, .T. ) ;
#3985 =( LENGTH_UNIT ( ) NAMED_UNIT ( * ) SI_UNIT ( .MILLI., .METRE. ) );
#3986 = CARTESIAN_POINT ( 'NONE',  ( -64.00000000000000000, -15.34999999999999964, 8.999999999999992895 ) ) ;
#3987 = CARTESIAN_POINT ( 'NONE',  ( -83.89400266867322387, 0.000000000000000000, 5.970980692451534289 ) ) ;
#3988 = ORIENTED_EDGE ( 'NONE', *, *, #5010, .T. ) ;
#3989 = SURFACE_STYLE_FILL_AREA ( #1654 ) ;
#3990 = FILL_AREA_STYLE_COLOUR ( '', #4901 ) ;
#3991 = STYLED_ITEM ( 'NONE', ( #3558 ), #2924 ) ;
#3992 =( GEOMETRIC_REPRESENTATION_CONTEXT ( 3 ) GLOBAL_UNCERTAINTY_ASSIGNED_CONTEXT ( ( #1902 ) ) GLOBAL_UNIT_ASSIGNED_CONTEXT ( ( #4522, #2517, #560 ) ) REPRESENTATION_CONTEXT ( 'NONE', 'WORKASPACE' ) );
#3993 = UNCERTAINTY_MEASURE_WITH_UNIT (LENGTH_MEASURE( 1.000000000000000082E-05 ), #353, 'distance_accuracy_value', 'NONE');
#3994 =( NAMED_UNIT ( * ) SI_UNIT ( $, .STERADIAN. ) SOLID_ANGLE_UNIT ( ) );
#3995 = SURFACE_STYLE_FILL_AREA ( #3121 ) ;
#3996 = EDGE_LOOP ( 'NONE', ( #1975, #1433, #1959 ) ) ;
#3997 = PLANE ( 'NONE',  #3516 ) ;
#3998 = DIRECTION ( 'NONE',  ( 1.000000000000000000, 0.000000000000000000, 8.163404592832032733E-17 ) ) ;
#3999 = MECHANICAL_DESIGN_GEOMETRIC_PRESENTATION_REPRESENTATION (  '', ( #3920 ), #4078 ) ;
#4000 = CONICAL_SURFACE ( 'NONE', #4742, 45.00000000000000711, 0.7853981633974482790 ) ;
#4001 = PRESENTATION_STYLE_ASSIGNMENT (( #1127 ) ) ;
#4002 = SURFACE_STYLE_FILL_AREA ( #3933 ) ;
#4003 = EDGE_CURVE ( 'NONE', #367, #519, #5153, .T. ) ;
#4004 = CARTESIAN_POINT ( 'NONE',  ( -88.18770437496436898, -1.471049079216155686, -4.471269662070493034 ) ) ;
#4005 = CARTESIAN_POINT ( 'NONE',  ( -70.52609074463846639, -23.80340716404989720, -2.701985702747616624 ) ) ;
#4006 = SURFACE_SIDE_STYLE ('',( #43 ) ) ;
#4007 = DIRECTION ( 'NONE',  ( -0.2894691081115291498, -0.7011246600707656818, 0.6516378184925804007 ) ) ;
#4008 = MECHANICAL_DESIGN_GEOMETRIC_PRESENTATION_REPRESENTATION (  '', ( #1333 ), #4167 ) ;
#4009 = EDGE_LOOP ( 'NONE', ( #3832, #4283 ) ) ;
#4010 = CARTESIAN_POINT ( 'NONE',  ( -90.00298652705683367, -18.24640927016621461, 5.060945593209936533 ) ) ;
#4011 = VECTOR ( 'NONE', #1247, 999.9999999999998863 ) ;
#4012 = CARTESIAN_POINT ( 'NONE',  ( -88.11976185099682368, -19.06958175274845502, -3.913777322381450041 ) ) ;
#4013 = CARTESIAN_POINT ( 'NONE',  ( -88.17917603167185803, -18.53030526256417687, -4.476859693007895658 ) ) ;
#4014 = CARTESIAN_POINT ( 'NONE',  ( -84.67147019778840900, -0.5210868573894342770, -2.861285558542647767 ) ) ;
#4015 = VECTOR ( 'NONE', #1766, 1000.000000000000000 ) ;
#4016 = ORIENTED_EDGE ( 'NONE', *, *, #4881, .T. ) ;
#4017 = CARTESIAN_POINT ( 'NONE',  ( -24.76280111768183545, -7.837308684831811867, -3.167732460647804338 ) ) ;
#4018 = AXIS2_PLACEMENT_3D ( 'NONE', #2553, #182, #1769 ) ;
#4019 = SURFACE_STYLE_FILL_AREA ( #3975 ) ;
#4020 = CARTESIAN_POINT ( 'NONE',  ( -23.98108809488049431, -10.45632539967932750, -3.513407304996962299 ) ) ;
#4021 = ORIENTED_EDGE ( 'NONE', *, *, #2121, .F. ) ;
#4022 = CARTESIAN_POINT ( 'NONE',  ( -29.56334406026783768, -29.93699125909134295, -0.8431813481845743530 ) ) ;
#4023 = CARTESIAN_POINT ( 'NONE',  ( -59.00000000000000000, -10.00000000000000000, -17.00000000000000000 ) ) ;
#4024 =( LENGTH_UNIT ( ) NAMED_UNIT ( * ) SI_UNIT ( .MILLI., .METRE. ) );
#4025 = B_SPLINE_CURVE_WITH_KNOTS ( 'NONE', 3,
 ( #4251, #2575, #4199, #311 ),
 .UNSPECIFIED., .F., .F.,
 ( 4, 4 ),
 ( 0.000000000000000000, 1.000000000000000000 ),
 .UNSPECIFIED. ) ;
#4026 = VERTEX_POINT ( 'NONE', #1985 ) ;
#4027 = EDGE_CURVE ( 'NONE', #4183, #1272, #4778, .T. ) ;
#4028 = CARTESIAN_POINT ( 'NONE',  ( -22.00000000000000000, -13.34999999999999964, 8.999999999999996447 ) ) ;
#4029 = DIRECTION ( 'NONE',  ( -1.000000000000000000, 0.000000000000000000, 0.000000000000000000 ) ) ;
#4030 = B_SPLINE_CURVE_WITH_KNOTS ( 'NONE', 3,
 ( #3623, #515, #4189, #2175, #3199, #1276, #1385, #3373, #2801, #3679, #2055, #845, #641, #2966, #1243, #2591, #2199, #4816 ),
 .UNSPECIFIED., .F., .F.,
 ( 4, 2, 2, 2, 2, 2, 2, 2, 4 ),
 ( 0.000000000000000000, 0.1250000000000000000, 0.2500000000000000000, 0.3750000000000000000, 0.5000000000000000000, 0.6250000000000000000, 0.7500000000000000000, 0.8750000000000000000, 1.000000000000000000 ),
 .UNSPECIFIED. ) ;
#4031 = ORIENTED_EDGE ( 'NONE', *, *, #853, .T. ) ;
#4032 =( LENGTH_UNIT ( ) NAMED_UNIT ( * ) SI_UNIT ( .MILLI., .METRE. ) );
#4033 = ADVANCED_FACE ( 'NONE', ( #2012 ), #1709, .T. ) ;
#4034 = CARTESIAN_POINT ( 'NONE',  ( -21.50000000000000000, -30.00000000000000000, 8.499999999999994671 ) ) ;
#4035 = CARTESIAN_POINT ( 'NONE',  ( -77.88307552744824136, -21.51547383527394786, -1.483452509806431285 ) ) ;
#4036 = CARTESIAN_POINT ( 'NONE',  ( -85.03936896182682403, 2.706168622523816602E-16, -4.280113883175177492 ) ) ;
#4037 = EDGE_CURVE ( 'NONE', #3911, #4532, #3913, .T. ) ;
#4038 = ORIENTED_EDGE ( 'NONE', *, *, #2551, .T. ) ;
#4039 = LINE ( 'NONE', #1170, #3308 ) ;
#4040 = DIRECTION ( 'NONE',  ( 0.000000000000000000, 0.000000000000000000, -1.000000000000000000 ) ) ;
#4041 = FILL_AREA_STYLE_COLOUR ( '', #1571 ) ;
#4042 = CARTESIAN_POINT ( 'NONE',  ( -90.04520773104542286, -2.245142101123736467, 5.680015490656594501 ) ) ;
#4043 = AXIS2_PLACEMENT_3D ( 'NONE', #1036, #2613, #2152 ) ;
#4044 = CARTESIAN_POINT ( 'NONE',  ( -22.00000000000002487, -20.45000000000001350, 8.749999999999982236 ) ) ;
#4045 = EDGE_LOOP ( 'NONE', ( #1475, #3442, #1632, #3038 ) ) ;
#4046 = PRESENTATION_STYLE_ASSIGNMENT (( #520 ) ) ;
#4047 = CARTESIAN_POINT ( 'NONE',  ( -61.48349212425515020, -11.19366188297531295, -3.332200451752215908 ) ) ;
#4048 = CARTESIAN_POINT ( 'NONE',  ( -60.05584214069961746, -7.455591101563720180, -2.579173925371774256 ) ) ;
#4049 = DIRECTION ( 'NONE',  ( 0.000000000000000000, 1.000000000000000000, 0.000000000000000000 ) ) ;
#4050 = FACE_OUTER_BOUND ( 'NONE', #6, .T. ) ;
#4051 = ORIENTED_EDGE ( 'NONE', *, *, #2182, .F. ) ;
#4052 = CARTESIAN_POINT ( 'NONE',  ( -84.67147019778840900, -0.5210868573894342770, -2.861285558542648655 ) ) ;
#4053 = LINE ( 'NONE', #581, #695 ) ;
#4054 = CARTESIAN_POINT ( 'NONE',  ( -29.73169851101708616, -9.638051406019046752, -1.361689774842528511 ) ) ;
#4055 = ORIENTED_EDGE ( 'NONE', *, *, #2427, .F. ) ;
#4056 = CARTESIAN_POINT ( 'NONE',  ( -58.68000783164708167, -13.25351303326020691, -2.486562526725705879 ) ) ;
#4057 = CARTESIAN_POINT ( 'NONE',  ( -80.68188843224520213, -20.66670202984674987, -1.745732142114848617 ) ) ;
#4058 = CARTESIAN_POINT ( 'NONE',  ( -84.52516014207039063, -0.5000000000000073275, -2.805014361191660921 ) ) ;
#4059 = EDGE_CURVE ( 'NONE', #2535, #1619, #1634, .T. ) ;
#4060 = VERTEX_POINT ( 'NONE', #1661 ) ;
#4061 = CARTESIAN_POINT ( 'NONE',  ( -61.32632068971020800, -7.954944883534635913, -3.600514077450859052 ) ) ;
#4062 = PRESENTATION_STYLE_ASSIGNMENT (( #1191 ) ) ;
#4063 = DIRECTION ( 'NONE',  ( -8.163404592832033966E-17, -0.000000000000000000, 1.000000000000000000 ) ) ;
#4064 = CARTESIAN_POINT ( 'NONE',  ( -24.58105105629305598, -11.32397454890137745, -3.245588715262805568 ) ) ;
#4065 = AXIS2_PLACEMENT_3D ( 'NONE', #2724, #3923, #1515 ) ;
#4066 = CARTESIAN_POINT ( 'NONE',  ( -89.93497221669042574, -1.738379715641484857, 5.236312287585160874 ) ) ;
#4067 = PRODUCT_RELATED_PRODUCT_CATEGORY ( 'part', '', ( #2755 ) ) ;
#4068 = COLOUR_RGB ( '',1.000000000000000000, 0.000000000000000000, 0.000000000000000000 ) ;
#4069 = CARTESIAN_POINT ( 'NONE',  ( -89.72901775225885501, -30.00000000000000000, 4.726371347625726749 ) ) ;
#4070 = MECHANICAL_DESIGN_GEOMETRIC_PRESENTATION_REPRESENTATION (  '', ( #3395 ), #4474 ) ;
#4071 = VERTEX_POINT ( 'NONE', #552 ) ;
#4072 = CARTESIAN_POINT ( 'NONE',  ( -42.55799999999999272, -30.00000000000000000, -44.50000000000000711 ) ) ;
#4073 = CARTESIAN_POINT ( 'NONE',  ( -56.90267909404864355, -11.78698068042947966, -1.195300990986182255 ) ) ;
#4074 = CARTESIAN_POINT ( 'NONE',  ( -62.21879520512352002, -26.78747006010002352, -3.368657879765187602 ) ) ;
#4075 = CARTESIAN_POINT ( 'NONE',  ( -29.74999999999999645, -10.00000000000000000, 2.000000000000000000 ) ) ;
#4076 = CARTESIAN_POINT ( 'NONE',  ( -84.00637678465352565, -0.4999893474470578081, 6.460729100409341008 ) ) ;
#4077 = ORIENTED_EDGE ( 'NONE', *, *, #2803, .T. ) ;
#4078 =( GEOMETRIC_REPRESENTATION_CONTEXT ( 3 ) GLOBAL_UNCERTAINTY_ASSIGNED_CONTEXT ( ( #4355 ) ) GLOBAL_UNIT_ASSIGNED_CONTEXT ( ( #2205, #3299, #4140 ) ) REPRESENTATION_CONTEXT ( 'NONE', 'WORKASPACE' ) );
#4079 = VECTOR ( 'NONE', #3780, 1000.000000000000114 ) ;
#4080 =( LENGTH_UNIT ( ) NAMED_UNIT ( * ) SI_UNIT ( .MILLI., .METRE. ) );
#4081 = SURFACE_STYLE_USAGE ( .BOTH. , #4130 ) ;
#4082 = CARTESIAN_POINT ( 'NONE',  ( -27.93690245729863975, -6.836746414289426532, -1.940985598322743755 ) ) ;
#4083 = MECHANICAL_DESIGN_GEOMETRIC_PRESENTATION_REPRESENTATION (  '', ( #4412 ), #846 ) ;
#4084 = PRESENTATION_LAYER_ASSIGNMENT (  '', '', ( #2882 ) ) ;
#4085 = ORIENTED_EDGE ( 'NONE', *, *, #3651, .F. ) ;
#4086 = CARTESIAN_POINT ( 'NONE',  ( -63.87745414729095472, -2.711228564673050734, 7.061228564673043273 ) ) ;
#4087 = CARTESIAN_POINT ( 'NONE',  ( -55.66516904541840915, -9.374276008891587963, -1.451165873919126659 ) ) ;
#4088 = FILL_AREA_STYLE_COLOUR ( '', #3502 ) ;
#4089 = UNCERTAINTY_MEASURE_WITH_UNIT (LENGTH_MEASURE( 1.000000000000000082E-05 ), #70, 'distance_accuracy_value', 'NONE');
#4090 = CARTESIAN_POINT ( 'NONE',  ( -90.09415292612875703, -1.938511770338618323, 5.345283144880969672 ) ) ;
#4091 = VECTOR ( 'NONE', #3705, 1000.000000000000000 ) ;
#4092 = ORIENTED_EDGE ( 'NONE', *, *, #4094, .F. ) ;
#4093 = CARTESIAN_POINT ( 'NONE',  ( -59.69919328413527637, -7.329237345438716744, -2.891945622084449496 ) ) ;
#4094 = EDGE_CURVE ( 'NONE', #2791, #2338, #4845, .T. ) ;
#4095 = CARTESIAN_POINT ( 'NONE',  ( -24.27321757834695148, -10.40709706914031152, -3.381005975093706706 ) ) ;
#4096 = PRESENTATION_LAYER_ASSIGNMENT (  '', '', ( #3254 ) ) ;
#4097 = FILL_AREA_STYLE_COLOUR ( '', #4997 ) ;
#4098 = COLOUR_RGB ( '',1.000000000000000000, 0.000000000000000000, 0.000000000000000000 ) ;
#4099 = ORIENTED_EDGE ( 'NONE', *, *, #4375, .T. ) ;
#4100 = CARTESIAN_POINT ( 'NONE',  ( -29.38691911625654640, -29.85031110116279862, -0.8691811049494063690 ) ) ;
#4101 = DIRECTION ( 'NONE',  ( -1.000000000000000000, 0.000000000000000000, 0.000000000000000000 ) ) ;
#4102 = CARTESIAN_POINT ( 'NONE',  ( -58.63075732128770312, -7.270099033289437074, -1.907609625290354716 ) ) ;
#4103 = FILL_AREA_STYLE_COLOUR ( '', #4787 ) ;
#4104 = EDGE_CURVE ( 'NONE', #1597, #5109, #3305, .T. ) ;
#4105 = ORIENTED_EDGE ( 'NONE', *, *, #1347, .F. ) ;
#4106 = SURFACE_SIDE_STYLE ('',( #3338 ) ) ;
#4107 = CARTESIAN_POINT ( 'NONE',  ( -21.49999999999999645, -20.70000000000002771, -0.5000000000000038858 ) ) ;
#4108 = DIRECTION ( 'NONE',  ( 0.000000000000000000, 1.000000000000000000, 0.000000000000000000 ) ) ;
#4109 = CARTESIAN_POINT ( 'NONE',  ( -25.90918992178610480, -7.443905930637217061, -2.691293522287656170 ) ) ;
#4110 = ORIENTED_EDGE ( 'NONE', *, *, #947, .F. ) ;
#4111 =( LENGTH_UNIT ( ) NAMED_UNIT ( * ) SI_UNIT ( .MILLI., .METRE. ) );
#4112 = DIRECTION ( 'NONE',  ( -0.9533199837684296352, -0.2873478855663452736, 0.09280194614506455386 ) ) ;
#4113 =( NAMED_UNIT ( * ) SI_UNIT ( $, .STERADIAN. ) SOLID_ANGLE_UNIT ( ) );
#4114 = DIRECTION ( 'NONE',  ( 0.000000000000000000, -1.000000000000000000, 0.000000000000000000 ) ) ;
#4115 = EDGE_LOOP ( 'NONE', ( #1707, #5115, #1121, #1888 ) ) ;
#4116 = CARTESIAN_POINT ( 'NONE',  ( -57.24424947928462615, -7.158922031515900564, -1.963556894095566996 ) ) ;
#4117 = PRESENTATION_STYLE_ASSIGNMENT (( #2496 ) ) ;
#4118 = EDGE_CURVE ( 'NONE', #2348, #577, #443, .T. ) ;
#4119 = UNCERTAINTY_MEASURE_WITH_UNIT (LENGTH_MEASURE( 1.000000000000000082E-05 ), #3549, 'distance_accuracy_value', 'NONE');
#4120 = EDGE_LOOP ( 'NONE', ( #1782, #3695, #1405, #1653, #1660 ) ) ;
#4121 = CARTESIAN_POINT ( 'NONE',  ( -29.87964937383179631, -29.46849562954498580, -1.322926608095107204 ) ) ;
#4122 = CARTESIAN_POINT ( 'NONE',  ( -59.44454822922905635, -12.73316967140013922, -2.280131867712762883 ) ) ;
#4123 = DIRECTION ( 'NONE',  ( -1.000000000000000000, 0.000000000000000000, 0.000000000000000000 ) ) ;
#4124 = FILL_AREA_STYLE_COLOUR ( '', #3364 ) ;
#4125 = PRESENTATION_LAYER_ASSIGNMENT (  '', '', ( #318 ) ) ;
#4126 = B_SPLINE_CURVE_WITH_KNOTS ( 'NONE', 1,
 ( #2976, #3725 ),
 .UNSPECIFIED., .F., .F.,
 ( 2, 2 ),
 ( 0.000000000000000000, 1.000000000000000000 ),
 .UNSPECIFIED. ) ;
#4127 = EDGE_CURVE ( 'NONE', #2979, #4142, #3439, .T. ) ;
#4128 = VECTOR ( 'NONE', #2741, 999.9999999999998863 ) ;
#4129 = ORIENTED_EDGE ( 'NONE', *, *, #1157, .F. ) ;
#4130 = SURFACE_SIDE_STYLE ('',( #979 ) ) ;
#4131 = CARTESIAN_POINT ( 'NONE',  ( -29.61624634606678086, -9.132822165529898228, -1.396748935313120166 ) ) ;
#4132 = ADVANCED_FACE ( 'NONE', ( #5025 ), #2981, .T. ) ;
#4133 =( GEOMETRIC_REPRESENTATION_CONTEXT ( 3 ) GLOBAL_UNCERTAINTY_ASSIGNED_CONTEXT ( ( #4958 ) ) GLOBAL_UNIT_ASSIGNED_CONTEXT ( ( #5072, #662, #354 ) ) REPRESENTATION_CONTEXT ( 'NONE', 'WORKASPACE' ) );
#4134 = VERTEX_POINT ( 'NONE', #2236 ) ;
#4135 = CARTESIAN_POINT ( 'NONE',  ( -64.15000000000000568, -15.84999999999999964, 8.533716037108698416 ) ) ;
#4136 =( NAMED_UNIT ( * ) PLANE_ANGLE_UNIT ( ) SI_UNIT ( $, .RADIAN. ) );
#4137 = LINE ( 'NONE', #4549, #4704 ) ;
#4138 = VERTEX_POINT ( 'NONE', #2210 ) ;
#4139 = CARTESIAN_POINT ( 'NONE',  ( -60.88715375865938739, -7.502998562589742626, -3.401712383807914186 ) ) ;
#4140 =( NAMED_UNIT ( * ) SI_UNIT ( $, .STERADIAN. ) SOLID_ANGLE_UNIT ( ) );
#4141 = CARTESIAN_POINT ( 'NONE',  ( -64.15000000000000568, -20.19999999999999929, 1.999999999999992228 ) ) ;
#4142 = VERTEX_POINT ( 'NONE', #2680 ) ;
#4143 = CARTESIAN_POINT ( 'NONE',  ( -58.15604619036703582, -12.62241631946823617, -1.701002672715360875 ) ) ;
#4144 = PLANE ( 'NONE',  #4289 ) ;
#4145 = STYLED_ITEM ( 'NONE', ( #4707 ), #1943 ) ;
#4146 =( GEOMETRIC_REPRESENTATION_CONTEXT ( 3 ) GLOBAL_UNCERTAINTY_ASSIGNED_CONTEXT ( ( #2746 ) ) GLOBAL_UNIT_ASSIGNED_CONTEXT ( ( #1440, #4285, #683 ) ) REPRESENTATION_CONTEXT ( 'NONE', 'WORKASPACE' ) );
#4147 = ORIENTED_EDGE ( 'NONE', *, *, #735, .F. ) ;
#4148 = CARTESIAN_POINT ( 'NONE',  ( -57.29971421552558297, -12.87163209958154297, -1.982744846886510315 ) ) ;
#4149 = ADVANCED_FACE ( 'NONE', ( #3063 ), #3808, .T. ) ;
#4150 = VECTOR ( 'NONE', #4565, 1000.000000000000000 ) ;
#4151 = AXIS2_PLACEMENT_3D ( 'NONE', #857, #1258, #1689 ) ;
#4152 =( NAMED_UNIT ( * ) SI_UNIT ( $, .STERADIAN. ) SOLID_ANGLE_UNIT ( ) );
#4153 = CARTESIAN_POINT ( 'NONE',  ( -26.61128628559971432, -7.271960312921024183, -1.911967834131884203 ) ) ;
#4154 = PRESENTATION_LAYER_ASSIGNMENT (  '', '', ( #1235 ) ) ;
#4155 = ORIENTED_EDGE ( 'NONE', *, *, #3981, .T. ) ;
#4156 = CIRCLE ( 'NONE', #2238, 0.4999999999999988343 ) ;
#4157 =( GEOMETRIC_REPRESENTATION_CONTEXT ( 3 ) GLOBAL_UNCERTAINTY_ASSIGNED_CONTEXT ( ( #3893 ) ) GLOBAL_UNIT_ASSIGNED_CONTEXT ( ( #3365, #213, #1410 ) ) REPRESENTATION_CONTEXT ( 'NONE', 'WORKASPACE' ) );
#4158 = CARTESIAN_POINT ( 'NONE',  ( -60.78060409789865304, -12.58322547591585128, -3.354266441214016847 ) ) ;
#4159 = AXIS2_PLACEMENT_3D ( 'NONE', #226, #3377, #544 ) ;
#4160 = CARTESIAN_POINT ( 'NONE',  ( -64.36969411118725759, 0.000000000000000000, -4.000000000000012434 ) ) ;
#4161 = MECHANICAL_DESIGN_GEOMETRIC_PRESENTATION_REPRESENTATION (  '', ( #5082 ), #1652 ) ;
#4162 =( NAMED_UNIT ( * ) PLANE_ANGLE_UNIT ( ) SI_UNIT ( $, .RADIAN. ) );
#4163 = ORIENTED_EDGE ( 'NONE', *, *, #1003, .F. ) ;
#4164 =( GEOMETRIC_REPRESENTATION_CONTEXT ( 3 ) GLOBAL_UNCERTAINTY_ASSIGNED_CONTEXT ( ( #5110 ) ) GLOBAL_UNIT_ASSIGNED_CONTEXT ( ( #1922, #5070, #1800 ) ) REPRESENTATION_CONTEXT ( 'NONE', 'WORKASPACE' ) );
#4165 = CARTESIAN_POINT ( 'NONE',  ( -60.33509269095134897, -7.589426286028484014, -2.719958817248137706 ) ) ;
#4166 = DIRECTION ( 'NONE',  ( 0.000000000000000000, 1.000000000000000000, 0.000000000000000000 ) ) ;
#4167 =( GEOMETRIC_REPRESENTATION_CONTEXT ( 3 ) GLOBAL_UNCERTAINTY_ASSIGNED_CONTEXT ( ( #2898 ) ) GLOBAL_UNIT_ASSIGNED_CONTEXT ( ( #3660, #528, #2090 ) ) REPRESENTATION_CONTEXT ( 'NONE', 'WORKASPACE' ) );
#4168 = ORIENTED_EDGE ( 'NONE', *, *, #4281, .T. ) ;
#4169 = CARTESIAN_POINT ( 'NONE',  ( -29.41501098878902454, -29.86710107280284987, -0.8650280303767948764 ) ) ;
#4170 = DIRECTION ( 'NONE',  ( 0.000000000000000000, 0.000000000000000000, -1.000000000000000000 ) ) ;
#4171 = CARTESIAN_POINT ( 'NONE',  ( -104.8000000000000114, -6.448305356688186940, -0.8500000000000119682 ) ) ;
#4172 = CARTESIAN_POINT ( 'NONE',  ( -55.74766671721653921, -28.64737842628149878, -0.8813641263607533416 ) ) ;
#4173 =( GEOMETRIC_REPRESENTATION_CONTEXT ( 3 ) GLOBAL_UNCERTAINTY_ASSIGNED_CONTEXT ( ( #2772 ) ) GLOBAL_UNIT_ASSIGNED_CONTEXT ( ( #4230, #3936, #2250 ) ) REPRESENTATION_CONTEXT ( 'NONE', 'WORKASPACE' ) );
#4174 = CARTESIAN_POINT ( 'NONE',  ( -64.36969411118725759, -0.5000000000000073275, -4.000000000000012434 ) ) ;
#4175 = ORIENTED_EDGE ( 'NONE', *, *, #3972, .T. ) ;
#4176 = LINE ( 'NONE', #630, #1270 ) ;
#4177 = B_SPLINE_CURVE_WITH_KNOTS ( 'NONE', 3,
 ( #3740, #3290, #1748, #1640, #3236 ),
 .UNSPECIFIED., .F., .F.,
 ( 4, 1, 4 ),
 ( 0.000000000000000000, 0.0002659338134513658265, 0.0005318676269027316529 ),
 .UNSPECIFIED. ) ;
#4178 = CARTESIAN_POINT ( 'NONE',  ( -57.69898867918434604, -12.43559907222423710, -2.122768830783554161 ) ) ;
#4179 = DIRECTION ( 'NONE',  ( -1.000000000000000000, 0.000000000000000000, 0.000000000000000000 ) ) ;
#4180 = AXIS2_PLACEMENT_3D ( 'NONE', #4160, #3774, #222 ) ;
#4181 = PLANE ( 'NONE',  #3917 ) ;
#4182 = CARTESIAN_POINT ( 'NONE',  ( -28.31757054886573499, -7.579543094779478629, -1.207264954550536951 ) ) ;
#4183 = VERTEX_POINT ( 'NONE', #254 ) ;
#4184 = ADVANCED_FACE ( 'NONE', ( #1817 ), #4250, .T. ) ;
#4185 = DIRECTION ( 'NONE',  ( -0.000000000000000000, 1.000000000000000000, -0.000000000000000000 ) ) ;
#4186 = SURFACE_SIDE_STYLE ('',( #321 ) ) ;
#4187 = SURFACE_SIDE_STYLE ('',( #5105 ) ) ;
#4188 = CARTESIAN_POINT ( 'NONE',  ( -24.30720960825586374, -11.49152681646713070, -3.367077726108114621 ) ) ;
#4189 = CARTESIAN_POINT ( 'NONE',  ( -30.02076537491818442, -29.49919556741714644, -1.281739618788251267 ) ) ;
#4190 =( LENGTH_UNIT ( ) NAMED_UNIT ( * ) SI_UNIT ( .MILLI., .METRE. ) );
#4191 = EDGE_CURVE ( 'NONE', #2886, #1045, #3952, .T. ) ;
#4192 = ORIENTED_EDGE ( 'NONE', *, *, #2025, .F. ) ;
#4193 = DIRECTION ( 'NONE',  ( -0.1922005105507149925, 0.9796093145771651578, -0.05851969358858198633 ) ) ;
#4194 = CARTESIAN_POINT ( 'NONE',  ( -23.99999999999999289, -20.19999999999999929, -0.5000000000000047740 ) ) ;
#4195 = EDGE_CURVE ( 'NONE', #861, #1560, #1586, .T. ) ;
#4196 = ORIENTED_EDGE ( 'NONE', *, *, #268, .F. ) ;
#4197 = CARTESIAN_POINT ( 'NONE',  ( -64.36969411118725759, -25.65610494240483419, -5.000000000000011546 ) ) ;
#4198 =( LENGTH_UNIT ( ) NAMED_UNIT ( * ) SI_UNIT ( .MILLI., .METRE. ) );
#4199 = CARTESIAN_POINT ( 'NONE',  ( -86.71708154673693514, -1.120448652402303846, -3.757611312333511311 ) ) ;
#4200 = DIRECTION ( 'NONE',  ( 0.000000000000000000, 0.000000000000000000, 1.000000000000000000 ) ) ;
#4201 = VERTEX_POINT ( 'NONE', #412 ) ;
#4202 = CARTESIAN_POINT ( 'NONE',  ( -61.11855212404587689, -11.76638380566369513, -3.504950865821068628 ) ) ;
#4203 = DIRECTION ( 'NONE',  ( 0.000000000000000000, 1.000000000000000000, 0.000000000000000000 ) ) ;
#4204 = FACE_OUTER_BOUND ( 'NONE', #535, .T. ) ;
#4205 = CARTESIAN_POINT ( 'NONE',  ( -24.41116947354728950, -9.051800660669412579, -3.319948961866026949 ) ) ;
#4206 = VECTOR ( 'NONE', #1271, 1000.000000000000114 ) ;
#4207 = CARTESIAN_POINT ( 'NONE',  ( -24.60023984151290577, -8.646268739300031925, -2.883631983965904588 ) ) ;
#4208 = CARTESIAN_POINT ( 'NONE',  ( -67.03034188611569277, -25.36542638250808679, -3.871961549545621661 ) ) ;
#4209 = CARTESIAN_POINT ( 'NONE',  ( -29.66012470970073878, -10.72208918110542264, -0.7262719602960507892 ) ) ;
#4210 = CARTESIAN_POINT ( 'NONE',  ( -64.15000000000000568, -15.35000000000000142, 8.980961538461532001 ) ) ;
#4211 = CARTESIAN_POINT ( 'NONE',  ( -64.00000000000000000, -30.00000000000000000, 8.999999999999992895 ) ) ;
#4212 = LINE ( 'NONE', #3278, #1750 ) ;
#4213 = CARTESIAN_POINT ( 'NONE',  ( -83.70931547421275809, -20.32812961486687797, -1.905925142754034018 ) ) ;
#4214 = CARTESIAN_POINT ( 'NONE',  ( -90.13372251549840541, -17.67373305704873943, 5.640818751586841096 ) ) ;
#4215 = LINE ( 'NONE', #2287, #1735 ) ;
#4216 = ADVANCED_FACE ( 'NONE', ( #3497 ), #4689, .F. ) ;
#4217 = EDGE_LOOP ( 'NONE', ( #4687, #4147, #3100, #109, #2552, #653, #977, #3762, #1677, #2607, #2598 ) ) ;
#4218 = DIRECTION ( 'NONE',  ( 0.000000000000000000, 1.000000000000000000, 0.000000000000000000 ) ) ;
#4219 = B_SPLINE_CURVE_WITH_KNOTS ( 'NONE', 3,
 ( #399, #1991, #4308, #1945 ),
 .UNSPECIFIED., .F., .F.,
 ( 4, 4 ),
 ( 0.000000000000000000, 8.672273613933063224E-05 ),
 .UNSPECIFIED. ) ;
#4220 = DIRECTION ( 'NONE',  ( 0.000000000000000000, 0.000000000000000000, -1.000000000000000000 ) ) ;
#4221 = VERTEX_POINT ( 'NONE', #1534 ) ;
#4222 = CARTESIAN_POINT ( 'NONE',  ( -56.46505014003788148, -12.22316297979677202, -1.702561908045538974 ) ) ;
#4223 = CIRCLE ( 'NONE', #2721, 2.499999999999998668 ) ;
#4224 =( NAMED_UNIT ( * ) SI_UNIT ( $, .STERADIAN. ) SOLID_ANGLE_UNIT ( ) );
#4225 = DIRECTION ( 'NONE',  ( 0.000000000000000000, 0.000000000000000000, 1.000000000000000000 ) ) ;
#4226 = SURFACE_SIDE_STYLE ('',( #2628 ) ) ;
#4227 = SURFACE_STYLE_FILL_AREA ( #3791 ) ;
#4228 = MECHANICAL_DESIGN_GEOMETRIC_PRESENTATION_REPRESENTATION (  '', ( #3224 ), #3483 ) ;
#4229 = ORIENTED_EDGE ( 'NONE', *, *, #1129, .F. ) ;
#4230 =( LENGTH_UNIT ( ) NAMED_UNIT ( * ) SI_UNIT ( .MILLI., .METRE. ) );
#4231 = AXIS2_PLACEMENT_3D ( 'NONE', #219, #1863, #2588 ) ;
#4232 = CARTESIAN_POINT ( 'NONE',  ( -81.85220542682604616, -20.86843152897002440, -1.417046717557818081 ) ) ;
#4233 = SURFACE_STYLE_FILL_AREA ( #1502 ) ;
#4234 = PRESENTATION_STYLE_ASSIGNMENT (( #3081 ) ) ;
#4235 = CARTESIAN_POINT ( 'NONE',  ( -29.69682802813459688, -10.53816223080742454, -0.7140167689015416430 ) ) ;
#4236 = LINE ( 'NONE', #694, #3088 ) ;
#4237 = AXIS2_PLACEMENT_3D ( 'NONE', #2467, #4063, #820 ) ;
#4238 = CARTESIAN_POINT ( 'NONE',  ( -65.81081323375609315, -25.22580322285497800, -5.000000000000009770 ) ) ;
#4239 = EDGE_LOOP ( 'NONE', ( #4372, #1847, #333, #4526 ) ) ;
#4240 = CARTESIAN_POINT ( 'NONE',  ( -84.62065853126237869, -20.06501722237803520, -2.215706685463512127 ) ) ;
#4241 = FILL_AREA_STYLE ('',( #4275 ) ) ;
#4242 = STYLED_ITEM ( 'NONE', ( #2698 ), #3548 ) ;
#4243 = STYLED_ITEM ( 'NONE', ( #3436 ), #2708 ) ;
#4244 = DIRECTION ( 'NONE',  ( -4.625929269271483942E-16, 3.486305596842101727E-32, 1.000000000000000000 ) ) ;
#4245 = PRESENTATION_LAYER_ASSIGNMENT (  '', '', ( #1151 ) ) ;
#4246 = UNCERTAINTY_MEASURE_WITH_UNIT (LENGTH_MEASURE( 1.000000000000000082E-05 ), #2510, 'distance_accuracy_value', 'NONE');
#4247 = EDGE_CURVE ( 'NONE', #1582, #2308, #1348, .T. ) ;
#4248 = EDGE_CURVE ( 'NONE', #1063, #2933, #4773, .T. ) ;
#4249 = ORIENTED_EDGE ( 'NONE', *, *, #1193, .F. ) ;
#4250 = PLANE ( 'NONE',  #2647 ) ;
#4251 = CARTESIAN_POINT ( 'NONE',  ( -84.67147019778840900, -0.5210868573894342770, -2.861285558542647767 ) ) ;
#4252 = PRESENTATION_STYLE_ASSIGNMENT (( #4280 ) ) ;
#4253 = CARTESIAN_POINT ( 'NONE',  ( -28.45224899711802991, -12.34139073044797819, -1.156183263533020478 ) ) ;
#4254 = MECHANICAL_DESIGN_GEOMETRIC_PRESENTATION_REPRESENTATION (  '', ( #1417 ), #930 ) ;
#4255 =( BOUNDED_CURVE ( )  B_SPLINE_CURVE ( 3, ( #1065, #1040, #1900, #4657 ),
 .UNSPECIFIED., .F., .T. ) 
 B_SPLINE_CURVE_WITH_KNOTS ( ( 4, 4 ),
 ( 4.712388980384689674, 6.283185307179585344 ),
 .UNSPECIFIED. ) 
 CURVE ( )  GEOMETRIC_REPRESENTATION_ITEM ( )  RATIONAL_B_SPLINE_CURVE ( ( 1.000000000000000000, 0.8047378541243649375, 0.8047378541243649375, 1.000000000000000000 ) ) 
 REPRESENTATION_ITEM ( '' )  );
#4256 = ORIENTED_EDGE ( 'NONE', *, *, #770, .T. ) ;
#4257 = PLANE ( 'NONE',  #1432 ) ;
#4258 = CARTESIAN_POINT ( 'NONE',  ( -60.23033898311277312, -12.46552898996461067, -2.666713617945132064 ) ) ;
#4259 = CARTESIAN_POINT ( 'NONE',  ( -26.99999999999999645, -10.00000000000000000, 2.000000000000000000 ) ) ;
#4260 =( NAMED_UNIT ( * ) PLANE_ANGLE_UNIT ( ) SI_UNIT ( $, .RADIAN. ) );
#4261 = FILL_AREA_STYLE_COLOUR ( '', #649 ) ;
#4262 = AXIS2_PLACEMENT_3D ( 'NONE', #1022, #3465, #1882 ) ;
#4263 = ORIENTED_EDGE ( 'NONE', *, *, #1193, .T. ) ;
#4264 = SURFACE_STYLE_USAGE ( .BOTH. , #763 ) ;
#4265 = CARTESIAN_POINT ( 'NONE',  ( -67.86785610559881832, -25.10156421105931912, -3.397531454028062115 ) ) ;
#4266 = CARTESIAN_POINT ( 'NONE',  ( -90.13372251549840541, -30.00000000000000000, 5.640818751586841096 ) ) ;
#4267 = CARTESIAN_POINT ( 'NONE',  ( -61.43797600750821175, -11.28866634687666526, -3.651006788602912501 ) ) ;
#4268 = SURFACE_SIDE_STYLE ('',( #2669 ) ) ;
#4269 = LINE ( 'NONE', #4210, #25 ) ;
#4270 = CARTESIAN_POINT ( 'NONE',  ( -56.30144975595198531, -9.470541238292879527, -0.9728454947404343578 ) ) ;
#4271 =( GEOMETRIC_REPRESENTATION_CONTEXT ( 3 ) GLOBAL_UNCERTAINTY_ASSIGNED_CONTEXT ( ( #2361 ) ) GLOBAL_UNIT_ASSIGNED_CONTEXT ( ( #1438, #1462, #3501 ) ) REPRESENTATION_CONTEXT ( 'NONE', 'WORKASPACE' ) );
#4272 = CARTESIAN_POINT ( 'NONE',  ( -28.17452390670662155, -13.09473128088424865, -1.860144964320353145 ) ) ;
#4273 = UNCERTAINTY_MEASURE_WITH_UNIT (LENGTH_MEASURE( 1.000000000000000082E-05 ), #3388, 'distance_accuracy_value', 'NONE');
#4274 = CARTESIAN_POINT ( 'NONE',  ( -73.26494658360461187, -23.43253155682225142, -1.418510993696074918 ) ) ;
#4275 = FILL_AREA_STYLE_COLOUR ( '', #2159 ) ;
#4276 = ORIENTED_EDGE ( 'NONE', *, *, #371, .T. ) ;
#4277 = CARTESIAN_POINT ( 'NONE',  ( -30.36573833849675452, -10.41998610196660024, -1.183135866199659381 ) ) ;
#4278 = B_SPLINE_CURVE_WITH_KNOTS ( 'NONE', 1,
 ( #4438, #1262 ),
 .UNSPECIFIED., .F., .F.,
 ( 2, 2 ),
 ( 0.000000000000000000, 1.000000000000000000 ),
 .UNSPECIFIED. ) ;
#4279 = CARTESIAN_POINT ( 'NONE',  ( -66.18952890163463110, -25.63269603006282438, -4.429735321160736206 ) ) ;
#4280 = SURFACE_STYLE_USAGE ( .BOTH. , #4667 ) ;
#4281 = EDGE_CURVE ( 'NONE', #121, #3026, #2007, .T. ) ;
#4282 = CARTESIAN_POINT ( 'NONE',  ( -29.61083267719680023, -10.88122504576713467, -0.7427821755813150961 ) ) ;
#4283 = ORIENTED_EDGE ( 'NONE', *, *, #3889, .T. ) ;
#4284 = PRESENTATION_STYLE_ASSIGNMENT (( #3443 ) ) ;
#4285 =( NAMED_UNIT ( * ) PLANE_ANGLE_UNIT ( ) SI_UNIT ( $, .RADIAN. ) );
#4286 =( NAMED_UNIT ( * ) SI_UNIT ( $, .STERADIAN. ) SOLID_ANGLE_UNIT ( ) );
#4287 = EDGE_CURVE ( 'NONE', #2057, #3069, #1664, .T. ) ;
#4288 = CARTESIAN_POINT ( 'NONE',  ( -26.09304473006717728, -7.398827494746380573, -2.147470179985171868 ) ) ;
#4289 = AXIS2_PLACEMENT_3D ( 'NONE', #923, #599, #2163 ) ;
#4290 = B_SPLINE_SURFACE_WITH_KNOTS ( 'NONE', 1, 3, ( 
 ( #3215, #4013, #3596, #797, #4833, #3140 ),
 ( #29, #1164, #4766, #5134, #863, #1268 ) ),
 .UNSPECIFIED., .F., .F., .F.,
 ( 2, 2 ),
 ( 4, 2, 4 ),
 ( 0.000000000000000000, 1.000000000000000000 ),
 ( 1.570796326794904330, 1.888535360454957068, 2.206274394115009585 ),
 .UNSPECIFIED. ) ;
#4291 = DIRECTION ( 'NONE',  ( 0.9521326466281558876, 0.2807833320455910830, 0.1208476051489584258 ) ) ;
#4292 = FILL_AREA_STYLE_COLOUR ( '', #2479 ) ;
#4293 = CARTESIAN_POINT ( 'NONE',  ( -64.15000000000000568, -14.80400731477188003, 3.037667939139016671 ) ) ;
#4294 = CARTESIAN_POINT ( 'NONE',  ( -30.28020390396450878, -10.85337710248304610, -1.207301882172321372 ) ) ;
#4295 = MECHANICAL_DESIGN_GEOMETRIC_PRESENTATION_REPRESENTATION (  '', ( #1206 ), #1290 ) ;
#4296 = CARTESIAN_POINT ( 'NONE',  ( -56.35274360452614673, -10.76808212609779147, -0.9913207039208578042 ) ) ;
#4297 = COLOUR_RGB ( '',1.000000000000000000, 0.000000000000000000, 0.000000000000000000 ) ;
#4298 = CARTESIAN_POINT ( 'NONE',  ( -66.00602725097026280, -25.19644970332801037, -4.985606694923523818 ) ) ;
#4299 = ORIENTED_EDGE ( 'NONE', *, *, #287, .T. ) ;
#4300 = CARTESIAN_POINT ( 'NONE',  ( -81.85220542682604616, -20.86843152897002440, -1.417046717557818081 ) ) ;
#4301 = EDGE_LOOP ( 'NONE', ( #1984, #938, #2515, #2042 ) ) ;
#4302 = CARTESIAN_POINT ( 'NONE',  ( -27.94055561067960625, -6.837594967207909491, -1.939726349176727593 ) ) ;
#4303 = SURFACE_SIDE_STYLE ('',( #2681 ) ) ;
#4304 = ORIENTED_EDGE ( 'NONE', *, *, #1185, .T. ) ;
#4305 = SURFACE_SIDE_STYLE ('',( #376 ) ) ;
#4306 = CARTESIAN_POINT ( 'NONE',  ( -29.38691911625654640, -29.85031110116279862, -0.8691811049494063690 ) ) ;
#4307 = CARTESIAN_POINT ( 'NONE',  ( -23.99999999999999289, -30.00000000000000000, -0.5000000000000047740 ) ) ;
#4308 = CARTESIAN_POINT ( 'NONE',  ( -21.49999999999999289, -0.03834961201228738459, -4.209524791647704767 ) ) ;
#4309 = PRESENTATION_STYLE_ASSIGNMENT (( #4264 ) ) ;
#4310 = ADVANCED_FACE ( 'NONE', ( #2388 ), #351, .T. ) ;
#4311 = ADVANCED_FACE ( 'NONE', ( #1503 ), #733, .T. ) ;
#4312 = CARTESIAN_POINT ( 'NONE',  ( -59.00000000000000000, -10.00000000000000000, 2.000000000000000000 ) ) ;
#4313 =( NAMED_UNIT ( * ) SI_UNIT ( $, .STERADIAN. ) SOLID_ANGLE_UNIT ( ) );
#4314 = AXIS2_PLACEMENT_3D ( 'NONE', #4072, #4452, #1609 ) ;
#4315 = FILL_AREA_STYLE ('',( #4726 ) ) ;
#4316 = CARTESIAN_POINT ( 'NONE',  ( -28.01944206438933449, -12.56550171598285992, -1.912641656796710610 ) ) ;
#4317 = DIRECTION ( 'NONE',  ( 8.163404592832033966E-17, 0.000000000000000000, -1.000000000000000000 ) ) ;
#4318 = CARTESIAN_POINT ( 'NONE',  ( -30.21705573961243729, -11.05990446332928734, -1.225197261717225761 ) ) ;
#4319 = MECHANICAL_DESIGN_GEOMETRIC_PRESENTATION_REPRESENTATION (  '', ( #4890 ), #1989 ) ;
#4320 = ORIENTED_EDGE ( 'NONE', *, *, #3415, .F. ) ;
#4321 = UNCERTAINTY_MEASURE_WITH_UNIT (LENGTH_MEASURE( 1.000000000000000082E-05 ), #5104, 'distance_accuracy_value', 'NONE');
#4322 = PRESENTATION_LAYER_ASSIGNMENT (  '', '', ( #344 ) ) ;
#4323 =( NAMED_UNIT ( * ) SI_UNIT ( $, .STERADIAN. ) SOLID_ANGLE_UNIT ( ) );
#4324 = CARTESIAN_POINT ( 'NONE',  ( -62.18939639137791175, -10.62470045515076045, -3.452974824908512819 ) ) ;
#4325 = CARTESIAN_POINT ( 'NONE',  ( -42.55799999999999272, -30.00000000000000000, -44.50000000000000711 ) ) ;
#4326 = AXIS2_PLACEMENT_3D ( 'NONE', #4409, #1612, #3554 ) ;
#4327 = PRESENTATION_LAYER_ASSIGNMENT (  '', '', ( #1650 ) ) ;
#4328 = ORIENTED_EDGE ( 'NONE', *, *, #1516, .F. ) ;
#4329 = SURFACE_STYLE_USAGE ( .BOTH. , #82 ) ;
#4330 = CARTESIAN_POINT ( 'NONE',  ( -47.48391509267771937, -30.70134900675516576, -4.378233703376696262 ) ) ;
#4331 = PRESENTATION_STYLE_ASSIGNMENT (( #5140 ) ) ;
#4332 = AXIS2_PLACEMENT_3D ( 'NONE', #1994, #1947, #5149 ) ;
#4333 = EDGE_LOOP ( 'NONE', ( #1334, #3472, #5142, #945, #4698, #4489, #2961, #4669, #4092, #13, #2380, #4962 ) ) ;
#4334 = SURFACE_SIDE_STYLE ('',( #5028 ) ) ;
#4335 = PRESENTATION_LAYER_ASSIGNMENT (  '', '', ( #2410 ) ) ;
#4336 = CARTESIAN_POINT ( 'NONE',  ( -29.20710678118656389, -29.70710678118654613, -0.8958814171211391120 ) ) ;
#4337 = CARTESIAN_POINT ( 'NONE',  ( -104.8000000000000114, -13.48321489910621729, -0.8500000000000119682 ) ) ;
#4338 = PRESENTATION_LAYER_ASSIGNMENT (  '', '', ( #1417 ) ) ;
#4339 = CARTESIAN_POINT ( 'NONE',  ( -29.73239774719028006, -9.642650619187424610, -0.7021418699943628994 ) ) ;
#4340 = CARTESIAN_POINT ( 'NONE',  ( -81.60456822366990082, -20.38951838635919600, -1.920455619004685532 ) ) ;
#4341 =( LENGTH_UNIT ( ) NAMED_UNIT ( * ) SI_UNIT ( .MILLI., .METRE. ) );
#4342 = VECTOR ( 'NONE', #2766, 1000.000000000000000 ) ;
#4343 =( LENGTH_UNIT ( ) NAMED_UNIT ( * ) SI_UNIT ( .MILLI., .METRE. ) );
#4344 = EDGE_CURVE ( 'NONE', #32, #636, #3611, .T. ) ;
#4345 = ORIENTED_EDGE ( 'NONE', *, *, #251, .F. ) ;
#4346 = STYLED_ITEM ( 'NONE', ( #1377 ), #1400 ) ;
#4347 = CARTESIAN_POINT ( 'NONE',  ( -66.19294948573151771, -25.16772420074470062, -4.929247520589181697 ) ) ;
#4348 = SURFACE_STYLE_FILL_AREA ( #2818 ) ;
#4349 = PRESENTATION_STYLE_ASSIGNMENT (( #882 ) ) ;
#4350 = PRESENTATION_LAYER_ASSIGNMENT (  '', '', ( #3687 ) ) ;
#4351 = EDGE_LOOP ( 'NONE', ( #4031, #4440, #2010, #1449, #4476 ) ) ;
#4352 = CARTESIAN_POINT ( 'NONE',  ( -61.75185567438695955, -10.16791225622072226, -3.797482241851146689 ) ) ;
#4353 = CARTESIAN_POINT ( 'NONE',  ( -50.44426515177564596, -29.95782628522114877, 8.513920291921751371 ) ) ;
#4354 = PRESENTATION_STYLE_ASSIGNMENT (( #3145 ) ) ;
#4355 = UNCERTAINTY_MEASURE_WITH_UNIT (LENGTH_MEASURE( 1.000000000000000082E-05 ), #2205, 'distance_accuracy_value', 'NONE');
#4356 = EDGE_CURVE ( 'NONE', #3361, #2217, #2740, .T. ) ;
#4357 = CARTESIAN_POINT ( 'NONE',  ( -66.28224857438257800, -25.15378288745224467, -4.887311226164984923 ) ) ;
#4358 = CARTESIAN_POINT ( 'NONE',  ( -24.26688133351812482, -10.35178971197416864, -3.060150627436234672 ) ) ;
#4359 = ORIENTED_EDGE ( 'NONE', *, *, #2859, .F. ) ;
#4360 = FILL_AREA_STYLE ('',( #3656 ) ) ;
#4361 = CARTESIAN_POINT ( 'NONE',  ( -55.77120846434426227, -8.945808738264217297, -1.483506666448840772 ) ) ;
#4362 = SURFACE_STYLE_USAGE ( .BOTH. , #3209 ) ;
#4363 = SURFACE_STYLE_FILL_AREA ( #4722 ) ;
#4364 = CARTESIAN_POINT ( 'NONE',  ( -29.75085526799954039, -10.15839385207813805, -1.355905899132000991 ) ) ;
#4365 = ORIENTED_EDGE ( 'NONE', *, *, #1105, .T. ) ;
#4366 = CARTESIAN_POINT ( 'NONE',  ( -64.13261047954392780, 0.000000000000000000, -4.440217391304353001 ) ) ;
#4367 = CARTESIAN_POINT ( 'NONE',  ( -56.30144975595198531, -9.470541238292881303, -0.9728454947404479025 ) ) ;
#4368 = CARTESIAN_POINT ( 'NONE',  ( -88.11414027369896473, -1.460066766010760242, -4.471252119802304748 ) ) ;
#4369 = CARTESIAN_POINT ( 'NONE',  ( -50.44426515177564596, -29.95782628522114877, 8.513920291921751371 ) ) ;
#4370 = B_SPLINE_CURVE_WITH_KNOTS ( 'NONE', 3,
 ( #458, #816, #2382, #3615 ),
 .UNSPECIFIED., .F., .F.,
 ( 4, 4 ),
 ( 0.000000000000000000, 0.1527058783471290926 ),
 .UNSPECIFIED. ) ;
#4371 = MECHANICAL_DESIGN_GEOMETRIC_PRESENTATION_REPRESENTATION (  '', ( #1366 ), #2125 ) ;
#4372 = ORIENTED_EDGE ( 'NONE', *, *, #3348, .F. ) ;
#4373 = CARTESIAN_POINT ( 'NONE',  ( -62.00658222598194413, -9.525719975949661134, -3.919767824523594513 ) ) ;
#4374 =( LENGTH_UNIT ( ) NAMED_UNIT ( * ) SI_UNIT ( .MILLI., .METRE. ) );
#4375 = EDGE_CURVE ( 'NONE', #1131, #1189, #1423, .T. ) ;
#4376 = DIRECTION ( 'NONE',  ( 0.000000000000000000, 1.000000000000000000, 0.000000000000000000 ) ) ;
#4377 = MECHANICAL_DESIGN_GEOMETRIC_PRESENTATION_REPRESENTATION (  '', ( #3118 ), #3717 ) ;
#4378 = CARTESIAN_POINT ( 'NONE',  ( -50.15691407104610988, -29.49999999999998579, 8.999999999999994671 ) ) ;
#4379 = DIRECTION ( 'NONE',  ( 0.000000000000000000, -1.000000000000000000, 0.000000000000000000 ) ) ;
#4380 = ORIENTED_EDGE ( 'NONE', *, *, #3449, .F. ) ;
#4381 = CARTESIAN_POINT ( 'NONE',  ( -56.41930385292664596, -7.827612580251978258, -1.687741998664731513 ) ) ;
#4382 = FILL_AREA_STYLE ('',( #762 ) ) ;
#4383 =( NAMED_UNIT ( * ) PLANE_ANGLE_UNIT ( ) SI_UNIT ( $, .RADIAN. ) );
#4384 = FILL_AREA_STYLE ('',( #1973 ) ) ;
#4385 = SURFACE_STYLE_FILL_AREA ( #4315 ) ;
#4386 = ORIENTED_EDGE ( 'NONE', *, *, #4191, .T. ) ;
#4387 = FACE_OUTER_BOUND ( 'NONE', #4662, .T. ) ;
#4388 = B_SPLINE_CURVE_WITH_KNOTS ( 'NONE', 3,
 ( #3411, #4277, #5054, #1434, #1480, #2291, #3062, #4663, #1122, #754, #1904, #3839, #2702, #3438, #253, #1454, #4302, #3034, #2679, #727, #3496, #3895, #1816, #4999, #334, #5088, #2339, #4017, #4744, #800, #2412, #1273, #57, #2386 ),
 .UNSPECIFIED., .F., .F.,
 ( 4, 2, 2, 2, 2, 2, 2, 2, 2, 2, 2, 2, 2, 2, 2, 2, 4 ),
 ( 0.02047817617858340225, 0.02113788223910930894, 0.02179758829963521563, 0.02245729436016111885, 0.02311700042068702554, 0.02377670648121292876, 0.02443641254173883198, 0.02509611860226473173, 0.02575582466279063495, 0.02641553072331653471, 0.02707523678384243793, 0.02773494284436833768, 0.02839464890489424090, 0.02905435496542014412, 0.02971406102594604387, 0.03037376708647195056, 0.03103347314699785378 ),
 .UNSPECIFIED. ) ;
#4389 = CARTESIAN_POINT ( 'NONE',  ( -56.28437652471920671, -9.557560238906519956, -0.9667020225609143091 ) ) ;
#4390 = CARTESIAN_POINT ( 'NONE',  ( -86.03265627252419279, -19.07913153207352863, -3.425640671349520883 ) ) ;
#4391 = PRESENTATION_STYLE_ASSIGNMENT (( #30 ) ) ;
#4392 = ORIENTED_EDGE ( 'NONE', *, *, #907, .T. ) ;
#4393 = CARTESIAN_POINT ( 'NONE',  ( -21.49999999999999289, -21.99999999999999289, -3.983633143994596004 ) ) ;
#4394 = MECHANICAL_DESIGN_GEOMETRIC_PRESENTATION_REPRESENTATION (  '', ( #525 ), #3143 ) ;
#4395 = MECHANICAL_DESIGN_GEOMETRIC_PRESENTATION_REPRESENTATION (  '', ( #427 ), #3654 ) ;
#4396 = PRESENTATION_STYLE_ASSIGNMENT (( #4745 ) ) ;
#4397 = UNCERTAINTY_MEASURE_WITH_UNIT (LENGTH_MEASURE( 1.000000000000000082E-05 ), #1027, 'distance_accuracy_value', 'NONE');
#4398 = CARTESIAN_POINT ( 'NONE',  ( -24.35825658588255394, -10.78982278037538123, -3.343340001430688435 ) ) ;
#4399 = STYLED_ITEM ( 'NONE', ( #2753 ), #4216 ) ;
#4400 = PRESENTATION_STYLE_ASSIGNMENT (( #4793 ) ) ;
#4401 = EDGE_CURVE ( 'NONE', #485, #1884, #1159, .T. ) ;
#4402 = CARTESIAN_POINT ( 'NONE',  ( -105.5740215526005557, -19.64881563971476197, -8.801236419203007699 ) ) ;
#4403 = VECTOR ( 'NONE', #3288, 1000.000000000000000 ) ;
#4404 = EDGE_CURVE ( 'NONE', #2711, #1965, #2379, .T. ) ;
#4405 = ORIENTED_EDGE ( 'NONE', *, *, #1969, .F. ) ;
#4406 = CARTESIAN_POINT ( 'NONE',  ( -59.02537272564271120, -6.730326660902334446, -2.619049540359963846 ) ) ;
#4407 = STYLED_ITEM ( 'NONE', ( #3218 ), #3267 ) ;
#4408 = COLOUR_RGB ( '',1.000000000000000000, 0.000000000000000000, 0.000000000000000000 ) ;
#4409 = CARTESIAN_POINT ( 'NONE',  ( -42.55799999999999272, -0.5000000000000073275, -44.50000000000000711 ) ) ;
#4410 = CARTESIAN_POINT ( 'NONE',  ( -29.61403504014623422, -9.128168761701259015, -0.7417041800100404592 ) ) ;
#4411 = ADVANCED_FACE ( 'NONE', ( #4728 ), #1216, .T. ) ;
#4412 = STYLED_ITEM ( 'NONE', ( #2936 ), #3644 ) ;
#4413 = VERTEX_POINT ( 'NONE', #1412 ) ;
#4414 =( NAMED_UNIT ( * ) SI_UNIT ( $, .STERADIAN. ) SOLID_ANGLE_UNIT ( ) );
#4415 = PRODUCT_CONTEXT ( 'NONE', #5098, 'mechanical' ) ;
#4416 = SURFACE_STYLE_USAGE ( .BOTH. , #3185 ) ;
#4417 = EDGE_CURVE ( 'NONE', #1979, #3661, #1916, .T. ) ;
#4418 = VERTEX_POINT ( 'NONE', #4615 ) ;
#4419 = SURFACE_STYLE_USAGE ( .BOTH. , #2067 ) ;
#4420 = SURFACE_STYLE_FILL_AREA ( #3970 ) ;
#4421 = DIRECTION ( 'NONE',  ( -1.000000000000000000, 0.000000000000000000, -8.163404592832033966E-17 ) ) ;
#4422 = MECHANICAL_DESIGN_GEOMETRIC_PRESENTATION_REPRESENTATION (  '', ( #201 ), #1260 ) ;
#4423 = EDGE_LOOP ( 'NONE', ( #3543, #1759, #5135, #983, #4794 ) ) ;
#4424 = CARTESIAN_POINT ( 'NONE',  ( -61.97366676070343061, -10.62470045515076045, -3.904041035623803779 ) ) ;
#4425 =( NAMED_UNIT ( * ) PLANE_ANGLE_UNIT ( ) SI_UNIT ( $, .RADIAN. ) );
#4426 = AXIS2_PLACEMENT_3D ( 'NONE', #413, #2729, #2754 ) ;
#4427 =( NAMED_UNIT ( * ) PLANE_ANGLE_UNIT ( ) SI_UNIT ( $, .RADIAN. ) );
#4428 = CARTESIAN_POINT ( 'NONE',  ( -24.26711363903358532, -9.641910094977724555, -3.060022333933613226 ) ) ;
#4429 = MECHANICAL_DESIGN_GEOMETRIC_PRESENTATION_REPRESENTATION (  '', ( #2677 ), #627 ) ;
#4430 = CARTESIAN_POINT ( 'NONE',  ( -64.00000000000000000, -4.150000000000000355, 8.499999999999991118 ) ) ;
#4431 = ORIENTED_EDGE ( 'NONE', *, *, #1256, .F. ) ;
#4432 = CARTESIAN_POINT ( 'NONE',  ( -56.38738335675120084, -10.87614417870689465, -1.003819044028209095 ) ) ;
#4433 = CARTESIAN_POINT ( 'NONE',  ( -60.48930099987833131, -7.682392521367628291, -2.799120362090997460 ) ) ;
#4434 = CARTESIAN_POINT ( 'NONE',  ( -64.00000000000000000, -0.4999999999999865663, 8.999999999999992895 ) ) ;
#4435 = ORIENTED_EDGE ( 'NONE', *, *, #947, .T. ) ;
#4436 = SURFACE_STYLE_USAGE ( .BOTH. , #1356 ) ;
#4437 = EDGE_CURVE ( 'NONE', #2178, #4693, #2194, .T. ) ;
#4438 = CARTESIAN_POINT ( 'NONE',  ( -87.67490837539854454, -1.396547947583214766, -4.329783245531522162 ) ) ;
#4439 = PRESENTATION_STYLE_ASSIGNMENT (( #4416 ) ) ;
#4440 = ORIENTED_EDGE ( 'NONE', *, *, #4691, .F. ) ;
#4441 =( NAMED_UNIT ( * ) PLANE_ANGLE_UNIT ( ) SI_UNIT ( $, .RADIAN. ) );
#4442 = FACE_OUTER_BOUND ( 'NONE', #460, .T. ) ;
#4443 = FACE_OUTER_BOUND ( 'NONE', #3484, .T. ) ;
#4444 = STYLED_ITEM ( 'NONE', ( #378 ), #4568 ) ;
#4445 = AXIS2_PLACEMENT_3D ( 'NONE', #1524, #2216, #3504 ) ;
#4446 = ORIENTED_EDGE ( 'NONE', *, *, #3560, .F. ) ;
#4447 = CARTESIAN_POINT ( 'NONE',  ( -56.75433581192684329, -8.398601734214130587, -1.795004277553675642 ) ) ;
#4448 = CARTESIAN_POINT ( 'NONE',  ( -64.08704353313368074, -20.19999999999999929, 8.484940890423830595 ) ) ;
#4449 =( NAMED_UNIT ( * ) SI_UNIT ( $, .STERADIAN. ) SOLID_ANGLE_UNIT ( ) );
#4450 = CARTESIAN_POINT ( 'NONE',  ( -65.81081323375609315, -30.00000000000000000, -5.000000000000009770 ) ) ;
#4451 = VERTEX_POINT ( 'NONE', #3447 ) ;
#4452 = DIRECTION ( 'NONE',  ( -0.000000000000000000, -1.000000000000000000, 0.000000000000000000 ) ) ;
#4453 = DIRECTION ( 'NONE',  ( 0.000000000000000000, 0.000000000000000000, 1.000000000000000000 ) ) ;
#4454 = CARTESIAN_POINT ( 'NONE',  ( -56.85184174787775646, -28.32773330813643042, -1.227087500711162127 ) ) ;
#4455 = CARTESIAN_POINT ( 'NONE',  ( -23.99999999999999289, 0.000000000000000000, 1.999999999999995781 ) ) ;
#4456 = ORIENTED_EDGE ( 'NONE', *, *, #2172, .F. ) ;
#4457 = CARTESIAN_POINT ( 'NONE',  ( -22.00000000000002487, -20.19999999999999929, 8.499999999999968026 ) ) ;
#4458 = CARTESIAN_POINT ( 'NONE',  ( -29.02687248240332707, -8.132507852569840878, -0.9451782844854343946 ) ) ;
#4459 = ORIENTED_EDGE ( 'NONE', *, *, #669, .F. ) ;
#4460 = EDGE_CURVE ( 'NONE', #2719, #3331, #264, .T. ) ;
#4461 = EDGE_CURVE ( 'NONE', #2773, #2942, #4896, .T. ) ;
#4462 = CARTESIAN_POINT ( 'NONE',  ( -56.76621258032525219, -12.50987215685248266, -1.801601272097415052 ) ) ;
#4463 = B_SPLINE_CURVE_WITH_KNOTS ( 'NONE', 3,
 ( #4004, #1970, #3528, #2016 ),
 .UNSPECIFIED., .F., .F.,
 ( 4, 4 ),
 ( 0.8472945438053411937, 1.000000000000000000 ),
 .UNSPECIFIED. ) ;
#4464 = FILL_AREA_STYLE ('',( #2488 ) ) ;
#4465 = CYLINDRICAL_SURFACE ( 'NONE', #2203, 2.499999999999998668 ) ;
#4466 = ORIENTED_EDGE ( 'NONE', *, *, #2275, .F. ) ;
#4467 = CARTESIAN_POINT ( 'NONE',  ( -60.95216215206686883, -8.051398234107749019, -3.430015025522006322 ) ) ;
#4468 = DIRECTION ( 'NONE',  ( 0.06701888370983759280, 0.7221711019408614263, 0.6884601431802782612 ) ) ;
#4469 = SURFACE_SIDE_STYLE ('',( #2872 ) ) ;
#4470 =( LENGTH_UNIT ( ) NAMED_UNIT ( * ) SI_UNIT ( .MILLI., .METRE. ) );
#4471 = PRESENTATION_LAYER_ASSIGNMENT (  '', '', ( #758 ) ) ;
#4472 = EDGE_CURVE ( 'NONE', #688, #864, #401, .T. ) ;
#4473 = LINE ( 'NONE', #4450, #4091 ) ;
#4474 =( GEOMETRIC_REPRESENTATION_CONTEXT ( 3 ) GLOBAL_UNCERTAINTY_ASSIGNED_CONTEXT ( ( #3993 ) ) GLOBAL_UNIT_ASSIGNED_CONTEXT ( ( #353, #1866, #4574 ) ) REPRESENTATION_CONTEXT ( 'NONE', 'WORKASPACE' ) );
#4475 = UNCERTAINTY_MEASURE_WITH_UNIT (LENGTH_MEASURE( 1.000000000000000082E-05 ), #2786, 'distance_accuracy_value', 'NONE');
#4476 = ORIENTED_EDGE ( 'NONE', *, *, #2524, .T. ) ;
#4477 = CARTESIAN_POINT ( 'NONE',  ( -29.79240626965194139, -29.42515555058134424, -1.348640653246683474 ) ) ;
#4478 = VECTOR ( 'NONE', #5139, 1000.000000000000000 ) ;
#4479 = CARTESIAN_POINT ( 'NONE',  ( -42.55799999999999272, -30.00000000000000000, 0.9999999999999940048 ) ) ;
#4480 = CARTESIAN_POINT ( 'NONE',  ( -53.51619153245101757, -29.29604700059996603, -0.2750135091527671216 ) ) ;
#4481 = COLOUR_RGB ( '',1.000000000000000000, 0.000000000000000000, 0.000000000000000000 ) ;
#4482 = ORIENTED_EDGE ( 'NONE', *, *, #975, .T. ) ;
#4483 = CARTESIAN_POINT ( 'NONE',  ( -88.28459187040625977, -18.51441770366304240, -4.466567690969307058 ) ) ;
#4484 = CARTESIAN_POINT ( 'NONE',  ( -26.99999999999999645, -10.00000000000000000, 2.000000000000000000 ) ) ;
#4485 = CARTESIAN_POINT ( 'NONE',  ( -84.80231539006084063, -6.468874472706707111E-05, -2.352267153110324749 ) ) ;
#4486 = DIRECTION ( 'NONE',  ( -4.625929269271483942E-16, 0.000000000000000000, 1.000000000000000000 ) ) ;
#4487 = CARTESIAN_POINT ( 'NONE',  ( -28.87163549459619816, -7.972866522059523398, -1.629958061081328458 ) ) ;
#4488 = VECTOR ( 'NONE', #4486, 1000.000000000000000 ) ;
#4489 = ORIENTED_EDGE ( 'NONE', *, *, #1790, .F. ) ;
#4490 = PRESENTATION_STYLE_ASSIGNMENT (( #242 ) ) ;
#4491 = CARTESIAN_POINT ( 'NONE',  ( -55.72281386376762669, -10.89933446732642430, -1.468732465451580538 ) ) ;
#4492 = DIRECTION ( 'NONE',  ( 1.000000000000000000, 0.000000000000000000, 5.204170427930424241E-16 ) ) ;
#4493 = UNCERTAINTY_MEASURE_WITH_UNIT (LENGTH_MEASURE( 1.000000000000000082E-05 ), #2103, 'distance_accuracy_value', 'NONE');
#4494 = CARTESIAN_POINT ( 'NONE',  ( -42.55799999999999272, -30.00000000000000000, -44.50000000000000711 ) ) ;
#4495 = EDGE_CURVE ( 'NONE', #3331, #3618, #932, .T. ) ;
#4496 = LINE ( 'NONE', #2845, #3624 ) ;
#4497 = EDGE_LOOP ( 'NONE', ( #4762, #4110, #4617, #490, #2630, #4466 ) ) ;
#4498 = CARTESIAN_POINT ( 'NONE',  ( -59.17586332989754538, -7.233508546175667853, -2.153525252452344052 ) ) ;
#4499 = DIRECTION ( 'NONE',  ( -0.5000000000000062172, 0.5000000000000062172, 0.7071067811865385799 ) ) ;
#4500 = CARTESIAN_POINT ( 'NONE',  ( -62.88876147561954610, -26.01317129643163995, -4.338225734557261681 ) ) ;
#4501 = CARTESIAN_POINT ( 'NONE',  ( -24.30352777969215694, -9.460057813179796327, -3.040565293240703237 ) ) ;
#4502 = ADVANCED_FACE ( 'NONE', ( #1466 ), #4979, .T. ) ;
#4503 = MECHANICAL_DESIGN_GEOMETRIC_PRESENTATION_REPRESENTATION (  '', ( #453 ), #4173 ) ;
#4504 = STYLED_ITEM ( 'NONE', ( #4331 ), #1109 ) ;
#4505 = ORIENTED_EDGE ( 'NONE', *, *, #1873, .F. ) ;
#4506 = CARTESIAN_POINT ( 'NONE',  ( -29.84974695576507031, -29.45603647491048704, -1.331718252894230181 ) ) ;
#4507 = EDGE_CURVE ( 'NONE', #3865, #4993, #2779, .T. ) ;
#4508 = ADVANCED_FACE ( 'NONE', ( #2990 ), #1128, .T. ) ;
#4509 = DIRECTION ( 'NONE',  ( 1.000000000000000000, 0.000000000000000000, 8.163404592832032733E-17 ) ) ;
#4510 = CARTESIAN_POINT ( 'NONE',  ( -29.91421356237311358, -28.99999999999999645, 8.999999999999996447 ) ) ;
#4511 = CARTESIAN_POINT ( 'NONE',  ( -51.25330686495801302, -29.95782628522115232, 0.2029347477890477425 ) ) ;
#4512 = MECHANICAL_DESIGN_GEOMETRIC_PRESENTATION_REPRESENTATION (  '', ( #4346 ), #2756 ) ;
#4513 = SURFACE_STYLE_FILL_AREA ( #495 ) ;
#4514 = VERTEX_POINT ( 'NONE', #3960 ) ;
#4515 = DIRECTION ( 'NONE',  ( -0.4571866511510118136, 0.6340016083926863777, 0.6237165434432614397 ) ) ;
#4516 = SURFACE_STYLE_FILL_AREA ( #3235 ) ;
#4517 = CARTESIAN_POINT ( 'NONE',  ( -88.14159387284098557, -18.55751988649800310, -4.480487982891068199 ) ) ;
#4518 = CARTESIAN_POINT ( 'NONE',  ( -23.99999999999999645, -4.150000000000000355, 8.999999999999994671 ) ) ;
#4519 = CARTESIAN_POINT ( 'NONE',  ( -25.19502722879984802, -7.917741646389158561, -2.579845471899086640 ) ) ;
#4520 = VERTEX_POINT ( 'NONE', #3605 ) ;
#4521 = CARTESIAN_POINT ( 'NONE',  ( -90.04520773104543707, -17.68217087837350121, 5.680015490656598942 ) ) ;
#4522 =( LENGTH_UNIT ( ) NAMED_UNIT ( * ) SI_UNIT ( .MILLI., .METRE. ) );
#4523 = FACE_OUTER_BOUND ( 'NONE', #1507, .T. ) ;
#4524 =( NAMED_UNIT ( * ) SI_UNIT ( $, .STERADIAN. ) SOLID_ANGLE_UNIT ( ) );
#4525 = CARTESIAN_POINT ( 'NONE',  ( -64.20502766664017713, -25.68054017312764614, -4.989779986980575011 ) ) ;
#4526 = ORIENTED_EDGE ( 'NONE', *, *, #2988, .T. ) ;
#4527 = CARTESIAN_POINT ( 'NONE',  ( -61.44235252039285911, -8.722680756038649008, -3.309324153428686355 ) ) ;
#4528 = LINE ( 'NONE', #4937, #271 ) ;
#4529 = CARTESIAN_POINT ( 'NONE',  ( -64.08704353313368074, -4.150000000000000355, 8.484940890423857240 ) ) ;
#4530 = CONICAL_SURFACE ( 'NONE', #312, 0.4999999999999922284, 0.7853981633974485010 ) ;
#4531 = EDGE_CURVE ( 'NONE', #1005, #1488, #2780, .T. ) ;
#4532 = VERTEX_POINT ( 'NONE', #40 ) ;
#4533 = SURFACE_SIDE_STYLE ('',( #1789 ) ) ;
#4534 = CARTESIAN_POINT ( 'NONE',  ( -21.50000000000000000, -13.34999999999999964, 8.999999999999996447 ) ) ;
#4535 = CARTESIAN_POINT ( 'NONE',  ( -60.87805962685591510, -7.984166296517911654, -3.002771060097082056 ) ) ;
#4536 = CARTESIAN_POINT ( 'NONE',  ( -23.03950428677958229, -21.36231644508435323, 10.03950428677955209 ) ) ;
#4537 = CARTESIAN_POINT ( 'NONE',  ( -84.08952239614518476, -0.01423605436936940284, 5.967849577494901858 ) ) ;
#4538 = ORIENTED_EDGE ( 'NONE', *, *, #4725, .T. ) ;
#4539 =( LENGTH_UNIT ( ) NAMED_UNIT ( * ) SI_UNIT ( .MILLI., .METRE. ) );
#4540 =( NAMED_UNIT ( * ) PLANE_ANGLE_UNIT ( ) SI_UNIT ( $, .RADIAN. ) );
#4541 = CARTESIAN_POINT ( 'NONE',  ( -64.15000000000000568, -20.25631399317410342, 8.533716037108698416 ) ) ;
#4542 = CARTESIAN_POINT ( 'NONE',  ( -29.23114902756719857, -7.496056715290787764, -1.518362853636385346 ) ) ;
#4543 = B_SPLINE_CURVE_WITH_KNOTS ( 'NONE', 3,
 ( #3616, #409, #4390, #1237, #817, #2844, #4057, #4786, #4035, #1209, #3564, #479, #2048, #3641, #1954, #3539, #1383, #4546 ),
 .UNSPECIFIED., .F., .F.,
 ( 4, 2, 2, 2, 2, 2, 2, 2, 4 ),
 ( 0.000000000000000000, 0.1249999999999997086, 0.2500000000000002220, 0.3749999999999998890, 0.4999999999999996114, 0.6250000000000001110, 0.7499999999999997780, 0.8749999999999995559, 1.000000000000000000 ),
 .UNSPECIFIED. ) ;
#4544 = ORIENTED_EDGE ( 'NONE', *, *, #2866, .T. ) ;
#4545 = CARTESIAN_POINT ( 'NONE',  ( -59.29023620513350323, -13.22150821667753995, -2.725864300787625538 ) ) ;
#4546 = CARTESIAN_POINT ( 'NONE',  ( -66.36358403214866541, -25.14085549570262401, -4.833333333333341919 ) ) ;
#4547 = FACE_OUTER_BOUND ( 'NONE', #848, .T. ) ;
#4548 = CARTESIAN_POINT ( 'NONE',  ( -42.55799999999999272, -29.49999999999999645, -44.50000000000000711 ) ) ;
#4549 = CARTESIAN_POINT ( 'NONE',  ( -64.00000000000000000, -30.00000000000000000, 8.999999999999992895 ) ) ;
#4550 = CARTESIAN_POINT ( 'NONE',  ( -61.08232797230378708, -8.191030807000231562, -3.488580077166604010 ) ) ;
#4551 = FACE_OUTER_BOUND ( 'NONE', #3165, .T. ) ;
#4552 = B_SPLINE_CURVE_WITH_KNOTS ( 'NONE', 3,
 ( #1392, #4500, #2568, #2131, #142, #4939, #3300, #1762, #546, #2545 ),
 .UNSPECIFIED., .F., .F.,
 ( 4, 2, 2, 2, 4 ),
 ( 0.000000000000000000, 0.2500000000000014433, 0.5000000000000000000, 0.7499999999999985567, 1.000000000000000000 ),
 .UNSPECIFIED. ) ;
#4553 = DIRECTION ( 'NONE',  ( 0.8847462923946363134, 0.2527938945223110467, 0.3915600145395179976 ) ) ;
#4554 = ORIENTED_EDGE ( 'NONE', *, *, #2343, .F. ) ;
#4555 = LINE ( 'NONE', #3727, #501 ) ;
#4556 = CARTESIAN_POINT ( 'NONE',  ( -51.25330738459791746, -29.95782628522114877, 0.2029294097210636305 ) ) ;
#4557 = CARTESIAN_POINT ( 'NONE',  ( -53.51619153245101757, -29.29604700059996603, -0.2750135091527671216 ) ) ;
#4558 = ADVANCED_FACE ( 'NONE', ( #1613 ), #3120, .F. ) ;
#4559 = LINE ( 'NONE', #3786, #2577 ) ;
#4560 = STYLED_ITEM ( 'NONE', ( #1881 ), #4132 ) ;
#4561 = ORIENTED_EDGE ( 'NONE', *, *, #1213, .T. ) ;
#4562 =( NAMED_UNIT ( * ) PLANE_ANGLE_UNIT ( ) SI_UNIT ( $, .RADIAN. ) );
#4563 = CARTESIAN_POINT ( 'NONE',  ( -57.69989395724623904, -12.42984254533960886, -1.510330901028587469 ) ) ;
#4564 = PLANE ( 'NONE',  #3821 ) ;
#4565 = DIRECTION ( 'NONE',  ( -8.163404592832033966E-17, -0.000000000000000000, 1.000000000000000000 ) ) ;
#4566 = CARTESIAN_POINT ( 'NONE',  ( -30.03212232742551890, -8.502907932943273295, -1.278356541340499808 ) ) ;
#4567 = AXIS2_PLACEMENT_3D ( 'NONE', #624, #2652, #4170 ) ;
#4568 = ADVANCED_FACE ( 'NONE', ( #1181 ), #4530, .T. ) ;
#4569 = ORIENTED_EDGE ( 'NONE', *, *, #4856, .T. ) ;
#4570 = AXIS2_PLACEMENT_3D ( 'NONE', #52, #4738, #430 ) ;
#4571 =( GEOMETRIC_REPRESENTATION_CONTEXT ( 3 ) GLOBAL_UNCERTAINTY_ASSIGNED_CONTEXT ( ( #821 ) ) GLOBAL_UNIT_ASSIGNED_CONTEXT ( ( #2366, #3174, #1733 ) ) REPRESENTATION_CONTEXT ( 'NONE', 'WORKASPACE' ) );
#4572 = FILL_AREA_STYLE ('',( #3078 ) ) ;
#4573 = EDGE_CURVE ( 'NONE', #1116, #4026, #449, .T. ) ;
#4574 =( NAMED_UNIT ( * ) SI_UNIT ( $, .STERADIAN. ) SOLID_ANGLE_UNIT ( ) );
#4575 = PRESENTATION_LAYER_ASSIGNMENT (  '', '', ( #4412 ) ) ;
#4576 = CARTESIAN_POINT ( 'NONE',  ( -88.07214035462961021, -1.453811656248937823, -4.470203594521140467 ) ) ;
#4577 = PRESENTATION_STYLE_ASSIGNMENT (( #890 ) ) ;
#4578 = ORIENTED_EDGE ( 'NONE', *, *, #2143, .F. ) ;
#4579 = CARTESIAN_POINT ( 'NONE',  ( -66.23019663051765349, -25.61976863831320372, -4.402746374744928914 ) ) ;
#4580 = FACE_OUTER_BOUND ( 'NONE', #1917, .T. ) ;
#4581 = CARTESIAN_POINT ( 'NONE',  ( -103.0559571384140298, -13.99999999999999822, 17.06590566322405067 ) ) ;
#4582 = VECTOR ( 'NONE', #248, 1000.000000000000000 ) ;
#4583 = ORIENTED_EDGE ( 'NONE', *, *, #3091, .F. ) ;
#4584 = CARTESIAN_POINT ( 'NONE',  ( -29.96052779840836422, -29.83333333333332860, -0.9521549874022220417 ) ) ;
#4585 =( NAMED_UNIT ( * ) SI_UNIT ( $, .STERADIAN. ) SOLID_ANGLE_UNIT ( ) );
#4586 = LINE ( 'NONE', #2187, #1517 ) ;
#4587 = MECHANICAL_DESIGN_GEOMETRIC_PRESENTATION_REPRESENTATION (  '', ( #3512 ), #2991 ) ;
#4588 = VERTEX_POINT ( 'NONE', #2446 ) ;
#4589 = CARTESIAN_POINT ( 'NONE',  ( -56.32498152629786858, -12.06125946747072142, -1.657413060288790874 ) ) ;
#4590 = SURFACE_STYLE_FILL_AREA ( #4977 ) ;
#4591 =( NAMED_UNIT ( * ) SI_UNIT ( $, .STERADIAN. ) SOLID_ANGLE_UNIT ( ) );
#4592 = SURFACE_STYLE_USAGE ( .BOTH. , #1441 ) ;
#4593 = FILL_AREA_STYLE_COLOUR ( '', #4297 ) ;
#4594 = CARTESIAN_POINT ( 'NONE',  ( -24.52095296364824151, -8.797248601857535988, -2.925259288868712115 ) ) ;
#4595 = FILL_AREA_STYLE ('',( #2993 ) ) ;
#4596 = EDGE_CURVE ( 'NONE', #3403, #188, #4895, .T. ) ;
#4597 =( NAMED_UNIT ( * ) SI_UNIT ( $, .STERADIAN. ) SOLID_ANGLE_UNIT ( ) );
#4598 = FACE_OUTER_BOUND ( 'NONE', #2501, .T. ) ;
#4599 = FACE_OUTER_BOUND ( 'NONE', #1299, .T. ) ;
#4600 = CARTESIAN_POINT ( 'NONE',  ( -61.97366676070343061, -10.62470045515076045, -3.904041035623803779 ) ) ;
#4601 = CARTESIAN_POINT ( 'NONE',  ( -29.09378667910948479, -12.61291941467138500, -1.561102964567950391 ) ) ;
#4602 = CARTESIAN_POINT ( 'NONE',  ( -59.00000000000000000, -10.00000000000000000, 2.000000000000000000 ) ) ;
#4603 = DIRECTION ( 'NONE',  ( -0.000000000000000000, -0.000000000000000000, -1.000000000000000000 ) ) ;
#4604 = ORIENTED_EDGE ( 'NONE', *, *, #4460, .F. ) ;
#4605 = SURFACE_SIDE_STYLE ('',( #1899 ) ) ;
#4606 =( NAMED_UNIT ( * ) PLANE_ANGLE_UNIT ( ) SI_UNIT ( $, .RADIAN. ) );
#4607 = FACE_OUTER_BOUND ( 'NONE', #4930, .T. ) ;
#4608 = UNCERTAINTY_MEASURE_WITH_UNIT (LENGTH_MEASURE( 1.000000000000000082E-05 ), #1526, 'distance_accuracy_value', 'NONE');
#4609 = EDGE_LOOP ( 'NONE', ( #3245, #622, #1196, #2816 ) ) ;
#4610 = CARTESIAN_POINT ( 'NONE',  ( -65.81081323375609315, -0.5000000000000073275, -4.000000000000010658 ) ) ;
#4611 = ORIENTED_EDGE ( 'NONE', *, *, #1598, .F. ) ;
#4612 = CARTESIAN_POINT ( 'NONE',  ( -60.72112578673461059, -12.15632663019552950, -3.327440698498047578 ) ) ;
#4613 = CARTESIAN_POINT ( 'NONE',  ( -103.0559571384140298, -13.99999999999999822, 17.06590566322405067 ) ) ;
#4614 =( NAMED_UNIT ( * ) SI_UNIT ( $, .STERADIAN. ) SOLID_ANGLE_UNIT ( ) );
#4615 = CARTESIAN_POINT ( 'NONE',  ( -63.44633217003614334, -25.55394678048093837, 8.999999999999992895 ) ) ;
#4616 =( GEOMETRIC_REPRESENTATION_CONTEXT ( 3 ) GLOBAL_UNCERTAINTY_ASSIGNED_CONTEXT ( ( #1315 ) ) GLOBAL_UNIT_ASSIGNED_CONTEXT ( ( #2967, #2223, #4935 ) ) REPRESENTATION_CONTEXT ( 'NONE', 'WORKASPACE' ) );
#4617 = ORIENTED_EDGE ( 'NONE', *, *, #2390, .F. ) ;
#4618 = CARTESIAN_POINT ( 'NONE',  ( -78.99918325886784487, -21.70859595934039632, -1.013989841985680984 ) ) ;
#4619 = CARTESIAN_POINT ( 'NONE',  ( -64.15000000000000568, -0.05631399317406684396, 8.533716037108698416 ) ) ;
#4620 = VECTOR ( 'NONE', #3940, 1000.000000000000114 ) ;
#4621 = SURFACE_STYLE_USAGE ( .BOTH. , #4187 ) ;
#4622 = SURFACE_SIDE_STYLE ('',( #5041 ) ) ;
#4623 = CARTESIAN_POINT ( 'NONE',  ( -27.85690528885707096, -12.61912721398130444, -1.387047301137197763 ) ) ;
#4624 = CARTESIAN_POINT ( 'NONE',  ( -29.69682802813460043, -10.53816223080742454, -0.7140167689015415320 ) ) ;
#4625 = PLANE ( 'NONE',  #4043 ) ;
#4626 =( NAMED_UNIT ( * ) SI_UNIT ( $, .STERADIAN. ) SOLID_ANGLE_UNIT ( ) );
#4627 = ORIENTED_EDGE ( 'NONE', *, *, #2557, .T. ) ;
#4628 = CARTESIAN_POINT ( 'NONE',  ( -69.60107103016541430, -24.56000990005667717, -2.570593809471084068 ) ) ;
#4629 = SURFACE_SIDE_STYLE ('',( #1875 ) ) ;
#4630 = CARTESIAN_POINT ( 'NONE',  ( -21.71866104714517931, -0.3525448864948813599, -4.449821033888562205 ) ) ;
#4631 = ORIENTED_EDGE ( 'NONE', *, *, #1577, .F. ) ;
#4632 =( NAMED_UNIT ( * ) SI_UNIT ( $, .STERADIAN. ) SOLID_ANGLE_UNIT ( ) );
#4633 = SURFACE_STYLE_FILL_AREA ( #2573 ) ;
#4634 = EDGE_CURVE ( 'NONE', #2338, #1320, #2137, .T. ) ;
#4635 = CARTESIAN_POINT ( 'NONE',  ( -29.39586062579233428, -11.36115210437159995, -0.8159145497773294675 ) ) ;
#4636 = VERTEX_POINT ( 'NONE', #4075 ) ;
#4637 = CARTESIAN_POINT ( 'NONE',  ( -59.68743035191116775, -13.13591695781661528, -2.887161592963781054 ) ) ;
#4638 =( GEOMETRIC_REPRESENTATION_CONTEXT ( 3 ) GLOBAL_UNCERTAINTY_ASSIGNED_CONTEXT ( ( #331 ) ) GLOBAL_UNIT_ASSIGNED_CONTEXT ( ( #1226, #403, #1717 ) ) REPRESENTATION_CONTEXT ( 'NONE', 'WORKASPACE' ) );
#4639 = VECTOR ( 'NONE', #437, 1000.000000000000000 ) ;
#4640 =( GEOMETRIC_REPRESENTATION_CONTEXT ( 3 ) GLOBAL_UNCERTAINTY_ASSIGNED_CONTEXT ( ( #4273 ) ) GLOBAL_UNIT_ASSIGNED_CONTEXT ( ( #3388, #2987, #4591 ) ) REPRESENTATION_CONTEXT ( 'NONE', 'WORKASPACE' ) );
#4641 = ORIENTED_EDGE ( 'NONE', *, *, #1579, .T. ) ;
#4642 = CARTESIAN_POINT ( 'NONE',  ( -64.64602064803766268, -15.35000000000000142, 8.918005071595212385 ) ) ;
#4643 = PRESENTATION_LAYER_ASSIGNMENT (  '', '', ( #1318 ) ) ;
#4644 = VECTOR ( 'NONE', #611, 1000.000000000000000 ) ;
#4645 = CARTESIAN_POINT ( 'NONE',  ( -84.62065853126237869, -20.06501722237803520, -2.215706685463512127 ) ) ;
#4646 = CARTESIAN_POINT ( 'NONE',  ( -21.49999999999999289, -21.68831262582826014, -4.231159986743374013 ) ) ;
#4647 = MECHANICAL_DESIGN_GEOMETRIC_PRESENTATION_REPRESENTATION (  '', ( #4399 ), #2809 ) ;
#4648 = CARTESIAN_POINT ( 'NONE',  ( -42.55799999999999272, -30.00000000000000000, -44.50000000000000711 ) ) ;
#4649 = CARTESIAN_POINT ( 'NONE',  ( -28.48400318773621365, -12.32695751111118732, -1.756375848682114604 ) ) ;
#4650 = PRESENTATION_STYLE_ASSIGNMENT (( #5043 ) ) ;
#4651 = LINE ( 'NONE', #1951, #2932 ) ;
#4652 = PRESENTATION_LAYER_ASSIGNMENT (  '', '', ( #1910 ) ) ;
#4653 = COLOUR_RGB ( '',1.000000000000000000, 0.000000000000000000, 0.000000000000000000 ) ;
#4654 = LINE ( 'NONE', #3831, #1935 ) ;
#4655 = ORIENTED_EDGE ( 'NONE', *, *, #2643, .F. ) ;
#4656 = CARTESIAN_POINT ( 'NONE',  ( -56.33738811169329352, -9.287370299079732661, -0.9857772171693891528 ) ) ;
#4657 = CARTESIAN_POINT ( 'NONE',  ( -23.99999999999999289, -4.150000000000000355, 1.999999999999995337 ) ) ;
#4658 = EDGE_CURVE ( 'NONE', #1045, #4693, #2061, .T. ) ;
#4659 = PLANE ( 'NONE',  #1997 ) ;
#4660 = B_SPLINE_SURFACE_WITH_KNOTS ( 'NONE', 1, 3, ( 
 ( #3319, #4908, #4521, #3394 ),
 ( #2147, #3771, #3744, #218 ) ),
 .UNSPECIFIED., .F., .F., .F.,
 ( 2, 2 ),
 ( 4, 4 ),
 ( 0.000000000000000000, 1.000000000000000000 ),
 ( 4.935677322147730806, 5.226085236230408881 ),
 .UNSPECIFIED. ) ;
#4661 = VECTOR ( 'NONE', #4112, 1000.000000000000114 ) ;
#4662 = EDGE_LOOP ( 'NONE', ( #2842, #1879, #4876, #1519 ) ) ;
#4663 = CARTESIAN_POINT ( 'NONE',  ( -30.03435184898637900, -8.507423393488448227, -1.277711881581081732 ) ) ;
#4664 = EDGE_CURVE ( 'NONE', #2057, #594, #177, .T. ) ;
#4665 = SURFACE_STYLE_USAGE ( .BOTH. , #1435 ) ;
#4666 =( NAMED_UNIT ( * ) PLANE_ANGLE_UNIT ( ) SI_UNIT ( $, .RADIAN. ) );
#4667 = SURFACE_SIDE_STYLE ('',( #1436 ) ) ;
#4668 = VECTOR ( 'NONE', #37, 1000.000000000000227 ) ;
#4669 = ORIENTED_EDGE ( 'NONE', *, *, #4634, .F. ) ;
#4670 =( NAMED_UNIT ( * ) PLANE_ANGLE_UNIT ( ) SI_UNIT ( $, .RADIAN. ) );
#4671 = CARTESIAN_POINT ( 'NONE',  ( -61.34085258577251665, -11.45762064894385190, -3.606216463600255828 ) ) ;
#4672 = FACE_OUTER_BOUND ( 'NONE', #3902, .T. ) ;
#4673 = CARTESIAN_POINT ( 'NONE',  ( -88.07430408234874619, -19.08236519502733941, -3.886607534748023784 ) ) ;
#4674 = AXIS2_PLACEMENT_3D ( 'NONE', #457, #4854, #4765 ) ;
#4675 = ORIENTED_EDGE ( 'NONE', *, *, #1256, .T. ) ;
#4676 = FACE_OUTER_BOUND ( 'NONE', #1532, .T. ) ;
#4677 = PRESENTATION_LAYER_ASSIGNMENT (  '', '', ( #4346 ) ) ;
#4678 = CARTESIAN_POINT ( 'NONE',  ( -61.93143487001916725, -10.84271026074214106, -3.883842958349176921 ) ) ;
#4679 = CARTESIAN_POINT ( 'NONE',  ( -29.42093721088925307, -11.31939601492512182, -1.456714655329070629 ) ) ;
#4680 = CARTESIAN_POINT ( 'NONE',  ( -56.23134948311269454, -9.856013301006942839, -1.622187024396740895 ) ) ;
#4681 = AXIS2_PLACEMENT_3D ( 'NONE', #3123, #4718, #1147 ) ;
#4682 = CARTESIAN_POINT ( 'NONE',  ( -28.56173640041961903, -12.93760645696275802, -1.731480885572173500 ) ) ;
#4683 = UNCERTAINTY_MEASURE_WITH_UNIT (LENGTH_MEASURE( 1.000000000000000082E-05 ), #129, 'distance_accuracy_value', 'NONE');
#4684 =( LENGTH_UNIT ( ) NAMED_UNIT ( * ) SI_UNIT ( .MILLI., .METRE. ) );
#4685 =( NAMED_UNIT ( * ) SI_UNIT ( $, .STERADIAN. ) SOLID_ANGLE_UNIT ( ) );
#4686 = DIRECTION ( 'NONE',  ( 0.000000000000000000, 0.000000000000000000, -1.000000000000000000 ) ) ;
#4687 = ORIENTED_EDGE ( 'NONE', *, *, #4947, .T. ) ;
#4688 = CARTESIAN_POINT ( 'NONE',  ( -88.31610985688840287, -18.67405541786656897, -4.296045046468525364 ) ) ;
#4689 = PLANE ( 'NONE',  #175 ) ;
#4690 = CARTESIAN_POINT ( 'NONE',  ( -65.81081323375609315, -25.22580322285497800, -5.000000000000010658 ) ) ;
#4691 = EDGE_CURVE ( 'NONE', #1443, #3202, #1741, .T. ) ;
#4692 = CARTESIAN_POINT ( 'NONE',  ( -25.50306186476635872, -12.31272586373799527, -2.428037343360262224 ) ) ;
#4693 = VERTEX_POINT ( 'NONE', #2088 ) ;
#4694 = DIRECTION ( 'NONE',  ( -1.000000000000000000, 0.000000000000000000, 8.672384569055758038E-16 ) ) ;
#4695 = CARTESIAN_POINT ( 'NONE',  ( -29.23073787517921573, -29.73073646131938830, -0.8923594867631364780 ) ) ;
#4696 = DIRECTION ( 'NONE',  ( -1.000000000000000000, 0.000000000000000000, -4.625929269271480983E-16 ) ) ;
#4697 = DIRECTION ( 'NONE',  ( -1.000000000000000000, 0.000000000000000000, 0.000000000000000000 ) ) ;
#4698 = ORIENTED_EDGE ( 'NONE', *, *, #549, .T. ) ;
#4699 = SURFACE_SIDE_STYLE ('',( #2299 ) ) ;
#4700 = COLOUR_RGB ( '',1.000000000000000000, 0.000000000000000000, 0.000000000000000000 ) ;
#4701 = CARTESIAN_POINT ( 'NONE',  ( -84.89997267616865884, -0.01405716874524700136, -2.366861270348286528 ) ) ;
#4702 = CARTESIAN_POINT ( 'NONE',  ( -83.89400266867322387, 0.000000000000000000, 5.970980692451534289 ) ) ;
#4703 = ADVANCED_FACE ( 'NONE', ( #4946 ), #4144, .T. ) ;
#4704 = VECTOR ( 'NONE', #3024, 1000.000000000000000 ) ;
#4705 = CARTESIAN_POINT ( 'NONE',  ( -25.24390118921902015, -12.60940363111354046, -2.963792246107422645 ) ) ;
#4706 = ORIENTED_EDGE ( 'NONE', *, *, #3681, .T. ) ;
#4707 = PRESENTATION_STYLE_ASSIGNMENT (( #3188 ) ) ;
#4708 = DIRECTION ( 'NONE',  ( -0.000000000000000000, -0.000000000000000000, 1.000000000000000000 ) ) ;
#4709 =( NAMED_UNIT ( * ) PLANE_ANGLE_UNIT ( ) SI_UNIT ( $, .RADIAN. ) );
#4710 = ORIENTED_EDGE ( 'NONE', *, *, #228, .T. ) ;
#4711 = LINE ( 'NONE', #2266, #5065 ) ;
#4712 = FACE_OUTER_BOUND ( 'NONE', #4609, .T. ) ;
#4713 = UNCERTAINTY_MEASURE_WITH_UNIT (LENGTH_MEASURE( 1.000000000000000082E-05 ), #1133, 'distance_accuracy_value', 'NONE');
#4714 = DIRECTION ( 'NONE',  ( 0.000000000000000000, -1.000000000000000000, 0.000000000000000000 ) ) ;
#4715 = CARTESIAN_POINT ( 'NONE',  ( -66.14487935724386602, -25.64663734337532119, -4.450703468392515738 ) ) ;
#4716 = PRODUCT_DEFINITION_SHAPE ( 'NONE', 'NONE',  #3689 ) ;
#4717 = ORIENTED_EDGE ( 'NONE', *, *, #1630, .T. ) ;
#4718 = DIRECTION ( 'NONE',  ( 0.000000000000000000, 1.000000000000000000, 0.000000000000000000 ) ) ;
#4719 = CARTESIAN_POINT ( 'NONE',  ( -61.57118884590644825, -8.307211089957407424, -3.713773260082837702 ) ) ;
#4720 = EDGE_CURVE ( 'NONE', #1045, #1178, #2506, .T. ) ;
#4721 = FILL_AREA_STYLE_COLOUR ( '', #3279 ) ;
#4722 = FILL_AREA_STYLE ('',( #789 ) ) ;
#4723 = PLANE ( 'NONE',  #167 ) ;
#4724 = AXIS2_PLACEMENT_3D ( 'NONE', #249, #1450, #3803 ) ;
#4725 = EDGE_CURVE ( 'NONE', #188, #2029, #98, .T. ) ;
#4726 = FILL_AREA_STYLE_COLOUR ( '', #2244 ) ;
#4727 = DIRECTION ( 'NONE',  ( 8.163404592832032733E-17, -0.000000000000000000, -1.000000000000000000 ) ) ;
#4728 = FACE_OUTER_BOUND ( 'NONE', #436, .T. ) ;
#4729 = CARTESIAN_POINT ( 'NONE',  ( -60.50000000000000000, -10.00000000000000000, 8.999999999999992895 ) ) ;
#4730 = ORIENTED_EDGE ( 'NONE', *, *, #2017, .F. ) ;
#4731 = CARTESIAN_POINT ( 'NONE',  ( -66.28224857438257800, -25.15378288745224467, -4.887311226164984923 ) ) ;
#4732 = MECHANICAL_DESIGN_GEOMETRIC_PRESENTATION_REPRESENTATION (  '', ( #1645 ), #2969 ) ;
#4733 = ORIENTED_EDGE ( 'NONE', *, *, #1264, .F. ) ;
#4734 = EDGE_CURVE ( 'NONE', #3922, #229, #2904, .T. ) ;
#4735 = MECHANICAL_DESIGN_GEOMETRIC_PRESENTATION_REPRESENTATION (  '', ( #3576 ), #5159 ) ;
#4736 = CARTESIAN_POINT ( 'NONE',  ( -88.16957205571310396, -19.05528607688199827, -3.933631250685644787 ) ) ;
#4737 = ADVANCED_FACE ( 'NONE', ( #949 ), #2345, .F. ) ;
#4738 = DIRECTION ( 'NONE',  ( -8.163404592832033966E-17, -0.000000000000000000, 1.000000000000000000 ) ) ;
#4739 = COLOUR_RGB ( '',1.000000000000000000, 0.000000000000000000, 0.000000000000000000 ) ;
#4740 = VECTOR ( 'NONE', #4553, 1000.000000000000114 ) ;
#4741 =( GEOMETRIC_REPRESENTATION_CONTEXT ( 3 ) GLOBAL_UNCERTAINTY_ASSIGNED_CONTEXT ( ( #5138 ) ) GLOBAL_UNIT_ASSIGNED_CONTEXT ( ( #1679, #4425, #2438 ) ) REPRESENTATION_CONTEXT ( 'NONE', 'WORKASPACE' ) );
#4742 = AXIS2_PLACEMENT_3D ( 'NONE', #942, #1933, #4686 ) ;
#4743 = ORIENTED_EDGE ( 'NONE', *, *, #2557, .F. ) ;
#4744 = CARTESIAN_POINT ( 'NONE',  ( -24.62742129470521135, -8.001548117789750947, -3.226388406656025776 ) ) ;
#4745 = SURFACE_STYLE_USAGE ( .BOTH. , #2776 ) ;
#4746 = CARTESIAN_POINT ( 'NONE',  ( -64.51269210875254601, -26.13501808501540324, -4.486079708078259287 ) ) ;
#4747 = SURFACE_STYLE_USAGE ( .BOTH. , #3148 ) ;
#4748 = MECHANICAL_DESIGN_GEOMETRIC_PRESENTATION_REPRESENTATION (  '', ( #4989 ), #4906 ) ;
#4749 = VERTEX_POINT ( 'NONE', #1485 ) ;
#4750 = CARTESIAN_POINT ( 'NONE',  ( -30.05315627047889393, -29.49999999999999645, -1.272359730141907397 ) ) ;
#4751 = CONICAL_SURFACE ( 'NONE', #192, 45.50000000000000000, 0.7853981633974380649 ) ;
#4752 = CARTESIAN_POINT ( 'NONE',  ( -57.23843975706375176, -7.162203034069438701, -1.961551630175114580 ) ) ;
#4753 = DIRECTION ( 'NONE',  ( 0.000000000000000000, 1.000000000000000000, 0.000000000000000000 ) ) ;
#4754 = FILL_AREA_STYLE_COLOUR ( '', #235 ) ;
#4755 = AXIS2_PLACEMENT_3D ( 'NONE', #1564, #5141, #2757 ) ;
#4756 = CARTESIAN_POINT ( 'NONE',  ( -22.00000000000002132, -20.19999999999999929, 1.000000000000034195 ) ) ;
#4757 = SURFACE_STYLE_FILL_AREA ( #2019 ) ;
#4758 = FACE_OUTER_BOUND ( 'NONE', #2276, .T. ) ;
#4759 = PRESENTATION_LAYER_ASSIGNMENT (  '', '', ( #3512 ) ) ;
#4760 =( NAMED_UNIT ( * ) SI_UNIT ( $, .STERADIAN. ) SOLID_ANGLE_UNIT ( ) );
#4761 = CARTESIAN_POINT ( 'NONE',  ( -29.74892619292446128, -9.799534471223358523, -0.6966679671961595322 ) ) ;
#4762 = ORIENTED_EDGE ( 'NONE', *, *, #2207, .F. ) ;
#4763 = EDGE_CURVE ( 'NONE', #4134, #1178, #3065, .T. ) ;
#4764 = MECHANICAL_DESIGN_GEOMETRIC_PRESENTATION_REPRESENTATION (  '', ( #2340 ), #2095 ) ;
#4765 = DIRECTION ( 'NONE',  ( 0.9533199837684295241, -0.2873478855663454401, -0.09280194614506453998 ) ) ;
#4766 = CARTESIAN_POINT ( 'NONE',  ( -88.27292007186073874, -19.02510148639188614, -3.956817709219636825 ) ) ;
#4767 =( GEOMETRIC_REPRESENTATION_CONTEXT ( 3 ) GLOBAL_UNCERTAINTY_ASSIGNED_CONTEXT ( ( #2722 ) ) GLOBAL_UNIT_ASSIGNED_CONTEXT ( ( #710, #4670, #5060 ) ) REPRESENTATION_CONTEXT ( 'NONE', 'WORKASPACE' ) );
#4768 = UNCERTAINTY_MEASURE_WITH_UNIT (LENGTH_MEASURE( 1.000000000000000082E-05 ), #3759, 'distance_accuracy_value', 'NONE');
#4769 = ORIENTED_EDGE ( 'NONE', *, *, #132, .F. ) ;
#4770 = PRESENTATION_STYLE_ASSIGNMENT (( #4329 ) ) ;
#4771 = CARTESIAN_POINT ( 'NONE',  ( -21.49999999999999289, -20.70000000000003126, 0.04571583458301705510 ) ) ;
#4772 = UNCERTAINTY_MEASURE_WITH_UNIT (LENGTH_MEASURE( 1.000000000000000082E-05 ), #1452, 'distance_accuracy_value', 'NONE');
#4773 = LINE ( 'NONE', #3924, #2481 ) ;
#4774 = FILL_AREA_STYLE_COLOUR ( '', #3426 ) ;
#4775 = LINE ( 'NONE', #4402, #4668 ) ;
#4776 = ORIENTED_EDGE ( 'NONE', *, *, #1957, .F. ) ;
#4777 = SURFACE_SIDE_STYLE ('',( #2444 ) ) ;
#4778 = LINE ( 'NONE', #2395, #1808 ) ;
#4779 = DIRECTION ( 'NONE',  ( -4.625929269271483942E-16, 0.000000000000000000, 1.000000000000000000 ) ) ;
#4780 = DIRECTION ( 'NONE',  ( 0.9952952831612036366, 0.000000000000000000, -0.09688807623778838973 ) ) ;
#4781 = FACE_OUTER_BOUND ( 'NONE', #360, .T. ) ;
#4782 = DIRECTION ( 'NONE',  ( 0.000000000000000000, 0.7071067811865574537, 0.7071067811865376918 ) ) ;
#4783 = ORIENTED_EDGE ( 'NONE', *, *, #452, .T. ) ;
#4784 = CARTESIAN_POINT ( 'NONE',  ( -89.97154441708273964, -18.25554316414998013, 5.069696623301065408 ) ) ;
#4785 = CARTESIAN_POINT ( 'NONE',  ( -84.99577995029837041, -0.04217371477884752917, -2.381397405584445792 ) ) ;
#4786 = CARTESIAN_POINT ( 'NONE',  ( -78.82113196224739227, -21.22968281672951463, -1.527229398934197624 ) ) ;
#4787 = COLOUR_RGB ( '',1.000000000000000000, 0.000000000000000000, 0.000000000000000000 ) ;
#4788 = EDGE_CURVE ( 'NONE', #3673, #3001, #3056, .T. ) ;
#4789 = ORIENTED_EDGE ( 'NONE', *, *, #4094, .T. ) ;
#4790 = LINE ( 'NONE', #1603, #79 ) ;
#4791 = SURFACE_STYLE_FILL_AREA ( #3194 ) ;
#4792 = CARTESIAN_POINT ( 'NONE',  ( -65.95381123132138157, -25.70471636546555771, -4.486079708078260175 ) ) ;
#4793 = SURFACE_STYLE_USAGE ( .BOTH. , #3251 ) ;
#4794 = ORIENTED_EDGE ( 'NONE', *, *, #3493, .F. ) ;
#4795 = PRESENTATION_STYLE_ASSIGNMENT (( #2782 ) ) ;
#4796 = ADVANCED_FACE ( 'NONE', ( #1651 ), #4465, .T. ) ;
#4797 = CARTESIAN_POINT ( 'NONE',  ( -62.01563579876332000, -10.40804752143917256, -3.924113399426158555 ) ) ;
#4798 = DIRECTION ( 'NONE',  ( -1.000000000000000000, 0.000000000000000000, 0.000000000000000000 ) ) ;
#4799 = CARTESIAN_POINT ( 'NONE',  ( -69.65224198302371406, -24.08109675744636391, -3.045867415993391170 ) ) ;
#4800 = CARTESIAN_POINT ( 'NONE',  ( -84.18315961064274688, -0.04217371477884752917, 5.966350041429635098 ) ) ;
#4801 = CARTESIAN_POINT ( 'NONE',  ( -26.99999999999999645, -10.00000000000000000, 8.999999999999996447 ) ) ;
#4802 = DIRECTION ( 'NONE',  ( 0.9521326466281559986, -0.2807833320455911941, 0.1208476051489583980 ) ) ;
#4803 = ORIENTED_EDGE ( 'NONE', *, *, #4949, .F. ) ;
#4804 = CYLINDRICAL_SURFACE ( 'NONE', #447, 1.000000000000000000 ) ;
#4805 = CARTESIAN_POINT ( 'NONE',  ( -84.10311807994379762, -0.5210868573894099631, 6.448450397545584245 ) ) ;
#4806 = CARTESIAN_POINT ( 'NONE',  ( -1.103675098334374545E-16, 0.000000000000000000, 1.999999999999997335 ) ) ;
#4807 = PLANE ( 'NONE',  #2540 ) ;
#4808 = MECHANICAL_DESIGN_GEOMETRIC_PRESENTATION_REPRESENTATION (  '', ( #4145 ), #1319 ) ;
#4809 = VECTOR ( 'NONE', #2627, 1000.000000000000000 ) ;
#4810 = ORIENTED_EDGE ( 'NONE', *, *, #268, .T. ) ;
#4811 = CARTESIAN_POINT ( 'NONE',  ( -61.64824863070846561, -9.235989409785494431, -3.424468144676488190 ) ) ;
#4812 = STYLED_ITEM ( 'NONE', ( #634 ), #3127 ) ;
#4813 = MECHANICAL_DESIGN_GEOMETRIC_PRESENTATION_REPRESENTATION (  '', ( #3491 ), #2883 ) ;
#4814 = UNCERTAINTY_MEASURE_WITH_UNIT (LENGTH_MEASURE( 1.000000000000000082E-05 ), #1986, 'distance_accuracy_value', 'NONE');
#4815 = MECHANICAL_DESIGN_GEOMETRIC_PRESENTATION_REPRESENTATION (  '', ( #3919 ), #2154 ) ;
#4816 = CARTESIAN_POINT ( 'NONE',  ( -29.70348808198004420, -29.35355339059327306, -1.375047555394533161 ) ) ;
#4817 = AXIS2_PLACEMENT_3D ( 'NONE', #1274, #801, #3620 ) ;
#4818 = EDGE_CURVE ( 'NONE', #1815, #4142, #4496, .T. ) ;
#4819 = ORIENTED_EDGE ( 'NONE', *, *, #300, .F. ) ;
#4820 =( NAMED_UNIT ( * ) SI_UNIT ( $, .STERADIAN. ) SOLID_ANGLE_UNIT ( ) );
#4821 = CARTESIAN_POINT ( 'NONE',  ( -56.79464465232365455, -11.65214753507814827, -1.154431140285281598 ) ) ;
#4822 = STYLED_ITEM ( 'NONE', ( #2539 ), #3642 ) ;
#4823 = CARTESIAN_POINT ( 'NONE',  ( -56.52113197994771099, -8.796338244271209916, -1.052663147793607257 ) ) ;
#4824 = SURFACE_SIDE_STYLE ('',( #1160 ) ) ;
#4825 = COLOUR_RGB ( '',1.000000000000000000, 0.000000000000000000, 0.000000000000000000 ) ;
#4826 = ORIENTED_EDGE ( 'NONE', *, *, #805, .F. ) ;
#4827 = LINE ( 'NONE', #4107, #1079 ) ;
#4828 = SURFACE_STYLE_FILL_AREA ( #1183 ) ;
#4829 =( LENGTH_UNIT ( ) NAMED_UNIT ( * ) SI_UNIT ( .MILLI., .METRE. ) );
#4830 = CARTESIAN_POINT ( 'NONE',  ( -29.75098851159918922, -10.16983477683657888, -0.6959831331831249912 ) ) ;
#4831 = ORIENTED_EDGE ( 'NONE', *, *, #1896, .F. ) ;
#4832 = FILL_AREA_STYLE ('',( #110 ) ) ;
#4833 = CARTESIAN_POINT ( 'NONE',  ( -87.76582391269464267, -18.59066861013787531, -4.384122820798292963 ) ) ;
#4834 = PLANE ( 'NONE',  #1409 ) ;
#4835 = CARTESIAN_POINT ( 'NONE',  ( -103.6642007787028206, -17.10763243498829667, 10.81764427028985409 ) ) ;
#4836 = COLOUR_RGB ( '',1.000000000000000000, 0.000000000000000000, 0.000000000000000000 ) ;
#4837 = VERTEX_POINT ( 'NONE', #166 ) ;
#4838 = CARTESIAN_POINT ( 'NONE',  ( -21.49999999999999645, -30.00000000000000000, -0.5000000000000038858 ) ) ;
#4839 = FILL_AREA_STYLE_COLOUR ( '', #4897 ) ;
#4840 = CARTESIAN_POINT ( 'NONE',  ( -24.90592382338979149, -11.79515800786364998, -3.105622808452756622 ) ) ;
#4841 = CARTESIAN_POINT ( 'NONE',  ( -88.07430408234878882, -0.9176348049726730238, -3.886607534748041104 ) ) ;
#4842 = CARTESIAN_POINT ( 'NONE',  ( -22.00000000000000000, -6.649999999999999467, 8.999999999999996447 ) ) ;
#4843 = ORIENTED_EDGE ( 'NONE', *, *, #3198, .F. ) ;
#4844 = CARTESIAN_POINT ( 'NONE',  ( -64.15000000000000568, -15.84999999999999964, 1.999999999999992228 ) ) ;
#4845 = LINE ( 'NONE', #4534, #2728 ) ;
#4846 = CARTESIAN_POINT ( 'NONE',  ( -56.30144975595198531, -9.470541238292881303, -0.9728454947404479025 ) ) ;
#4847 =( NAMED_UNIT ( * ) SI_UNIT ( $, .STERADIAN. ) SOLID_ANGLE_UNIT ( ) );
#4848 = ADVANCED_FACE ( 'NONE', ( #1726 ), #4807, .T. ) ;
#4849 = SURFACE_STYLE_USAGE ( .BOTH. , #1712 ) ;
#4850 = ORIENTED_EDGE ( 'NONE', *, *, #1727, .F. ) ;
#4851 =( NAMED_UNIT ( * ) PLANE_ANGLE_UNIT ( ) SI_UNIT ( $, .RADIAN. ) );
#4852 = CARTESIAN_POINT ( 'NONE',  ( -28.76260014996226388, -7.881278760197520050, -1.040789107863432372 ) ) ;
#4853 = VERTEX_POINT ( 'NONE', #3671 ) ;
#4854 = DIRECTION ( 'NONE',  ( -0.2707399232728494587, -0.6772854614785874805, -0.6840937783783365145 ) ) ;
#4855 = CARTESIAN_POINT ( 'NONE',  ( -60.94279277853789978, -12.44873228152042977, -3.426587742528184766 ) ) ;
#4856 = EDGE_CURVE ( 'NONE', #629, #964, #3643, .T. ) ;
#4857 =( NAMED_UNIT ( * ) SI_UNIT ( $, .STERADIAN. ) SOLID_ANGLE_UNIT ( ) );
#4858 = AXIS2_PLACEMENT_3D ( 'NONE', #692, #3134, #811 ) ;
#4859 = ORIENTED_EDGE ( 'NONE', *, *, #4788, .F. ) ;
#4860 = CARTESIAN_POINT ( 'NONE',  ( -57.50283404472654070, -7.680553950367180249, -2.052996529214684340 ) ) ;
#4861 = PRESENTATION_STYLE_ASSIGNMENT (( #1761 ) ) ;
#4862 = DIRECTION ( 'NONE',  ( -0.09688807623778840361, 0.000000000000000000, -0.9952952831612036366 ) ) ;
#4863 = CARTESIAN_POINT ( 'NONE',  ( -24.78928433449091528, -12.19265215608965569, -3.156326925152880492 ) ) ;
#4864 = CARTESIAN_POINT ( 'NONE',  ( -89.98299092774490759, -1.752540711672259333, 5.230228189971088071 ) ) ;
#4865 = STYLED_ITEM ( 'NONE', ( #2256 ), #4913 ) ;
#4866 = DIRECTION ( 'NONE',  ( 3.161999785731634120E-16, 0.7071067811865474617, -0.7071067811865475727 ) ) ;
#4867 = ORIENTED_EDGE ( 'NONE', *, *, #3322, .F. ) ;
#4868 = CARTESIAN_POINT ( 'NONE',  ( -61.61374725249515905, -10.87228843978320825, -3.405008783438215669 ) ) ;
#4869 = CARTESIAN_POINT ( 'NONE',  ( -90.09998787759373329, -17.86181252097963679, 5.443168498485280615 ) ) ;
#4870 = CARTESIAN_POINT ( 'NONE',  ( -42.55799999999999272, -30.00000000000000000, -44.50000000000000711 ) ) ;
#4871 = EDGE_LOOP ( 'NONE', ( #509, #3179, #602, #3984 ) ) ;
#4872 = ADVANCED_FACE ( 'NONE', ( #113, #3272, #3858 ), #4625, .T. ) ;
#4873 =( NAMED_UNIT ( * ) PLANE_ANGLE_UNIT ( ) SI_UNIT ( $, .RADIAN. ) );
#4874 = CARTESIAN_POINT ( 'NONE',  ( -84.99577995029838462, -0.04217371477885151210, -2.381397405584444460 ) ) ;
#4875 = CARTESIAN_POINT ( 'NONE',  ( -26.71662632756070721, -6.775953095849199137, -2.379968187582620409 ) ) ;
#4876 = ORIENTED_EDGE ( 'NONE', *, *, #1720, .T. ) ;
#4877 = SURFACE_STYLE_FILL_AREA ( #3344 ) ;
#4878 = PLANE ( 'NONE',  #4231 ) ;
#4879 = B_SPLINE_CURVE_WITH_KNOTS ( 'NONE', 3,
 ( #706, #2162, #2268, #256 ),
 .UNSPECIFIED., .F., .F.,
 ( 4, 4 ),
 ( 0.000000000000000000, 1.000000000000000000 ),
 .UNSPECIFIED. ) ;
#4880 = EDGE_CURVE ( 'NONE', #32, #1942, #1364, .T. ) ;
#4881 = EDGE_CURVE ( 'NONE', #3403, #395, #4137, .T. ) ;
#4882 = VERTEX_POINT ( 'NONE', #589 ) ;
#4883 = CARTESIAN_POINT ( 'NONE',  ( -55.93954188341501066, -8.539889883410948457, -1.535572554002095913 ) ) ;
#4884 = SURFACE_STYLE_FILL_AREA ( #1810 ) ;
#4885 = CARTESIAN_POINT ( 'NONE',  ( -90.03345522939996215, -2.229138355609624700, 5.685193800502033490 ) ) ;
#4886 = CARTESIAN_POINT ( 'NONE',  ( -25.93761101810704517, -12.56755998013028375, -2.680009021879626641 ) ) ;
#4887 = AXIS2_PLACEMENT_3D ( 'NONE', #1809, #1118, #3891 ) ;
#4888 = DIRECTION ( 'NONE',  ( -0.9581977058217490129, 0.2861068970820821455, -7.822155552546383144E-17 ) ) ;
#4889 = UNCERTAINTY_MEASURE_WITH_UNIT (LENGTH_MEASURE( 1.000000000000000082E-05 ), #1607, 'distance_accuracy_value', 'NONE');
#4890 = STYLED_ITEM ( 'NONE', ( #3427 ), #2108 ) ;
#4891 = ORIENTED_EDGE ( 'NONE', *, *, #371, .F. ) ;
#4892 = CARTESIAN_POINT ( 'NONE',  ( -29.70348808198006552, -29.35355339059326951, -1.375047555394524057 ) ) ;
#4893 = CARTESIAN_POINT ( 'NONE',  ( -61.40271908972075465, -11.34865748850588574, -3.287313684846289608 ) ) ;
#4894 = CARTESIAN_POINT ( 'NONE',  ( -59.43533375783688655, -7.279892927237972877, -2.277148348709799208 ) ) ;
#4895 = LINE ( 'NONE', #4925, #4940 ) ;
#4896 = B_SPLINE_CURVE_WITH_KNOTS ( 'NONE', 1,
 ( #240, #4673 ),
 .UNSPECIFIED., .F., .F.,
 ( 2, 2 ),
 ( 0.000000000000000000, 1.000000000000000000 ),
 .UNSPECIFIED. ) ;
#4897 = COLOUR_RGB ( '',1.000000000000000000, 0.000000000000000000, 0.000000000000000000 ) ;
#4898 = STYLED_ITEM ( 'NONE', ( #2141 ), #2230 ) ;
#4899 =( LENGTH_UNIT ( ) NAMED_UNIT ( * ) SI_UNIT ( .MILLI., .METRE. ) );
#4900 = ORIENTED_EDGE ( 'NONE', *, *, #1511, .F. ) ;
#4901 = COLOUR_RGB ( '',1.000000000000000000, 0.000000000000000000, 0.000000000000000000 ) ;
#4902 = STYLED_ITEM ( 'NONE', ( #3597 ), #2714 ) ;
#4903 = SURFACE_SIDE_STYLE ('',( #1716 ) ) ;
#4904 = CARTESIAN_POINT ( 'NONE',  ( -83.95695913553954881, -0.4999999999999857891, 6.467001340489200167 ) ) ;
#4905 = CARTESIAN_POINT ( 'NONE',  ( -29.14698879902348949, -8.271919214480506710, -0.9026450249897962630 ) ) ;
#4906 =( GEOMETRIC_REPRESENTATION_CONTEXT ( 3 ) GLOBAL_UNCERTAINTY_ASSIGNED_CONTEXT ( ( #1093 ) ) GLOBAL_UNIT_ASSIGNED_CONTEXT ( ( #4341, #5129, #472 ) ) REPRESENTATION_CONTEXT ( 'NONE', 'WORKASPACE' ) );
#4907 = ORIENTED_EDGE ( 'NONE', *, *, #2951, .F. ) ;
#4908 = CARTESIAN_POINT ( 'NONE',  ( -89.95096810810046861, -17.69130477235727739, 5.706244448472935993 ) ) ;
#4909 = CARTESIAN_POINT ( 'NONE',  ( -59.68828046274603594, -13.13574014828355985, -2.887506285873094214 ) ) ;
#4910 = CARTESIAN_POINT ( 'NONE',  ( -50.30126715421037176, -29.47891314261056195, 8.999999999999994671 ) ) ;
#4911 = UNCERTAINTY_MEASURE_WITH_UNIT (LENGTH_MEASURE( 1.000000000000000082E-05 ), #3243, 'distance_accuracy_value', 'NONE');
#4912 = SURFACE_SIDE_STYLE ('',( #2821 ) ) ;
#4913 = ADVANCED_FACE ( 'NONE', ( #2592 ), #1978, .F. ) ;
#4914 = PRESENTATION_LAYER_ASSIGNMENT (  '', '', ( #3417 ) ) ;
#4915 = ORIENTED_EDGE ( 'NONE', *, *, #1969, .T. ) ;
#4916 = CARTESIAN_POINT ( 'NONE',  ( -60.52337900233229107, -7.699594110659550239, -3.240793206374716906 ) ) ;
#4917 =( NAMED_UNIT ( * ) SI_UNIT ( $, .STERADIAN. ) SOLID_ANGLE_UNIT ( ) );
#4918 = FACE_OUTER_BOUND ( 'NONE', #2571, .T. ) ;
#4919 = COLOUR_RGB ( '',1.000000000000000000, 0.000000000000000000, 0.000000000000000000 ) ;
#4920 =( BOUNDED_CURVE ( )  B_SPLINE_CURVE ( 3, ( #83, #4771, #1604, #3647 ),
 .UNSPECIFIED., .F., .F. ) 
 B_SPLINE_CURVE_WITH_KNOTS ( ( 4, 4 ),
 ( 3.141592653589793116, 3.785093762383096916 ),
 .UNSPECIFIED. ) 
 CURVE ( )  GEOMETRIC_REPRESENTATION_ITEM ( )  RATIONAL_B_SPLINE_CURVE ( ( 1.000000000000000000, 0.9657888653670072543, 0.9657888653670072543, 1.000000000000000000 ) ) 
 REPRESENTATION_ITEM ( '' )  );
#4921 = ORIENTED_EDGE ( 'NONE', *, *, #1003, .T. ) ;
#4922 = FILL_AREA_STYLE_COLOUR ( '', #343 ) ;
#4923 = FILL_AREA_STYLE_COLOUR ( '', #3568 ) ;
#4924 =( NAMED_UNIT ( * ) PLANE_ANGLE_UNIT ( ) SI_UNIT ( $, .RADIAN. ) );
#4925 = CARTESIAN_POINT ( 'NONE',  ( -89.70234395559515406, -17.74575185541400302, 5.737779421020604786 ) ) ;
#4926 = COLOUR_RGB ( '',1.000000000000000000, 0.000000000000000000, 0.000000000000000000 ) ;
#4927 = EDGE_LOOP ( 'NONE', ( #1797, #609, #3726, #3561 ) ) ;
#4928 = FILL_AREA_STYLE ('',( #955 ) ) ;
#4929 = CARTESIAN_POINT ( 'NONE',  ( -24.39345995973869208, -8.350357306664669466, -3.328816751843302946 ) ) ;
#4930 = EDGE_LOOP ( 'NONE', ( #1286, #456, #3551, #841 ) ) ;
#4931 = SURFACE_SIDE_STYLE ('',( #4877 ) ) ;
#4932 = CARTESIAN_POINT ( 'NONE',  ( -55.60312706627626511, -9.812140638200702369, -1.432324599365151441 ) ) ;
#4933 = SURFACE_STYLE_FILL_AREA ( #1723 ) ;
#4934 = CARTESIAN_POINT ( 'NONE',  ( -2.075901283282906906, 0.000000000000000000, 16.35558586828955185 ) ) ;
#4935 =( NAMED_UNIT ( * ) SI_UNIT ( $, .STERADIAN. ) SOLID_ANGLE_UNIT ( ) );
#4936 = CARTESIAN_POINT ( 'NONE',  ( -60.76914778746083101, -7.887152630746341764, -2.945064743911575356 ) ) ;
#4937 = CARTESIAN_POINT ( 'NONE',  ( -106.0373436614643197, -17.76773852033583623, -13.56077265361688688 ) ) ;
#4938 = EDGE_CURVE ( 'NONE', #715, #4183, #4961, .T. ) ;
#4939 = CARTESIAN_POINT ( 'NONE',  ( -56.55333997283653247, -27.84882016552585426, -1.716381333373208751 ) ) ;
#4940 = VECTOR ( 'NONE', #974, 999.9999999999998863 ) ;
#4941 = ORIENTED_EDGE ( 'NONE', *, *, #1666, .F. ) ;
#4942 = CARTESIAN_POINT ( 'NONE',  ( -29.80629785497160356, -29.43355053640212304, -1.344533216855775759 ) ) ;
#4943 = EDGE_CURVE ( 'NONE', #4749, #3077, #3534, .T. ) ;
#4944 = COLOUR_RGB ( '',1.000000000000000000, 0.000000000000000000, 0.000000000000000000 ) ;
#4945 = DIRECTION ( 'NONE',  ( -4.625929269271483942E-16, 0.000000000000000000, 1.000000000000000000 ) ) ;
#4946 = FACE_OUTER_BOUND ( 'NONE', #4351, .T. ) ;
#4947 = EDGE_CURVE ( 'NONE', #2369, #2617, #4651, .T. ) ;
#4948 = ORIENTED_EDGE ( 'NONE', *, *, #2427, .T. ) ;
#4949 = EDGE_CURVE ( 'NONE', #594, #4636, #319, .T. ) ;
#4950 = CARTESIAN_POINT ( 'NONE',  ( -57.54738028948678163, -12.34759560099621822, -2.068776010086113004 ) ) ;
#4951 = FILL_AREA_STYLE_COLOUR ( '', #4653 ) ;
#4952 = CARTESIAN_POINT ( 'NONE',  ( -28.27671302579425117, -27.91092527822763714, -1.800321350799397813 ) ) ;
#4953 = CARTESIAN_POINT ( 'NONE',  ( -27.82481252400120297, -7.370633710512896286, -1.399860347889251511 ) ) ;
#4954 = VERTEX_POINT ( 'NONE', #470 ) ;
#4955 = CARTESIAN_POINT ( 'NONE',  ( -90.03011073921739182, -1.766228958513171854, 5.217113711062930648 ) ) ;
#4956 = DIRECTION ( 'NONE',  ( -0.9920412960753397513, 0.000000000000000000, -0.1259129337326394538 ) ) ;
#4957 = SURFACE_SIDE_STYLE ('',( #4933 ) ) ;
#4958 = UNCERTAINTY_MEASURE_WITH_UNIT (LENGTH_MEASURE( 1.000000000000000082E-05 ), #5072, 'distance_accuracy_value', 'NONE');
#4959 =( NAMED_UNIT ( * ) PLANE_ANGLE_UNIT ( ) SI_UNIT ( $, .RADIAN. ) );
#4960 = CARTESIAN_POINT ( 'NONE',  ( -89.85493068599151911, -2.217292858252052135, 5.718412643701064724 ) ) ;
#4961 = LINE ( 'NONE', #4211, #2784 ) ;
#4962 = ORIENTED_EDGE ( 'NONE', *, *, #4658, .F. ) ;
#4963 = CARTESIAN_POINT ( 'NONE',  ( -56.28427948838108108, -7.990095109607797674, -1.644365805321885032 ) ) ;
#4964 = CARTESIAN_POINT ( 'NONE',  ( -84.18315961064274688, -0.04217371477884752917, 5.966350041429635098 ) ) ;
#4965 = B_SPLINE_CURVE_WITH_KNOTS ( 'NONE', 1,
 ( #766, #2788 ),
 .UNSPECIFIED., .F., .F.,
 ( 2, 2 ),
 ( 0.000000000000000000, 1.000000000000000000 ),
 .UNSPECIFIED. ) ;
#4966 = CARTESIAN_POINT ( 'NONE',  ( -51.01632745126756419, -29.47891314261057261, -0.3020736150763092542 ) ) ;
#4967 = ORIENTED_EDGE ( 'NONE', *, *, #1413, .F. ) ;
#4968 = CARTESIAN_POINT ( 'NONE',  ( -29.72731827018007067, -29.37646708202159473, -1.367949519104532996 ) ) ;
#4969 = MECHANICAL_DESIGN_GEOMETRIC_PRESENTATION_REPRESENTATION (  '', ( #3687 ), #2963 ) ;
#4970 = DIRECTION ( 'NONE',  ( -0.5812513427913300612, 0.6696466207391060799, 0.4622989074570383883 ) ) ;
#4971 = EDGE_CURVE ( 'NONE', #1038, #2880, #3885, .T. ) ;
#4972 = DIRECTION ( 'NONE',  ( 0.8847462923946362023, -0.2527938945223111578, 0.3915600145395179421 ) ) ;
#4973 = CIRCLE ( 'NONE', #5068, 2.750000000000002665 ) ;
#4974 = VERTEX_POINT ( 'NONE', #1927 ) ;
#4975 =( NAMED_UNIT ( * ) SI_UNIT ( $, .STERADIAN. ) SOLID_ANGLE_UNIT ( ) );
#4976 = CARTESIAN_POINT ( 'NONE',  ( -58.47774710705312629, -13.23818999136878283, -2.409528221691616512 ) ) ;
#4977 = FILL_AREA_STYLE ('',( #1142 ) ) ;
#4978 = DIRECTION ( 'NONE',  ( -0.4999999999999933387, 0.4999999999999943934, -0.7071067811865563435 ) ) ;
#4979 = CYLINDRICAL_SURFACE ( 'NONE', #53, 2.500000000000000000 ) ;
#4980 = ORIENTED_EDGE ( 'NONE', *, *, #1715, .F. ) ;
#4981 =( LENGTH_UNIT ( ) NAMED_UNIT ( * ) SI_UNIT ( .MILLI., .METRE. ) );
#4982 = B_SPLINE_CURVE_WITH_KNOTS ( 'NONE', 3,
 ( #905, #588, #4090, #3747 ),
 .UNSPECIFIED., .F., .F.,
 ( 4, 4 ),
 ( 0.000000000000000000, 1.000000000000000000 ),
 .UNSPECIFIED. ) ;
#4983 = COLOUR_RGB ( '',1.000000000000000000, 0.000000000000000000, 0.000000000000000000 ) ;
#4984 = STYLED_ITEM ( 'NONE', ( #4391 ), #2743 ) ;
#4985 = SURFACE_SIDE_STYLE ('',( #1834 ) ) ;
#4986 = FILL_AREA_STYLE_COLOUR ( '', #3071 ) ;
#4987 = LINE ( 'NONE', #639, #3058 ) ;
#4988 = SURFACE_STYLE_USAGE ( .BOTH. , #914 ) ;
#4989 = STYLED_ITEM ( 'NONE', ( #381 ), #3784 ) ;
#4990 = CARTESIAN_POINT ( 'NONE',  ( -29.71453295646182369, -10.44943964082315979, -0.7081051162329455861 ) ) ;
#4991 = COLOUR_RGB ( '',1.000000000000000000, 0.000000000000000000, 0.000000000000000000 ) ;
#4992 = DIRECTION ( 'NONE',  ( 0.000000000000000000, 1.000000000000000000, 0.000000000000000000 ) ) ;
#4993 = VERTEX_POINT ( 'NONE', #4729 ) ;
#4994 = CONICAL_SURFACE ( 'NONE', #3670, 1.999999999999998224, 0.7853981633974479459 ) ;
#4995 = CARTESIAN_POINT ( 'NONE',  ( -75.15951557772157798, -22.85771394345354679, -1.104714611917147371 ) ) ;
#4996 = DIRECTION ( 'NONE',  ( 0.000000000000000000, -1.000000000000000000, 0.000000000000000000 ) ) ;
#4997 = COLOUR_RGB ( '',1.000000000000000000, 0.000000000000000000, 0.000000000000000000 ) ;
#4998 = ORIENTED_EDGE ( 'NONE', *, *, #3746, .T. ) ;
#4999 = CARTESIAN_POINT ( 'NONE',  ( -25.74160279413184327, -7.081769814302684374, -2.759736994251580366 ) ) ;
#5000 = MECHANICAL_DESIGN_GEOMETRIC_PRESENTATION_REPRESENTATION (  '', ( #3254 ), #1424 ) ;
#5001 = FILL_AREA_STYLE ('',( #3412 ) ) ;
#5002 = AXIS2_PLACEMENT_3D ( 'NONE', #3064, #4220, #674 ) ;
#5003 = DIRECTION ( 'NONE',  ( 0.000000000000000000, 1.000000000000000000, 0.000000000000000000 ) ) ;
#5004 = ORIENTED_EDGE ( 'NONE', *, *, #2269, .T. ) ;
#5005 = FILL_AREA_STYLE ('',( #1489 ) ) ;
#5006 = CARTESIAN_POINT ( 'NONE',  ( -56.98579247069363163, -11.88113790561207317, -1.227034817743327011 ) ) ;
#5007 = DIRECTION ( 'NONE',  ( -7.575620348129778241E-17, -0.000000000000000000, 1.000000000000000000 ) ) ;
#5008 = ADVANCED_FACE ( 'NONE', ( #3511 ), #1963, .T. ) ;
#5009 =( GEOMETRIC_REPRESENTATION_CONTEXT ( 3 ) GLOBAL_UNCERTAINTY_ASSIGNED_CONTEXT ( ( #2570 ) ) GLOBAL_UNIT_ASSIGNED_CONTEXT ( ( #1305, #155, #3929 ) ) REPRESENTATION_CONTEXT ( 'NONE', 'WORKASPACE' ) );
#5010 = EDGE_CURVE ( 'NONE', #819, #3077, #1548, .T. ) ;
#5011 = CARTESIAN_POINT ( 'NONE',  ( -26.40425526916990862, -7.310436005700086781, -2.004891560242034299 ) ) ;
#5012 = CARTESIAN_POINT ( 'NONE',  ( -73.26494658360461187, -23.43253155682225142, -1.418510993696074918 ) ) ;
#5013 = SURFACE_STYLE_FILL_AREA ( #3079 ) ;
#5014 = PLANE ( 'NONE',  #171 ) ;
#5015 = FILL_AREA_STYLE ('',( #2634 ) ) ;
#5016 = CARTESIAN_POINT ( 'NONE',  ( -29.26198323471563967, -12.47756725607205475, -1.508825084828553598 ) ) ;
#5017 = CARTESIAN_POINT ( 'NONE',  ( -29.74999999999999289, -10.09066637933274535, -0.6963113881947180506 ) ) ;
#5018 =( LENGTH_UNIT ( ) NAMED_UNIT ( * ) SI_UNIT ( .MILLI., .METRE. ) );
#5019 = CARTESIAN_POINT ( 'NONE',  ( -24.13434681616989508, -11.08700430496126543, -3.444215195123290663 ) ) ;
#5020 = ORIENTED_EDGE ( 'NONE', *, *, #4195, .T. ) ;
#5021 = EDGE_CURVE ( 'NONE', #1942, #1619, #1460, .T. ) ;
#5022 = CARTESIAN_POINT ( 'NONE',  ( -56.49578762039976709, -8.847114805144270733, -1.708860111349323141 ) ) ;
#5023 = ORIENTED_EDGE ( 'NONE', *, *, #4059, .T. ) ;
#5024 = CARTESIAN_POINT ( 'NONE',  ( -64.20502766664017713, -25.68054017312764614, -4.989779986980575011 ) ) ;
#5025 = FACE_OUTER_BOUND ( 'NONE', #3996, .T. ) ;
#5026 = DIRECTION ( 'NONE',  ( -1.000000000000000000, 0.000000000000000000, 0.000000000000000000 ) ) ;
#5027 = EDGE_LOOP ( 'NONE', ( #4907, #3310, #3457, #56 ) ) ;
#5028 = SURFACE_STYLE_FILL_AREA ( #5005 ) ;
#5029 = CARTESIAN_POINT ( 'NONE',  ( -59.22867786540581392, -12.75191385419526391, -2.701329690953022222 ) ) ;
#5030 = DIRECTION ( 'NONE',  ( 0.000000000000000000, 0.000000000000000000, -1.000000000000000000 ) ) ;
#5031 = SURFACE_SIDE_STYLE ('',( #3422 ) ) ;
#5032 = SURFACE_SIDE_STYLE ('',( #2581 ) ) ;
#5033 = CARTESIAN_POINT ( 'NONE',  ( -88.16957205571311817, -0.9447139231180008423, -3.933631250685630132 ) ) ;
#5034 = CARTESIAN_POINT ( 'NONE',  ( -27.04837506158645155, -7.245590297146747183, -1.721314258231232408 ) ) ;
#5035 = PRESENTATION_LAYER_ASSIGNMENT (  '', '', ( #3370 ) ) ;
#5036 = EDGE_CURVE ( 'NONE', #3580, #1815, #1059, .T. ) ;
#5037 = SURFACE_STYLE_FILL_AREA ( #1862 ) ;
#5038 = CARTESIAN_POINT ( 'NONE',  ( -66.23019663051765349, -25.61976863831320372, -4.402746374744921809 ) ) ;
#5039 = DIRECTION ( 'NONE',  ( 0.000000000000000000, 1.000000000000000000, 0.000000000000000000 ) ) ;
#5040 = FACE_OUTER_BOUND ( 'NONE', #236, .T. ) ;
#5041 = SURFACE_STYLE_FILL_AREA ( #5015 ) ;
#5042 = CARTESIAN_POINT ( 'NONE',  ( -27.16730388320407386, -12.75049752094741606, -1.670565151287594086 ) ) ;
#5043 = SURFACE_STYLE_USAGE ( .BOTH. , #3047 ) ;
#5044 = CARTESIAN_POINT ( 'NONE',  ( -64.36969411118725759, -25.65610494240483419, -5.000000000000012434 ) ) ;
#5045 = ADVANCED_FACE ( 'NONE', ( #274 ), #3882, .F. ) ;
#5046 = CARTESIAN_POINT ( 'NONE',  ( -56.24999999999999289, -10.00000000000075850, -0.9543786816630747127 ) ) ;
#5047 = ORIENTED_EDGE ( 'NONE', *, *, #2182, .T. ) ;
#5048 = UNCERTAINTY_MEASURE_WITH_UNIT (LENGTH_MEASURE( 1.000000000000000082E-05 ), #2713, 'distance_accuracy_value', 'NONE');
#5049 = CARTESIAN_POINT ( 'NONE',  ( -87.24998268753292052, -19.31418580476097802, -3.394206073776766530 ) ) ;
#5050 = FILL_AREA_STYLE ('',( #724 ) ) ;
#5051 =( NAMED_UNIT ( * ) SI_UNIT ( $, .STERADIAN. ) SOLID_ANGLE_UNIT ( ) );
#5052 = B_SPLINE_CURVE_WITH_KNOTS ( 'NONE', 3,
 ( #4087, #959, #4932, #2867, #1722, #4491, #2100, #2123, #2486, #1361, #2935, #4462, #2538, #538, #3668, #3323, #1675, #163, #4056, #935, #4545, #4909, #502, #3269, #3640, #4158, #4855, #3294, #1288, #75, #881, #2069, #190, #1341 ),
 .UNSPECIFIED., .F., .F.,
 ( 4, 2, 2, 2, 2, 2, 2, 2, 2, 2, 2, 2, 2, 2, 2, 2, 4 ),
 ( 0.009972747625301290469, 0.01063594463185970306, 0.01129914163841811391, 0.01196233864497652649, 0.01262553565153493734, 0.01328873265809334993, 0.01395192966465176251, 0.01461512667121017336, 0.01527832367776858595, 0.01594152068432699854, 0.01660471769088540939, 0.01726791469744382024, 0.01793111170400223456, 0.01859430871056064541, 0.01925750571711905973, 0.01992070272367747058, 0.02058389973023588143 ),
 .UNSPECIFIED. ) ;
#5053 = ORIENTED_EDGE ( 'NONE', *, *, #1283, .F. ) ;
#5054 = CARTESIAN_POINT ( 'NONE',  ( -30.38647084901467110, -10.20133243568054660, -1.177328338674122232 ) ) ;
#5055 = SURFACE_STYLE_FILL_AREA ( #5001 ) ;
#5056 = CARTESIAN_POINT ( 'NONE',  ( -29.91421356237311358, -28.99999999999999645, 8.499999999999994671 ) ) ;
#5057 = CARTESIAN_POINT ( 'NONE',  ( -59.77104143905923195, -26.91235304737495326, -2.906505657929590480 ) ) ;
#5058 = FILL_AREA_STYLE_COLOUR ( '', #1581 ) ;
#5059 = EDGE_LOOP ( 'NONE', ( #1565, #2797, #4263, #1903 ) ) ;
#5060 =( NAMED_UNIT ( * ) SI_UNIT ( $, .STERADIAN. ) SOLID_ANGLE_UNIT ( ) );
#5061 = CARTESIAN_POINT ( 'NONE',  ( -61.06422578290459313, -11.82557903436568481, -3.102368301325709954 ) ) ;
#5062 = CARTESIAN_POINT ( 'NONE',  ( -26.87107217176910368, -26.48966619249106813, -2.296483082877863957 ) ) ;
#5063 = SURFACE_STYLE_USAGE ( .BOTH. , #5032 ) ;
#5064 = CARTESIAN_POINT ( 'NONE',  ( -21.49999999999999289, -21.99999999999999289, -4.231159986743374013 ) ) ;
#5065 = VECTOR ( 'NONE', #2622, 1000.000000000000000 ) ;
#5066 = ORIENTED_EDGE ( 'NONE', *, *, #2300, .F. ) ;
#5067 = AXIS2_PLACEMENT_3D ( 'NONE', #4494, #1756, #3347 ) ;
#5068 = AXIS2_PLACEMENT_3D ( 'NONE', #3161, #3130, #3607 ) ;
#5069 =( NAMED_UNIT ( * ) PLANE_ANGLE_UNIT ( ) SI_UNIT ( $, .RADIAN. ) );
#5070 =( NAMED_UNIT ( * ) PLANE_ANGLE_UNIT ( ) SI_UNIT ( $, .RADIAN. ) );
#5071 = PRESENTATION_LAYER_ASSIGNMENT (  '', '', ( #596 ) ) ;
#5072 =( LENGTH_UNIT ( ) NAMED_UNIT ( * ) SI_UNIT ( .MILLI., .METRE. ) );
#5073 = CARTESIAN_POINT ( 'NONE',  ( -29.62485035384288423, -10.84036765941852387, -1.394126985969254662 ) ) ;
#5074 = DIRECTION ( 'NONE',  ( -0.000000000000000000, -0.000000000000000000, -1.000000000000000000 ) ) ;
#5075 = AXIS2_PLACEMENT_3D ( 'NONE', #239, #4978, #1887 ) ;
#5076 = STYLED_ITEM ( 'NONE', ( #2341 ), #2248 ) ;
#5077 = CARTESIAN_POINT ( 'NONE',  ( -26.74696648761786477, -13.22816982645716521, -2.368576006889200780 ) ) ;
#5078 = ORIENTED_EDGE ( 'NONE', *, *, #54, .T. ) ;
#5079 = PRESENTATION_STYLE_ASSIGNMENT (( #3487 ) ) ;
#5080 = CARTESIAN_POINT ( 'NONE',  ( -84.67147019778840900, -0.5210868573894342770, -2.861285558542647767 ) ) ;
#5081 = PRESENTATION_LAYER_ASSIGNMENT (  '', '', ( #4242 ) ) ;
#5082 = STYLED_ITEM ( 'NONE', ( #3372 ), #2770 ) ;
#5083 = FACE_BOUND ( 'NONE', #3092, .T. ) ;
#5084 = ADVANCED_FACE ( 'NONE', ( #1924 ), #3509, .T. ) ;
#5085 =( GEOMETRIC_REPRESENTATION_CONTEXT ( 3 ) GLOBAL_UNCERTAINTY_ASSIGNED_CONTEXT ( ( #4321 ) ) GLOBAL_UNIT_ASSIGNED_CONTEXT ( ( #5104, #690, #638 ) ) REPRESENTATION_CONTEXT ( 'NONE', 'WORKASPACE' ) );
#5086 = UNCERTAINTY_MEASURE_WITH_UNIT (LENGTH_MEASURE( 1.000000000000000082E-05 ), #2277, 'distance_accuracy_value', 'NONE');
#5087 = ORIENTED_EDGE ( 'NONE', *, *, #202, .T. ) ;
#5088 = CARTESIAN_POINT ( 'NONE',  ( -25.21560895306279804, -7.412064946983717206, -2.975595618759591332 ) ) ;
#5089 = SURFACE_SIDE_STYLE ('',( #1606 ) ) ;
#5090 = CARTESIAN_POINT ( 'NONE',  ( -66.23019663051765349, -25.61976863831320372, -4.402746374744928914 ) ) ;
#5091 = CARTESIAN_POINT ( 'NONE',  ( -62.21879520512352002, -26.78747006010002352, -3.368657879765187602 ) ) ;
#5092 = FACE_OUTER_BOUND ( 'NONE', #2640, .T. ) ;
#5093 = VECTOR ( 'NONE', #2109, 1000.000000000000000 ) ;
#5094 = EDGE_LOOP ( 'NONE', ( #4077, #205, #375, #3006, #5004 ) ) ;
#5095 = CARTESIAN_POINT ( 'NONE',  ( -64.64602064803766268, -4.650000000000002132, 8.918005071595212385 ) ) ;
#5096 = CARTESIAN_POINT ( 'NONE',  ( -61.19176914136615153, -7.797226908296298831, -3.538924954581257332 ) ) ;
#5097 =( LENGTH_UNIT ( ) NAMED_UNIT ( * ) SI_UNIT ( .MILLI., .METRE. ) );
#5098 = APPLICATION_CONTEXT ( 'automotive_design' ) ;
#5099 = CARTESIAN_POINT ( 'NONE',  ( -25.94244912449861218, -7.456317212976846243, -2.217838539874574355 ) ) ;
#5100 = B_SPLINE_CURVE_WITH_KNOTS ( 'NONE', 3,
 ( #2201, #2442, #3626, #1425, #1705, #61 ),
 .UNSPECIFIED., .F., .F.,
 ( 4, 2, 4 ),
 ( 0.000000000000000000, 0.5000000000000000000, 1.000000000000000000 ),
 .UNSPECIFIED. ) ;
#5101 = PRESENTATION_STYLE_ASSIGNMENT (( #3823 ) ) ;
#5102 = STYLED_ITEM ( 'NONE', ( #4400 ), #1167 ) ;
#5103 = CARTESIAN_POINT ( 'NONE',  ( -80.68188843224520213, -20.66670202984674987, -1.745732142114848617 ) ) ;
#5104 =( LENGTH_UNIT ( ) NAMED_UNIT ( * ) SI_UNIT ( .MILLI., .METRE. ) );
#5105 = SURFACE_STYLE_FILL_AREA ( #3451 ) ;
#5106 = FILL_AREA_STYLE ('',( #3104 ) ) ;
#5107 = CARTESIAN_POINT ( 'NONE',  ( -47.48391509267746358, -5.348650993244951302, -4.378233703376900543 ) ) ;
#5108 = DIRECTION ( 'NONE',  ( 0.000000000000000000, 1.000000000000000000, 0.000000000000000000 ) ) ;
#5109 = VERTEX_POINT ( 'NONE', #3964 ) ;
#5110 = UNCERTAINTY_MEASURE_WITH_UNIT (LENGTH_MEASURE( 1.000000000000000082E-05 ), #1922, 'distance_accuracy_value', 'NONE');
#5111 = CARTESIAN_POINT ( 'NONE',  ( -51.06187811753463990, -29.99993562742634623, 0.2122432878266599654 ) ) ;
#5112 = SURFACE_SIDE_STYLE ('',( #362 ) ) ;
#5113 = CARTESIAN_POINT ( 'NONE',  ( -21.82802967625238821, -0.5000000000000073275, -4.559189662995773773 ) ) ;
#5114 = EDGE_CURVE ( 'NONE', #1272, #1371, #859, .T. ) ;
#5115 = ORIENTED_EDGE ( 'NONE', *, *, #251, .T. ) ;
#5116 = LINE ( 'NONE', #3866, #2392 ) ;
#5117 = CARTESIAN_POINT ( 'NONE',  ( -65.90843018481048432, -25.21122988475065796, -5.000021711432758309 ) ) ;
#5118 = CARTESIAN_POINT ( 'NONE',  ( -64.64602064803766268, -20.19999999999999929, 8.918005071595212385 ) ) ;
#5119 = EDGE_CURVE ( 'NONE', #485, #188, #3474, .T. ) ;
#5120 = VERTEX_POINT ( 'NONE', #455 ) ;
#5121 = CARTESIAN_POINT ( 'NONE',  ( -60.38469351285674946, -7.153853506943126384, -3.181183541444682294 ) ) ;
#5122 =( NAMED_UNIT ( * ) SI_UNIT ( $, .STERADIAN. ) SOLID_ANGLE_UNIT ( ) );
#5123 = CARTESIAN_POINT ( 'NONE',  ( -51.15856999586706877, -29.98591115208564162, 0.2075817636113522213 ) ) ;
#5124 = EDGE_CURVE ( 'NONE', #1382, #3599, #483, .T. ) ;
#5125 = CARTESIAN_POINT ( 'NONE',  ( -28.46590194671591689, -7.649271364760859448, -1.149725514782527824 ) ) ;
#5126 = LINE ( 'NONE', #659, #1839 ) ;
#5127 = STYLED_ITEM ( 'NONE', ( #494 ), #4703 ) ;
#5128 = SURFACE_SIDE_STYLE ('',( #4757 ) ) ;
#5129 =( NAMED_UNIT ( * ) PLANE_ANGLE_UNIT ( ) SI_UNIT ( $, .RADIAN. ) );
#5130 = DIRECTION ( 'NONE',  ( -1.000000000000000000, 0.000000000000000000, 0.000000000000000000 ) ) ;
#5131 = ORIENTED_EDGE ( 'NONE', *, *, #4037, .F. ) ;
#5132 = ORIENTED_EDGE ( 'NONE', *, *, #3318, .F. ) ;
#5133 = COLOUR_RGB ( '',1.000000000000000000, 0.000000000000000000, 0.000000000000000000 ) ;
#5134 = CARTESIAN_POINT ( 'NONE',  ( -88.16957205571310396, -19.05528607688199827, -3.933631250685644787 ) ) ;
#5135 = ORIENTED_EDGE ( 'NONE', *, *, #880, .T. ) ;
#5136 = CARTESIAN_POINT ( 'NONE',  ( -61.69312044193318201, -10.55718125076159986, -3.769865270962964754 ) ) ;
#5137 = FACE_OUTER_BOUND ( 'NONE', #650, .T. ) ;
#5138 = UNCERTAINTY_MEASURE_WITH_UNIT (LENGTH_MEASURE( 1.000000000000000082E-05 ), #1679, 'distance_accuracy_value', 'NONE');
#5139 = DIRECTION ( 'NONE',  ( 0.6454511755213087065, -0.5773502691896348349, -0.5000594431513287752 ) ) ;
#5140 = SURFACE_STYLE_USAGE ( .BOTH. , #4303 ) ;
#5141 = DIRECTION ( 'NONE',  ( -0.7071067811865513475, 0.000000000000000000, 0.7071067811865437980 ) ) ;
#5142 = ORIENTED_EDGE ( 'NONE', *, *, #4417, .F. ) ;
#5143 = FACE_OUTER_BOUND ( 'NONE', #1162, .T. ) ;
#5144 = CARTESIAN_POINT ( 'NONE',  ( -62.03566049178974851, -10.18825602545148712, -3.933748659255188684 ) ) ;
#5145 = FACE_OUTER_BOUND ( 'NONE', #1538, .T. ) ;
#5146 = EDGE_CURVE ( 'NONE', #671, #3618, #4278, .T. ) ;
#5147 = CARTESIAN_POINT ( 'NONE',  ( -84.13355040200339374, -0.04217371477884752917, 6.475967047746605587 ) ) ;
#5148 = DIRECTION ( 'NONE',  ( -1.000000000000000000, 0.000000000000000000, 0.000000000000000000 ) ) ;
#5149 = DIRECTION ( 'NONE',  ( 4.625929269271483942E-16, 0.000000000000000000, -1.000000000000000000 ) ) ;
#5150 =( GEOMETRIC_REPRESENTATION_CONTEXT ( 3 ) GLOBAL_UNCERTAINTY_ASSIGNED_CONTEXT ( ( #1956 ) ) GLOBAL_UNIT_ASSIGNED_CONTEXT ( ( #1220, #2419, #4820 ) ) REPRESENTATION_CONTEXT ( 'NONE', 'WORKASPACE' ) );
#5151 = CARTESIAN_POINT ( 'NONE',  ( -89.93497221669042574, -1.738379715641486190, 5.236312287585160874 ) ) ;
#5152 = CARTESIAN_POINT ( 'NONE',  ( -29.91421356237311358, -30.00000000000000000, 8.499999999999994671 ) ) ;
#5153 = B_SPLINE_CURVE_WITH_KNOTS ( 'NONE', 3,
 ( #1126, #4797, #5144, #761, #1540, #3099, #826, #2807, #4719, #1179, #5096, #377, #3154, #5121, #1610, #1567, #3124, #4406, #1149, #3581, #3180, #3978, #4752, #785, #2759, #4381, #2350, #3958, #397, #4361, #806, #2371 ),
 .UNSPECIFIED., .F., .F.,
 ( 4, 2, 2, 2, 2, 2, 2, 2, 2, 2, 2, 2, 2, 2, 2, 4 ),
 ( 0.02058389973023588143, 0.02124655430995636696, 0.02190920888967685248, 0.02257186346939733801, 0.02323451804911782353, 0.02389717262883830906, 0.02455982720855879459, 0.02522248178827928011, 0.02588513636799976564, 0.02721044552744073669, 0.02787310010716122916, 0.02853575468688172162, 0.02919840926660221755, 0.02986106384632271002, 0.03052371842604320595, 0.03118637300576369842 ),
 .UNSPECIFIED. ) ;
#5154 =( GEOMETRIC_REPRESENTATION_CONTEXT ( 3 ) GLOBAL_UNCERTAINTY_ASSIGNED_CONTEXT ( ( #795 ) ) GLOBAL_UNIT_ASSIGNED_CONTEXT ( ( #2504, #149, #2135 ) ) REPRESENTATION_CONTEXT ( 'NONE', 'WORKASPACE' ) );
#5155 = VERTEX_POINT ( 'NONE', #792 ) ;
#5156 =( NAMED_UNIT ( * ) SI_UNIT ( $, .STERADIAN. ) SOLID_ANGLE_UNIT ( ) );
#5157 = VECTOR ( 'NONE', #791, 1000.000000000000000 ) ;
#5158 = UNCERTAINTY_MEASURE_WITH_UNIT (LENGTH_MEASURE( 1.000000000000000082E-05 ), #3510, 'distance_accuracy_value', 'NONE');
#5159 =( GEOMETRIC_REPRESENTATION_CONTEXT ( 3 ) GLOBAL_UNCERTAINTY_ASSIGNED_CONTEXT ( ( #5158 ) ) GLOBAL_UNIT_ASSIGNED_CONTEXT ( ( #3510, #422, #877 ) ) REPRESENTATION_CONTEXT ( 'NONE', 'WORKASPACE' ) );
ENDSEC;
END-ISO-10303-21;
