ISO-10303-21;
HEADER;
FILE_DESCRIPTION (( 'STEP AP214' ),
    '1' );
FILE_NAME ('TOOL FLANGE.STEP',
    '2026-09-14T09:14:40',
    ( '' ),
    ( '' ),
    'SwSTEP 2.0',
    'SolidWorks 2025',
    '' );
FILE_SCHEMA (( 'AUTOMOTIVE_DESIGN' ));
ENDSEC;

DATA;
#1 =( LENGTH_UNIT ( ) NAMED_UNIT ( * ) SI_UNIT ( .MILLI., .METRE. ) );
#2 = VERTEX_POINT ( 'NONE', #1894 ) ;
#3 = DIRECTION ( 'NONE',  ( 0.000000000000000000, -1.000000000000000000, 0.000000000000000000 ) ) ;
#4 = DIRECTION ( 'NONE',  ( 1.000000000000000000, 0.000000000000000000, 0.000000000000000000 ) ) ;
#5 = STYLED_ITEM ( 'NONE', ( #211 ), #1465 ) ;
#6 = FACE_OUTER_BOUND ( 'NONE', #816, .T. ) ;
#7 = AXIS2_PLACEMENT_3D ( 'NONE', #26, #2239, #769 ) ;
#8 = CARTESIAN_POINT ( 'NONE',  ( -35.77049999999999841, -6.155000190734869925, -12.00000000000000000 ) ) ;
#9 = DIRECTION ( 'NONE',  ( 0.000000000000000000, -1.000000000000000000, 0.000000000000000000 ) ) ;
#10 =( NAMED_UNIT ( * ) PLANE_ANGLE_UNIT ( ) SI_UNIT ( $, .RADIAN. ) );
#11 = ORIENTED_EDGE ( 'NONE', *, *, #2261, .F. ) ;
#12 = EDGE_CURVE ( 'NONE', #1081, #2629, #2133, .T. ) ;
#13 = SURFACE_STYLE_USAGE ( .BOTH. , #1525 ) ;
#14 = CARTESIAN_POINT ( 'NONE',  ( -27.00000000000000000, -9.000000000000000000, -19.50000000000000000 ) ) ;
#15 = DIRECTION ( 'NONE',  ( 1.000000000000000000, 0.000000000000000000, 0.000000000000000000 ) ) ;
#16 = CARTESIAN_POINT ( 'NONE',  ( 24.34264068711929951, -11.00000000000000000, 24.00000000000000000 ) ) ;
#17 = DIRECTION ( 'NONE',  ( 0.000000000000000000, 1.000000000000000000, 0.000000000000000000 ) ) ;
#18 = DIRECTION ( 'NONE',  ( 0.000000000000000000, -1.000000000000000000, 0.000000000000000000 ) ) ;
#19 = ORIENTED_EDGE ( 'NONE', *, *, #500, .F. ) ;
#20 = CARTESIAN_POINT ( 'NONE',  ( -38.22950000000000159, -6.155000190734869925, -12.00000000000000000 ) ) ;
#21 = ORIENTED_EDGE ( 'NONE', *, *, #830, .F. ) ;
#22 = ADVANCED_FACE ( 'NONE', ( #2876 ), #691, .F. ) ;
#23 = EDGE_CURVE ( 'NONE', #2718, #2746, #711, .T. ) ;
#24 = DIRECTION ( 'NONE',  ( 1.000000000000000000, 0.000000000000000000, 0.000000000000000000 ) ) ;
#25 = VECTOR ( 'NONE', #2776, 1000.000000000000000 ) ;
#26 = CARTESIAN_POINT ( 'NONE',  ( 37.00000000000000000, -19.50000000000000000, 0.000000000000000000 ) ) ;
#27 = ORIENTED_EDGE ( 'NONE', *, *, #1781, .T. ) ;
#28 = MECHANICAL_DESIGN_GEOMETRIC_PRESENTATION_REPRESENTATION (  '', ( #1201 ), #439 ) ;
#29 = STYLED_ITEM ( 'NONE', ( #1227 ), #1824 ) ;
#30 = PRESENTATION_STYLE_ASSIGNMENT (( #1233 ) ) ;
#31 =( NAMED_UNIT ( * ) PLANE_ANGLE_UNIT ( ) SI_UNIT ( $, .RADIAN. ) );
#32 = PRESENTATION_LAYER_ASSIGNMENT (  '', '', ( #1873 ) ) ;
#33 = MECHANICAL_DESIGN_GEOMETRIC_PRESENTATION_REPRESENTATION (  '', ( #2183 ), #448 ) ;
#34 = ORIENTED_EDGE ( 'NONE', *, *, #2777, .T. ) ;
#35 = AXIS2_PLACEMENT_3D ( 'NONE', #361, #2811, #2051 ) ;
#36 =( GEOMETRIC_REPRESENTATION_CONTEXT ( 3 ) GLOBAL_UNCERTAINTY_ASSIGNED_CONTEXT ( ( #287 ) ) GLOBAL_UNIT_ASSIGNED_CONTEXT ( ( #2254, #941, #301 ) ) REPRESENTATION_CONTEXT ( 'NONE', 'WORKASPACE' ) );
#37 = CARTESIAN_POINT ( 'NONE',  ( 0.000000000000000000, 11.00000000000000000, 25.00000000000000000 ) ) ;
#38 = SURFACE_STYLE_FILL_AREA ( #1455 ) ;
#39 = PRESENTATION_LAYER_ASSIGNMENT (  '', '', ( #1362 ) ) ;
#40 = DIRECTION ( 'NONE',  ( 0.7071067811865425767, -0.7071067811865525687, 1.256073966947019345E-15 ) ) ;
#41 = VECTOR ( 'NONE', #629, 1000.000000000000000 ) ;
#42 = ORIENTED_EDGE ( 'NONE', *, *, #1588, .F. ) ;
#43 = AXIS2_PLACEMENT_3D ( 'NONE', #1033, #95, #2799 ) ;
#44 =( LENGTH_UNIT ( ) NAMED_UNIT ( * ) SI_UNIT ( .MILLI., .METRE. ) );
#45 = LINE ( 'NONE', #14, #1729 ) ;
#46 = AXIS2_PLACEMENT_3D ( 'NONE', #2356, #1127, #2104 ) ;
#47 = STYLED_ITEM ( 'NONE', ( #172 ), #653 ) ;
#48 = EDGE_CURVE ( 'NONE', #1787, #1502, #714, .T. ) ;
#49 = COLOUR_RGB ( '',1.000000000000000000, 1.000000000000000000, 0.5019607843137254832 ) ;
#50 = CARTESIAN_POINT ( 'NONE',  ( 20.87766952966369871, -4.000000000000000000, 17.67766952966370297 ) ) ;
#51 = DIRECTION ( 'NONE',  ( 1.000000000000000000, 0.000000000000000000, 0.000000000000000000 ) ) ;
#52 = ORIENTED_EDGE ( 'NONE', *, *, #419, .T. ) ;
#53 = DIRECTION ( 'NONE',  ( 1.000000000000000000, 0.000000000000000000, 0.000000000000000000 ) ) ;
#54 = VERTEX_POINT ( 'NONE', #2167 ) ;
#55 = STYLED_ITEM ( 'NONE', ( #1671 ), #983 ) ;
#56 =( NAMED_UNIT ( * ) SI_UNIT ( $, .STERADIAN. ) SOLID_ANGLE_UNIT ( ) );
#57 = FILL_AREA_STYLE_COLOUR ( '', #2653 ) ;
#58 = SURFACE_STYLE_FILL_AREA ( #1264 ) ;
#59 = AXIS2_PLACEMENT_3D ( 'NONE', #1920, #2096, #674 ) ;
#60 = EDGE_LOOP ( 'NONE', ( #1047, #940, #2838, #326 ) ) ;
#61 = AXIS2_PLACEMENT_3D ( 'NONE', #194, #1164, #1657 ) ;
#62 = SURFACE_STYLE_FILL_AREA ( #1477 ) ;
#63 = PRESENTATION_STYLE_ASSIGNMENT (( #993 ) ) ;
#64 = DIRECTION ( 'NONE',  ( 1.000000000000000000, 0.000000000000000000, 0.000000000000000000 ) ) ;
#65 = PRESENTATION_STYLE_ASSIGNMENT (( #580 ) ) ;
#66 = CARTESIAN_POINT ( 'NONE',  ( -29.50000000000000000, -9.000000000000000000, -17.00000000000000000 ) ) ;
#67 = ORIENTED_EDGE ( 'NONE', *, *, #2135, .T. ) ;
#68 = EDGE_CURVE ( 'NONE', #3059, #324, #1424, .T. ) ;
#69 = SURFACE_STYLE_FILL_AREA ( #1759 ) ;
#70 = CARTESIAN_POINT ( 'NONE',  ( 0.000000000000000000, -4.000000000000000000, -25.00000000000000000 ) ) ;
#71 = ORIENTED_EDGE ( 'NONE', *, *, #179, .T. ) ;
#72 = VERTEX_POINT ( 'NONE', #476 ) ;
#73 = CARTESIAN_POINT ( 'NONE',  ( -6.032211767130019833E-15, -1.300000000000000044, 25.00000000000000000 ) ) ;
#74 = FACE_OUTER_BOUND ( 'NONE', #1354, .T. ) ;
#75 = LINE ( 'NONE', #2735, #2815 ) ;
#76 = CARTESIAN_POINT ( 'NONE',  ( 25.50000000000000000, -11.00000000000000000, -24.00000000000000000 ) ) ;
#77 = MECHANICAL_DESIGN_GEOMETRIC_PRESENTATION_REPRESENTATION (  '', ( #2789 ), #1553 ) ;
#78 = PRESENTATION_STYLE_ASSIGNMENT (( #2272 ) ) ;
#79 = ORIENTED_EDGE ( 'NONE', *, *, #997, .T. ) ;
#80 = AXIS2_PLACEMENT_3D ( 'NONE', #887, #1135, #2841 ) ;
#81 = DIRECTION ( 'NONE',  ( 1.000000000000000000, 0.000000000000000000, 0.000000000000000000 ) ) ;
#82 = EDGE_CURVE ( 'NONE', #2520, #1787, #2706, .T. ) ;
#83 = VECTOR ( 'NONE', #901, 1000.000000000000114 ) ;
#84 =( LENGTH_UNIT ( ) NAMED_UNIT ( * ) SI_UNIT ( .MILLI., .METRE. ) );
#85 = FILL_AREA_STYLE ('',( #1310 ) ) ;
#86 = VERTEX_POINT ( 'NONE', #730 ) ;
#87 = SHAPE_DEFINITION_REPRESENTATION ( #2236, #2048 ) ;
#88 =( GEOMETRIC_REPRESENTATION_CONTEXT ( 3 ) GLOBAL_UNCERTAINTY_ASSIGNED_CONTEXT ( ( #985 ) ) GLOBAL_UNIT_ASSIGNED_CONTEXT ( ( #2757, #1566, #849 ) ) REPRESENTATION_CONTEXT ( 'NONE', 'WORKASPACE' ) );
#89 = STYLED_ITEM ( 'NONE', ( #1493 ), #2303 ) ;
#90 = MECHANICAL_DESIGN_GEOMETRIC_PRESENTATION_REPRESENTATION (  '', ( #2344 ), #1414 ) ;
#91 =( NAMED_UNIT ( * ) PLANE_ANGLE_UNIT ( ) SI_UNIT ( $, .RADIAN. ) );
#92 = PRODUCT_DEFINITION_FORMATION_WITH_SPECIFIED_SOURCE ( 'ANY', '', #526, .NOT_KNOWN. ) ;
#93 = EDGE_CURVE ( 'NONE', #823, #1347, #2962, .T. ) ;
#94 = DIRECTION ( 'NONE',  ( -1.000000000000000000, 0.000000000000000000, 0.000000000000000000 ) ) ;
#95 = DIRECTION ( 'NONE',  ( 0.000000000000000000, -1.000000000000000000, 0.000000000000000000 ) ) ;
#96 = DIRECTION ( 'NONE',  ( 1.000000000000000000, 0.000000000000000000, 0.000000000000000000 ) ) ;
#97 = PRESENTATION_LAYER_ASSIGNMENT (  '', '', ( #2911 ) ) ;
#98 = CIRCLE ( 'NONE', #508, 3.200000000000001510 ) ;
#99 = FACE_OUTER_BOUND ( 'NONE', #2113, .T. ) ;
#100 = PLANE ( 'NONE',  #1690 ) ;
#101 = ORIENTED_EDGE ( 'NONE', *, *, #904, .F. ) ;
#102 = FILL_AREA_STYLE_COLOUR ( '', #996 ) ;
#103 = FACE_BOUND ( 'NONE', #2527, .T. ) ;
#104 = ORIENTED_EDGE ( 'NONE', *, *, #2176, .T. ) ;
#105 = PRODUCT_CONTEXT ( 'NONE', #198, 'mechanical' ) ;
#106 = AXIS2_PLACEMENT_3D ( 'NONE', #2484, #2242, #2691 ) ;
#107 = ORIENTED_EDGE ( 'NONE', *, *, #2435, .T. ) ;
#108 = CARTESIAN_POINT ( 'NONE',  ( -27.00000000000000000, -11.00000000000000000, 19.50000000000000000 ) ) ;
#109 = PLANE ( 'NONE',  #2034 ) ;
#110 = EDGE_CURVE ( 'NONE', #284, #1234, #2445, .T. ) ;
#111 =( GEOMETRIC_REPRESENTATION_CONTEXT ( 3 ) GLOBAL_UNCERTAINTY_ASSIGNED_CONTEXT ( ( #2822 ) ) GLOBAL_UNIT_ASSIGNED_CONTEXT ( ( #1336, #3058, #2853 ) ) REPRESENTATION_CONTEXT ( 'NONE', 'WORKASPACE' ) );
#112 =( LENGTH_UNIT ( ) NAMED_UNIT ( * ) SI_UNIT ( .MILLI., .METRE. ) );
#113 = CARTESIAN_POINT ( 'NONE',  ( 0.000000000000000000, -4.000000000000000000, 25.00000000000000000 ) ) ;
#114 =( LENGTH_UNIT ( ) NAMED_UNIT ( * ) SI_UNIT ( .MILLI., .METRE. ) );
#115 = SURFACE_STYLE_USAGE ( .BOTH. , #2312 ) ;
#116 = DIRECTION ( 'NONE',  ( 1.000000000000000000, 0.000000000000000000, 0.000000000000000000 ) ) ;
#117 = SURFACE_STYLE_FILL_AREA ( #761 ) ;
#118 = PLANE ( 'NONE',  #2339 ) ;
#119 = SURFACE_STYLE_FILL_AREA ( #85 ) ;
#120 = ORIENTED_EDGE ( 'NONE', *, *, #2135, .F. ) ;
#121 = VERTEX_POINT ( 'NONE', #1499 ) ;
#122 = CARTESIAN_POINT ( 'NONE',  ( 20.87766952966369871, 11.00000000000000000, -17.67766952966370297 ) ) ;
#123 = EDGE_CURVE ( 'NONE', #1693, #2746, #294, .T. ) ;
#124 = DIRECTION ( 'NONE',  ( 0.4999999999999998890, 0.000000000000000000, 0.8660254037844387076 ) ) ;
#125 = ADVANCED_FACE ( 'NONE', ( #1709 ), #2944, .T. ) ;
#126 = DIRECTION ( 'NONE',  ( -1.000000000000000000, 0.000000000000000000, 0.000000000000000000 ) ) ;
#127 = ORIENTED_EDGE ( 'NONE', *, *, #128, .T. ) ;
#128 = EDGE_CURVE ( 'NONE', #712, #844, #145, .T. ) ;
#129 = UNCERTAINTY_MEASURE_WITH_UNIT (LENGTH_MEASURE( 1.000000000000000082E-05 ), #2083, 'distance_accuracy_value', 'NONE');
#130 = DIRECTION ( 'NONE',  ( 0.000000000000000000, 0.000000000000000000, 1.000000000000000000 ) ) ;
#131 = CYLINDRICAL_SURFACE ( 'NONE', #1614, 1.500000000000001332 ) ;
#132 = MECHANICAL_DESIGN_GEOMETRIC_PRESENTATION_REPRESENTATION (  '', ( #946 ), #1300 ) ;
#133 = VECTOR ( 'NONE', #3136, 1000.000000000000114 ) ;
#134 = VERTEX_POINT ( 'NONE', #561 ) ;
#135 = CIRCLE ( 'NONE', #2490, 2.299999999999999822 ) ;
#136 = ORIENTED_EDGE ( 'NONE', *, *, #2033, .T. ) ;
#137 = DIRECTION ( 'NONE',  ( 1.000000000000000000, 0.000000000000000000, 0.000000000000000000 ) ) ;
#138 = PRESENTATION_STYLE_ASSIGNMENT (( #1571 ) ) ;
#139 = VECTOR ( 'NONE', #1680, 1000.000000000000000 ) ;
#140 = STYLED_ITEM ( 'NONE', ( #1697 ), #2007 ) ;
#141 = VECTOR ( 'NONE', #551, 1000.000000000000000 ) ;
#142 = EDGE_CURVE ( 'NONE', #2746, #2718, #3164, .T. ) ;
#143 =( NAMED_UNIT ( * ) PLANE_ANGLE_UNIT ( ) SI_UNIT ( $, .RADIAN. ) );
#144 = EDGE_LOOP ( 'NONE', ( #3047, #840, #67, #898 ) ) ;
#145 = CIRCLE ( 'NONE', #1011, 2.500000000000000444 ) ;
#146 = AXIS2_PLACEMENT_3D ( 'NONE', #1381, #168, #1138 ) ;
#147 = VERTEX_POINT ( 'NONE', #312 ) ;
#148 = CARTESIAN_POINT ( 'NONE',  ( 0.000000000000000000, 0.000000000000000000, 25.00000000000000000 ) ) ;
#149 = DIRECTION ( 'NONE',  ( 0.000000000000000000, 1.000000000000000000, 0.000000000000000000 ) ) ;
#150 = VECTOR ( 'NONE', #265, 1000.000000000000000 ) ;
#151 = PRESENTATION_LAYER_ASSIGNMENT (  '', '', ( #1577 ) ) ;
#152 = CARTESIAN_POINT ( 'NONE',  ( 27.00000000000000000, -11.00000000000000000, -24.00000000000000000 ) ) ;
#153 =( NAMED_UNIT ( * ) SI_UNIT ( $, .STERADIAN. ) SOLID_ANGLE_UNIT ( ) );
#154 = AXIS2_PLACEMENT_3D ( 'NONE', #3129, #2619, #660 ) ;
#155 = VERTEX_POINT ( 'NONE', #1987 ) ;
#156 = AXIS2_PLACEMENT_3D ( 'NONE', #1739, #2423, #2474 ) ;
#157 = FILL_AREA_STYLE_COLOUR ( '', #1776 ) ;
#158 = CARTESIAN_POINT ( 'NONE',  ( -27.00000000000000000, -1.000000000000000000, -25.00000000000000000 ) ) ;
#159 = ORIENTED_EDGE ( 'NONE', *, *, #1389, .T. ) ;
#160 = UNCERTAINTY_MEASURE_WITH_UNIT (LENGTH_MEASURE( 1.000000000000000082E-05 ), #3146, 'distance_accuracy_value', 'NONE');
#161 = FILL_AREA_STYLE_COLOUR ( '', #545 ) ;
#162 = FACE_OUTER_BOUND ( 'NONE', #304, .T. ) ;
#163 = ADVANCED_FACE ( 'NONE', ( #473 ), #1435, .T. ) ;
#164 = SURFACE_STYLE_USAGE ( .BOTH. , #2633 ) ;
#165 = ORIENTED_EDGE ( 'NONE', *, *, #2726, .T. ) ;
#166 = ADVANCED_FACE ( 'NONE', ( #652 ), #1573, .T. ) ;
#167 = FACE_OUTER_BOUND ( 'NONE', #1143, .T. ) ;
#168 = DIRECTION ( 'NONE',  ( -0.000000000000000000, -0.7071067811865475727, -0.7071067811865475727 ) ) ;
#169 = FILL_AREA_STYLE_COLOUR ( '', #1374 ) ;
#170 = CARTESIAN_POINT ( 'NONE',  ( 37.00000000000000000, -11.00000000000000000, 12.00000000000000000 ) ) ;
#171 = LINE ( 'NONE', #1140, #1815 ) ;
#172 = PRESENTATION_STYLE_ASSIGNMENT (( #3057 ) ) ;
#173 = DIRECTION ( 'NONE',  ( 1.000000000000000000, 0.000000000000000000, 0.000000000000000000 ) ) ;
#174 = ORIENTED_EDGE ( 'NONE', *, *, #1235, .F. ) ;
#175 = FACE_BOUND ( 'NONE', #2361, .T. ) ;
#176 = DIRECTION ( 'NONE',  ( 0.000000000000000000, 1.000000000000000000, 0.000000000000000000 ) ) ;
#177 = PRESENTATION_STYLE_ASSIGNMENT (( #164 ) ) ;
#178 = ORIENTED_EDGE ( 'NONE', *, *, #1356, .T. ) ;
#179 = EDGE_CURVE ( 'NONE', #134, #3092, #1899, .T. ) ;
#180 = DIRECTION ( 'NONE',  ( 0.000000000000000000, -0.7071067811865474617, 0.7071067811865474617 ) ) ;
#181 = MECHANICAL_DESIGN_GEOMETRIC_PRESENTATION_REPRESENTATION (  '', ( #89 ), #1615 ) ;
#182 = FILL_AREA_STYLE ('',( #1649 ) ) ;
#183 = COLOUR_RGB ( '',1.000000000000000000, 1.000000000000000000, 0.5019607843137254832 ) ;
#184 = DIRECTION ( 'NONE',  ( 0.000000000000000000, 1.000000000000000000, 0.000000000000000000 ) ) ;
#185 = DIRECTION ( 'NONE',  ( 0.000000000000000000, -1.000000000000000000, 0.000000000000000000 ) ) ;
#186 = AXIS2_PLACEMENT_3D ( 'NONE', #1137, #678, #2368 ) ;
#187 = AXIS2_PLACEMENT_3D ( 'NONE', #1996, #1981, #532 ) ;
#188 = CIRCLE ( 'NONE', #1970, 43.50000000000000000 ) ;
#189 = FILL_AREA_STYLE_COLOUR ( '', #2224 ) ;
#190 = VERTEX_POINT ( 'NONE', #1654 ) ;
#191 = PRESENTATION_LAYER_ASSIGNMENT (  '', '', ( #1207 ) ) ;
#192 = AXIS2_PLACEMENT_3D ( 'NONE', #2567, #827, #1852 ) ;
#193 = CARTESIAN_POINT ( 'NONE',  ( 0.000000000000000000, -9.750000000000000000, 0.000000000000000000 ) ) ;
#194 = CARTESIAN_POINT ( 'NONE',  ( -27.00000000000000000, 0.000000000000000000, 0.000000000000000000 ) ) ;
#195 = VERTEX_POINT ( 'NONE', #1176 ) ;
#196 = CIRCLE ( 'NONE', #758, 3.199999999999999734 ) ;
#197 = UNCERTAINTY_MEASURE_WITH_UNIT (LENGTH_MEASURE( 1.000000000000000082E-05 ), #1790, 'distance_accuracy_value', 'NONE');
#198 = APPLICATION_CONTEXT ( 'automotive_design' ) ;
#199 =( NAMED_UNIT ( * ) SI_UNIT ( $, .STERADIAN. ) SOLID_ANGLE_UNIT ( ) );
#200 = PRESENTATION_STYLE_ASSIGNMENT (( #2363 ) ) ;
#201 =( NAMED_UNIT ( * ) SI_UNIT ( $, .STERADIAN. ) SOLID_ANGLE_UNIT ( ) );
#202 = ORIENTED_EDGE ( 'NONE', *, *, #2924, .F. ) ;
#203 = FACE_OUTER_BOUND ( 'NONE', #463, .T. ) ;
#204 = LINE ( 'NONE', #2383, #3045 ) ;
#205 = DIRECTION ( 'NONE',  ( -1.000000000000000000, 0.000000000000000000, 0.000000000000000000 ) ) ;
#206 =( GEOMETRIC_REPRESENTATION_CONTEXT ( 3 ) GLOBAL_UNCERTAINTY_ASSIGNED_CONTEXT ( ( #356 ) ) GLOBAL_UNIT_ASSIGNED_CONTEXT ( ( #348, #380, #2305 ) ) REPRESENTATION_CONTEXT ( 'NONE', 'WORKASPACE' ) );
#207 = DIRECTION ( 'NONE',  ( 0.000000000000000000, -1.000000000000000000, 0.000000000000000000 ) ) ;
#208 =( GEOMETRIC_REPRESENTATION_CONTEXT ( 3 ) GLOBAL_UNCERTAINTY_ASSIGNED_CONTEXT ( ( #1857 ) ) GLOBAL_UNIT_ASSIGNED_CONTEXT ( ( #552, #2512, #2264 ) ) REPRESENTATION_CONTEXT ( 'NONE', 'WORKASPACE' ) );
#209 = VECTOR ( 'NONE', #2414, 1000.000000000000000 ) ;
#210 = FILL_AREA_STYLE ('',( #998 ) ) ;
#211 = PRESENTATION_STYLE_ASSIGNMENT (( #2408 ) ) ;
#212 = VERTEX_POINT ( 'NONE', #2158 ) ;
#213 = AXIS2_PLACEMENT_3D ( 'NONE', #2343, #1112, #2373 ) ;
#214 = DIRECTION ( 'NONE',  ( 1.000000000000000000, 0.000000000000000000, 0.000000000000000000 ) ) ;
#215 = DIRECTION ( 'NONE',  ( 1.000000000000000000, 0.000000000000000000, 0.000000000000000000 ) ) ;
#216 = SURFACE_STYLE_FILL_AREA ( #2413 ) ;
#217 = EDGE_LOOP ( 'NONE', ( #272, #1558, #1328, #2134 ) ) ;
#218 = SURFACE_STYLE_FILL_AREA ( #3131 ) ;
#219 = CARTESIAN_POINT ( 'NONE',  ( 40.04060439104284796, -9.000000000000000000, -17.00000000000000000 ) ) ;
#220 = DIRECTION ( 'NONE',  ( 1.000000000000000000, 0.000000000000000000, 0.000000000000000000 ) ) ;
#221 = LINE ( 'NONE', #477, #1002 ) ;
#222 = EDGE_CURVE ( 'NONE', #2761, #2374, #2403, .T. ) ;
#223 = SURFACE_STYLE_FILL_AREA ( #239 ) ;
#224 = ORIENTED_EDGE ( 'NONE', *, *, #2258, .T. ) ;
#225 = SURFACE_STYLE_FILL_AREA ( #709 ) ;
#226 = FILL_AREA_STYLE_COLOUR ( '', #3074 ) ;
#227 = ORIENTED_EDGE ( 'NONE', *, *, #110, .T. ) ;
#228 = EDGE_CURVE ( 'NONE', #444, #336, #1263, .T. ) ;
#229 = DIRECTION ( 'NONE',  ( 0.000000000000000000, 1.000000000000000000, 0.000000000000000000 ) ) ;
#230 = LINE ( 'NONE', #1027, #2692 ) ;
#231 = DIRECTION ( 'NONE',  ( 1.000000000000000000, 0.000000000000000000, 0.000000000000000000 ) ) ;
#232 = ORIENTED_EDGE ( 'NONE', *, *, #1548, .F. ) ;
#233 = COLOUR_RGB ( '',1.000000000000000000, 1.000000000000000000, 0.5019607843137254832 ) ;
#234 = DIRECTION ( 'NONE',  ( 0.000000000000000000, -1.000000000000000000, 0.000000000000000000 ) ) ;
#235 =( GEOMETRIC_REPRESENTATION_CONTEXT ( 3 ) GLOBAL_UNCERTAINTY_ASSIGNED_CONTEXT ( ( #740 ) ) GLOBAL_UNIT_ASSIGNED_CONTEXT ( ( #734, #1250, #1735 ) ) REPRESENTATION_CONTEXT ( 'NONE', 'WORKASPACE' ) );
#236 = COLOUR_RGB ( '',1.000000000000000000, 1.000000000000000000, 0.5019607843137254832 ) ;
#237 = MECHANICAL_DESIGN_GEOMETRIC_PRESENTATION_REPRESENTATION (  '', ( #3049 ), #2693 ) ;
#238 = CARTESIAN_POINT ( 'NONE',  ( -7.071067811865479946, 0.000000000000000000, 25.00000000000000000 ) ) ;
#239 = FILL_AREA_STYLE ('',( #2661 ) ) ;
#240 = VERTEX_POINT ( 'NONE', #1999 ) ;
#241 = EDGE_CURVE ( 'NONE', #2301, #54, #2243, .T. ) ;
#242 = CIRCLE ( 'NONE', #2991, 3.199999999999999734 ) ;
#243 = AXIS2_PLACEMENT_3D ( 'NONE', #2611, #234, #1206 ) ;
#244 = DIRECTION ( 'NONE',  ( -0.4999999999999996669, 0.000000000000000000, 0.8660254037844388186 ) ) ;
#245 =( NAMED_UNIT ( * ) SI_UNIT ( $, .STERADIAN. ) SOLID_ANGLE_UNIT ( ) );
#246 = VECTOR ( 'NONE', #738, 1000.000000000000000 ) ;
#247 =( NAMED_UNIT ( * ) PLANE_ANGLE_UNIT ( ) SI_UNIT ( $, .RADIAN. ) );
#248 = PRESENTATION_LAYER_ASSIGNMENT (  '', '', ( #759 ) ) ;
#249 = SURFACE_STYLE_FILL_AREA ( #976 ) ;
#250 = VECTOR ( 'NONE', #2672, 1000.000000000000000 ) ;
#251 = PRESENTATION_STYLE_ASSIGNMENT (( #2749 ) ) ;
#252 = LINE ( 'NONE', #1267, #1369 ) ;
#253 = PRESENTATION_LAYER_ASSIGNMENT (  '', '', ( #408 ) ) ;
#254 = FILL_AREA_STYLE_COLOUR ( '', #2792 ) ;
#255 = FACE_OUTER_BOUND ( 'NONE', #2615, .T. ) ;
#256 = SURFACE_STYLE_USAGE ( .BOTH. , #1463 ) ;
#257 = ORIENTED_EDGE ( 'NONE', *, *, #1687, .F. ) ;
#258 = UNCERTAINTY_MEASURE_WITH_UNIT (LENGTH_MEASURE( 1.000000000000000082E-05 ), #1742, 'distance_accuracy_value', 'NONE');
#259 = CARTESIAN_POINT ( 'NONE',  ( -45.39392063727179760, -7.000000000000000000, 17.00000000000000000 ) ) ;
#260 = ORIENTED_EDGE ( 'NONE', *, *, #437, .T. ) ;
#261 = COLOUR_RGB ( '',1.000000000000000000, 1.000000000000000000, 0.5019607843137254832 ) ;
#262 = PRESENTATION_STYLE_ASSIGNMENT (( #2464 ) ) ;
#263 = EDGE_CURVE ( 'NONE', #2641, #190, #252, .T. ) ;
#264 = LINE ( 'NONE', #8, #2986 ) ;
#265 = DIRECTION ( 'NONE',  ( 0.000000000000000000, 1.000000000000000000, 0.000000000000000000 ) ) ;
#266 = ORIENTED_EDGE ( 'NONE', *, *, #2462, .T. ) ;
#267 = EDGE_CURVE ( 'NONE', #2688, #704, #1625, .T. ) ;
#268 = PRESENTATION_STYLE_ASSIGNMENT (( #2470 ) ) ;
#269 =( LENGTH_UNIT ( ) NAMED_UNIT ( * ) SI_UNIT ( .MILLI., .METRE. ) );
#270 = DIRECTION ( 'NONE',  ( 1.000000000000000000, 0.000000000000000000, 0.000000000000000000 ) ) ;
#271 = FACE_OUTER_BOUND ( 'NONE', #2513, .T. ) ;
#272 = ORIENTED_EDGE ( 'NONE', *, *, #2367, .F. ) ;
#273 = FILL_AREA_STYLE ('',( #2957 ) ) ;
#274 = ORIENTED_EDGE ( 'NONE', *, *, #1136, .F. ) ;
#275 = PRESENTATION_STYLE_ASSIGNMENT (( #2196 ) ) ;
#276 = CARTESIAN_POINT ( 'NONE',  ( 35.77049999999999841, -7.000000000000000000, -12.00000000000000000 ) ) ;
#277 = DIRECTION ( 'NONE',  ( -1.000000000000000000, 0.000000000000000000, 0.000000000000000000 ) ) ;
#278 = ORIENTED_EDGE ( 'NONE', *, *, #68, .T. ) ;
#279 = EDGE_CURVE ( 'NONE', #2332, #2468, #3063, .T. ) ;
#280 = LINE ( 'NONE', #2967, #2302 ) ;
#281 = FACE_OUTER_BOUND ( 'NONE', #1018, .T. ) ;
#282 = MECHANICAL_DESIGN_GEOMETRIC_PRESENTATION_REPRESENTATION (  '', ( #1659 ), #235 ) ;
#283 = LINE ( 'NONE', #1256, #2121 ) ;
#284 = VERTEX_POINT ( 'NONE', #537 ) ;
#285 =( GEOMETRIC_REPRESENTATION_CONTEXT ( 3 ) GLOBAL_UNCERTAINTY_ASSIGNED_CONTEXT ( ( #481 ) ) GLOBAL_UNIT_ASSIGNED_CONTEXT ( ( #1246, #2489, #2248 ) ) REPRESENTATION_CONTEXT ( 'NONE', 'WORKASPACE' ) );
#286 = VECTOR ( 'NONE', #2858, 1000.000000000000114 ) ;
#287 = UNCERTAINTY_MEASURE_WITH_UNIT (LENGTH_MEASURE( 1.000000000000000082E-05 ), #2254, 'distance_accuracy_value', 'NONE');
#288 = DIRECTION ( 'NONE',  ( 0.000000000000000000, 1.000000000000000000, 0.000000000000000000 ) ) ;
#289 = MECHANICAL_DESIGN_GEOMETRIC_PRESENTATION_REPRESENTATION (  '', ( #2649 ), #36 ) ;
#290 = EDGE_LOOP ( 'NONE', ( #1344, #1887, #1400, #1171, #724, #1089, #613, #2891, #1194, #1849, #3067, #818 ) ) ;
#291 = UNCERTAINTY_MEASURE_WITH_UNIT (LENGTH_MEASURE( 1.000000000000000082E-05 ), #84, 'distance_accuracy_value', 'NONE');
#292 = VECTOR ( 'NONE', #2879, 1000.000000000000000 ) ;
#293 =( NAMED_UNIT ( * ) SI_UNIT ( $, .STERADIAN. ) SOLID_ANGLE_UNIT ( ) );
#294 = LINE ( 'NONE', #20, #810 ) ;
#295 = CYLINDRICAL_SURFACE ( 'NONE', #1121, 3.200000000000001510 ) ;
#296 = ORIENTED_EDGE ( 'NONE', *, *, #2886, .F. ) ;
#297 = FILL_AREA_STYLE_COLOUR ( '', #1045 ) ;
#298 = FILL_AREA_STYLE_COLOUR ( '', #558 ) ;
#299 = MECHANICAL_DESIGN_GEOMETRIC_PRESENTATION_REPRESENTATION (  '', ( #2085 ), #1727 ) ;
#300 = STYLED_ITEM ( 'NONE', ( #1814 ), #365 ) ;
#301 =( NAMED_UNIT ( * ) SI_UNIT ( $, .STERADIAN. ) SOLID_ANGLE_UNIT ( ) );
#302 = DIRECTION ( 'NONE',  ( 0.000000000000000000, -1.000000000000000000, 0.000000000000000000 ) ) ;
#303 = DIRECTION ( 'NONE',  ( 1.000000000000000000, 0.000000000000000000, 0.000000000000000000 ) ) ;
#304 = EDGE_LOOP ( 'NONE', ( #728, #1856, #2543, #896 ) ) ;
#305 = DIRECTION ( 'NONE',  ( 1.000000000000000000, 0.000000000000000000, 0.000000000000000000 ) ) ;
#306 = DIRECTION ( 'NONE',  ( 0.000000000000000000, -1.000000000000000000, 0.000000000000000000 ) ) ;
#307 = VERTEX_POINT ( 'NONE', #1526 ) ;
#308 = PRESENTATION_LAYER_ASSIGNMENT (  '', '', ( #564 ) ) ;
#309 = FACE_BOUND ( 'NONE', #2932, .T. ) ;
#310 = EDGE_LOOP ( 'NONE', ( #1030, #2475, #274, #2868, #1700, #2990, #2534 ) ) ;
#311 = CIRCLE ( 'NONE', #1479, 1.500000000000001332 ) ;
#312 = CARTESIAN_POINT ( 'NONE',  ( -24.00000000000000000, -11.00000000000000000, -24.00000000000000000 ) ) ;
#313 = CARTESIAN_POINT ( 'NONE',  ( 26.00000000000000000, 0.000000000000000000, 25.00000000000000000 ) ) ;
#314 =( LENGTH_UNIT ( ) NAMED_UNIT ( * ) SI_UNIT ( .MILLI., .METRE. ) );
#315 = EDGE_LOOP ( 'NONE', ( #1190, #2652, #383, #1647 ) ) ;
#316 = DIRECTION ( 'NONE',  ( 0.000000000000000000, 0.000000000000000000, 1.000000000000000000 ) ) ;
#317 =( NAMED_UNIT ( * ) SI_UNIT ( $, .STERADIAN. ) SOLID_ANGLE_UNIT ( ) );
#318 = ORIENTED_EDGE ( 'NONE', *, *, #2827, .F. ) ;
#319 = DIRECTION ( 'NONE',  ( 0.000000000000000000, 1.000000000000000000, 0.000000000000000000 ) ) ;
#320 = FACE_OUTER_BOUND ( 'NONE', #1838, .T. ) ;
#321 = EDGE_CURVE ( 'NONE', #574, #2295, #45, .T. ) ;
#322 = LINE ( 'NONE', #3009, #452 ) ;
#323 =( NAMED_UNIT ( * ) SI_UNIT ( $, .STERADIAN. ) SOLID_ANGLE_UNIT ( ) );
#324 = VERTEX_POINT ( 'NONE', #1491 ) ;
#325 =( NAMED_UNIT ( * ) PLANE_ANGLE_UNIT ( ) SI_UNIT ( $, .RADIAN. ) );
#326 = ORIENTED_EDGE ( 'NONE', *, *, #2237, .F. ) ;
#327 = FILL_AREA_STYLE ('',( #2354 ) ) ;
#328 = LINE ( 'NONE', #2103, #1401 ) ;
#329 = FILL_AREA_STYLE ('',( #1817 ) ) ;
#330 = CYLINDRICAL_SURFACE ( 'NONE', #1505, 5.000000000000000000 ) ;
#331 = ORIENTED_EDGE ( 'NONE', *, *, #3158, .F. ) ;
#332 = AXIS2_PLACEMENT_3D ( 'NONE', #1722, #514, #3151 ) ;
#333 = DIRECTION ( 'NONE',  ( 0.000000000000000000, 0.000000000000000000, 1.000000000000000000 ) ) ;
#334 = LINE ( 'NONE', #2535, #472 ) ;
#335 = EDGE_CURVE ( 'NONE', #632, #1419, #981, .T. ) ;
#336 = VERTEX_POINT ( 'NONE', #1736 ) ;
#337 = AXIS2_PLACEMENT_3D ( 'NONE', #73, #825, #1801 ) ;
#338 = DIRECTION ( 'NONE',  ( 0.000000000000000000, -1.000000000000000000, 0.000000000000000000 ) ) ;
#339 = VECTOR ( 'NONE', #731, 1000.000000000000000 ) ;
#340 = VECTOR ( 'NONE', #1595, 1000.000000000000114 ) ;
#341 = EDGE_CURVE ( 'NONE', #2078, #1745, #280, .T. ) ;
#342 = CARTESIAN_POINT ( 'NONE',  ( 20.87766952966369871, 11.00000000000000000, 17.67766952966370297 ) ) ;
#343 = CARTESIAN_POINT ( 'NONE',  ( 17.67766952966370297, 11.00000000000000000, -17.67766952966370297 ) ) ;
#344 = ORIENTED_EDGE ( 'NONE', *, *, #1864, .F. ) ;
#345 = DIRECTION ( 'NONE',  ( 0.000000000000000000, -1.000000000000000000, 0.000000000000000000 ) ) ;
#346 = STYLED_ITEM ( 'NONE', ( #1977 ), #3117 ) ;
#347 = CIRCLE ( 'NONE', #906, 3.199999999999999734 ) ;
#348 =( LENGTH_UNIT ( ) NAMED_UNIT ( * ) SI_UNIT ( .MILLI., .METRE. ) );
#349 = AXIS2_PLACEMENT_3D ( 'NONE', #1544, #611, #2326 ) ;
#350 = DIRECTION ( 'NONE',  ( -0.7071067811865550112, -0.7071067811865400232, 1.256073966947016189E-15 ) ) ;
#351 = SURFACE_SIDE_STYLE ('',( #2293 ) ) ;
#352 = EDGE_LOOP ( 'NONE', ( #2546, #2571, #747, #1295 ) ) ;
#353 = MECHANICAL_DESIGN_GEOMETRIC_PRESENTATION_REPRESENTATION (  '', ( #2911 ), #2560 ) ;
#354 = FACE_OUTER_BOUND ( 'NONE', #3055, .T. ) ;
#355 = VECTOR ( 'NONE', #2154, 1000.000000000000000 ) ;
#356 = UNCERTAINTY_MEASURE_WITH_UNIT (LENGTH_MEASURE( 1.000000000000000082E-05 ), #348, 'distance_accuracy_value', 'NONE');
#357 = CARTESIAN_POINT ( 'NONE',  ( -42.00000000000000000, -11.00000000000000000, 0.000000000000000000 ) ) ;
#358 = CARTESIAN_POINT ( 'NONE',  ( -7.071067811865479946, -2.000000000000000000, 25.00000000000000000 ) ) ;
#359 = ORIENTED_EDGE ( 'NONE', *, *, #3031, .T. ) ;
#360 = CIRCLE ( 'NONE', #1319, 3.200000000000001510 ) ;
#361 = CARTESIAN_POINT ( 'NONE',  ( -27.00000000000000000, -7.000000000000000000, 0.000000000000000000 ) ) ;
#362 = ADVANCED_FACE ( 'NONE', ( #1012 ), #2497, .F. ) ;
#363 = AXIS2_PLACEMENT_3D ( 'NONE', #2181, #1216, #1936 ) ;
#364 = DIRECTION ( 'NONE',  ( 0.000000000000000000, -1.000000000000000000, 0.000000000000000000 ) ) ;
#365 = ADVANCED_FACE ( 'NONE', ( #2530 ), #109, .T. ) ;
#366 = COLOUR_RGB ( '',1.000000000000000000, 1.000000000000000000, 0.5019607843137254832 ) ;
#367 = DIRECTION ( 'NONE',  ( 0.000000000000000000, 1.000000000000000000, 0.000000000000000000 ) ) ;
#368 = PRESENTATION_STYLE_ASSIGNMENT (( #717 ) ) ;
#369 = ADVANCED_FACE ( 'NONE', ( #2793 ), #2102, .T. ) ;
#370 =( NAMED_UNIT ( * ) SI_UNIT ( $, .STERADIAN. ) SOLID_ANGLE_UNIT ( ) );
#371 = CARTESIAN_POINT ( 'NONE',  ( 27.00000000000000000, -1.000000000000000000, 0.000000000000000000 ) ) ;
#372 = DIRECTION ( 'NONE',  ( 0.000000000000000000, 0.000000000000000000, 1.000000000000000000 ) ) ;
#373 = ORIENTED_EDGE ( 'NONE', *, *, #830, .T. ) ;
#374 = CARTESIAN_POINT ( 'NONE',  ( -34.77030219552145240, -7.000000000000000000, -17.00000000000000000 ) ) ;
#375 = CARTESIAN_POINT ( 'NONE',  ( 0.000000000000000000, 5.000000000000000000, 0.000000000000000000 ) ) ;
#376 = SURFACE_STYLE_USAGE ( .BOTH. , #2347 ) ;
#377 = ORIENTED_EDGE ( 'NONE', *, *, #2865, .T. ) ;
#378 = ORIENTED_EDGE ( 'NONE', *, *, #2278, .F. ) ;
#379 = CARTESIAN_POINT ( 'NONE',  ( 38.22950000000000159, -11.00000000000000000, -12.00000000000000000 ) ) ;
#380 =( NAMED_UNIT ( * ) PLANE_ANGLE_UNIT ( ) SI_UNIT ( $, .RADIAN. ) );
#381 = ADVANCED_FACE ( 'NONE', ( #591 ), #826, .F. ) ;
#382 = PRESENTATION_STYLE_ASSIGNMENT (( #1315 ) ) ;
#383 = ORIENTED_EDGE ( 'NONE', *, *, #1028, .T. ) ;
#384 = CARTESIAN_POINT ( 'NONE',  ( 0.000000000000000000, 11.00000000000000000, 25.00000000000000000 ) ) ;
#385 = VERTEX_POINT ( 'NONE', #1910 ) ;
#386 = CARTESIAN_POINT ( 'NONE',  ( -17.67766952966370297, 11.00000000000000000, -17.67766952966370297 ) ) ;
#387 = CARTESIAN_POINT ( 'NONE',  ( 4.714045207910319668, -4.000000000000000000, 26.66666666666665009 ) ) ;
#388 = ORIENTED_EDGE ( 'NONE', *, *, #241, .F. ) ;
#389 = UNCERTAINTY_MEASURE_WITH_UNIT (LENGTH_MEASURE( 1.000000000000000082E-05 ), #567, 'distance_accuracy_value', 'NONE');
#390 = LINE ( 'NONE', #1357, #395 ) ;
#391 = CARTESIAN_POINT ( 'NONE',  ( 27.00000000000000000, -1.000000000000000000, 2.500000000000000000 ) ) ;
#392 = AXIS2_PLACEMENT_3D ( 'NONE', #1490, #2480, #1715 ) ;
#393 = ORIENTED_EDGE ( 'NONE', *, *, #1036, .T. ) ;
#394 = VECTOR ( 'NONE', #2399, 1000.000000000000000 ) ;
#395 = VECTOR ( 'NONE', #2346, 1000.000000000000000 ) ;
#396 =( LENGTH_UNIT ( ) NAMED_UNIT ( * ) SI_UNIT ( .MILLI., .METRE. ) );
#397 = EDGE_LOOP ( 'NONE', ( #224, #1881 ) ) ;
#398 = SURFACE_STYLE_FILL_AREA ( #2547 ) ;
#399 = VECTOR ( 'NONE', #2324, 1000.000000000000000 ) ;
#400 =( NAMED_UNIT ( * ) SI_UNIT ( $, .STERADIAN. ) SOLID_ANGLE_UNIT ( ) );
#401 = SURFACE_STYLE_USAGE ( .BOTH. , #3104 ) ;
#402 = ORIENTED_EDGE ( 'NONE', *, *, #2258, .F. ) ;
#403 = EDGE_CURVE ( 'NONE', #486, #1693, #1471, .T. ) ;
#404 = CIRCLE ( 'NONE', #654, 1.229500000000001370 ) ;
#405 = CARTESIAN_POINT ( 'NONE',  ( -26.00000000000000000, 0.000000000000000000, 25.00000000000000000 ) ) ;
#406 = ORIENTED_EDGE ( 'NONE', *, *, #1589, .F. ) ;
#407 = CARTESIAN_POINT ( 'NONE',  ( -27.00000000000000000, -7.000000000000000000, 19.50000000000000000 ) ) ;
#408 = STYLED_ITEM ( 'NONE', ( #63 ), #362 ) ;
#409 = ORIENTED_EDGE ( 'NONE', *, *, #1058, .F. ) ;
#410 =( LENGTH_UNIT ( ) NAMED_UNIT ( * ) SI_UNIT ( .MILLI., .METRE. ) );
#411 = SURFACE_SIDE_STYLE ('',( #2638 ) ) ;
#412 = CIRCLE ( 'NONE', #1888, 1.229500000000001370 ) ;
#413 = SURFACE_STYLE_FILL_AREA ( #2612 ) ;
#414 =( LENGTH_UNIT ( ) NAMED_UNIT ( * ) SI_UNIT ( .MILLI., .METRE. ) );
#415 = ORIENTED_EDGE ( 'NONE', *, *, #2462, .F. ) ;
#416 = MECHANICAL_DESIGN_GEOMETRIC_PRESENTATION_REPRESENTATION (  '', ( #1793 ), #1639 ) ;
#417 = DIRECTION ( 'NONE',  ( 0.000000000000000000, 1.000000000000000000, 0.000000000000000000 ) ) ;
#418 = ORIENTED_EDGE ( 'NONE', *, *, #424, .F. ) ;
#419 = EDGE_CURVE ( 'NONE', #1034, #1877, #902, .T. ) ;
#420 = LINE ( 'NONE', #1133, #2127 ) ;
#421 = CARTESIAN_POINT ( 'NONE',  ( -37.00000000000000000, -19.50000000000000000, 0.000000000000000000 ) ) ;
#422 = ORIENTED_EDGE ( 'NONE', *, *, #926, .F. ) ;
#423 = DIRECTION ( 'NONE',  ( 1.000000000000000000, 0.000000000000000000, 0.000000000000000000 ) ) ;
#424 = EDGE_CURVE ( 'NONE', #1777, #2349, #1928, .T. ) ;
#425 = CARTESIAN_POINT ( 'NONE',  ( 37.00000000000000000, -11.00000000000000000, 0.000000000000000000 ) ) ;
#426 = LINE ( 'NONE', #2115, #141 ) ;
#427 = FILL_AREA_STYLE ('',( #169 ) ) ;
#428 = CARTESIAN_POINT ( 'NONE',  ( -42.00000000000000000, -7.000000000000000000, 0.000000000000000000 ) ) ;
#429 = ORIENTED_EDGE ( 'NONE', *, *, #1114, .T. ) ;
#430 = DIRECTION ( 'NONE',  ( -1.000000000000000000, 0.000000000000000000, 0.000000000000000000 ) ) ;
#431 = ORIENTED_EDGE ( 'NONE', *, *, #1368, .T. ) ;
#432 = SURFACE_STYLE_FILL_AREA ( #2630 ) ;
#433 = ADVANCED_FACE ( 'NONE', ( #2624 ), #650, .T. ) ;
#434 = FILL_AREA_STYLE_COLOUR ( '', #2185 ) ;
#435 = ORIENTED_EDGE ( 'NONE', *, *, #469, .F. ) ;
#436 = CARTESIAN_POINT ( 'NONE',  ( 0.000000000000000000, 0.000000000000000000, 25.00000000000000000 ) ) ;
#437 = EDGE_CURVE ( 'NONE', #444, #2209, #426, .T. ) ;
#438 =( NAMED_UNIT ( * ) SI_UNIT ( $, .STERADIAN. ) SOLID_ANGLE_UNIT ( ) );
#439 =( GEOMETRIC_REPRESENTATION_CONTEXT ( 3 ) GLOBAL_UNCERTAINTY_ASSIGNED_CONTEXT ( ( #543 ) ) GLOBAL_UNIT_ASSIGNED_CONTEXT ( ( #44, #980, #2514 ) ) REPRESENTATION_CONTEXT ( 'NONE', 'WORKASPACE' ) );
#440 = CARTESIAN_POINT ( 'NONE',  ( 4.714045207910319668, 0.000000000000000000, 26.66666666666665009 ) ) ;
#441 = AXIS2_PLACEMENT_3D ( 'NONE', #384, #3088, #2105 ) ;
#442 =( NAMED_UNIT ( * ) PLANE_ANGLE_UNIT ( ) SI_UNIT ( $, .RADIAN. ) );
#443 = SURFACE_SIDE_STYLE ('',( #2640 ) ) ;
#444 = VERTEX_POINT ( 'NONE', #276 ) ;
#445 = CIRCLE ( 'NONE', #1969, 2.500000000000002220 ) ;
#446 = MECHANICAL_DESIGN_GEOMETRIC_PRESENTATION_REPRESENTATION (  '', ( #2013 ), #3148 ) ;
#447 = PRESENTATION_STYLE_ASSIGNMENT (( #2402 ) ) ;
#448 =( GEOMETRIC_REPRESENTATION_CONTEXT ( 3 ) GLOBAL_UNCERTAINTY_ASSIGNED_CONTEXT ( ( #2887 ) ) GLOBAL_UNIT_ASSIGNED_CONTEXT ( ( #1338, #1116, #897 ) ) REPRESENTATION_CONTEXT ( 'NONE', 'WORKASPACE' ) );
#449 = CARTESIAN_POINT ( 'NONE',  ( 24.00000000000000000, -10.50000000000000000, -24.50000000000000000 ) ) ;
#450 = CIRCLE ( 'NONE', #2234, 3.200000000000001510 ) ;
#451 = COLOUR_RGB ( '',1.000000000000000000, 1.000000000000000000, 0.5019607843137254832 ) ;
#452 = VECTOR ( 'NONE', #1797, 1000.000000000000000 ) ;
#453 = PRESENTATION_STYLE_ASSIGNMENT (( #683 ) ) ;
#454 = DIRECTION ( 'NONE',  ( 0.000000000000000000, -1.000000000000000000, 0.000000000000000000 ) ) ;
#455 = ORIENTED_EDGE ( 'NONE', *, *, #2614, .F. ) ;
#456 = VECTOR ( 'NONE', #562, 1000.000000000000000 ) ;
#457 = UNCERTAINTY_MEASURE_WITH_UNIT (LENGTH_MEASURE( 1.000000000000000082E-05 ), #3116, 'distance_accuracy_value', 'NONE');
#458 = SURFACE_STYLE_FILL_AREA ( #2980 ) ;
#459 = SURFACE_STYLE_USAGE ( .BOTH. , #1645 ) ;
#460 =( LENGTH_UNIT ( ) NAMED_UNIT ( * ) SI_UNIT ( .MILLI., .METRE. ) );
#461 = STYLED_ITEM ( 'NONE', ( #2172 ), #166 ) ;
#462 = AXIS2_PLACEMENT_3D ( 'NONE', #386, #417, #1352 ) ;
#463 = EDGE_LOOP ( 'NONE', ( #2557, #2809, #1583, #2770 ) ) ;
#464 =( GEOMETRIC_REPRESENTATION_CONTEXT ( 3 ) GLOBAL_UNCERTAINTY_ASSIGNED_CONTEXT ( ( #802 ) ) GLOBAL_UNIT_ASSIGNED_CONTEXT ( ( #1552, #442, #1426 ) ) REPRESENTATION_CONTEXT ( 'NONE', 'WORKASPACE' ) );
#465 = DIRECTION ( 'NONE',  ( 1.000000000000000000, 0.000000000000000000, 0.000000000000000000 ) ) ;
#466 = CARTESIAN_POINT ( 'NONE',  ( -7.071067811865479946, -5.500000000000000000, 27.50000000000000000 ) ) ;
#467 = EDGE_CURVE ( 'NONE', #1068, #2156, #755, .T. ) ;
#468 = EDGE_CURVE ( 'NONE', #1537, #2341, #2491, .T. ) ;
#469 = EDGE_CURVE ( 'NONE', #2156, #1068, #3157, .T. ) ;
#470 = CIRCLE ( 'NONE', #154, 43.50000000000000000 ) ;
#471 = ORIENTED_EDGE ( 'NONE', *, *, #1063, .F. ) ;
#472 = VECTOR ( 'NONE', #372, 1000.000000000000000 ) ;
#473 = FACE_OUTER_BOUND ( 'NONE', #1678, .T. ) ;
#474 = VERTEX_POINT ( 'NONE', #2681 ) ;
#475 = FACE_OUTER_BOUND ( 'NONE', #1464, .T. ) ;
#476 = CARTESIAN_POINT ( 'NONE',  ( -27.00000000000000000, -11.00000000000000000, -24.00000000000000000 ) ) ;
#477 = CARTESIAN_POINT ( 'NONE',  ( -27.00000000000000000, -10.50000000000000000, -24.50000000000000000 ) ) ;
#478 = EDGE_CURVE ( 'NONE', #1286, #2332, #1731, .T. ) ;
#479 = SURFACE_STYLE_USAGE ( .BOTH. , #938 ) ;
#480 = EDGE_LOOP ( 'NONE', ( #2365, #656 ) ) ;
#481 = UNCERTAINTY_MEASURE_WITH_UNIT (LENGTH_MEASURE( 1.000000000000000082E-05 ), #1246, 'distance_accuracy_value', 'NONE');
#482 = FILL_AREA_STYLE_COLOUR ( '', #2042 ) ;
#483 = ORIENTED_EDGE ( 'NONE', *, *, #2406, .T. ) ;
#484 =( NAMED_UNIT ( * ) SI_UNIT ( $, .STERADIAN. ) SOLID_ANGLE_UNIT ( ) );
#485 = CARTESIAN_POINT ( 'NONE',  ( -27.00000000000000000, -5.500000000000000000, 25.00000000000000000 ) ) ;
#486 = VERTEX_POINT ( 'NONE', #523 ) ;
#487 =( LENGTH_UNIT ( ) NAMED_UNIT ( * ) SI_UNIT ( .MILLI., .METRE. ) );
#488 = CARTESIAN_POINT ( 'NONE',  ( 38.22950000000000159, -7.000000000000000000, 12.00000000000000000 ) ) ;
#489 = MECHANICAL_DESIGN_GEOMETRIC_PRESENTATION_REPRESENTATION (  '', ( #642 ), #2436 ) ;
#490 = COLOUR_RGB ( '',1.000000000000000000, 1.000000000000000000, 0.5019607843137254832 ) ;
#491 = CIRCLE ( 'NONE', #795, 15.25000000000000000 ) ;
#492 = VECTOR ( 'NONE', #1757, 1000.000000000000000 ) ;
#493 = SURFACE_STYLE_FILL_AREA ( #210 ) ;
#494 = SURFACE_STYLE_FILL_AREA ( #2708 ) ;
#495 = VERTEX_POINT ( 'NONE', #2447 ) ;
#496 = CIRCLE ( 'NONE', #3106, 2.000000000000000000 ) ;
#497 = ADVANCED_FACE ( 'NONE', ( #504 ), #1486, .F. ) ;
#498 = MECHANICAL_DESIGN_GEOMETRIC_PRESENTATION_REPRESENTATION (  '', ( #1210 ), #1055 ) ;
#499 = DIRECTION ( 'NONE',  ( 1.000000000000000000, 0.000000000000000000, 0.000000000000000000 ) ) ;
#500 = EDGE_CURVE ( 'NONE', #1419, #3059, #2824, .T. ) ;
#501 = EDGE_LOOP ( 'NONE', ( #1096, #837, #2170, #1811 ) ) ;
#502 = PRESENTATION_LAYER_ASSIGNMENT (  '', '', ( #2855 ) ) ;
#503 = LINE ( 'NONE', #485, #339 ) ;
#504 = FACE_OUTER_BOUND ( 'NONE', #733, .T. ) ;
#505 = CARTESIAN_POINT ( 'NONE',  ( 34.77030219552140267, -11.00000000000000000, -17.00000000000000000 ) ) ;
#506 = ORIENTED_EDGE ( 'NONE', *, *, #2499, .F. ) ;
#507 = AXIS2_PLACEMENT_3D ( 'NONE', #3143, #149, #1669 ) ;
#508 = AXIS2_PLACEMENT_3D ( 'NONE', #1385, #879, #2372 ) ;
#509 = FACE_BOUND ( 'NONE', #2826, .T. ) ;
#510 = DIRECTION ( 'NONE',  ( 0.000000000000000000, 1.000000000000000000, 0.000000000000000000 ) ) ;
#511 = SURFACE_SIDE_STYLE ('',( #2454 ) ) ;
#512 = FILL_AREA_STYLE_COLOUR ( '', #3107 ) ;
#513 = DIRECTION ( 'NONE',  ( 0.000000000000000000, 0.7071067811865475727, -0.7071067811865475727 ) ) ;
#514 = DIRECTION ( 'NONE',  ( 0.000000000000000000, -1.000000000000000000, 0.000000000000000000 ) ) ;
#515 = MECHANICAL_DESIGN_GEOMETRIC_PRESENTATION_REPRESENTATION (  '', ( #564 ), #208 ) ;
#516 = ORIENTED_EDGE ( 'NONE', *, *, #2730, .T. ) ;
#517 = UNCERTAINTY_MEASURE_WITH_UNIT (LENGTH_MEASURE( 1.000000000000000082E-05 ), #3082, 'distance_accuracy_value', 'NONE');
#518 = PRESENTATION_LAYER_ASSIGNMENT (  '', '', ( #1782 ) ) ;
#519 =( LENGTH_UNIT ( ) NAMED_UNIT ( * ) SI_UNIT ( .MILLI., .METRE. ) );
#520 = ORIENTED_EDGE ( 'NONE', *, *, #2111, .F. ) ;
#521 = DIRECTION ( 'NONE',  ( 0.000000000000000000, 1.000000000000000000, 0.000000000000000000 ) ) ;
#522 = DIRECTION ( 'NONE',  ( 1.000000000000000000, 0.000000000000000000, 0.000000000000000000 ) ) ;
#523 = CARTESIAN_POINT ( 'NONE',  ( -35.77049999999999841, -7.000000000000000000, -12.00000000000000000 ) ) ;
#524 = DIRECTION ( 'NONE',  ( 1.000000000000000000, 0.000000000000000000, 0.000000000000000000 ) ) ;
#525 = ORIENTED_EDGE ( 'NONE', *, *, #1217, .F. ) ;
#526 = PRODUCT ( 'TOOL FLANGE', 'TOOL FLANGE', '', ( #105 ) ) ;
#527 = DIRECTION ( 'NONE',  ( -1.000000000000000000, 0.000000000000000000, 0.000000000000000000 ) ) ;
#528 =( LENGTH_UNIT ( ) NAMED_UNIT ( * ) SI_UNIT ( .MILLI., .METRE. ) );
#529 = ORIENTED_EDGE ( 'NONE', *, *, #82, .F. ) ;
#530 =( NAMED_UNIT ( * ) SI_UNIT ( $, .STERADIAN. ) SOLID_ANGLE_UNIT ( ) );
#531 = CARTESIAN_POINT ( 'NONE',  ( -25.50000000000000000, -11.00000000000000000, 24.00000000000000000 ) ) ;
#532 = DIRECTION ( 'NONE',  ( 0.000000000000000000, 0.000000000000000000, 1.000000000000000000 ) ) ;
#533 = CARTESIAN_POINT ( 'NONE',  ( -15.75000000000000000, 0.000000000000000000, 0.000000000000000000 ) ) ;
#534 = ORIENTED_EDGE ( 'NONE', *, *, #1957, .T. ) ;
#535 = EDGE_CURVE ( 'NONE', #2629, #121, #1259, .T. ) ;
#536 = CARTESIAN_POINT ( 'NONE',  ( 42.00000000000000000, -11.00000000000000000, 11.32475165290614072 ) ) ;
#537 = CARTESIAN_POINT ( 'NONE',  ( -14.47766952966370013, -4.000000000000000000, -17.67766952966370297 ) ) ;
#538 = CARTESIAN_POINT ( 'NONE',  ( 27.00000000000000000, -1.000000000000000000, -25.00000000000000000 ) ) ;
#539 = CIRCLE ( 'NONE', #392, 1.500000000000001332 ) ;
#540 = AXIS2_PLACEMENT_3D ( 'NONE', #3159, #521, #777 ) ;
#541 = VERTEX_POINT ( 'NONE', #2988 ) ;
#542 = MECHANICAL_DESIGN_GEOMETRIC_PRESENTATION_REPRESENTATION (  '', ( #3046 ), #2437 ) ;
#543 = UNCERTAINTY_MEASURE_WITH_UNIT (LENGTH_MEASURE( 1.000000000000000082E-05 ), #44, 'distance_accuracy_value', 'NONE');
#544 = CYLINDRICAL_SURFACE ( 'NONE', #3160, 2.499999999999998668 ) ;
#545 = COLOUR_RGB ( '',1.000000000000000000, 1.000000000000000000, 0.5019607843137254832 ) ;
#546 = ORIENTED_EDGE ( 'NONE', *, *, #2614, .T. ) ;
#547 = UNCERTAINTY_MEASURE_WITH_UNIT (LENGTH_MEASURE( 1.000000000000000082E-05 ), #414, 'distance_accuracy_value', 'NONE');
#548 = FACE_OUTER_BOUND ( 'NONE', #3026, .T. ) ;
#549 =( NAMED_UNIT ( * ) PLANE_ANGLE_UNIT ( ) SI_UNIT ( $, .RADIAN. ) );
#550 = COLOUR_RGB ( '',1.000000000000000000, 1.000000000000000000, 0.5019607843137254832 ) ;
#551 = DIRECTION ( 'NONE',  ( 0.000000000000000000, -1.000000000000000000, 0.000000000000000000 ) ) ;
#552 =( LENGTH_UNIT ( ) NAMED_UNIT ( * ) SI_UNIT ( .MILLI., .METRE. ) );
#553 = ORIENTED_EDGE ( 'NONE', *, *, #2028, .F. ) ;
#554 = MECHANICAL_DESIGN_GEOMETRIC_PRESENTATION_REPRESENTATION (  '', ( #1518 ), #2064 ) ;
#555 = DIRECTION ( 'NONE',  ( -1.000000000000000000, 0.000000000000000000, 0.000000000000000000 ) ) ;
#556 = EDGE_CURVE ( 'NONE', #1537, #1074, #322, .T. ) ;
#557 = VECTOR ( 'NONE', #744, 1000.000000000000000 ) ;
#558 = COLOUR_RGB ( '',1.000000000000000000, 1.000000000000000000, 0.5019607843137254832 ) ;
#559 = EDGE_CURVE ( 'NONE', #881, #2479, #586, .T. ) ;
#560 = PLANE ( 'NONE',  #1050 ) ;
#561 = CARTESIAN_POINT ( 'NONE',  ( 26.00000000000000000, 0.000000000000000000, -25.00000000000000000 ) ) ;
#562 = DIRECTION ( 'NONE',  ( 0.000000000000000000, -1.000000000000000000, 0.000000000000000000 ) ) ;
#563 = ADVANCED_FACE ( 'NONE', ( #2259 ), #2455, .T. ) ;
#564 = STYLED_ITEM ( 'NONE', ( #1997 ), #1117 ) ;
#565 = AXIS2_PLACEMENT_3D ( 'NONE', #421, #1145, #1663 ) ;
#566 = DIRECTION ( 'NONE',  ( -1.000000000000000000, 0.000000000000000000, 0.000000000000000000 ) ) ;
#567 =( LENGTH_UNIT ( ) NAMED_UNIT ( * ) SI_UNIT ( .MILLI., .METRE. ) );
#568 = CARTESIAN_POINT ( 'NONE',  ( -37.00000000000000000, -11.00000000000000000, 12.00000000000000000 ) ) ;
#569 = CARTESIAN_POINT ( 'NONE',  ( -45.39392063727179760, -7.000000000000000000, 17.00000000000000000 ) ) ;
#570 = FILL_AREA_STYLE_COLOUR ( '', #1943 ) ;
#571 = ORIENTED_EDGE ( 'NONE', *, *, #1924, .F. ) ;
#572 = PLANE ( 'NONE',  #35 ) ;
#573 = VECTOR ( 'NONE', #51, 1000.000000000000000 ) ;
#574 = VERTEX_POINT ( 'NONE', #798 ) ;
#575 = CARTESIAN_POINT ( 'NONE',  ( -29.50000000000000000, -11.00000000000000000, 19.50000000000000000 ) ) ;
#576 = ADVANCED_FACE ( 'NONE', ( #2271 ), #544, .F. ) ;
#577 = CARTESIAN_POINT ( 'NONE',  ( -27.00000000000000000, -10.00000000000000000, -25.00000000000000000 ) ) ;
#578 = DIRECTION ( 'NONE',  ( 0.000000000000000000, 0.7071067811865474617, 0.7071067811865474617 ) ) ;
#579 = EDGE_CURVE ( 'NONE', #917, #190, #1821, .T. ) ;
#580 = SURFACE_STYLE_USAGE ( .BOTH. , #2024 ) ;
#581 = DIRECTION ( 'NONE',  ( 1.000000000000000000, 0.000000000000000000, 0.000000000000000000 ) ) ;
#582 = ORIENTED_EDGE ( 'NONE', *, *, #2712, .T. ) ;
#583 = UNCERTAINTY_MEASURE_WITH_UNIT (LENGTH_MEASURE( 1.000000000000000082E-05 ), #1772, 'distance_accuracy_value', 'NONE');
#584 =( NAMED_UNIT ( * ) SI_UNIT ( $, .STERADIAN. ) SOLID_ANGLE_UNIT ( ) );
#585 = DIRECTION ( 'NONE',  ( -1.000000000000000000, 0.000000000000000000, 0.000000000000000000 ) ) ;
#586 = LINE ( 'NONE', #342, #1878 ) ;
#587 = ORIENTED_EDGE ( 'NONE', *, *, #932, .T. ) ;
#588 = CARTESIAN_POINT ( 'NONE',  ( 0.000000000000000000, 0.000000000000000000, 0.000000000000000000 ) ) ;
#589 = ORIENTED_EDGE ( 'NONE', *, *, #48, .T. ) ;
#590 = DIRECTION ( 'NONE',  ( 1.000000000000000000, 0.000000000000000000, 0.000000000000000000 ) ) ;
#591 = FACE_OUTER_BOUND ( 'NONE', #1762, .T. ) ;
#592 = LINE ( 'NONE', #636, #1673 ) ;
#593 =( NAMED_UNIT ( * ) PLANE_ANGLE_UNIT ( ) SI_UNIT ( $, .RADIAN. ) );
#594 =( NAMED_UNIT ( * ) PLANE_ANGLE_UNIT ( ) SI_UNIT ( $, .RADIAN. ) );
#595 = CIRCLE ( 'NONE', #2077, 1.229500000000001370 ) ;
#596 = STYLED_ITEM ( 'NONE', ( #2736 ), #1691 ) ;
#597 = LINE ( 'NONE', #1049, #1365 ) ;
#598 = FACE_BOUND ( 'NONE', #2907, .T. ) ;
#599 = EDGE_CURVE ( 'NONE', #2074, #1450, #597, .T. ) ;
#600 = PRESENTATION_LAYER_ASSIGNMENT (  '', '', ( #2388 ) ) ;
#601 = EDGE_CURVE ( 'NONE', #2209, #2729, #404, .T. ) ;
#602 = STYLED_ITEM ( 'NONE', ( #1425 ), #2747 ) ;
#603 = MECHANICAL_DESIGN_GEOMETRIC_PRESENTATION_REPRESENTATION (  '', ( #2795 ), #1766 ) ;
#604 = CARTESIAN_POINT ( 'NONE',  ( -45.39392063727179760, -7.000000000000000000, -17.00000000000000000 ) ) ;
#605 = EDGE_LOOP ( 'NONE', ( #2382, #1222 ) ) ;
#606 =( GEOMETRIC_REPRESENTATION_CONTEXT ( 3 ) GLOBAL_UNCERTAINTY_ASSIGNED_CONTEXT ( ( #1434 ) ) GLOBAL_UNIT_ASSIGNED_CONTEXT ( ( #2710, #741, #2191 ) ) REPRESENTATION_CONTEXT ( 'NONE', 'WORKASPACE' ) );
#607 = CARTESIAN_POINT ( 'NONE',  ( -40.04060439104284796, -9.000000000000000000, -17.00000000000000000 ) ) ;
#608 = SURFACE_SIDE_STYLE ('',( #1296 ) ) ;
#609 = SURFACE_SIDE_STYLE ('',( #624 ) ) ;
#610 = VECTOR ( 'NONE', #1416, 1000.000000000000000 ) ;
#611 = DIRECTION ( 'NONE',  ( -2.804838774119155032E-30, -1.000000000000000000, -1.243449787580174221E-14 ) ) ;
#612 = SURFACE_SIDE_STYLE ('',( #1288 ) ) ;
#613 = ORIENTED_EDGE ( 'NONE', *, *, #2162, .F. ) ;
#614 = UNCERTAINTY_MEASURE_WITH_UNIT (LENGTH_MEASURE( 1.000000000000000082E-05 ), #2021, 'distance_accuracy_value', 'NONE');
#615 = DIRECTION ( 'NONE',  ( -1.000000000000000000, 0.000000000000000000, 0.000000000000000000 ) ) ;
#616 = ADVANCED_FACE ( 'NONE', ( #99 ), #1066, .T. ) ;
#617 =( NAMED_UNIT ( * ) SI_UNIT ( $, .STERADIAN. ) SOLID_ANGLE_UNIT ( ) );
#618 = CARTESIAN_POINT ( 'NONE',  ( -29.50000000000000000, -11.00000000000000000, -17.00000000000000000 ) ) ;
#619 = ORIENTED_EDGE ( 'NONE', *, *, #961, .F. ) ;
#620 = MECHANICAL_DESIGN_GEOMETRIC_PRESENTATION_REPRESENTATION (  '', ( #965 ), #2864 ) ;
#621 = COLOUR_RGB ( '',1.000000000000000000, 1.000000000000000000, 0.5019607843137254832 ) ;
#622 = ORIENTED_EDGE ( 'NONE', *, *, #2808, .F. ) ;
#623 = VECTOR ( 'NONE', #2837, 1000.000000000000000 ) ;
#624 = SURFACE_STYLE_FILL_AREA ( #2816 ) ;
#625 = DIRECTION ( 'NONE',  ( 0.000000000000000000, 1.000000000000000000, 0.000000000000000000 ) ) ;
#626 = ORIENTED_EDGE ( 'NONE', *, *, #1332, .F. ) ;
#627 = DIRECTION ( 'NONE',  ( -1.000000000000000000, 0.000000000000000000, 0.000000000000000000 ) ) ;
#628 = PRESENTATION_STYLE_ASSIGNMENT (( #459 ) ) ;
#629 = DIRECTION ( 'NONE',  ( 1.000000000000000000, 0.000000000000000000, 0.000000000000000000 ) ) ;
#630 = ORIENTED_EDGE ( 'NONE', *, *, #228, .F. ) ;
#631 = DIRECTION ( 'NONE',  ( 0.000000000000000000, -1.000000000000000000, 0.000000000000000000 ) ) ;
#632 = VERTEX_POINT ( 'NONE', #2598 ) ;
#633 = PLANE ( 'NONE',  #186 ) ;
#634 = SURFACE_SIDE_STYLE ('',( #2831 ) ) ;
#635 = EDGE_CURVE ( 'NONE', #1642, #155, #2852, .T. ) ;
#636 = CARTESIAN_POINT ( 'NONE',  ( -27.00000000000000000, -11.00000000000000000, -21.75000000000000000 ) ) ;
#637 = DIRECTION ( 'NONE',  ( 0.000000000000000000, -1.000000000000000000, 0.000000000000000000 ) ) ;
#638 = DIRECTION ( 'NONE',  ( 0.000000000000000000, -1.000000000000000000, 0.000000000000000000 ) ) ;
#639 = ORIENTED_EDGE ( 'NONE', *, *, #3016, .T. ) ;
#640 = PRESENTATION_LAYER_ASSIGNMENT (  '', '', ( #2789 ) ) ;
#641 = UNCERTAINTY_MEASURE_WITH_UNIT (LENGTH_MEASURE( 1.000000000000000082E-05 ), #460, 'distance_accuracy_value', 'NONE');
#642 = STYLED_ITEM ( 'NONE', ( #2086 ), #2674 ) ;
#643 = PRESENTATION_LAYER_ASSIGNMENT (  '', '', ( #3046 ) ) ;
#644 = VERTEX_POINT ( 'NONE', #2360 ) ;
#645 = AXIS2_PLACEMENT_3D ( 'NONE', #745, #2727, #522 ) ;
#646 = CIRCLE ( 'NONE', #2847, 1.500000000000001332 ) ;
#647 = FILL_AREA_STYLE_COLOUR ( '', #236 ) ;
#648 = DIRECTION ( 'NONE',  ( 0.000000000000000000, -1.000000000000000000, 0.000000000000000000 ) ) ;
#649 = CARTESIAN_POINT ( 'NONE',  ( 26.50000000000000000, -0.5000000000000000000, -25.00000000000000000 ) ) ;
#650 = PLANE ( 'NONE',  #146 ) ;
#651 = LINE ( 'NONE', #2171, #2597 ) ;
#652 = FACE_OUTER_BOUND ( 'NONE', #2929, .T. ) ;
#653 = ADVANCED_FACE ( 'NONE', ( #2122 ), #1592, .F. ) ;
#654 = AXIS2_PLACEMENT_3D ( 'NONE', #1305, #1335, #305 ) ;
#655 = DIRECTION ( 'NONE',  ( 0.000000000000000000, -1.000000000000000000, 0.000000000000000000 ) ) ;
#656 = ORIENTED_EDGE ( 'NONE', *, *, #2959, .T. ) ;
#657 = EDGE_CURVE ( 'NONE', #1113, #86, #98, .T. ) ;
#658 = CARTESIAN_POINT ( 'NONE',  ( -14.47766952966370013, 11.00000000000000000, 17.67766952966370297 ) ) ;
#659 =( NAMED_UNIT ( * ) SI_UNIT ( $, .STERADIAN. ) SOLID_ANGLE_UNIT ( ) );
#660 = DIRECTION ( 'NONE',  ( -1.000000000000000000, 0.000000000000000000, 0.000000000000000000 ) ) ;
#661 = ORIENTED_EDGE ( 'NONE', *, *, #2273, .F. ) ;
#662 = CARTESIAN_POINT ( 'NONE',  ( 37.00000000000000000, -11.00000000000000000, -12.00000000000000000 ) ) ;
#663 = SURFACE_STYLE_FILL_AREA ( #677 ) ;
#664 = SURFACE_STYLE_USAGE ( .BOTH. , #411 ) ;
#665 = CARTESIAN_POINT ( 'NONE',  ( 37.00000000000000000, -11.00000000000000000, 12.00000000000000000 ) ) ;
#666 = AXIS2_PLACEMENT_3D ( 'NONE', #2429, #1382, #231 ) ;
#667 = VECTOR ( 'NONE', #638, 1000.000000000000000 ) ;
#668 = ORIENTED_EDGE ( 'NONE', *, *, #1485, .T. ) ;
#669 = LINE ( 'NONE', #1641, #1679 ) ;
#670 = VERTEX_POINT ( 'NONE', #1141 ) ;
#671 = EDGE_CURVE ( 'NONE', #1550, #307, #2244, .T. ) ;
#672 = UNCERTAINTY_MEASURE_WITH_UNIT (LENGTH_MEASURE( 1.000000000000000082E-05 ), #487, 'distance_accuracy_value', 'NONE');
#673 = SURFACE_STYLE_USAGE ( .BOTH. , #2823 ) ;
#674 = DIRECTION ( 'NONE',  ( 0.000000000000000000, -1.000000000000000000, 0.000000000000000000 ) ) ;
#675 = ORIENTED_EDGE ( 'NONE', *, *, #2111, .T. ) ;
#676 = DIRECTION ( 'NONE',  ( -1.000000000000000000, 0.000000000000000000, 0.000000000000000000 ) ) ;
#677 = FILL_AREA_STYLE ('',( #2417 ) ) ;
#678 = DIRECTION ( 'NONE',  ( 0.000000000000000000, -0.7071067811865475727, 0.7071067811865475727 ) ) ;
#679 = FACE_OUTER_BOUND ( 'NONE', #2068, .T. ) ;
#680 = CARTESIAN_POINT ( 'NONE',  ( -42.00000000000000000, -9.000000000000000000, 11.32475165290614072 ) ) ;
#681 = SURFACE_SIDE_STYLE ('',( #2371 ) ) ;
#682 = ORIENTED_EDGE ( 'NONE', *, *, #82, .T. ) ;
#683 = SURFACE_STYLE_USAGE ( .BOTH. , #2883 ) ;
#684 = CARTESIAN_POINT ( 'NONE',  ( 0.000000000000000000, -0.2999999999999999889, 25.00000000000000000 ) ) ;
#685 = ORIENTED_EDGE ( 'NONE', *, *, #2176, .F. ) ;
#686 = FILL_AREA_STYLE ('',( #2394 ) ) ;
#687 = EDGE_CURVE ( 'NONE', #934, #2468, #1885, .T. ) ;
#688 = FILL_AREA_STYLE ('',( #2396 ) ) ;
#689 = ORIENTED_EDGE ( 'NONE', *, *, #2201, .T. ) ;
#690 = EDGE_CURVE ( 'NONE', #712, #1517, #669, .T. ) ;
#691 = CYLINDRICAL_SURFACE ( 'NONE', #507, 3.200000000000001510 ) ;
#692 = AXIS2_PLACEMENT_3D ( 'NONE', #765, #1460, #1985 ) ;
#693 =( NAMED_UNIT ( * ) PLANE_ANGLE_UNIT ( ) SI_UNIT ( $, .RADIAN. ) );
#694 = SURFACE_STYLE_USAGE ( .BOTH. , #2893 ) ;
#695 = AXIS2_PLACEMENT_3D ( 'NONE', #2908, #2418, #2842 ) ;
#696 = AXIS2_PLACEMENT_3D ( 'NONE', #148, #631, #2366 ) ;
#697 = ADVANCED_FACE ( 'NONE', ( #1901 ), #1398, .F. ) ;
#698 = DIRECTION ( 'NONE',  ( 0.000000000000000000, -1.000000000000000000, 0.000000000000000000 ) ) ;
#699 = VECTOR ( 'NONE', #2220, 1000.000000000000000 ) ;
#700 = DIRECTION ( 'NONE',  ( 0.000000000000000000, -1.000000000000000000, 0.000000000000000000 ) ) ;
#701 = AXIS2_PLACEMENT_3D ( 'NONE', #1621, #3167, #1430 ) ;
#702 = SURFACE_SIDE_STYLE ('',( #493 ) ) ;
#703 = CYLINDRICAL_SURFACE ( 'NONE', #7, 1.500000000000001332 ) ;
#704 = VERTEX_POINT ( 'NONE', #2431 ) ;
#705 = UNCERTAINTY_MEASURE_WITH_UNIT (LENGTH_MEASURE( 1.000000000000000082E-05 ), #2930, 'distance_accuracy_value', 'NONE');
#706 = PRODUCT_RELATED_PRODUCT_CATEGORY ( 'part', '', ( #526 ) ) ;
#707 = CARTESIAN_POINT ( 'NONE',  ( -42.00000000000000000, -7.000000000000000000, 11.32475165290614072 ) ) ;
#708 = CARTESIAN_POINT ( 'NONE',  ( -37.00000000000000000, -11.00000000000000000, -12.00000000000000000 ) ) ;
#709 = FILL_AREA_STYLE ('',( #1260 ) ) ;
#710 = DIRECTION ( 'NONE',  ( 0.000000000000000000, 1.000000000000000000, 0.000000000000000000 ) ) ;
#711 = CIRCLE ( 'NONE', #1110, 1.229500000000001370 ) ;
#712 = VERTEX_POINT ( 'NONE', #238 ) ;
#713 = ADVANCED_FACE ( 'NONE', ( #255 ), #969, .F. ) ;
#714 = LINE ( 'NONE', #1684, #250 ) ;
#715 = LINE ( 'NONE', #649, #83 ) ;
#716 =( NAMED_UNIT ( * ) SI_UNIT ( $, .STERADIAN. ) SOLID_ANGLE_UNIT ( ) );
#717 = SURFACE_STYLE_USAGE ( .BOTH. , #443 ) ;
#718 = DIRECTION ( 'NONE',  ( 0.000000000000000000, -1.000000000000000000, 0.000000000000000000 ) ) ;
#719 =( NAMED_UNIT ( * ) PLANE_ANGLE_UNIT ( ) SI_UNIT ( $, .RADIAN. ) );
#720 = COLOUR_RGB ( '',1.000000000000000000, 1.000000000000000000, 0.5019607843137254832 ) ;
#721 = MECHANICAL_DESIGN_GEOMETRIC_PRESENTATION_REPRESENTATION (  '', ( #819 ), #1228 ) ;
#722 =( NAMED_UNIT ( * ) SI_UNIT ( $, .STERADIAN. ) SOLID_ANGLE_UNIT ( ) );
#723 = FILL_AREA_STYLE_COLOUR ( '', #2765 ) ;
#724 = ORIENTED_EDGE ( 'NONE', *, *, #1157, .F. ) ;
#725 = VECTOR ( 'NONE', #831, 1000.000000000000000 ) ;
#726 = FACE_OUTER_BOUND ( 'NONE', #1779, .T. ) ;
#727 = FACE_OUTER_BOUND ( 'NONE', #3069, .T. ) ;
#728 = ORIENTED_EDGE ( 'NONE', *, *, #579, .F. ) ;
#729 = DIRECTION ( 'NONE',  ( -1.000000000000000000, 0.000000000000000000, 0.000000000000000000 ) ) ;
#730 = CARTESIAN_POINT ( 'NONE',  ( 14.47766952966370013, 0.000000000000000000, -17.67766952966370297 ) ) ;
#731 = DIRECTION ( 'NONE',  ( 0.000000000000000000, -1.000000000000000000, 0.000000000000000000 ) ) ;
#732 = LINE ( 'NONE', #1475, #2566 ) ;
#733 = EDGE_LOOP ( 'NONE', ( #2265, #2149, #1968, #3094 ) ) ;
#734 =( LENGTH_UNIT ( ) NAMED_UNIT ( * ) SI_UNIT ( .MILLI., .METRE. ) );
#735 = EDGE_CURVE ( 'NONE', #72, #147, #2925, .T. ) ;
#736 = PLANE ( 'NONE',  #2545 ) ;
#737 = EDGE_CURVE ( 'NONE', #1872, #284, #196, .T. ) ;
#738 = DIRECTION ( 'NONE',  ( 1.000000000000000000, 0.000000000000000000, 0.000000000000000000 ) ) ;
#739 = ORIENTED_EDGE ( 'NONE', *, *, #2273, .T. ) ;
#740 = UNCERTAINTY_MEASURE_WITH_UNIT (LENGTH_MEASURE( 1.000000000000000082E-05 ), #734, 'distance_accuracy_value', 'NONE');
#741 =( NAMED_UNIT ( * ) PLANE_ANGLE_UNIT ( ) SI_UNIT ( $, .RADIAN. ) );
#742 = CARTESIAN_POINT ( 'NONE',  ( 2.299999999999999822, 0.000000000000000000, 25.00000000000000000 ) ) ;
#743 = CARTESIAN_POINT ( 'NONE',  ( 0.000000000000000000, 2.750000000000000000, 0.000000000000000000 ) ) ;
#744 = DIRECTION ( 'NONE',  ( 1.000000000000000000, 0.000000000000000000, 0.000000000000000000 ) ) ;
#745 = CARTESIAN_POINT ( 'NONE',  ( -29.50000000000000000, -11.00000000000000000, -19.50000000000000000 ) ) ;
#746 = DIRECTION ( 'NONE',  ( 0.000000000000000000, -1.000000000000000000, 0.000000000000000000 ) ) ;
#747 = ORIENTED_EDGE ( 'NONE', *, *, #828, .T. ) ;
#748 =( NAMED_UNIT ( * ) PLANE_ANGLE_UNIT ( ) SI_UNIT ( $, .RADIAN. ) );
#749 = SURFACE_SIDE_STYLE ('',( #1947 ) ) ;
#750 = PRESENTATION_LAYER_ASSIGNMENT (  '', '', ( #642 ) ) ;
#751 =( GEOMETRIC_REPRESENTATION_CONTEXT ( 3 ) GLOBAL_UNCERTAINTY_ASSIGNED_CONTEXT ( ( #1694 ) ) GLOBAL_UNIT_ASSIGNED_CONTEXT ( ( #269, #1719, #2173 ) ) REPRESENTATION_CONTEXT ( 'NONE', 'WORKASPACE' ) );
#752 = ADVANCED_FACE ( 'NONE', ( #2707 ), #1192, .T. ) ;
#753 = VECTOR ( 'NONE', #1630, 1000.000000000000000 ) ;
#754 = STYLED_ITEM ( 'NONE', ( #1314 ), #2306 ) ;
#755 = CIRCLE ( 'NONE', #2451, 3.199999999999999734 ) ;
#756 = FACE_BOUND ( 'NONE', #3022, .T. ) ;
#757 = LINE ( 'NONE', #1992, #2310 ) ;
#758 = AXIS2_PLACEMENT_3D ( 'NONE', #2686, #2914, #24 ) ;
#759 = STYLED_ITEM ( 'NONE', ( #1559 ), #576 ) ;
#760 = CYLINDRICAL_SURFACE ( 'NONE', #953, 2.000000000000000000 ) ;
#761 = FILL_AREA_STYLE ('',( #1698 ) ) ;
#762 = DIRECTION ( 'NONE',  ( 1.000000000000000000, 0.000000000000000000, 0.000000000000000000 ) ) ;
#763 = ORIENTED_EDGE ( 'NONE', *, *, #1864, .T. ) ;
#764 = COLOUR_RGB ( '',1.000000000000000000, 1.000000000000000000, 0.5019607843137254832 ) ;
#765 = CARTESIAN_POINT ( 'NONE',  ( -3.899999999999999911, -11.00000000000000000, -24.00000000000000000 ) ) ;
#766 = SURFACE_SIDE_STYLE ('',( #2933 ) ) ;
#767 = PRESENTATION_LAYER_ASSIGNMENT (  '', '', ( #1524 ) ) ;
#768 = SURFACE_STYLE_USAGE ( .BOTH. , #780 ) ;
#769 = DIRECTION ( 'NONE',  ( -1.000000000000000000, 0.000000000000000000, 0.000000000000000000 ) ) ;
#770 = AXIS2_PLACEMENT_3D ( 'NONE', #1529, #2532, #64 ) ;
#771 = ORIENTED_EDGE ( 'NONE', *, *, #2500, .F. ) ;
#772 = AXIS2_PLACEMENT_3D ( 'NONE', #604, #1087, #1072 ) ;
#773 = SURFACE_SIDE_STYLE ('',( #225 ) ) ;
#774 = CYLINDRICAL_SURFACE ( 'NONE', #106, 1.229500000000001370 ) ;
#775 = ORIENTED_EDGE ( 'NONE', *, *, #424, .T. ) ;
#776 = AXIS2_PLACEMENT_3D ( 'NONE', #880, #2599, #1181 ) ;
#777 = DIRECTION ( 'NONE',  ( 1.000000000000000000, 0.000000000000000000, 0.000000000000000000 ) ) ;
#778 = ORIENTED_EDGE ( 'NONE', *, *, #2499, .T. ) ;
#779 = PRESENTATION_STYLE_ASSIGNMENT (( #13 ) ) ;
#780 = SURFACE_SIDE_STYLE ('',( #458 ) ) ;
#781 = SURFACE_STYLE_FILL_AREA ( #2917 ) ;
#782 = DIRECTION ( 'NONE',  ( 0.000000000000000000, 1.000000000000000000, 0.000000000000000000 ) ) ;
#783 = ORIENTED_EDGE ( 'NONE', *, *, #868, .F. ) ;
#784 = ORIENTED_EDGE ( 'NONE', *, *, #2406, .F. ) ;
#785 = EDGE_CURVE ( 'NONE', #541, #2089, #2502, .T. ) ;
#786 = SURFACE_STYLE_USAGE ( .BOTH. , #2384 ) ;
#787 = ORIENTED_EDGE ( 'NONE', *, *, #1528, .F. ) ;
#788 = SURFACE_SIDE_STYLE ('',( #62 ) ) ;
#789 = DIRECTION ( 'NONE',  ( 0.000000000000000000, 1.000000000000000000, 0.000000000000000000 ) ) ;
#790 = EDGE_CURVE ( 'NONE', #3163, #934, #1417, .T. ) ;
#791 = LINE ( 'NONE', #2518, #1827 ) ;
#792 = AXIS2_PLACEMENT_3D ( 'NONE', #1397, #2731, #1764 ) ;
#793 = MECHANICAL_DESIGN_GEOMETRIC_PRESENTATION_REPRESENTATION (  '', ( #2388 ), #1608 ) ;
#794 = FILL_AREA_STYLE_COLOUR ( '', #1452 ) ;
#795 = AXIS2_PLACEMENT_3D ( 'NONE', #2987, #1324, #2317 ) ;
#796 = CIRCLE ( 'NONE', #2495, 15.75000000000000000 ) ;
#797 = UNCERTAINTY_MEASURE_WITH_UNIT (LENGTH_MEASURE( 1.000000000000000082E-05 ), #2377, 'distance_accuracy_value', 'NONE');
#798 = CARTESIAN_POINT ( 'NONE',  ( -27.00000000000000000, -11.00000000000000000, -19.50000000000000000 ) ) ;
#799 = FACE_BOUND ( 'NONE', #945, .T. ) ;
#800 = PRESENTATION_LAYER_ASSIGNMENT (  '', '', ( #2342 ) ) ;
#801 = AXIS2_PLACEMENT_3D ( 'NONE', #2070, #2291, #94 ) ;
#802 = UNCERTAINTY_MEASURE_WITH_UNIT (LENGTH_MEASURE( 1.000000000000000082E-05 ), #1552, 'distance_accuracy_value', 'NONE');
#803 = DIRECTION ( 'NONE',  ( 0.000000000000000000, -1.000000000000000000, 0.000000000000000000 ) ) ;
#804 = SURFACE_STYLE_FILL_AREA ( #1071 ) ;
#805 = MECHANICAL_DESIGN_GEOMETRIC_PRESENTATION_REPRESENTATION (  '', ( #1462 ), #1364 ) ;
#806 =( NAMED_UNIT ( * ) SI_UNIT ( $, .STERADIAN. ) SOLID_ANGLE_UNIT ( ) );
#807 = ORIENTED_EDGE ( 'NONE', *, *, #1223, .T. ) ;
#808 = VERTEX_POINT ( 'NONE', #2482 ) ;
#809 = CARTESIAN_POINT ( 'NONE',  ( 29.50000000000000000, -7.000000000000000000, 19.50000000000000000 ) ) ;
#810 = VECTOR ( 'NONE', #1440, 1000.000000000000000 ) ;
#811 = EDGE_CURVE ( 'NONE', #3043, #1550, #791, .T. ) ;
#812 = COLOUR_RGB ( '',1.000000000000000000, 1.000000000000000000, 0.5019607843137254832 ) ;
#813 = FILL_AREA_STYLE_COLOUR ( '', #451 ) ;
#814 = CARTESIAN_POINT ( 'NONE',  ( -4.714045207910319668, 0.000000000000000000, 26.66666666666665009 ) ) ;
#815 =( LENGTH_UNIT ( ) NAMED_UNIT ( * ) SI_UNIT ( .MILLI., .METRE. ) );
#816 = EDGE_LOOP ( 'NONE', ( #2449, #1423, #3001, #2298 ) ) ;
#817 = CIRCLE ( 'NONE', #2411, 5.000000000000000000 ) ;
#818 = ORIENTED_EDGE ( 'NONE', *, *, #1543, .T. ) ;
#819 = STYLED_ITEM ( 'NONE', ( #1022 ), #1290 ) ;
#820 = PLANE ( 'NONE',  #1459 ) ;
#821 = DIRECTION ( 'NONE',  ( 0.000000000000000000, -1.000000000000000000, 0.000000000000000000 ) ) ;
#822 = MECHANICAL_DESIGN_GEOMETRIC_PRESENTATION_REPRESENTATION (  '', ( #1229 ), #111 ) ;
#823 = VERTEX_POINT ( 'NONE', #1768 ) ;
#824 = ORIENTED_EDGE ( 'NONE', *, *, #1409, .F. ) ;
#825 = DIRECTION ( 'NONE',  ( 0.000000000000000000, 1.000000000000000000, 0.000000000000000000 ) ) ;
#826 = CYLINDRICAL_SURFACE ( 'NONE', #2658, 1.229500000000001370 ) ;
#827 = DIRECTION ( 'NONE',  ( 0.000000000000000000, -1.000000000000000000, 0.000000000000000000 ) ) ;
#828 = EDGE_CURVE ( 'NONE', #240, #474, #2981, .T. ) ;
#829 = FILL_AREA_STYLE_COLOUR ( '', #1607 ) ;
#830 = EDGE_CURVE ( 'NONE', #155, #474, #3056, .T. ) ;
#831 = DIRECTION ( 'NONE',  ( 0.000000000000000000, 1.000000000000000000, 0.000000000000000000 ) ) ;
#832 = CARTESIAN_POINT ( 'NONE',  ( -37.00000000000000000, -7.000000000000000000, 0.000000000000000000 ) ) ;
#833 = PRESENTATION_STYLE_ASSIGNMENT (( #3024 ) ) ;
#834 = DIRECTION ( 'NONE',  ( 0.000000000000000000, 1.000000000000000000, 0.000000000000000000 ) ) ;
#835 = ORIENTED_EDGE ( 'NONE', *, *, #2906, .F. ) ;
#836 = LINE ( 'NONE', #1799, #1822 ) ;
#837 = ORIENTED_EDGE ( 'NONE', *, *, #2654, .T. ) ;
#838 = FILL_AREA_STYLE_COLOUR ( '', #2845 ) ;
#839 = CARTESIAN_POINT ( 'NONE',  ( 2.000000000000000000, -0.2999999999999999889, 25.00000000000000000 ) ) ;
#840 = ORIENTED_EDGE ( 'NONE', *, *, #1643, .F. ) ;
#841 = ADVANCED_FACE ( 'NONE', ( #1555 ), #1316, .F. ) ;
#842 = PRESENTATION_LAYER_ASSIGNMENT (  '', '', ( #1659 ) ) ;
#843 = PRESENTATION_LAYER_ASSIGNMENT (  '', '', ( #944 ) ) ;
#844 = VERTEX_POINT ( 'NONE', #814 ) ;
#845 = CIRCLE ( 'NONE', #695, 3.199999999999999734 ) ;
#846 = COLOUR_RGB ( '',1.000000000000000000, 1.000000000000000000, 0.5019607843137254832 ) ;
#847 = FACE_BOUND ( 'NONE', #605, .T. ) ;
#848 = COLOUR_RGB ( '',1.000000000000000000, 1.000000000000000000, 0.5019607843137254832 ) ;
#849 =( NAMED_UNIT ( * ) SI_UNIT ( $, .STERADIAN. ) SOLID_ANGLE_UNIT ( ) );
#850 = COLOUR_RGB ( '',1.000000000000000000, 1.000000000000000000, 0.5019607843137254832 ) ;
#851 = CARTESIAN_POINT ( 'NONE',  ( -42.00000000000000000, -11.00000000000000000, 11.32475165290614072 ) ) ;
#852 = ORIENTED_EDGE ( 'NONE', *, *, #1973, .F. ) ;
#853 = PRESENTATION_LAYER_ASSIGNMENT (  '', '', ( #2796 ) ) ;
#854 = VECTOR ( 'NONE', #1283, 1000.000000000000114 ) ;
#855 = EDGE_LOOP ( 'NONE', ( #1476, #1800, #2200, #1257 ) ) ;
#856 =( LENGTH_UNIT ( ) NAMED_UNIT ( * ) SI_UNIT ( .MILLI., .METRE. ) );
#857 =( NAMED_UNIT ( * ) PLANE_ANGLE_UNIT ( ) SI_UNIT ( $, .RADIAN. ) );
#858 = AXIS2_PLACEMENT_3D ( 'NONE', #1494, #2058, #2038 ) ;
#859 = COLOUR_RGB ( '',1.000000000000000000, 1.000000000000000000, 0.5019607843137254832 ) ;
#860 = ORIENTED_EDGE ( 'NONE', *, *, #2782, .F. ) ;
#861 = ORIENTED_EDGE ( 'NONE', *, *, #2404, .T. ) ;
#862 = STYLED_ITEM ( 'NONE', ( #2592 ), #381 ) ;
#863 = VECTOR ( 'NONE', #927, 1000.000000000000000 ) ;
#864 = ORIENTED_EDGE ( 'NONE', *, *, #556, .F. ) ;
#865 = UNCERTAINTY_MEASURE_WITH_UNIT (LENGTH_MEASURE( 1.000000000000000082E-05 ), #3021, 'distance_accuracy_value', 'NONE');
#866 = CARTESIAN_POINT ( 'NONE',  ( 24.00000000000000000, -11.00000000000000000, 3.552713678800499352E-15 ) ) ;
#867 = CARTESIAN_POINT ( 'NONE',  ( 24.00000000000000000, -4.000000000000000000, 0.000000000000000000 ) ) ;
#868 = EDGE_CURVE ( 'NONE', #1000, #2641, #1784, .T. ) ;
#869 = LINE ( 'NONE', #2758, #1174 ) ;
#870 = ORIENTED_EDGE ( 'NONE', *, *, #2539, .F. ) ;
#871 = AXIS2_PLACEMENT_3D ( 'NONE', #2569, #1638, #3134 ) ;
#872 =( NAMED_UNIT ( * ) SI_UNIT ( $, .STERADIAN. ) SOLID_ANGLE_UNIT ( ) );
#873 = STYLED_ITEM ( 'NONE', ( #2364 ), #1254 ) ;
#874 = VERTEX_POINT ( 'NONE', #313 ) ;
#875 = FILL_AREA_STYLE ('',( #2814 ) ) ;
#876 = DIRECTION ( 'NONE',  ( 0.000000000000000000, -1.000000000000000000, 0.000000000000000000 ) ) ;
#877 = FILL_AREA_STYLE ('',( #189 ) ) ;
#878 = ORIENTED_EDGE ( 'NONE', *, *, #2435, .F. ) ;
#879 = DIRECTION ( 'NONE',  ( 0.000000000000000000, -1.000000000000000000, 0.000000000000000000 ) ) ;
#880 = CARTESIAN_POINT ( 'NONE',  ( -37.00000000000000000, -7.000000000000000000, 12.00000000000000000 ) ) ;
#881 = VERTEX_POINT ( 'NONE', #50 ) ;
#882 = DIRECTION ( 'NONE',  ( 1.000000000000000000, 0.000000000000000000, 0.000000000000000000 ) ) ;
#883 = CARTESIAN_POINT ( 'NONE',  ( -7.071067811865479946, 0.000000000000000000, 27.50000000000000000 ) ) ;
#884 = PRESENTATION_STYLE_ASSIGNMENT (( #3141 ) ) ;
#885 = CARTESIAN_POINT ( 'NONE',  ( -2.149999999999999911, -0.1499999999999999944, 25.00000000000000000 ) ) ;
#886 = ORIENTED_EDGE ( 'NONE', *, *, #737, .F. ) ;
#887 = CARTESIAN_POINT ( 'NONE',  ( 0.000000000000000000, 5.000000000000000000, 0.000000000000000000 ) ) ;
#888 = DIRECTION ( 'NONE',  ( 0.000000000000000000, 0.000000000000000000, 1.000000000000000000 ) ) ;
#889 = LINE ( 'NONE', #1412, #2940 ) ;
#890 = CARTESIAN_POINT ( 'NONE',  ( -24.00000000000000000, -4.000000000000000000, 0.000000000000000000 ) ) ;
#891 = EDGE_CURVE ( 'NONE', #2737, #541, #1284, .T. ) ;
#892 = CARTESIAN_POINT ( 'NONE',  ( -37.00000000000000000, -11.00000000000000000, -12.00000000000000000 ) ) ;
#893 = EDGE_LOOP ( 'NONE', ( #2965, #2184, #1601, #1847 ) ) ;
#894 = CARTESIAN_POINT ( 'NONE',  ( -38.22950000000000159, -6.155000190734869925, 12.00000000000000000 ) ) ;
#895 = CARTESIAN_POINT ( 'NONE',  ( 42.00000000000000000, -9.000000000000000000, -11.32475165290614072 ) ) ;
#896 = ORIENTED_EDGE ( 'NONE', *, *, #2695, .T. ) ;
#897 =( NAMED_UNIT ( * ) SI_UNIT ( $, .STERADIAN. ) SOLID_ANGLE_UNIT ( ) );
#898 = ORIENTED_EDGE ( 'NONE', *, *, #93, .T. ) ;
#899 = COLOUR_RGB ( '',1.000000000000000000, 1.000000000000000000, 0.5019607843137254832 ) ;
#900 = LINE ( 'NONE', #2380, #286 ) ;
#901 = DIRECTION ( 'NONE',  ( -0.7071067811865474617, 0.7071067811865474617, 0.000000000000000000 ) ) ;
#902 = LINE ( 'NONE', #1637, #355 ) ;
#903 = FACE_OUTER_BOUND ( 'NONE', #2285, .T. ) ;
#904 = EDGE_CURVE ( 'NONE', #195, #917, #75, .T. ) ;
#905 = CIRCLE ( 'NONE', #2900, 3.200000000000001510 ) ;
#906 = AXIS2_PLACEMENT_3D ( 'NONE', #2216, #2952, #1184 ) ;
#907 = COLOUR_RGB ( '',1.000000000000000000, 1.000000000000000000, 0.5019607843137254832 ) ;
#908 = FACE_OUTER_BOUND ( 'NONE', #1980, .T. ) ;
#909 = EDGE_CURVE ( 'NONE', #1347, #2074, #1541, .T. ) ;
#910 = ORIENTED_EDGE ( 'NONE', *, *, #1919, .T. ) ;
#911 = DIRECTION ( 'NONE',  ( 1.000000000000000000, 0.000000000000000000, 0.000000000000000000 ) ) ;
#912 =( NAMED_UNIT ( * ) SI_UNIT ( $, .STERADIAN. ) SOLID_ANGLE_UNIT ( ) );
#913 = ORIENTED_EDGE ( 'NONE', *, *, #1368, .F. ) ;
#914 = PRESENTATION_LAYER_ASSIGNMENT (  '', '', ( #1062 ) ) ;
#915 = LINE ( 'NONE', #866, #1511 ) ;
#916 = FACE_OUTER_BOUND ( 'NONE', #2784, .T. ) ;
#917 = VERTEX_POINT ( 'NONE', #538 ) ;
#918 = CARTESIAN_POINT ( 'NONE',  ( -24.00000000000000000, -4.000000000000000000, -25.00000000000000000 ) ) ;
#919 = CARTESIAN_POINT ( 'NONE',  ( -37.00000000000000000, -7.000000000000000000, -12.00000000000000000 ) ) ;
#920 = CARTESIAN_POINT ( 'NONE',  ( -2.000000000000000000, -4.000000000000000000, 25.00000000000000000 ) ) ;
#921 = AXIS2_PLACEMENT_3D ( 'NONE', #2857, #3111, #1646 ) ;
#922 = DIRECTION ( 'NONE',  ( 1.000000000000000000, 0.000000000000000000, 0.000000000000000000 ) ) ;
#923 = DIRECTION ( 'NONE',  ( 0.000000000000000000, -1.000000000000000000, 0.000000000000000000 ) ) ;
#924 = AXIS2_PLACEMENT_3D ( 'NONE', #1978, #18, #2918 ) ;
#925 = ORIENTED_EDGE ( 'NONE', *, *, #1805, .T. ) ;
#926 = EDGE_CURVE ( 'NONE', #1470, #2761, #817, .T. ) ;
#927 = DIRECTION ( 'NONE',  ( 0.000000000000000000, 1.000000000000000000, 0.000000000000000000 ) ) ;
#928 = ORIENTED_EDGE ( 'NONE', *, *, #1258, .T. ) ;
#929 = UNCERTAINTY_MEASURE_WITH_UNIT (LENGTH_MEASURE( 1.000000000000000082E-05 ), #1084, 'distance_accuracy_value', 'NONE');
#930 = CYLINDRICAL_SURFACE ( 'NONE', #1843, 3.199999999999999734 ) ;
#931 = VERTEX_POINT ( 'NONE', #2657 ) ;
#932 = EDGE_CURVE ( 'NONE', #2524, #2629, #2910, .T. ) ;
#933 = SURFACE_SIDE_STYLE ('',( #218 ) ) ;
#934 = VERTEX_POINT ( 'NONE', #920 ) ;
#935 = SURFACE_STYLE_FILL_AREA ( #1574 ) ;
#936 = CYLINDRICAL_SURFACE ( 'NONE', #2223, 1.229500000000001370 ) ;
#937 = DIRECTION ( 'NONE',  ( -1.000000000000000000, 0.000000000000000000, 0.000000000000000000 ) ) ;
#938 = SURFACE_SIDE_STYLE ('',( #1934 ) ) ;
#939 = CARTESIAN_POINT ( 'NONE',  ( -40.04060439104284796, -11.00000000000000000, 17.00000000000000000 ) ) ;
#940 = ORIENTED_EDGE ( 'NONE', *, *, #1939, .T. ) ;
#941 =( NAMED_UNIT ( * ) PLANE_ANGLE_UNIT ( ) SI_UNIT ( $, .RADIAN. ) );
#942 = CARTESIAN_POINT ( 'NONE',  ( -17.67766952966370297, 11.00000000000000000, 17.67766952966370297 ) ) ;
#943 = EDGE_LOOP ( 'NONE', ( #619, #2304, #2739, #1010 ) ) ;
#944 = STYLED_ITEM ( 'NONE', ( #3073 ), #1728 ) ;
#945 = EDGE_LOOP ( 'NONE', ( #2441, #639 ) ) ;
#946 = STYLED_ITEM ( 'NONE', ( #268 ), #2632 ) ;
#947 =( NAMED_UNIT ( * ) PLANE_ANGLE_UNIT ( ) SI_UNIT ( $, .RADIAN. ) );
#948 = PRESENTATION_LAYER_ASSIGNMENT (  '', '', ( #29 ) ) ;
#949 =( NAMED_UNIT ( * ) SI_UNIT ( $, .STERADIAN. ) SOLID_ANGLE_UNIT ( ) );
#950 = PRESENTATION_LAYER_ASSIGNMENT (  '', '', ( #1149 ) ) ;
#951 = CARTESIAN_POINT ( 'NONE',  ( 0.000000000000000000, -11.00000000000000000, 0.000000000000000000 ) ) ;
#952 = PRESENTATION_LAYER_ASSIGNMENT (  '', '', ( #1509 ) ) ;
#953 = AXIS2_PLACEMENT_3D ( 'NONE', #37, #2671, #1498 ) ;
#954 = AXIS2_PLACEMENT_3D ( 'NONE', #1065, #1988, #1749 ) ;
#955 =( GEOMETRIC_REPRESENTATION_CONTEXT ( 3 ) GLOBAL_UNCERTAINTY_ASSIGNED_CONTEXT ( ( #197 ) ) GLOBAL_UNIT_ASSIGNED_CONTEXT ( ( #1790, #2573, #2522 ) ) REPRESENTATION_CONTEXT ( 'NONE', 'WORKASPACE' ) );
#956 = UNCERTAINTY_MEASURE_WITH_UNIT (LENGTH_MEASURE( 1.000000000000000082E-05 ), #1538, 'distance_accuracy_value', 'NONE');
#957 =( NAMED_UNIT ( * ) PLANE_ANGLE_UNIT ( ) SI_UNIT ( $, .RADIAN. ) );
#958 = CARTESIAN_POINT ( 'NONE',  ( -40.04060439104284796, -9.000000000000000000, 17.00000000000000000 ) ) ;
#959 = ORIENTED_EDGE ( 'NONE', *, *, #1489, .F. ) ;
#960 = FILL_AREA_STYLE_COLOUR ( '', #2941 ) ;
#961 = EDGE_CURVE ( 'NONE', #2479, #1861, #360, .T. ) ;
#962 = DIRECTION ( 'NONE',  ( 0.000000000000000000, 1.000000000000000000, 0.000000000000000000 ) ) ;
#963 = DIRECTION ( 'NONE',  ( 0.000000000000000000, 0.000000000000000000, -1.000000000000000000 ) ) ;
#964 = ORIENTED_EDGE ( 'NONE', *, *, #1346, .T. ) ;
#965 = STYLED_ITEM ( 'NONE', ( #1732 ), #1019 ) ;
#966 = SURFACE_STYLE_USAGE ( .BOTH. , #511 ) ;
#967 = MECHANICAL_DESIGN_GEOMETRIC_PRESENTATION_REPRESENTATION (  '', ( #1782 ), #2515 ) ;
#968 = VECTOR ( 'NONE', #2769, 1000.000000000000000 ) ;
#969 = PLANE ( 'NONE',  #1261 ) ;
#970 = CARTESIAN_POINT ( 'NONE',  ( 40.04060439104284796, -9.000000000000000000, 17.00000000000000000 ) ) ;
#971 = ORIENTED_EDGE ( 'NONE', *, *, #1217, .T. ) ;
#972 = AXIS2_PLACEMENT_3D ( 'NONE', #259, #1321, #581 ) ;
#973 = FACE_OUTER_BOUND ( 'NONE', #2874, .T. ) ;
#974 = PRESENTATION_STYLE_ASSIGNMENT (( #2725 ) ) ;
#975 = ORIENTED_EDGE ( 'NONE', *, *, #1028, .F. ) ;
#976 = FILL_AREA_STYLE ('',( #2428 ) ) ;
#977 = DIRECTION ( 'NONE',  ( 1.000000000000000000, 0.000000000000000000, 0.000000000000000000 ) ) ;
#978 = ORIENTED_EDGE ( 'NONE', *, *, #2537, .T. ) ;
#979 = ADVANCED_FACE ( 'NONE', ( #679 ), #1172, .T. ) ;
#980 =( NAMED_UNIT ( * ) PLANE_ANGLE_UNIT ( ) SI_UNIT ( $, .RADIAN. ) );
#981 = LINE ( 'NONE', #2253, #3168 ) ;
#982 = DIRECTION ( 'NONE',  ( 0.000000000000000000, 1.000000000000000000, 0.000000000000000000 ) ) ;
#983 = ADVANCED_FACE ( 'NONE', ( #903 ), #1443, .F. ) ;
#984 = ORIENTED_EDGE ( 'NONE', *, *, #1023, .F. ) ;
#985 = UNCERTAINTY_MEASURE_WITH_UNIT (LENGTH_MEASURE( 1.000000000000000082E-05 ), #2757, 'distance_accuracy_value', 'NONE');
#986 = CARTESIAN_POINT ( 'NONE',  ( -24.00000000000000000, -11.00000000000000000, 24.00000000000000000 ) ) ;
#987 = LINE ( 'NONE', #1925, #492 ) ;
#988 = CARTESIAN_POINT ( 'NONE',  ( -14.47766952966370013, 11.00000000000000000, -17.67766952966370297 ) ) ;
#989 = SURFACE_SIDE_STYLE ('',( #249 ) ) ;
#990 = CARTESIAN_POINT ( 'NONE',  ( 42.00000000000000000, -11.00000000000000000, -11.32475165290614072 ) ) ;
#991 = ORIENTED_EDGE ( 'NONE', *, *, #3154, .T. ) ;
#992 = AXIS2_PLACEMENT_3D ( 'NONE', #1918, #2412, #527 ) ;
#993 = SURFACE_STYLE_USAGE ( .BOTH. , #766 ) ;
#994 = VECTOR ( 'NONE', #937, 1000.000000000000000 ) ;
#995 = CARTESIAN_POINT ( 'NONE',  ( -27.00000000000000000, -7.000000000000000000, -19.50000000000000000 ) ) ;
#996 = COLOUR_RGB ( '',1.000000000000000000, 1.000000000000000000, 0.5019607843137254832 ) ;
#997 = EDGE_CURVE ( 'NONE', #1502, #1950, #2960, .T. ) ;
#998 = FILL_AREA_STYLE_COLOUR ( '', #1975 ) ;
#999 =( LENGTH_UNIT ( ) NAMED_UNIT ( * ) SI_UNIT ( .MILLI., .METRE. ) );
#1000 = VERTEX_POINT ( 'NONE', #2370 ) ;
#1001 =( GEOMETRIC_REPRESENTATION_CONTEXT ( 3 ) GLOBAL_UNCERTAINTY_ASSIGNED_CONTEXT ( ( #2410 ) ) GLOBAL_UNIT_ASSIGNED_CONTEXT ( ( #2425, #1569, #2035 ) ) REPRESENTATION_CONTEXT ( 'NONE', 'WORKASPACE' ) );
#1002 = VECTOR ( 'NONE', #2157, 1000.000000000000114 ) ;
#1003 = SURFACE_STYLE_USAGE ( .BOTH. , #1695 ) ;
#1004 = CARTESIAN_POINT ( 'NONE',  ( 27.00000000000000000, -11.00000000000000000, 19.50000000000000000 ) ) ;
#1005 = ORIENTED_EDGE ( 'NONE', *, *, #2767, .F. ) ;
#1006 = DIRECTION ( 'NONE',  ( 0.000000000000000000, 1.000000000000000000, 0.000000000000000000 ) ) ;
#1007 = STYLED_ITEM ( 'NONE', ( #1845 ), #125 ) ;
#1008 = VECTOR ( 'NONE', #2836, 1000.000000000000000 ) ;
#1009 = LINE ( 'NONE', #70, #1686 ) ;
#1010 = ORIENTED_EDGE ( 'NONE', *, *, #1724, .T. ) ;
#1011 = AXIS2_PLACEMENT_3D ( 'NONE', #883, #2393, #215 ) ;
#1012 = FACE_OUTER_BOUND ( 'NONE', #2878, .T. ) ;
#1013 = AXIS2_PLACEMENT_3D ( 'NONE', #3015, #1835, #2322 ) ;
#1014 = CARTESIAN_POINT ( 'NONE',  ( -42.00000000000000000, -11.00000000000000000, 0.000000000000000000 ) ) ;
#1015 = PRESENTATION_STYLE_ASSIGNMENT (( #2256 ) ) ;
#1016 = CYLINDRICAL_SURFACE ( 'NONE', #332, 1.229500000000001370 ) ;
#1017 = VECTOR ( 'NONE', #1154, 1000.000000000000000 ) ;
#1018 = EDGE_LOOP ( 'NONE', ( #571, #1218, #2011, #1723, #783, #2863, #1610, #2634, #3053, #2885 ) ) ;
#1019 = ADVANCED_FACE ( 'NONE', ( #2625 ), #1202, .T. ) ;
#1020 =( GEOMETRIC_REPRESENTATION_CONTEXT ( 3 ) GLOBAL_UNCERTAINTY_ASSIGNED_CONTEXT ( ( #2576 ) ) GLOBAL_UNIT_ASSIGNED_CONTEXT ( ( #1406, #2426, #201 ) ) REPRESENTATION_CONTEXT ( 'NONE', 'WORKASPACE' ) );
#1021 =( NAMED_UNIT ( * ) SI_UNIT ( $, .STERADIAN. ) SOLID_ANGLE_UNIT ( ) );
#1022 = PRESENTATION_STYLE_ASSIGNMENT (( #2221 ) ) ;
#1023 = EDGE_CURVE ( 'NONE', #881, #931, #2713, .T. ) ;
#1024 = CIRCLE ( 'NONE', #156, 15.75000000000000000 ) ;
#1025 = UNCERTAINTY_MEASURE_WITH_UNIT (LENGTH_MEASURE( 1.000000000000000082E-05 ), #815, 'distance_accuracy_value', 'NONE');
#1026 = CARTESIAN_POINT ( 'NONE',  ( 0.000000000000000000, 0.000000000000000000, 0.000000000000000000 ) ) ;
#1027 = CARTESIAN_POINT ( 'NONE',  ( 27.00000000000000000, -7.000000000000000000, 0.000000000000000000 ) ) ;
#1028 = EDGE_CURVE ( 'NONE', #2688, #2193, #1712, .T. ) ;
#1029 = SURFACE_STYLE_USAGE ( .BOTH. , #2682 ) ;
#1030 = ORIENTED_EDGE ( 'NONE', *, *, #599, .T. ) ;
#1031 = DIRECTION ( 'NONE',  ( 0.000000000000000000, 1.000000000000000000, 0.000000000000000000 ) ) ;
#1032 = DIRECTION ( 'NONE',  ( 0.000000000000000000, 1.000000000000000000, 0.000000000000000000 ) ) ;
#1033 = CARTESIAN_POINT ( 'NONE',  ( 0.000000000000000000, 2.750000000000000000, 0.000000000000000000 ) ) ;
#1034 = VERTEX_POINT ( 'NONE', #2700 ) ;
#1035 = CARTESIAN_POINT ( 'NONE',  ( 0.000000000000000000, 0.000000000000000000, -25.00000000000000000 ) ) ;
#1036 = EDGE_CURVE ( 'NONE', #2390, #1038, #2728, .T. ) ;
#1037 = ORIENTED_EDGE ( 'NONE', *, *, #23, .F. ) ;
#1038 = VERTEX_POINT ( 'NONE', #1967 ) ;
#1039 = ORIENTED_EDGE ( 'NONE', *, *, #123, .F. ) ;
#1040 =( NAMED_UNIT ( * ) SI_UNIT ( $, .STERADIAN. ) SOLID_ANGLE_UNIT ( ) );
#1041 = CARTESIAN_POINT ( 'NONE',  ( 0.000000000000000000, -7.000000000000000000, 0.000000000000000000 ) ) ;
#1042 = PRESENTATION_LAYER_ASSIGNMENT (  '', '', ( #596 ) ) ;
#1043 = DIRECTION ( 'NONE',  ( 1.000000000000000000, 0.000000000000000000, 0.000000000000000000 ) ) ;
#1044 =( NAMED_UNIT ( * ) SI_UNIT ( $, .STERADIAN. ) SOLID_ANGLE_UNIT ( ) );
#1045 = COLOUR_RGB ( '',1.000000000000000000, 1.000000000000000000, 0.5019607843137254832 ) ;
#1046 = CIRCLE ( 'NONE', #2338, 2.500000000000002220 ) ;
#1047 = ORIENTED_EDGE ( 'NONE', *, *, #1077, .T. ) ;
#1048 = COLOUR_RGB ( '',1.000000000000000000, 1.000000000000000000, 0.5019607843137254832 ) ;
#1049 = CARTESIAN_POINT ( 'NONE',  ( -24.00000000000000000, -7.000000000000000000, 25.00000000000000000 ) ) ;
#1050 = AXIS2_PLACEMENT_3D ( 'NONE', #1527, #1420, #2665 ) ;
#1051 = ORIENTED_EDGE ( 'NONE', *, *, #3154, .F. ) ;
#1052 = UNCERTAINTY_MEASURE_WITH_UNIT (LENGTH_MEASURE( 1.000000000000000082E-05 ), #1900, 'distance_accuracy_value', 'NONE');
#1053 = CARTESIAN_POINT ( 'NONE',  ( 0.000000000000000000, -11.00000000000000000, 0.000000000000000000 ) ) ;
#1054 = FACE_OUTER_BOUND ( 'NONE', #1182, .T. ) ;
#1055 =( GEOMETRIC_REPRESENTATION_CONTEXT ( 3 ) GLOBAL_UNCERTAINTY_ASSIGNED_CONTEXT ( ( #583 ) ) GLOBAL_UNIT_ASSIGNED_CONTEXT ( ( #1772, #1287, #1021 ) ) REPRESENTATION_CONTEXT ( 'NONE', 'WORKASPACE' ) );
#1056 = ORIENTED_EDGE ( 'NONE', *, *, #2635, .F. ) ;
#1057 = DIRECTION ( 'NONE',  ( 0.000000000000000000, -1.000000000000000000, 0.000000000000000000 ) ) ;
#1058 = EDGE_CURVE ( 'NONE', #632, #324, #1487, .T. ) ;
#1059 = VERTEX_POINT ( 'NONE', #533 ) ;
#1060 = CARTESIAN_POINT ( 'NONE',  ( 0.000000000000000000, 0.000000000000000000, 25.00000000000000000 ) ) ;
#1061 = CLOSED_SHELL ( 'NONE', ( #1629, #2934, #1728, #1290, #2993, #1239, #497, #979, #166, #1626, #2306, #1944, #362, #2559, #381, #1132, #1350, #1195, #125, #3060, #3117, #1701, #2213, #983, #2632, #576, #2095, #1703, #1994, #1691, #563, #2601, #433, #2733, #1802, #1824, #697, #713, #2973, #2303, #1465, #1958, #22, #1117, #2195, #653, #1254, #841, #3099, #2674, #2007, #752, #3033, #1392, #2833, #365, #2747, #1668, #2119, #163, #1451, #1019, #369, #2596, #616 ) ) ;
#1062 = STYLED_ITEM ( 'NONE', ( #3034 ), #616 ) ;
#1063 = EDGE_CURVE ( 'NONE', #1693, #486, #412, .T. ) ;
#1064 = PRESENTATION_LAYER_ASSIGNMENT (  '', '', ( #862 ) ) ;
#1065 = CARTESIAN_POINT ( 'NONE',  ( -37.00000000000000000, -11.00000000000000000, 12.00000000000000000 ) ) ;
#1066 = CYLINDRICAL_SURFACE ( 'NONE', #2401, 43.50000000000000000 ) ;
#1067 = DIRECTION ( 'NONE',  ( 1.000000000000000000, 0.000000000000000000, 0.000000000000000000 ) ) ;
#1068 = VERTEX_POINT ( 'NONE', #2211 ) ;
#1069 = PRESENTATION_LAYER_ASSIGNMENT (  '', '', ( #873 ) ) ;
#1070 = FACE_BOUND ( 'NONE', #2052, .T. ) ;
#1071 = FILL_AREA_STYLE ('',( #2008 ) ) ;
#1072 = DIRECTION ( 'NONE',  ( 1.000000000000000000, 0.000000000000000000, 0.000000000000000000 ) ) ;
#1073 =( GEOMETRIC_REPRESENTATION_CONTEXT ( 3 ) GLOBAL_UNCERTAINTY_ASSIGNED_CONTEXT ( ( #1794 ) ) GLOBAL_UNIT_ASSIGNED_CONTEXT ( ( #519, #31, #530 ) ) REPRESENTATION_CONTEXT ( 'NONE', 'WORKASPACE' ) );
#1074 = VERTEX_POINT ( 'NONE', #1247 ) ;
#1075 = ORIENTED_EDGE ( 'NONE', *, *, #142, .F. ) ;
#1076 = DIRECTION ( 'NONE',  ( -1.000000000000000000, 0.000000000000000000, 0.000000000000000000 ) ) ;
#1077 = EDGE_CURVE ( 'NONE', #1488, #2899, #732, .T. ) ;
#1078 = SURFACE_STYLE_USAGE ( .BOTH. , #609 ) ;
#1079 = DIRECTION ( 'NONE',  ( 0.000000000000000000, -1.000000000000000000, 0.000000000000000000 ) ) ;
#1080 =( NAMED_UNIT ( * ) PLANE_ANGLE_UNIT ( ) SI_UNIT ( $, .RADIAN. ) );
#1081 = VERTEX_POINT ( 'NONE', #990 ) ;
#1082 = SURFACE_STYLE_FILL_AREA ( #1991 ) ;
#1083 = DIRECTION ( 'NONE',  ( 0.000000000000000000, 1.000000000000000000, 0.000000000000000000 ) ) ;
#1084 =( LENGTH_UNIT ( ) NAMED_UNIT ( * ) SI_UNIT ( .MILLI., .METRE. ) );
#1085 = SURFACE_STYLE_USAGE ( .BOTH. , #1278 ) ;
#1086 =( LENGTH_UNIT ( ) NAMED_UNIT ( * ) SI_UNIT ( .MILLI., .METRE. ) );
#1087 = DIRECTION ( 'NONE',  ( 0.000000000000000000, 0.000000000000000000, -1.000000000000000000 ) ) ;
#1088 = ORIENTED_EDGE ( 'NONE', *, *, #657, .T. ) ;
#1089 = ORIENTED_EDGE ( 'NONE', *, *, #2832, .F. ) ;
#1090 = CARTESIAN_POINT ( 'NONE',  ( -35.77049999999999841, -11.00000000000000000, -12.00000000000000000 ) ) ;
#1091 = SURFACE_SIDE_STYLE ('',( #1851 ) ) ;
#1092 = CARTESIAN_POINT ( 'NONE',  ( 35.50000000000000000, -7.000000000000000000, -3.673940397442060361E-16 ) ) ;
#1093 = SURFACE_SIDE_STYLE ('',( #2059 ) ) ;
#1094 = EDGE_LOOP ( 'NONE', ( #2143, #2409, #1363, #870 ) ) ;
#1095 = COLOUR_RGB ( '',1.000000000000000000, 1.000000000000000000, 0.5019607843137254832 ) ;
#1096 = ORIENTED_EDGE ( 'NONE', *, *, #1251, .F. ) ;
#1097 = STYLED_ITEM ( 'NONE', ( #1966 ), #2833 ) ;
#1098 = VECTOR ( 'NONE', #180, 1000.000000000000114 ) ;
#1099 = CARTESIAN_POINT ( 'NONE',  ( -27.00000000000000000, -10.50000000000000000, 24.50000000000000000 ) ) ;
#1100 =( GEOMETRIC_REPRESENTATION_CONTEXT ( 3 ) GLOBAL_UNCERTAINTY_ASSIGNED_CONTEXT ( ( #258 ) ) GLOBAL_UNIT_ASSIGNED_CONTEXT ( ( #1742, #957, #1448 ) ) REPRESENTATION_CONTEXT ( 'NONE', 'WORKASPACE' ) );
#1101 = AXIS2_PLACEMENT_3D ( 'NONE', #2329, #1613, #2146 ) ;
#1102 = DIRECTION ( 'NONE',  ( 0.000000000000000000, -1.000000000000000000, 0.000000000000000000 ) ) ;
#1103 = ORIENTED_EDGE ( 'NONE', *, *, #1223, .F. ) ;
#1104 = DIRECTION ( 'NONE',  ( 0.000000000000000000, 0.000000000000000000, 1.000000000000000000 ) ) ;
#1105 = MECHANICAL_DESIGN_GEOMETRIC_PRESENTATION_REPRESENTATION (  '', ( #754 ), #2748 ) ;
#1106 = AXIS2_PLACEMENT_3D ( 'NONE', #3108, #2090, #911 ) ;
#1107 = ORIENTED_EDGE ( 'NONE', *, *, #1826, .T. ) ;
#1108 = FACE_OUTER_BOUND ( 'NONE', #3130, .T. ) ;
#1109 = DIRECTION ( 'NONE',  ( -1.000000000000000000, 0.000000000000000000, 0.000000000000000000 ) ) ;
#1110 = AXIS2_PLACEMENT_3D ( 'NONE', #2655, #1926, #465 ) ;
#1111 =( NAMED_UNIT ( * ) SI_UNIT ( $, .STERADIAN. ) SOLID_ANGLE_UNIT ( ) );
#1112 = DIRECTION ( 'NONE',  ( 0.000000000000000000, -1.000000000000000000, 0.000000000000000000 ) ) ;
#1113 = VERTEX_POINT ( 'NONE', #2492 ) ;
#1114 = EDGE_CURVE ( 'NONE', #1877, #2737, #1009, .T. ) ;
#1115 = UNCERTAINTY_MEASURE_WITH_UNIT (LENGTH_MEASURE( 1.000000000000000082E-05 ), #1360, 'distance_accuracy_value', 'NONE');
#1116 =( NAMED_UNIT ( * ) PLANE_ANGLE_UNIT ( ) SI_UNIT ( $, .RADIAN. ) );
#1117 = ADVANCED_FACE ( 'NONE', ( #2964 ), #295, .F. ) ;
#1118 = DIRECTION ( 'NONE',  ( -0.7071067811865475727, -0.7071067811865475727, 0.000000000000000000 ) ) ;
#1119 = SURFACE_STYLE_USAGE ( .BOTH. , #2890 ) ;
#1120 = ORIENTED_EDGE ( 'NONE', *, *, #1588, .T. ) ;
#1121 = AXIS2_PLACEMENT_3D ( 'NONE', #343, #834, #2541 ) ;
#1122 = CARTESIAN_POINT ( 'NONE',  ( 17.67766952966370297, -4.000000000000000000, -17.67766952966370297 ) ) ;
#1123 = EDGE_CURVE ( 'NONE', #2420, #1384, #1567, .T. ) ;
#1124 = MECHANICAL_DESIGN_GEOMETRIC_PRESENTATION_REPRESENTATION (  '', ( #1786 ), #1579 ) ;
#1125 =( NAMED_UNIT ( * ) PLANE_ANGLE_UNIT ( ) SI_UNIT ( $, .RADIAN. ) );
#1126 = CARTESIAN_POINT ( 'NONE',  ( 29.50000000000000000, -9.000000000000000000, 17.00000000000000000 ) ) ;
#1127 = DIRECTION ( 'NONE',  ( 0.000000000000000000, 0.000000000000000000, 1.000000000000000000 ) ) ;
#1128 = CARTESIAN_POINT ( 'NONE',  ( -29.50000000000000000, -5.500000000000000000, -19.50000000000000000 ) ) ;
#1129 = SURFACE_STYLE_FILL_AREA ( #3090 ) ;
#1130 = DIRECTION ( 'NONE',  ( 0.000000000000000000, -1.000000000000000000, 0.000000000000000000 ) ) ;
#1131 = ORIENTED_EDGE ( 'NONE', *, *, #403, .F. ) ;
#1132 = ADVANCED_FACE ( 'NONE', ( #1810 ), #2009, .T. ) ;
#1133 = CARTESIAN_POINT ( 'NONE',  ( 14.47766952966370013, 11.00000000000000000, -17.67766952966370297 ) ) ;
#1134 = ORIENTED_EDGE ( 'NONE', *, *, #23, .T. ) ;
#1135 = DIRECTION ( 'NONE',  ( 0.000000000000000000, 1.000000000000000000, 0.000000000000000000 ) ) ;
#1136 = EDGE_CURVE ( 'NONE', #712, #2374, #2049, .T. ) ;
#1137 = CARTESIAN_POINT ( 'NONE',  ( -24.34264068711929951, -11.00000000000000000, 24.00000000000000000 ) ) ;
#1138 = DIRECTION ( 'NONE',  ( -1.000000000000000000, 0.000000000000000000, 0.000000000000000000 ) ) ;
#1139 = DIRECTION ( 'NONE',  ( 1.000000000000000000, 0.000000000000000000, 0.000000000000000000 ) ) ;
#1140 = CARTESIAN_POINT ( 'NONE',  ( 14.47766952966370013, 11.00000000000000000, 17.67766952966370297 ) ) ;
#1141 = CARTESIAN_POINT ( 'NONE',  ( 24.00000000000000000, -11.00000000000000000, -24.00000000000000000 ) ) ;
#1142 = LINE ( 'NONE', #1886, #2870 ) ;
#1143 = EDGE_LOOP ( 'NONE', ( #1812, #2647, #266, #1961 ) ) ;
#1144 = AXIS2_PLACEMENT_3D ( 'NONE', #1128, #2357, #1866 ) ;
#1145 = DIRECTION ( 'NONE',  ( 0.000000000000000000, -1.000000000000000000, 0.000000000000000000 ) ) ;
#1146 =( GEOMETRIC_REPRESENTATION_CONTEXT ( 3 ) GLOBAL_UNCERTAINTY_ASSIGNED_CONTEXT ( ( #1752 ) ) GLOBAL_UNIT_ASSIGNED_CONTEXT ( ( #2673, #1125, #2153 ) ) REPRESENTATION_CONTEXT ( 'NONE', 'WORKASPACE' ) );
#1147 = CIRCLE ( 'NONE', #2284, 3.200000000000001510 ) ;
#1148 = ORIENTED_EDGE ( 'NONE', *, *, #891, .F. ) ;
#1149 = STYLED_ITEM ( 'NONE', ( #833 ), #2993 ) ;
#1150 = CIRCLE ( 'NONE', #3103, 1.500000000000001332 ) ;
#1151 = CARTESIAN_POINT ( 'NONE',  ( 35.77049999999999841, -11.00000000000000000, 12.00000000000000000 ) ) ;
#1152 = VERTEX_POINT ( 'NONE', #618 ) ;
#1153 = FILL_AREA_STYLE ('',( #2610 ) ) ;
#1154 = DIRECTION ( 'NONE',  ( 0.000000000000000000, -1.000000000000000000, 0.000000000000000000 ) ) ;
#1155 = MECHANICAL_DESIGN_GEOMETRIC_PRESENTATION_REPRESENTATION (  '', ( #346 ), #1001 ) ;
#1156 = VECTOR ( 'NONE', #2421, 1000.000000000000000 ) ;
#1157 = EDGE_CURVE ( 'NONE', #1000, #1275, #869, .T. ) ;
#1158 = CARTESIAN_POINT ( 'NONE',  ( 0.000000000000000000, 0.000000000000000000, 25.00000000000000000 ) ) ;
#1159 = SURFACE_STYLE_USAGE ( .BOTH. , #2057 ) ;
#1160 = EDGE_CURVE ( 'NONE', #2089, #2622, #2318, .T. ) ;
#1161 = LINE ( 'NONE', #2834, #2895 ) ;
#1162 = ORIENTED_EDGE ( 'NONE', *, *, #222, .T. ) ;
#1163 = FILL_AREA_STYLE_COLOUR ( '', #550 ) ;
#1164 = DIRECTION ( 'NONE',  ( 0.000000000000000000, -1.000000000000000000, 0.000000000000000000 ) ) ;
#1165 = ORIENTED_EDGE ( 'NONE', *, *, #12, .F. ) ;
#1166 = DIRECTION ( 'NONE',  ( 0.000000000000000000, 0.000000000000000000, -1.000000000000000000 ) ) ;
#1167 = AXIS2_PLACEMENT_3D ( 'NONE', #1282, #2267, #2996 ) ;
#1168 = FILL_AREA_STYLE ('',( #1388 ) ) ;
#1169 = EDGE_LOOP ( 'NONE', ( #1386, #2508, #1271, #1213 ) ) ;
#1170 = CYLINDRICAL_SURFACE ( 'NONE', #540, 3.200000000000001510 ) ;
#1171 = ORIENTED_EDGE ( 'NONE', *, *, #2593, .T. ) ;
#1172 = PLANE ( 'NONE',  #2037 ) ;
#1173 = ORIENTED_EDGE ( 'NONE', *, *, #1833, .T. ) ;
#1174 = VECTOR ( 'NONE', #1326, 1000.000000000000000 ) ;
#1175 =( NAMED_UNIT ( * ) PLANE_ANGLE_UNIT ( ) SI_UNIT ( $, .RADIAN. ) );
#1176 = CARTESIAN_POINT ( 'NONE',  ( 27.00000000000000000, -10.00000000000000000, -25.00000000000000000 ) ) ;
#1177 = EDGE_CURVE ( 'NONE', #2349, #541, #2065, .T. ) ;
#1178 =( NAMED_UNIT ( * ) SI_UNIT ( $, .STERADIAN. ) SOLID_ANGLE_UNIT ( ) );
#1179 = CIRCLE ( 'NONE', #213, 3.199999999999999734 ) ;
#1180 = FILL_AREA_STYLE ('',( #2676 ) ) ;
#1181 = DIRECTION ( 'NONE',  ( -1.000000000000000000, 0.000000000000000000, 0.000000000000000000 ) ) ;
#1182 = EDGE_LOOP ( 'NONE', ( #1165, #1937, #107, #587 ) ) ;
#1183 = UNCERTAINTY_MEASURE_WITH_UNIT (LENGTH_MEASURE( 1.000000000000000082E-05 ), #1086, 'distance_accuracy_value', 'NONE');
#1184 = DIRECTION ( 'NONE',  ( 1.000000000000000000, 0.000000000000000000, 0.000000000000000000 ) ) ;
#1185 = CARTESIAN_POINT ( 'NONE',  ( 40.04060439104284796, -7.000000000000000000, -17.00000000000000000 ) ) ;
#1186 = VERTEX_POINT ( 'NONE', #851 ) ;
#1187 = CARTESIAN_POINT ( 'NONE',  ( 27.00000000000000000, -10.50000000000000000, -24.50000000000000000 ) ) ;
#1188 = SURFACE_SIDE_STYLE ('',( #1685 ) ) ;
#1189 =( NAMED_UNIT ( * ) PLANE_ANGLE_UNIT ( ) SI_UNIT ( $, .RADIAN. ) );
#1190 = ORIENTED_EDGE ( 'NONE', *, *, #3068, .F. ) ;
#1191 = CARTESIAN_POINT ( 'NONE',  ( -40.04060439104284796, -11.00000000000000000, -17.00000000000000000 ) ) ;
#1192 = CYLINDRICAL_SURFACE ( 'NONE', #43, 15.75000000000000000 ) ;
#1193 = DIRECTION ( 'NONE',  ( 1.000000000000000000, 0.000000000000000000, 0.000000000000000000 ) ) ;
#1194 = ORIENTED_EDGE ( 'NONE', *, *, #2963, .F. ) ;
#1195 = ADVANCED_FACE ( 'NONE', ( #1054 ), #1829, .F. ) ;
#1196 = FACE_BOUND ( 'NONE', #2994, .T. ) ;
#1197 = DIRECTION ( 'NONE',  ( 0.000000000000000000, -1.000000000000000000, 0.000000000000000000 ) ) ;
#1198 = ORIENTED_EDGE ( 'NONE', *, *, #535, .F. ) ;
#1199 = MECHANICAL_DESIGN_GEOMETRIC_PRESENTATION_REPRESENTATION (  '', ( #596 ), #2432 ) ;
#1200 =( NAMED_UNIT ( * ) PLANE_ANGLE_UNIT ( ) SI_UNIT ( $, .RADIAN. ) );
#1201 = STYLED_ITEM ( 'NONE', ( #779 ), #2601 ) ;
#1202 = CYLINDRICAL_SURFACE ( 'NONE', #2307, 43.50000000000000000 ) ;
#1203 = ORIENTED_EDGE ( 'NONE', *, *, #1258, .F. ) ;
#1204 = CIRCLE ( 'NONE', #645, 2.499999999999998668 ) ;
#1205 = MECHANICAL_DESIGN_GEOMETRIC_PRESENTATION_REPRESENTATION (  '', ( #140 ), #2340 ) ;
#1206 = DIRECTION ( 'NONE',  ( -1.000000000000000000, 0.000000000000000000, 0.000000000000000000 ) ) ;
#1207 = STYLED_ITEM ( 'NONE', ( #884 ), #3060 ) ;
#1208 = AXIS2_PLACEMENT_3D ( 'NONE', #1158, #1688, #3101 ) ;
#1209 = CARTESIAN_POINT ( 'NONE',  ( -24.00000000000000000, -11.00000000000000000, 0.000000000000000000 ) ) ;
#1210 = STYLED_ITEM ( 'NONE', ( #65 ), #563 ) ;
#1211 = PRESENTATION_STYLE_ASSIGNMENT (( #479 ) ) ;
#1212 = DIRECTION ( 'NONE',  ( 0.000000000000000000, -1.000000000000000000, 0.000000000000000000 ) ) ;
#1213 = ORIENTED_EDGE ( 'NONE', *, *, #1788, .T. ) ;
#1214 = UNCERTAINTY_MEASURE_WITH_UNIT (LENGTH_MEASURE( 1.000000000000000082E-05 ), #2721, 'distance_accuracy_value', 'NONE');
#1215 = CARTESIAN_POINT ( 'NONE',  ( -29.50000000000000000, -9.000000000000000000, 17.00000000000000000 ) ) ;
#1216 = DIRECTION ( 'NONE',  ( 0.000000000000000000, 1.000000000000000000, 0.000000000000000000 ) ) ;
#1217 = EDGE_CURVE ( 'NONE', #2026, #2524, #1634, .T. ) ;
#1218 = ORIENTED_EDGE ( 'NONE', *, *, #904, .T. ) ;
#1219 = FILL_AREA_STYLE_COLOUR ( '', #846 ) ;
#1220 = DIRECTION ( 'NONE',  ( -1.000000000000000000, 0.000000000000000000, 0.000000000000000000 ) ) ;
#1221 = SURFACE_SIDE_STYLE ('',( #38 ) ) ;
#1222 = ORIENTED_EDGE ( 'NONE', *, *, #1346, .F. ) ;
#1223 = EDGE_CURVE ( 'NONE', #1682, #1186, #3083, .T. ) ;
#1224 = VECTOR ( 'NONE', #578, 1000.000000000000114 ) ;
#1225 = FILL_AREA_STYLE_COLOUR ( '', #2791 ) ;
#1226 = DIRECTION ( 'NONE',  ( 0.000000000000000000, -1.000000000000000000, 0.000000000000000000 ) ) ;
#1227 = PRESENTATION_STYLE_ASSIGNMENT (( #2659 ) ) ;
#1228 =( GEOMETRIC_REPRESENTATION_CONTEXT ( 3 ) GLOBAL_UNCERTAINTY_ASSIGNED_CONTEXT ( ( #2079 ) ) GLOBAL_UNIT_ASSIGNED_CONTEXT ( ( #1449, #1468, #245 ) ) REPRESENTATION_CONTEXT ( 'NONE', 'WORKASPACE' ) );
#1229 = STYLED_ITEM ( 'NONE', ( #78 ), #1451 ) ;
#1230 = DIRECTION ( 'NONE',  ( 1.000000000000000000, 0.000000000000000000, 0.000000000000000000 ) ) ;
#1231 = ORIENTED_EDGE ( 'NONE', *, *, #2865, .F. ) ;
#1232 = COLOUR_RGB ( '',1.000000000000000000, 1.000000000000000000, 0.5019607843137254832 ) ;
#1233 = SURFACE_STYLE_USAGE ( .BOTH. , #773 ) ;
#1234 = VERTEX_POINT ( 'NONE', #2839 ) ;
#1235 = EDGE_CURVE ( 'NONE', #2919, #2468, #1390, .T. ) ;
#1236 = DIRECTION ( 'NONE',  ( 0.000000000000000000, 0.000000000000000000, -1.000000000000000000 ) ) ;
#1237 = CARTESIAN_POINT ( 'NONE',  ( -27.00000000000000000, -5.500000000000000000, -25.00000000000000000 ) ) ;
#1238 = ORIENTED_EDGE ( 'NONE', *, *, #467, .F. ) ;
#1239 = ADVANCED_FACE ( 'NONE', ( #1632 ), #2148, .F. ) ;
#1240 = DIRECTION ( 'NONE',  ( -1.000000000000000000, 0.000000000000000000, 0.000000000000000000 ) ) ;
#1241 = FILL_AREA_STYLE ('',( #2705 ) ) ;
#1242 = CARTESIAN_POINT ( 'NONE',  ( -15.53553390593275196, -4.000000000000000000, 25.00000000000000000 ) ) ;
#1243 = EDGE_LOOP ( 'NONE', ( #2320, #2678 ) ) ;
#1244 = SURFACE_STYLE_FILL_AREA ( #273 ) ;
#1245 = ORIENTED_EDGE ( 'NONE', *, *, #3158, .T. ) ;
#1246 =( LENGTH_UNIT ( ) NAMED_UNIT ( * ) SI_UNIT ( .MILLI., .METRE. ) );
#1247 = CARTESIAN_POINT ( 'NONE',  ( -27.00000000000000000, -1.000000000000000000, 25.00000000000000000 ) ) ;
#1248 = ORIENTED_EDGE ( 'NONE', *, *, #467, .T. ) ;
#1249 =( GEOMETRIC_REPRESENTATION_CONTEXT ( 3 ) GLOBAL_UNCERTAINTY_ASSIGNED_CONTEXT ( ( #1373 ) ) GLOBAL_UNIT_ASSIGNED_CONTEXT ( ( #114, #1080, #153 ) ) REPRESENTATION_CONTEXT ( 'NONE', 'WORKASPACE' ) );
#1250 =( NAMED_UNIT ( * ) PLANE_ANGLE_UNIT ( ) SI_UNIT ( $, .RADIAN. ) );
#1251 = EDGE_CURVE ( 'NONE', #385, #2536, #470, .T. ) ;
#1252 =( GEOMETRIC_REPRESENTATION_CONTEXT ( 3 ) GLOBAL_UNCERTAINTY_ASSIGNED_CONTEXT ( ( #2689 ) ) GLOBAL_UNIT_ASSIGNED_CONTEXT ( ( #2921, #1758, #56 ) ) REPRESENTATION_CONTEXT ( 'NONE', 'WORKASPACE' ) );
#1253 = STYLED_ITEM ( 'NONE', ( #1379 ), #1944 ) ;
#1254 = ADVANCED_FACE ( 'NONE', ( #916 ), #930, .F. ) ;
#1255 = PRESENTATION_LAYER_ASSIGNMENT (  '', '', ( #2649 ) ) ;
#1256 = CARTESIAN_POINT ( 'NONE',  ( -25.50000000000000000, -10.00000000000000000, 25.00000000000000000 ) ) ;
#1257 = ORIENTED_EDGE ( 'NONE', *, *, #2959, .F. ) ;
#1258 = EDGE_CURVE ( 'NONE', #86, #1113, #2670, .T. ) ;
#1259 = CIRCLE ( 'NONE', #1674, 43.50000000000000000 ) ;
#1260 = FILL_AREA_STYLE_COLOUR ( '', #2442 ) ;
#1261 = AXIS2_PLACEMENT_3D ( 'NONE', #2407, #1959, #1721 ) ;
#1262 = SURFACE_SIDE_STYLE ('',( #1439 ) ) ;
#1263 = CIRCLE ( 'NONE', #3061, 1.229500000000001370 ) ;
#1264 = FILL_AREA_STYLE ('',( #2947 ) ) ;
#1265 = ORIENTED_EDGE ( 'NONE', *, *, #1497, .F. ) ;
#1266 = FILL_AREA_STYLE ('',( #297 ) ) ;
#1267 = CARTESIAN_POINT ( 'NONE',  ( 27.00000000000000000, -5.500000000000000000, 25.00000000000000000 ) ) ;
#1268 = EDGE_CURVE ( 'NONE', #2078, #632, #1272, .T. ) ;
#1269 = DIRECTION ( 'NONE',  ( 0.000000000000000000, -1.000000000000000000, 0.000000000000000000 ) ) ;
#1270 = FACE_OUTER_BOUND ( 'NONE', #60, .T. ) ;
#1271 = ORIENTED_EDGE ( 'NONE', *, *, #1409, .T. ) ;
#1272 = CIRCLE ( 'NONE', #1478, 2.500000000000002220 ) ;
#1273 = FILL_AREA_STYLE_COLOUR ( '', #1771 ) ;
#1274 = CARTESIAN_POINT ( 'NONE',  ( -26.00000000000000000, 0.000000000000000000, 0.000000000000000000 ) ) ;
#1275 = VERTEX_POINT ( 'NONE', #1004 ) ;
#1276 = PRESENTATION_LAYER_ASSIGNMENT (  '', '', ( #5 ) ) ;
#1277 =( NAMED_UNIT ( * ) PLANE_ANGLE_UNIT ( ) SI_UNIT ( $, .RADIAN. ) );
#1278 = SURFACE_SIDE_STYLE ('',( #117 ) ) ;
#1279 = SURFACE_STYLE_USAGE ( .BOTH. , #2578 ) ;
#1280 = ORIENTED_EDGE ( 'NONE', *, *, #123, .T. ) ;
#1281 = DIRECTION ( 'NONE',  ( 0.000000000000000000, -1.000000000000000000, 0.000000000000000000 ) ) ;
#1282 = CARTESIAN_POINT ( 'NONE',  ( 37.00000000000000000, -11.00000000000000000, -12.00000000000000000 ) ) ;
#1283 = DIRECTION ( 'NONE',  ( 0.000000000000000000, -0.7071067811865474617, 0.7071067811865474617 ) ) ;
#1284 = LINE ( 'NONE', #2268, #1734 ) ;
#1285 = PRESENTATION_STYLE_ASSIGNMENT (( #2800 ) ) ;
#1286 = VERTEX_POINT ( 'NONE', #742 ) ;
#1287 =( NAMED_UNIT ( * ) PLANE_ANGLE_UNIT ( ) SI_UNIT ( $, .RADIAN. ) );
#1288 = SURFACE_STYLE_FILL_AREA ( #2313 ) ;
#1289 = ORIENTED_EDGE ( 'NONE', *, *, #1036, .F. ) ;
#1290 = ADVANCED_FACE ( 'NONE', ( #1706 ), #774, .F. ) ;
#1291 = EDGE_CURVE ( 'NONE', #54, #1457, #1743, .T. ) ;
#1292 = FILL_AREA_STYLE ('',( #2787 ) ) ;
#1293 = DIRECTION ( 'NONE',  ( 1.000000000000000000, 0.000000000000000000, 0.000000000000000000 ) ) ;
#1294 = ORIENTED_EDGE ( 'NONE', *, *, #2422, .F. ) ;
#1295 = ORIENTED_EDGE ( 'NONE', *, *, #2500, .T. ) ;
#1296 = SURFACE_STYLE_FILL_AREA ( #2336 ) ;
#1297 = STYLED_ITEM ( 'NONE', ( #1542 ), #1701 ) ;
#1298 = CARTESIAN_POINT ( 'NONE',  ( -42.00000000000000000, -7.000000000000000000, 1.776356839400249676E-15 ) ) ;
#1299 = CARTESIAN_POINT ( 'NONE',  ( 24.00000000000000000, -7.000000000000000000, 25.00000000000000000 ) ) ;
#1300 =( GEOMETRIC_REPRESENTATION_CONTEXT ( 3 ) GLOBAL_UNCERTAINTY_ASSIGNED_CONTEXT ( ( #1725 ) ) GLOBAL_UNIT_ASSIGNED_CONTEXT ( ( #2995, #91, #3029 ) ) REPRESENTATION_CONTEXT ( 'NONE', 'WORKASPACE' ) );
#1301 = SURFACE_SIDE_STYLE ('',( #1334 ) ) ;
#1302 = ORIENTED_EDGE ( 'NONE', *, *, #1114, .F. ) ;
#1303 = COLOUR_RGB ( '',1.000000000000000000, 1.000000000000000000, 0.5019607843137254832 ) ;
#1304 = EDGE_CURVE ( 'NONE', #1275, #1570, #757, .T. ) ;
#1305 = CARTESIAN_POINT ( 'NONE',  ( 37.00000000000000000, -11.00000000000000000, -12.00000000000000000 ) ) ;
#1306 = FILL_AREA_STYLE_COLOUR ( '', #261 ) ;
#1307 = CIRCLE ( 'NONE', #2992, 1.500000000000001332 ) ;
#1308 = DIRECTION ( 'NONE',  ( 1.000000000000000000, 0.000000000000000000, 0.000000000000000000 ) ) ;
#1309 = FACE_OUTER_BOUND ( 'NONE', #2600, .T. ) ;
#1310 = FILL_AREA_STYLE_COLOUR ( '', #2359 ) ;
#1311 = ORIENTED_EDGE ( 'NONE', *, *, #2848, .T. ) ;
#1312 = DIRECTION ( 'NONE',  ( -1.000000000000000000, 0.000000000000000000, 0.000000000000000000 ) ) ;
#1313 = AXIS2_PLACEMENT_3D ( 'NONE', #16, #513, #1677 ) ;
#1314 = PRESENTATION_STYLE_ASSIGNMENT (( #1078 ) ) ;
#1315 = SURFACE_STYLE_USAGE ( .BOTH. , #1447 ) ;
#1316 = CYLINDRICAL_SURFACE ( 'NONE', #770, 3.199999999999999734 ) ;
#1317 = FILL_AREA_STYLE ('',( #794 ) ) ;
#1318 = ORIENTED_EDGE ( 'NONE', *, *, #635, .T. ) ;
#1319 = AXIS2_PLACEMENT_3D ( 'NONE', #1897, #185, #2877 ) ;
#1320 = SURFACE_STYLE_FILL_AREA ( #2555 ) ;
#1321 = DIRECTION ( 'NONE',  ( 0.000000000000000000, 0.000000000000000000, -1.000000000000000000 ) ) ;
#1322 = STYLED_ITEM ( 'NONE', ( #177 ), #1239 ) ;
#1323 = SURFACE_SIDE_STYLE ('',( #2558 ) ) ;
#1324 = DIRECTION ( 'NONE',  ( 0.000000000000000000, 1.000000000000000000, 0.000000000000000000 ) ) ;
#1325 = PRESENTATION_STYLE_ASSIGNMENT (( #1953 ) ) ;
#1326 = DIRECTION ( 'NONE',  ( 0.000000000000000000, 0.000000000000000000, -1.000000000000000000 ) ) ;
#1327 = AXIS2_PLACEMENT_3D ( 'NONE', #1399, #3091, #3109 ) ;
#1328 = ORIENTED_EDGE ( 'NONE', *, *, #2160, .T. ) ;
#1329 =( NAMED_UNIT ( * ) SI_UNIT ( $, .STERADIAN. ) SOLID_ANGLE_UNIT ( ) );
#1330 = ORIENTED_EDGE ( 'NONE', *, *, #2635, .T. ) ;
#1331 = DIRECTION ( 'NONE',  ( 0.7071067811865474617, -0.7071067811865474617, 0.000000000000000000 ) ) ;
#1332 = EDGE_CURVE ( 'NONE', #3043, #2319, #1737, .T. ) ;
#1333 = LINE ( 'NONE', #1298, #399 ) ;
#1334 = SURFACE_STYLE_FILL_AREA ( #1317 ) ;
#1335 = DIRECTION ( 'NONE',  ( 0.000000000000000000, -1.000000000000000000, 0.000000000000000000 ) ) ;
#1336 =( LENGTH_UNIT ( ) NAMED_UNIT ( * ) SI_UNIT ( .MILLI., .METRE. ) );
#1337 = ORIENTED_EDGE ( 'NONE', *, *, #2726, .F. ) ;
#1338 =( LENGTH_UNIT ( ) NAMED_UNIT ( * ) SI_UNIT ( .MILLI., .METRE. ) );
#1339 = DIRECTION ( 'NONE',  ( 0.000000000000000000, 0.000000000000000000, -1.000000000000000000 ) ) ;
#1340 = DIRECTION ( 'NONE',  ( 0.000000000000000000, 0.000000000000000000, -1.000000000000000000 ) ) ;
#1341 = PRESENTATION_STYLE_ASSIGNMENT (( #376 ) ) ;
#1342 = EDGE_LOOP ( 'NONE', ( #2882, #1576, #991, #359 ) ) ;
#1343 = DIRECTION ( 'NONE',  ( 0.000000000000000000, 1.000000000000000000, 0.000000000000000000 ) ) ;
#1344 = ORIENTED_EDGE ( 'NONE', *, *, #12, .T. ) ;
#1345 = CARTESIAN_POINT ( 'NONE',  ( 7.071067811865479946, 0.000000000000000000, 27.50000000000000000 ) ) ;
#1346 = EDGE_CURVE ( 'NONE', #1950, #1502, #2616, .T. ) ;
#1347 = VERTEX_POINT ( 'NONE', #986 ) ;
#1348 =( NAMED_UNIT ( * ) SI_UNIT ( $, .STERADIAN. ) SOLID_ANGLE_UNIT ( ) );
#1349 = VERTEX_POINT ( 'NONE', #1962 ) ;
#1350 = ADVANCED_FACE ( 'NONE', ( #727 ), #2928, .F. ) ;
#1351 = CIRCLE ( 'NONE', #2177, 2.500000000000000444 ) ;
#1352 = DIRECTION ( 'NONE',  ( 1.000000000000000000, 0.000000000000000000, 0.000000000000000000 ) ) ;
#1353 = CARTESIAN_POINT ( 'NONE',  ( 35.77049999999999841, -6.155000190734860155, 12.00000000000000000 ) ) ;
#1354 = EDGE_LOOP ( 'NONE', ( #2045, #1289, #546, #2206 ) ) ;
#1355 = PRESENTATION_LAYER_ASSIGNMENT (  '', '', ( #1097 ) ) ;
#1356 = EDGE_CURVE ( 'NONE', #2295, #2193, #334, .T. ) ;
#1357 = CARTESIAN_POINT ( 'NONE',  ( -25.50000000000000000, -10.00000000000000000, -25.00000000000000000 ) ) ;
#1358 =( GEOMETRIC_REPRESENTATION_CONTEXT ( 3 ) GLOBAL_UNCERTAINTY_ASSIGNED_CONTEXT ( ( #517 ) ) GLOBAL_UNIT_ASSIGNED_CONTEXT ( ( #3082, #2604, #659 ) ) REPRESENTATION_CONTEXT ( 'NONE', 'WORKASPACE' ) );
#1359 = SURFACE_SIDE_STYLE ('',( #2618 ) ) ;
#1360 =( LENGTH_UNIT ( ) NAMED_UNIT ( * ) SI_UNIT ( .MILLI., .METRE. ) );
#1361 = ORIENTED_EDGE ( 'NONE', *, *, #3121, .T. ) ;
#1362 = STYLED_ITEM ( 'NONE', ( #453 ), #697 ) ;
#1363 = ORIENTED_EDGE ( 'NONE', *, *, #341, .T. ) ;
#1364 =( GEOMETRIC_REPRESENTATION_CONTEXT ( 3 ) GLOBAL_UNCERTAINTY_ASSIGNED_CONTEXT ( ( #2315 ) ) GLOBAL_UNIT_ASSIGNED_CONTEXT ( ( #1431, #1692, #2217 ) ) REPRESENTATION_CONTEXT ( 'NONE', 'WORKASPACE' ) );
#1365 = VECTOR ( 'NONE', #1516, 1000.000000000000000 ) ;
#1366 = CARTESIAN_POINT ( 'NONE',  ( -15.75000000000000000, 2.750000000000000000, 0.000000000000000000 ) ) ;
#1367 = FACE_OUTER_BOUND ( 'NONE', #1594, .T. ) ;
#1368 = EDGE_CURVE ( 'NONE', #3092, #1517, #2025, .T. ) ;
#1369 = VECTOR ( 'NONE', #2704, 1000.000000000000000 ) ;
#1370 = DIRECTION ( 'NONE',  ( 1.000000000000000000, 0.000000000000000000, 0.000000000000000000 ) ) ;
#1371 = ORIENTED_EDGE ( 'NONE', *, *, #671, .T. ) ;
#1372 = EDGE_CURVE ( 'NONE', #1787, #2520, #2819, .T. ) ;
#1373 = UNCERTAINTY_MEASURE_WITH_UNIT (LENGTH_MEASURE( 1.000000000000000082E-05 ), #114, 'distance_accuracy_value', 'NONE');
#1374 = COLOUR_RGB ( '',1.000000000000000000, 1.000000000000000000, 0.5019607843137254832 ) ;
#1375 = PRESENTATION_STYLE_ASSIGNMENT (( #673 ) ) ;
#1376 = FILL_AREA_STYLE_COLOUR ( '', #621 ) ;
#1377 = EDGE_LOOP ( 'NONE', ( #388, #778, #1955, #1585 ) ) ;
#1378 = VECTOR ( 'NONE', #2378, 1000.000000000000000 ) ;
#1379 = PRESENTATION_STYLE_ASSIGNMENT (( #3085 ) ) ;
#1380 = COLOUR_RGB ( '',1.000000000000000000, 1.000000000000000000, 0.5019607843137254832 ) ;
#1381 = CARTESIAN_POINT ( 'NONE',  ( 3.899999999999999911, -11.00000000000000000, -24.00000000000000000 ) ) ;
#1382 = DIRECTION ( 'NONE',  ( 0.000000000000000000, -1.000000000000000000, 0.000000000000000000 ) ) ;
#1383 =( NAMED_UNIT ( * ) SI_UNIT ( $, .STERADIAN. ) SOLID_ANGLE_UNIT ( ) );
#1384 = VERTEX_POINT ( 'NONE', #2260 ) ;
#1385 = CARTESIAN_POINT ( 'NONE',  ( 17.67766952966370297, 0.000000000000000000, -17.67766952966370297 ) ) ;
#1386 = ORIENTED_EDGE ( 'NONE', *, *, #1492, .F. ) ;
#1387 = FACE_BOUND ( 'NONE', #1483, .T. ) ;
#1388 = FILL_AREA_STYLE_COLOUR ( '', #2018 ) ;
#1389 = EDGE_CURVE ( 'NONE', #1152, #495, #1841, .T. ) ;
#1390 = LINE ( 'NONE', #885, #1378 ) ;
#1391 = EDGE_LOOP ( 'NONE', ( #1039, #2229, #3105, #1134 ) ) ;
#1392 = ADVANCED_FACE ( 'NONE', ( #2062 ), #100, .F. ) ;
#1393 = FILL_AREA_STYLE ('',( #647 ) ) ;
#1394 = LINE ( 'NONE', #3096, #394 ) ;
#1395 = PRESENTATION_STYLE_ASSIGNMENT (( #1650 ) ) ;
#1396 = SURFACE_STYLE_FILL_AREA ( #427 ) ;
#1397 = CARTESIAN_POINT ( 'NONE',  ( 29.50000000000000000, -11.00000000000000000, 19.50000000000000000 ) ) ;
#1398 = PLANE ( 'NONE',  #1313 ) ;
#1399 = CARTESIAN_POINT ( 'NONE',  ( 17.67766952966370297, 11.00000000000000000, 17.67766952966370297 ) ) ;
#1400 = ORIENTED_EDGE ( 'NONE', *, *, #2844, .F. ) ;
#1401 = VECTOR ( 'NONE', #350, 1000.000000000000000 ) ;
#1402 = UNCERTAINTY_MEASURE_WITH_UNIT (LENGTH_MEASURE( 1.000000000000000082E-05 ), #1765, 'distance_accuracy_value', 'NONE');
#1403 = SURFACE_SIDE_STYLE ('',( #432 ) ) ;
#1404 = DIRECTION ( 'NONE',  ( -1.000000000000000000, 0.000000000000000000, 0.000000000000000000 ) ) ;
#1405 = DIRECTION ( 'NONE',  ( 0.000000000000000000, -1.000000000000000000, 0.000000000000000000 ) ) ;
#1406 =( LENGTH_UNIT ( ) NAMED_UNIT ( * ) SI_UNIT ( .MILLI., .METRE. ) );
#1407 = PRESENTATION_LAYER_ASSIGNMENT (  '', '', ( #946 ) ) ;
#1408 = ORIENTED_EDGE ( 'NONE', *, *, #1160, .F. ) ;
#1409 = EDGE_CURVE ( 'NONE', #284, #1872, #2255, .T. ) ;
#1410 = PRESENTATION_LAYER_ASSIGNMENT (  '', '', ( #2795 ) ) ;
#1411 =( NAMED_UNIT ( * ) PLANE_ANGLE_UNIT ( ) SI_UNIT ( $, .RADIAN. ) );
#1412 = CARTESIAN_POINT ( 'NONE',  ( -26.50000000000000000, -0.5000000000000000000, -25.00000000000000000 ) ) ;
#1413 =( NAMED_UNIT ( * ) SI_UNIT ( $, .STERADIAN. ) SOLID_ANGLE_UNIT ( ) );
#1414 =( GEOMETRIC_REPRESENTATION_CONTEXT ( 3 ) GLOBAL_UNCERTAINTY_ASSIGNED_CONTEXT ( ( #291 ) ) GLOBAL_UNIT_ASSIGNED_CONTEXT ( ( #84, #3039, #1828 ) ) REPRESENTATION_CONTEXT ( 'NONE', 'WORKASPACE' ) );
#1415 = CARTESIAN_POINT ( 'NONE',  ( -37.00000000000000000, -11.00000000000000000, 12.00000000000000000 ) ) ;
#1416 = DIRECTION ( 'NONE',  ( -1.000000000000000000, 0.000000000000000000, 0.000000000000000000 ) ) ;
#1417 = CIRCLE ( 'NONE', #858, 2.000000000000000000 ) ;
#1418 = FILL_AREA_STYLE_COLOUR ( '', #183 ) ;
#1419 = VERTEX_POINT ( 'NONE', #2327 ) ;
#1420 = DIRECTION ( 'NONE',  ( -1.000000000000000000, 0.000000000000000000, 0.000000000000000000 ) ) ;
#1421 = PRESENTATION_LAYER_ASSIGNMENT (  '', '', ( #1836 ) ) ;
#1422 = FACE_OUTER_BOUND ( 'NONE', #315, .T. ) ;
#1423 = ORIENTED_EDGE ( 'NONE', *, *, #2263, .F. ) ;
#1424 = LINE ( 'NONE', #219, #2804 ) ;
#1425 = PRESENTATION_STYLE_ASSIGNMENT (( #664 ) ) ;
#1426 =( NAMED_UNIT ( * ) SI_UNIT ( $, .STERADIAN. ) SOLID_ANGLE_UNIT ( ) );
#1427 =( GEOMETRIC_REPRESENTATION_CONTEXT ( 3 ) GLOBAL_UNCERTAINTY_ASSIGNED_CONTEXT ( ( #2144 ) ) GLOBAL_UNIT_ASSIGNED_CONTEXT ( ( #3098, #2188, #1413 ) ) REPRESENTATION_CONTEXT ( 'NONE', 'WORKASPACE' ) );
#1428 = EDGE_LOOP ( 'NONE', ( #878, #2752, #19, #2606, #296, #165, #1993, #971 ) ) ;
#1429 =( GEOMETRIC_REPRESENTATION_CONTEXT ( 3 ) GLOBAL_UNCERTAINTY_ASSIGNED_CONTEXT ( ( #641 ) ) GLOBAL_UNIT_ASSIGNED_CONTEXT ( ( #460, #1616, #2165 ) ) REPRESENTATION_CONTEXT ( 'NONE', 'WORKASPACE' ) );
#1430 = DIRECTION ( 'NONE',  ( -1.000000000000000000, 0.000000000000000000, 0.000000000000000000 ) ) ;
#1431 =( LENGTH_UNIT ( ) NAMED_UNIT ( * ) SI_UNIT ( .MILLI., .METRE. ) );
#1432 = LINE ( 'NONE', #1242, #573 ) ;
#1433 = ORIENTED_EDGE ( 'NONE', *, *, #735, .T. ) ;
#1434 = UNCERTAINTY_MEASURE_WITH_UNIT (LENGTH_MEASURE( 1.000000000000000082E-05 ), #2710, 'distance_accuracy_value', 'NONE');
#1435 = PLANE ( 'NONE',  #46 ) ;
#1436 = CARTESIAN_POINT ( 'NONE',  ( -26.00000000000000000, 0.000000000000000000, -25.00000000000000000 ) ) ;
#1437 = DIRECTION ( 'NONE',  ( 0.000000000000000000, -1.000000000000000000, 0.000000000000000000 ) ) ;
#1438 = VERTEX_POINT ( 'NONE', #2802 ) ;
#1439 = SURFACE_STYLE_FILL_AREA ( #1484 ) ;
#1440 = DIRECTION ( 'NONE',  ( 0.000000000000000000, -1.000000000000000000, 0.000000000000000000 ) ) ;
#1441 = FILL_AREA_STYLE_COLOUR ( '', #1611 ) ;
#1442 = DIRECTION ( 'NONE',  ( 1.000000000000000000, 0.000000000000000000, 0.000000000000000000 ) ) ;
#1443 = CYLINDRICAL_SURFACE ( 'NONE', #871, 2.499999999999998668 ) ;
#1444 = LINE ( 'NONE', #1675, #292 ) ;
#1445 = PRESENTATION_STYLE_ASSIGNMENT (( #256 ) ) ;
#1446 = EDGE_LOOP ( 'NONE', ( #2589, #913, #34, #2358 ) ) ;
#1447 = SURFACE_SIDE_STYLE ('',( #781 ) ) ;
#1448 =( NAMED_UNIT ( * ) SI_UNIT ( $, .STERADIAN. ) SOLID_ANGLE_UNIT ( ) );
#1449 =( LENGTH_UNIT ( ) NAMED_UNIT ( * ) SI_UNIT ( .MILLI., .METRE. ) );
#1450 = VERTEX_POINT ( 'NONE', #2004 ) ;
#1451 = ADVANCED_FACE ( 'NONE', ( #2984, #1791, #2783, #799, #598, #2556, #354 ), #2574, .F. ) ;
#1452 = COLOUR_RGB ( '',1.000000000000000000, 1.000000000000000000, 0.5019607843137254832 ) ;
#1453 = SURFACE_SIDE_STYLE ('',( #2920 ) ) ;
#1454 = CIRCLE ( 'NONE', #1556, 2.499999999999998668 ) ;
#1455 = FILL_AREA_STYLE ('',( #1441 ) ) ;
#1456 = VECTOR ( 'NONE', #2112, 1000.000000000000000 ) ;
#1457 = VERTEX_POINT ( 'NONE', #939 ) ;
#1458 = MECHANICAL_DESIGN_GEOMETRIC_PRESENTATION_REPRESENTATION (  '', ( #602 ), #2646 ) ;
#1459 = AXIS2_PLACEMENT_3D ( 'NONE', #357, #338, #1308 ) ;
#1460 = DIRECTION ( 'NONE',  ( -0.000000000000000000, 0.7071067811865475727, 0.7071067811865475727 ) ) ;
#1461 = LINE ( 'NONE', #2215, #2897 ) ;
#1462 = STYLED_ITEM ( 'NONE', ( #1211 ), #713 ) ;
#1463 = SURFACE_SIDE_STYLE ('',( #494 ) ) ;
#1464 = EDGE_LOOP ( 'NONE', ( #2060, #1990, #2835, #2493 ) ) ;
#1465 = ADVANCED_FACE ( 'NONE', ( #3077 ), #2106, .F. ) ;
#1466 = UNCERTAINTY_MEASURE_WITH_UNIT (LENGTH_MEASURE( 1.000000000000000082E-05 ), #396, 'distance_accuracy_value', 'NONE');
#1467 = CARTESIAN_POINT ( 'NONE',  ( -29.50000000000000000, -5.500000000000000000, 19.50000000000000000 ) ) ;
#1468 =( NAMED_UNIT ( * ) PLANE_ANGLE_UNIT ( ) SI_UNIT ( $, .RADIAN. ) );
#1469 =( GEOMETRIC_REPRESENTATION_CONTEXT ( 3 ) GLOBAL_UNCERTAINTY_ASSIGNED_CONTEXT ( ( #2755 ) ) GLOBAL_UNIT_ASSIGNED_CONTEXT ( ( #1870, #2076, #1111 ) ) REPRESENTATION_CONTEXT ( 'NONE', 'WORKASPACE' ) );
#1470 = VERTEX_POINT ( 'NONE', #387 ) ;
#1471 = CIRCLE ( 'NONE', #2806, 1.229500000000001370 ) ;
#1472 = CARTESIAN_POINT ( 'NONE',  ( 37.00000000000000000, -7.000000000000000000, -12.00000000000000000 ) ) ;
#1473 = CARTESIAN_POINT ( 'NONE',  ( -2.299999999999999822, 0.000000000000000000, 25.00000000000000000 ) ) ;
#1474 = SURFACE_SIDE_STYLE ('',( #69 ) ) ;
#1475 = CARTESIAN_POINT ( 'NONE',  ( 15.50000000000000000, 5.249999999999889866, -1.554312234475269959E-14 ) ) ;
#1476 = ORIENTED_EDGE ( 'NONE', *, *, #2400, .T. ) ;
#1477 = FILL_AREA_STYLE ('',( #2203 ) ) ;
#1478 = AXIS2_PLACEMENT_3D ( 'NONE', #1754, #288, #4 ) ;
#1479 = AXIS2_PLACEMENT_3D ( 'NONE', #1855, #454, #1370 ) ;
#1480 = CARTESIAN_POINT ( 'NONE',  ( 14.47766952966370013, -4.000000000000000000, -17.67766952966370297 ) ) ;
#1481 = ORIENTED_EDGE ( 'NONE', *, *, #468, .F. ) ;
#1482 = LINE ( 'NONE', #2724, #699 ) ;
#1483 = EDGE_LOOP ( 'NONE', ( #771, #21 ) ) ;
#1484 = FILL_AREA_STYLE ('',( #960 ) ) ;
#1485 = EDGE_CURVE ( 'NONE', #2520, #1950, #2142, .T. ) ;
#1486 = PLANE ( 'NONE',  #2998 ) ;
#1487 = LINE ( 'NONE', #505, #2664 ) ;
#1488 = VERTEX_POINT ( 'NONE', #1902 ) ;
#1489 = EDGE_CURVE ( 'NONE', #1642, #240, #3126, .T. ) ;
#1490 = CARTESIAN_POINT ( 'NONE',  ( 37.00000000000000000, -7.000000000000000000, 0.000000000000000000 ) ) ;
#1491 = CARTESIAN_POINT ( 'NONE',  ( 40.04060439104284796, -11.00000000000000000, -17.00000000000000000 ) ) ;
#1492 = EDGE_CURVE ( 'NONE', #1234, #3110, #1179, .T. ) ;
#1493 = PRESENTATION_STYLE_ASSIGNMENT (( #768 ) ) ;
#1494 = CARTESIAN_POINT ( 'NONE',  ( 0.000000000000000000, -4.000000000000000000, 25.00000000000000000 ) ) ;
#1495 = ORIENTED_EDGE ( 'NONE', *, *, #468, .T. ) ;
#1496 = DIRECTION ( 'NONE',  ( 0.000000000000000000, -1.000000000000000000, 0.000000000000000000 ) ) ;
#1497 = EDGE_CURVE ( 'NONE', #2737, #2701, #3138, .T. ) ;
#1498 = DIRECTION ( 'NONE',  ( 1.000000000000000000, 0.000000000000000000, 0.000000000000000000 ) ) ;
#1499 = CARTESIAN_POINT ( 'NONE',  ( 40.04060439104284796, -11.00000000000000000, 17.00000000000000000 ) ) ;
#1500 = CARTESIAN_POINT ( 'NONE',  ( -17.67766952966370297, -4.000000000000000000, 17.67766952966370297 ) ) ;
#1501 = DIRECTION ( 'NONE',  ( 0.000000000000000000, -1.000000000000000000, 0.000000000000000000 ) ) ;
#1502 = VERTEX_POINT ( 'NONE', #2898 ) ;
#1503 = EDGE_CURVE ( 'NONE', #212, #1081, #2091, .T. ) ;
#1504 = VECTOR ( 'NONE', #1331, 1000.000000000000114 ) ;
#1505 = AXIS2_PLACEMENT_3D ( 'NONE', #1803, #1819, #303 ) ;
#1506 = FACE_BOUND ( 'NONE', #3014, .T. ) ;
#1507 = AXIS2_PLACEMENT_3D ( 'NONE', #375, #2540, #2807 ) ;
#1508 = AXIS2_PLACEMENT_3D ( 'NONE', #1209, #15, #982 ) ;
#1509 = STYLED_ITEM ( 'NONE', ( #30 ), #3099 ) ;
#1510 =( NAMED_UNIT ( * ) SI_UNIT ( $, .STERADIAN. ) SOLID_ANGLE_UNIT ( ) );
#1511 = VECTOR ( 'NONE', #130, 1000.000000000000000 ) ;
#1512 = DIRECTION ( 'NONE',  ( 1.000000000000000000, 0.000000000000000000, 0.000000000000000000 ) ) ;
#1513 = DIRECTION ( 'NONE',  ( -8.199708296857791479E-15, -1.000000000000000000, 4.734103792467250301E-15 ) ) ;
#1514 = ORIENTED_EDGE ( 'NONE', *, *, #3102, .T. ) ;
#1515 = CIRCLE ( 'NONE', #1208, 2.299999999999999822 ) ;
#1516 = DIRECTION ( 'NONE',  ( 0.000000000000000000, 1.000000000000000000, 0.000000000000000000 ) ) ;
#1517 = VERTEX_POINT ( 'NONE', #405 ) ;
#1518 = STYLED_ITEM ( 'NONE', ( #1015 ), #841 ) ;
#1519 = FACE_BOUND ( 'NONE', #2175, .T. ) ;
#1520 = AXIS2_PLACEMENT_3D ( 'NONE', #2101, #3086, #1220 ) ;
#1521 = COLOUR_RGB ( '',1.000000000000000000, 1.000000000000000000, 0.5019607843137254832 ) ;
#1522 = LINE ( 'NONE', #1536, #2124 ) ;
#1523 = ORIENTED_EDGE ( 'NONE', *, *, #1924, .T. ) ;
#1524 = STYLED_ITEM ( 'NONE', ( #1395 ), #433 ) ;
#1525 = SURFACE_SIDE_STYLE ('',( #1946 ) ) ;
#1526 = CARTESIAN_POINT ( 'NONE',  ( -35.50000000000000000, -11.00000000000000000, 1.836970198721030181E-16 ) ) ;
#1527 = CARTESIAN_POINT ( 'NONE',  ( 27.00000000000000000, 0.000000000000000000, 0.000000000000000000 ) ) ;
#1528 = EDGE_CURVE ( 'NONE', #1384, #1038, #311, .T. ) ;
#1529 = CARTESIAN_POINT ( 'NONE',  ( -17.67766952966370297, 11.00000000000000000, 17.67766952966370297 ) ) ;
#1530 = VECTOR ( 'NONE', #2552, 1000.000000000000000 ) ;
#1531 =( NAMED_UNIT ( * ) PLANE_ANGLE_UNIT ( ) SI_UNIT ( $, .RADIAN. ) );
#1532 = EDGE_LOOP ( 'NONE', ( #1103, #1696, #516, #377, #2821, #1433, #2084, #2803, #1656, #2430, #3118, #136 ) ) ;
#1533 = VECTOR ( 'NONE', #655, 1000.000000000000000 ) ;
#1534 = UNCERTAINTY_MEASURE_WITH_UNIT (LENGTH_MEASURE( 1.000000000000000082E-05 ), #2419, 'distance_accuracy_value', 'NONE');
#1535 = DIRECTION ( 'NONE',  ( 1.000000000000000000, 0.000000000000000000, 0.000000000000000000 ) ) ;
#1536 = CARTESIAN_POINT ( 'NONE',  ( 27.00000000000000000, -11.00000000000000000, -21.75000000000000000 ) ) ;
#1537 = VERTEX_POINT ( 'NONE', #158 ) ;
#1538 =( LENGTH_UNIT ( ) NAMED_UNIT ( * ) SI_UNIT ( .MILLI., .METRE. ) );
#1539 = ORIENTED_EDGE ( 'NONE', *, *, #687, .F. ) ;
#1540 = DIRECTION ( 'NONE',  ( 0.000000000000000000, 1.000000000000000000, 0.000000000000000000 ) ) ;
#1541 = LINE ( 'NONE', #2779, #1530 ) ;
#1542 = PRESENTATION_STYLE_ASSIGNMENT (( #2982 ) ) ;
#1543 = EDGE_CURVE ( 'NONE', #324, #1081, #2469, .T. ) ;
#1544 = CARTESIAN_POINT ( 'NONE',  ( -1.221245327087662097E-14, 19.75000000000000000, 1.798561299892739964E-13 ) ) ;
#1545 = ORIENTED_EDGE ( 'NONE', *, *, #2593, .F. ) ;
#1546 = CARTESIAN_POINT ( 'NONE',  ( 40.04060439104284796, -7.000000000000000000, 17.00000000000000000 ) ) ;
#1547 = FACE_BOUND ( 'NONE', #2483, .T. ) ;
#1548 = EDGE_CURVE ( 'NONE', #147, #1347, #1142, .T. ) ;
#1549 = DIRECTION ( 'NONE',  ( 0.000000000000000000, -1.000000000000000000, 0.000000000000000000 ) ) ;
#1550 = VERTEX_POINT ( 'NONE', #2884 ) ;
#1551 = CARTESIAN_POINT ( 'NONE',  ( 27.00000000000000000, -10.00000000000000000, 25.00000000000000000 ) ) ;
#1552 =( LENGTH_UNIT ( ) NAMED_UNIT ( * ) SI_UNIT ( .MILLI., .METRE. ) );
#1553 =( GEOMETRIC_REPRESENTATION_CONTEXT ( 3 ) GLOBAL_UNCERTAINTY_ASSIGNED_CONTEXT ( ( #2602 ) ) GLOBAL_UNIT_ASSIGNED_CONTEXT ( ( #314, #2294, #2519 ) ) REPRESENTATION_CONTEXT ( 'NONE', 'WORKASPACE' ) );
#1554 = LINE ( 'NONE', #1126, #2551 ) ;
#1555 = FACE_OUTER_BOUND ( 'NONE', #893, .T. ) ;
#1556 = AXIS2_PLACEMENT_3D ( 'NONE', #809, #1586, #2582 ) ;
#1557 = CYLINDRICAL_SURFACE ( 'NONE', #1144, 2.499999999999998668 ) ;
#1558 = ORIENTED_EDGE ( 'NONE', *, *, #2061, .T. ) ;
#1559 = PRESENTATION_STYLE_ASSIGNMENT (( #1753 ) ) ;
#1560 = CARTESIAN_POINT ( 'NONE',  ( -17.67766952966370297, -4.000000000000000000, -17.67766952966370297 ) ) ;
#1561 = EDGE_CURVE ( 'NONE', #2468, #2332, #2416, .T. ) ;
#1562 = CONICAL_SURFACE ( 'NONE', #2290, 1.000000000000000666, 0.7853981633974482790 ) ;
#1563 = VECTOR ( 'NONE', #270, 1000.000000000000000 ) ;
#1564 = ORIENTED_EDGE ( 'NONE', *, *, #1744, .T. ) ;
#1565 = UNCERTAINTY_MEASURE_WITH_UNIT (LENGTH_MEASURE( 1.000000000000000082E-05 ), #2639, 'distance_accuracy_value', 'NONE');
#1566 =( NAMED_UNIT ( * ) PLANE_ANGLE_UNIT ( ) SI_UNIT ( $, .RADIAN. ) );
#1567 = LINE ( 'NONE', #2788, #1938 ) ;
#1568 = ORIENTED_EDGE ( 'NONE', *, *, #478, .T. ) ;
#1569 =( NAMED_UNIT ( * ) PLANE_ANGLE_UNIT ( ) SI_UNIT ( $, .RADIAN. ) );
#1570 = VERTEX_POINT ( 'NONE', #1989 ) ;
#1571 = SURFACE_STYLE_USAGE ( .BOTH. , #608 ) ;
#1572 = AXIS2_PLACEMENT_3D ( 'NONE', #575, #2204, #2720 ) ;
#1573 = PLANE ( 'NONE',  #1979 ) ;
#1574 = FILL_AREA_STYLE ('',( #1911 ) ) ;
#1575 = FILL_AREA_STYLE_COLOUR ( '', #233 ) ;
#1576 = ORIENTED_EDGE ( 'NONE', *, *, #2712, .F. ) ;
#1577 = STYLED_ITEM ( 'NONE', ( #368 ), #979 ) ;
#1578 = SURFACE_SIDE_STYLE ('',( #1082 ) ) ;
#1579 =( GEOMETRIC_REPRESENTATION_CONTEXT ( 3 ) GLOBAL_UNCERTAINTY_ASSIGNED_CONTEXT ( ( #129 ) ) GLOBAL_UNIT_ASSIGNED_CONTEXT ( ( #2083, #3066, #323 ) ) REPRESENTATION_CONTEXT ( 'NONE', 'WORKASPACE' ) );
#1580 = CARTESIAN_POINT ( 'NONE',  ( 27.00000000000000000, -11.00000000000000000, -19.50000000000000000 ) ) ;
#1581 = PRESENTATION_STYLE_ASSIGNMENT (( #1279 ) ) ;
#1582 = SURFACE_SIDE_STYLE ('',( #119 ) ) ;
#1583 = ORIENTED_EDGE ( 'NONE', *, *, #3081, .T. ) ;
#1584 = EDGE_CURVE ( 'NONE', #2849, #1059, #1024, .T. ) ;
#1585 = ORIENTED_EDGE ( 'NONE', *, *, #1291, .F. ) ;
#1586 = DIRECTION ( 'NONE',  ( 0.000000000000000000, -1.000000000000000000, 0.000000000000000000 ) ) ;
#1587 =( NAMED_UNIT ( * ) SI_UNIT ( $, .STERADIAN. ) SOLID_ANGLE_UNIT ( ) );
#1588 = EDGE_CURVE ( 'NONE', #2026, #121, #2190, .T. ) ;
#1589 = EDGE_CURVE ( 'NONE', #1450, #2374, #1432, .T. ) ;
#1590 =( NAMED_UNIT ( * ) PLANE_ANGLE_UNIT ( ) SI_UNIT ( $, .RADIAN. ) );
#1591 = EDGE_LOOP ( 'NONE', ( #422, #622, #1107, #1361 ) ) ;
#1592 = CYLINDRICAL_SURFACE ( 'NONE', #462, 3.199999999999999734 ) ;
#1593 =( LENGTH_UNIT ( ) NAMED_UNIT ( * ) SI_UNIT ( .MILLI., .METRE. ) );
#1594 = EDGE_LOOP ( 'NONE', ( #202, #2818, #1280, #2790 ) ) ;
#1595 = DIRECTION ( 'NONE',  ( 0.000000000000000000, -0.7071067811865474617, -0.7071067811865474617 ) ) ;
#1596 = CARTESIAN_POINT ( 'NONE',  ( 29.50000000000000000, -7.000000000000000000, 17.00000000000000000 ) ) ;
#1597 = DIRECTION ( 'NONE',  ( 1.000000000000000000, 0.000000000000000000, 0.000000000000000000 ) ) ;
#1598 = DIRECTION ( 'NONE',  ( 1.000000000000000000, 0.000000000000000000, 0.000000000000000000 ) ) ;
#1599 = ORIENTED_EDGE ( 'NONE', *, *, #961, .T. ) ;
#1600 = DIRECTION ( 'NONE',  ( 0.000000000000000000, -1.000000000000000000, 0.000000000000000000 ) ) ;
#1601 = ORIENTED_EDGE ( 'NONE', *, *, #469, .T. ) ;
#1602 = FILL_AREA_STYLE_COLOUR ( '', #1095 ) ;
#1603 = SURFACE_STYLE_USAGE ( .BOTH. , #634 ) ;
#1604 =( NAMED_UNIT ( * ) PLANE_ANGLE_UNIT ( ) SI_UNIT ( $, .RADIAN. ) );
#1605 = FACE_OUTER_BOUND ( 'NONE', #2974, .T. ) ;
#1606 = ORIENTED_EDGE ( 'NONE', *, *, #1251, .T. ) ;
#1607 = COLOUR_RGB ( '',1.000000000000000000, 1.000000000000000000, 0.5019607843137254832 ) ;
#1608 =( GEOMETRIC_REPRESENTATION_CONTEXT ( 3 ) GLOBAL_UNCERTAINTY_ASSIGNED_CONTEXT ( ( #160 ) ) GLOBAL_UNIT_ASSIGNED_CONTEXT ( ( #3146, #719, #1178 ) ) REPRESENTATION_CONTEXT ( 'NONE', 'WORKASPACE' ) );
#1609 = FILL_AREA_STYLE ('',( #2584 ) ) ;
#1610 = ORIENTED_EDGE ( 'NONE', *, *, #1304, .T. ) ;
#1611 = COLOUR_RGB ( '',1.000000000000000000, 1.000000000000000000, 0.5019607843137254832 ) ;
#1612 = VECTOR ( 'NONE', #2805, 1000.000000000000000 ) ;
#1613 = DIRECTION ( 'NONE',  ( 0.000000000000000000, -1.000000000000000000, 0.000000000000000000 ) ) ;
#1614 = AXIS2_PLACEMENT_3D ( 'NONE', #2094, #1405, #1631 ) ;
#1615 =( GEOMETRIC_REPRESENTATION_CONTEXT ( 3 ) GLOBAL_UNCERTAINTY_ASSIGNED_CONTEXT ( ( #1214 ) ) GLOBAL_UNIT_ASSIGNED_CONTEXT ( ( #2721, #2734, #1510 ) ) REPRESENTATION_CONTEXT ( 'NONE', 'WORKASPACE' ) );
#1616 =( NAMED_UNIT ( * ) PLANE_ANGLE_UNIT ( ) SI_UNIT ( $, .RADIAN. ) );
#1617 = EDGE_LOOP ( 'NONE', ( #1952, #2014, #3135, #2139 ) ) ;
#1618 = PRESENTATION_LAYER_ASSIGNMENT (  '', '', ( #1210 ) ) ;
#1619 = ORIENTED_EDGE ( 'NONE', *, *, #1332, .T. ) ;
#1620 =( NAMED_UNIT ( * ) SI_UNIT ( $, .STERADIAN. ) SOLID_ANGLE_UNIT ( ) );
#1621 = CARTESIAN_POINT ( 'NONE',  ( -37.00000000000000000, -7.000000000000000000, 12.00000000000000000 ) ) ;
#1622 =( GEOMETRIC_REPRESENTATION_CONTEXT ( 3 ) GLOBAL_UNCERTAINTY_ASSIGNED_CONTEXT ( ( #672 ) ) GLOBAL_UNIT_ASSIGNED_CONTEXT ( ( #487, #2137, #2118 ) ) REPRESENTATION_CONTEXT ( 'NONE', 'WORKASPACE' ) );
#1623 = FILL_AREA_STYLE ('',( #1418 ) ) ;
#1624 = ORIENTED_EDGE ( 'NONE', *, *, #2063, .F. ) ;
#1625 = CIRCLE ( 'NONE', #1572, 2.499999999999998668 ) ;
#1626 = ADVANCED_FACE ( 'NONE', ( #271 ), #703, .F. ) ;
#1627 = CARTESIAN_POINT ( 'NONE',  ( 0.000000000000000000, -11.00000000000000000, 0.000000000000000000 ) ) ;
#1628 = ORIENTED_EDGE ( 'NONE', *, *, #1372, .T. ) ;
#1629 = ADVANCED_FACE ( 'NONE', ( #2915 ), #1016, .F. ) ;
#1630 = DIRECTION ( 'NONE',  ( 0.000000000000000000, 1.000000000000000000, 0.000000000000000000 ) ) ;
#1631 = DIRECTION ( 'NONE',  ( -1.000000000000000000, 0.000000000000000000, 0.000000000000000000 ) ) ;
#1632 = FACE_OUTER_BOUND ( 'NONE', #2397, .T. ) ;
#1633 = VERTEX_POINT ( 'NONE', #1480 ) ;
#1634 = CIRCLE ( 'NONE', #921, 43.50000000000000000 ) ;
#1635 = DIRECTION ( 'NONE',  ( 0.000000000000000000, -1.000000000000000000, 0.000000000000000000 ) ) ;
#1636 = PRESENTATION_LAYER_ASSIGNMENT (  '', '', ( #1229 ) ) ;
#1637 = CARTESIAN_POINT ( 'NONE',  ( -24.00000000000000000, -7.000000000000000000, -25.00000000000000000 ) ) ;
#1638 = DIRECTION ( 'NONE',  ( 0.000000000000000000, 1.000000000000000000, 0.000000000000000000 ) ) ;
#1639 =( GEOMETRIC_REPRESENTATION_CONTEXT ( 3 ) GLOBAL_UNCERTAINTY_ASSIGNED_CONTEXT ( ( #2345 ) ) GLOBAL_UNIT_ASSIGNED_CONTEXT ( ( #1, #2433, #2218 ) ) REPRESENTATION_CONTEXT ( 'NONE', 'WORKASPACE' ) );
#1640 = DIRECTION ( 'NONE',  ( -1.000000000000000000, 0.000000000000000000, 0.000000000000000000 ) ) ;
#1641 = CARTESIAN_POINT ( 'NONE',  ( -16.53553390593275196, 0.000000000000000000, 25.00000000000000000 ) ) ;
#1642 = VERTEX_POINT ( 'NONE', #2722 ) ;
#1643 = EDGE_CURVE ( 'NONE', #2942, #2074, #283, .T. ) ;
#1644 = FILL_AREA_STYLE_COLOUR ( '', #850 ) ;
#1645 = SURFACE_SIDE_STYLE ('',( #2586 ) ) ;
#1646 = DIRECTION ( 'NONE',  ( -1.000000000000000000, 0.000000000000000000, 0.000000000000000000 ) ) ;
#1647 = ORIENTED_EDGE ( 'NONE', *, *, #1957, .F. ) ;
#1648 = DIRECTION ( 'NONE',  ( 0.000000000000000000, -1.000000000000000000, 0.000000000000000000 ) ) ;
#1649 = FILL_AREA_STYLE_COLOUR ( '', #1965 ) ;
#1650 = SURFACE_STYLE_USAGE ( .BOTH. , #1896 ) ;
#1651 = FILL_AREA_STYLE ('',( #2861 ) ) ;
#1652 = ORIENTED_EDGE ( 'NONE', *, *, #1177, .T. ) ;
#1653 = SURFACE_STYLE_FILL_AREA ( #2912 ) ;
#1654 = CARTESIAN_POINT ( 'NONE',  ( 27.00000000000000000, -1.000000000000000000, 25.00000000000000000 ) ) ;
#1655 = CYLINDRICAL_SURFACE ( 'NONE', #441, 2.000000000000000000 ) ;
#1656 = ORIENTED_EDGE ( 'NONE', *, *, #2138, .T. ) ;
#1657 = DIRECTION ( 'NONE',  ( 1.000000000000000000, 0.000000000000000000, 0.000000000000000000 ) ) ;
#1658 = EDGE_LOOP ( 'NONE', ( #52, #861, #2251, #2130, #232, #11 ) ) ;
#1659 = STYLED_ITEM ( 'NONE', ( #251 ), #2596 ) ;
#1660 = UNCERTAINTY_MEASURE_WITH_UNIT (LENGTH_MEASURE( 1.000000000000000082E-05 ), #112, 'distance_accuracy_value', 'NONE');
#1661 = DIRECTION ( 'NONE',  ( 0.000000000000000000, 1.000000000000000000, 0.000000000000000000 ) ) ;
#1662 = CARTESIAN_POINT ( 'NONE',  ( -38.50000000000000000, -7.000000000000000000, 0.000000000000000000 ) ) ;
#1663 = DIRECTION ( 'NONE',  ( -1.000000000000000000, 0.000000000000000000, 0.000000000000000000 ) ) ;
#1664 = COLOUR_RGB ( '',1.000000000000000000, 1.000000000000000000, 0.5019607843137254832 ) ;
#1665 = ORIENTED_EDGE ( 'NONE', *, *, #2263, .T. ) ;
#1666 = VECTOR ( 'NONE', #1661, 1000.000000000000000 ) ;
#1667 = LINE ( 'NONE', #1187, #1098 ) ;
#1668 = ADVANCED_FACE ( 'NONE', ( #2174 ), #330, .T. ) ;
#1669 = DIRECTION ( 'NONE',  ( 1.000000000000000000, 0.000000000000000000, 0.000000000000000000 ) ) ;
#1670 = CYLINDRICAL_SURFACE ( 'NONE', #2071, 2.500000000000001332 ) ;
#1671 = PRESENTATION_STYLE_ASSIGNMENT (( #694 ) ) ;
#1672 = AXIS2_PLACEMENT_3D ( 'NONE', #588, #1104, #2774 ) ;
#1673 = VECTOR ( 'NONE', #2778, 1000.000000000000000 ) ;
#1674 = AXIS2_PLACEMENT_3D ( 'NONE', #2279, #2031, #1597 ) ;
#1675 = CARTESIAN_POINT ( 'NONE',  ( 42.00000000000000000, -7.000000000000000000, 3.552713678800499352E-15 ) ) ;
#1676 = PLANE ( 'NONE',  #1508 ) ;
#1677 = DIRECTION ( 'NONE',  ( -1.000000000000000000, 0.000000000000000000, 0.000000000000000000 ) ) ;
#1678 = EDGE_LOOP ( 'NONE', ( #2978, #3156, #3084, #775, #1652, #1912, #2564 ) ) ;
#1679 = VECTOR ( 'NONE', #430, 1000.000000000000000 ) ;
#1680 = DIRECTION ( 'NONE',  ( 0.000000000000000000, 1.000000000000000000, 0.000000000000000000 ) ) ;
#1681 = DIRECTION ( 'NONE',  ( 1.000000000000000000, 0.000000000000000000, 0.000000000000000000 ) ) ;
#1682 = VERTEX_POINT ( 'NONE', #2325 ) ;
#1683 = DIRECTION ( 'NONE',  ( -1.000000000000000000, 0.000000000000000000, 0.000000000000000000 ) ) ;
#1684 = CARTESIAN_POINT ( 'NONE',  ( 38.22950000000000159, -6.155000190734860155, 12.00000000000000000 ) ) ;
#1685 = SURFACE_STYLE_FILL_AREA ( #1780 ) ;
#1686 = VECTOR ( 'NONE', #2745, 1000.000000000000000 ) ;
#1687 = EDGE_CURVE ( 'NONE', #670, #2334, #2780, .T. ) ;
#1688 = DIRECTION ( 'NONE',  ( 0.000000000000000000, -1.000000000000000000, 0.000000000000000000 ) ) ;
#1689 = FILL_AREA_STYLE ('',( #254 ) ) ;
#1690 = AXIS2_PLACEMENT_3D ( 'NONE', #1035, #2820, #116 ) ;
#1691 = ADVANCED_FACE ( 'NONE', ( #1270 ), #2687, .T. ) ;
#1692 =( NAMED_UNIT ( * ) PLANE_ANGLE_UNIT ( ) SI_UNIT ( $, .RADIAN. ) );
#1693 = VERTEX_POINT ( 'NONE', #3000 ) ;
#1694 = UNCERTAINTY_MEASURE_WITH_UNIT (LENGTH_MEASURE( 1.000000000000000082E-05 ), #269, 'distance_accuracy_value', 'NONE');
#1695 = SURFACE_SIDE_STYLE ('',( #1244 ) ) ;
#1696 = ORIENTED_EDGE ( 'NONE', *, *, #2521, .T. ) ;
#1697 = PRESENTATION_STYLE_ASSIGNMENT (( #1940 ) ) ;
#1698 = FILL_AREA_STYLE_COLOUR ( '', #3113 ) ;
#1699 = DIRECTION ( 'NONE',  ( 0.000000000000000000, -1.000000000000000000, 0.000000000000000000 ) ) ;
#1700 = ORIENTED_EDGE ( 'NONE', *, *, #1844, .F. ) ;
#1701 = ADVANCED_FACE ( 'NONE', ( #2533 ), #1557, .F. ) ;
#1702 = DIRECTION ( 'NONE',  ( -1.000000000000000000, 0.000000000000000000, 0.000000000000000000 ) ) ;
#1703 = ADVANCED_FACE ( 'NONE', ( #1605 ), #1655, .F. ) ;
#1704 = SURFACE_STYLE_USAGE ( .BOTH. , #1949 ) ;
#1705 = DIRECTION ( 'NONE',  ( 8.326672684688679970E-16, 1.000000000000000000, 4.807406715958910281E-16 ) ) ;
#1706 = FACE_OUTER_BOUND ( 'NONE', #1391, .T. ) ;
#1707 = ORIENTED_EDGE ( 'NONE', *, *, #811, .T. ) ;
#1708 = DIRECTION ( 'NONE',  ( 0.000000000000000000, -1.000000000000000000, 0.000000000000000000 ) ) ;
#1709 = FACE_OUTER_BOUND ( 'NONE', #480, .T. ) ;
#1710 = LINE ( 'NONE', #2680, #1714 ) ;
#1711 = CIRCLE ( 'NONE', #2227, 1.229500000000001370 ) ;
#1712 = LINE ( 'NONE', #2228, #150 ) ;
#1713 = ORIENTED_EDGE ( 'NONE', *, *, #241, .T. ) ;
#1714 = VECTOR ( 'NONE', #1941, 1000.000000000000000 ) ;
#1715 = DIRECTION ( 'NONE',  ( -1.000000000000000000, 0.000000000000000000, 0.000000000000000000 ) ) ;
#1716 = CARTESIAN_POINT ( 'NONE',  ( 37.00000000000000000, -7.000000000000000000, -12.00000000000000000 ) ) ;
#1717 = COLOUR_RGB ( '',1.000000000000000000, 1.000000000000000000, 0.5019607843137254832 ) ;
#1718 = PRESENTATION_LAYER_ASSIGNMENT (  '', '', ( #89 ) ) ;
#1719 =( NAMED_UNIT ( * ) PLANE_ANGLE_UNIT ( ) SI_UNIT ( $, .RADIAN. ) );
#1720 =( GEOMETRIC_REPRESENTATION_CONTEXT ( 3 ) GLOBAL_UNCERTAINTY_ASSIGNED_CONTEXT ( ( #3037 ) ) GLOBAL_UNIT_ASSIGNED_CONTEXT ( ( #2473, #2953, #3150 ) ) REPRESENTATION_CONTEXT ( 'NONE', 'WORKASPACE' ) );
#1721 = DIRECTION ( 'NONE',  ( 0.000000000000000000, 1.000000000000000000, 0.000000000000000000 ) ) ;
#1722 = CARTESIAN_POINT ( 'NONE',  ( -37.00000000000000000, -11.00000000000000000, 12.00000000000000000 ) ) ;
#1723 = ORIENTED_EDGE ( 'NONE', *, *, #263, .F. ) ;
#1724 = EDGE_CURVE ( 'NONE', #931, #1861, #171, .T. ) ;
#1725 = UNCERTAINTY_MEASURE_WITH_UNIT (LENGTH_MEASURE( 1.000000000000000082E-05 ), #2995, 'distance_accuracy_value', 'NONE');
#1726 = FILL_AREA_STYLE ('',( #482 ) ) ;
#1727 =( GEOMETRIC_REPRESENTATION_CONTEXT ( 3 ) GLOBAL_UNCERTAINTY_ASSIGNED_CONTEXT ( ( #2785 ) ) GLOBAL_UNIT_ASSIGNED_CONTEXT ( ( #410, #2637, #438 ) ) REPRESENTATION_CONTEXT ( 'NONE', 'WORKASPACE' ) );
#1728 = ADVANCED_FACE ( 'NONE', ( #1367 ), #1853, .F. ) ;
#1729 = VECTOR ( 'NONE', #2950, 1000.000000000000000 ) ;
#1730 =( LENGTH_UNIT ( ) NAMED_UNIT ( * ) SI_UNIT ( .MILLI., .METRE. ) );
#1731 = LINE ( 'NONE', #2715, #1930 ) ;
#1732 = PRESENTATION_STYLE_ASSIGNMENT (( #786 ) ) ;
#1733 = ORIENTED_EDGE ( 'NONE', *, *, #1497, .T. ) ;
#1734 = VECTOR ( 'NONE', #2309, 1000.000000000000000 ) ;
#1735 =( NAMED_UNIT ( * ) SI_UNIT ( $, .STERADIAN. ) SOLID_ANGLE_UNIT ( ) );
#1736 = CARTESIAN_POINT ( 'NONE',  ( 38.22950000000000159, -7.000000000000000000, -12.00000000000000000 ) ) ;
#1737 = CIRCLE ( 'NONE', #363, 1.500000000000001332 ) ;
#1738 = CARTESIAN_POINT ( 'NONE',  ( 25.50000000000000000, -10.00000000000000000, 25.00000000000000000 ) ) ;
#1739 = CARTESIAN_POINT ( 'NONE',  ( 0.000000000000000000, 0.000000000000000000, 0.000000000000000000 ) ) ;
#1740 = PRODUCT_DEFINITION ( 'UNKNOWN', '', #92, #2207 ) ;
#1741 = ORIENTED_EDGE ( 'NONE', *, *, #2028, .T. ) ;
#1742 =( LENGTH_UNIT ( ) NAMED_UNIT ( * ) SI_UNIT ( .MILLI., .METRE. ) );
#1743 = LINE ( 'NONE', #958, #2467 ) ;
#1744 = EDGE_CURVE ( 'NONE', #2319, #307, #1161, .T. ) ;
#1745 = VERTEX_POINT ( 'NONE', #3122 ) ;
#1746 = ORIENTED_EDGE ( 'NONE', *, *, #2505, .T. ) ;
#1747 = CARTESIAN_POINT ( 'NONE',  ( 24.00000000000000000, -11.00000000000000000, 24.00000000000000000 ) ) ;
#1748 = DIRECTION ( 'NONE',  ( -1.000000000000000000, 0.000000000000000000, 0.000000000000000000 ) ) ;
#1749 = DIRECTION ( 'NONE',  ( 1.000000000000000000, 0.000000000000000000, 0.000000000000000000 ) ) ;
#1750 = SURFACE_STYLE_USAGE ( .BOTH. , #1093 ) ;
#1751 = ORIENTED_EDGE ( 'NONE', *, *, #2516, .T. ) ;
#1752 = UNCERTAINTY_MEASURE_WITH_UNIT (LENGTH_MEASURE( 1.000000000000000082E-05 ), #2673, 'distance_accuracy_value', 'NONE');
#1753 = SURFACE_STYLE_USAGE ( .BOTH. , #1578 ) ;
#1754 = CARTESIAN_POINT ( 'NONE',  ( 29.50000000000000000, -11.00000000000000000, -19.50000000000000000 ) ) ;
#1755 = EDGE_LOOP ( 'NONE', ( #685, #1481, #2314, #2587, #318, #101, #344, #1265, #1302, #1916 ) ) ;
#1756 = UNCERTAINTY_MEASURE_WITH_UNIT (LENGTH_MEASURE( 1.000000000000000082E-05 ), #2627, 'distance_accuracy_value', 'NONE');
#1757 = DIRECTION ( 'NONE',  ( -1.000000000000000000, 0.000000000000000000, 0.000000000000000000 ) ) ;
#1758 =( NAMED_UNIT ( * ) PLANE_ANGLE_UNIT ( ) SI_UNIT ( $, .RADIAN. ) );
#1759 = FILL_AREA_STYLE ('',( #57 ) ) ;
#1760 = CARTESIAN_POINT ( 'NONE',  ( 38.50000000000000000, -19.50000000000000000, 1.836970198721030181E-16 ) ) ;
#1761 = VECTOR ( 'NONE', #96, 1000.000000000000000 ) ;
#1762 = EDGE_LOOP ( 'NONE', ( #2041, #682, #589, #79 ) ) ;
#1763 = CIRCLE ( 'NONE', #792, 2.500000000000002220 ) ;
#1764 = DIRECTION ( 'NONE',  ( 1.000000000000000000, 0.000000000000000000, 0.000000000000000000 ) ) ;
#1765 =( LENGTH_UNIT ( ) NAMED_UNIT ( * ) SI_UNIT ( .MILLI., .METRE. ) );
#1766 =( GEOMETRIC_REPRESENTATION_CONTEXT ( 3 ) GLOBAL_UNCERTAINTY_ASSIGNED_CONTEXT ( ( #929 ) ) GLOBAL_UNIT_ASSIGNED_CONTEXT ( ( #1084, #1277, #199 ) ) REPRESENTATION_CONTEXT ( 'NONE', 'WORKASPACE' ) );
#1767 = MECHANICAL_DESIGN_GEOMETRIC_PRESENTATION_REPRESENTATION (  '', ( #2796 ), #1358 ) ;
#1768 = CARTESIAN_POINT ( 'NONE',  ( -27.00000000000000000, -11.00000000000000000, 24.00000000000000000 ) ) ;
#1769 = ORIENTED_EDGE ( 'NONE', *, *, #3166, .F. ) ;
#1770 =( GEOMETRIC_REPRESENTATION_CONTEXT ( 3 ) GLOBAL_UNCERTAINTY_ASSIGNED_CONTEXT ( ( #956 ) ) GLOBAL_UNIT_ASSIGNED_CONTEXT ( ( #1538, #325, #1329 ) ) REPRESENTATION_CONTEXT ( 'NONE', 'WORKASPACE' ) );
#1771 = COLOUR_RGB ( '',1.000000000000000000, 1.000000000000000000, 0.5019607843137254832 ) ;
#1772 =( LENGTH_UNIT ( ) NAMED_UNIT ( * ) SI_UNIT ( .MILLI., .METRE. ) );
#1773 = FILL_AREA_STYLE_COLOUR ( '', #1380 ) ;
#1774 = LINE ( 'NONE', #374, #2289 ) ;
#1775 = VECTOR ( 'NONE', #888, 1000.000000000000000 ) ;
#1776 = COLOUR_RGB ( '',1.000000000000000000, 1.000000000000000000, 0.5019607843137254832 ) ;
#1777 = VERTEX_POINT ( 'NONE', #2881 ) ;
#1778 = PRESENTATION_LAYER_ASSIGNMENT (  '', '', ( #300 ) ) ;
#1779 = EDGE_LOOP ( 'NONE', ( #483, #1713, #2583, #534, #2427, #1311, #553, #1606 ) ) ;
#1780 = FILL_AREA_STYLE ('',( #1602 ) ) ;
#1781 = EDGE_CURVE ( 'NONE', #670, #2701, #2643, .T. ) ;
#1782 = STYLED_ITEM ( 'NONE', ( #2561 ), #1132 ) ;
#1783 = DIRECTION ( 'NONE',  ( 0.000000000000000000, -1.000000000000000000, 0.000000000000000000 ) ) ;
#1784 = LINE ( 'NONE', #2766, #1224 ) ;
#1785 = SURFACE_STYLE_FILL_AREA ( #2970 ) ;
#1786 = STYLED_ITEM ( 'NONE', ( #1341 ), #1195 ) ;
#1787 = VERTEX_POINT ( 'NONE', #488 ) ;
#1788 = EDGE_CURVE ( 'NONE', #1872, #3110, #1461, .T. ) ;
#1789 = MECHANICAL_DESIGN_GEOMETRIC_PRESENTATION_REPRESENTATION (  '', ( #2572 ), #1893 ) ;
#1790 =( LENGTH_UNIT ( ) NAMED_UNIT ( * ) SI_UNIT ( .MILLI., .METRE. ) );
#1791 = FACE_BOUND ( 'NONE', #2575, .T. ) ;
#1792 = ORIENTED_EDGE ( 'NONE', *, *, #2381, .F. ) ;
#1793 = STYLED_ITEM ( 'NONE', ( #2677 ), #1626 ) ;
#1794 = UNCERTAINTY_MEASURE_WITH_UNIT (LENGTH_MEASURE( 1.000000000000000082E-05 ), #519, 'distance_accuracy_value', 'NONE');
#1795 = SURFACE_SIDE_STYLE ('',( #3008 ) ) ;
#1796 = CARTESIAN_POINT ( 'NONE',  ( -14.47766952966370013, 0.000000000000000000, 17.67766952966370297 ) ) ;
#1797 = DIRECTION ( 'NONE',  ( 0.000000000000000000, 0.000000000000000000, 1.000000000000000000 ) ) ;
#1798 = ORIENTED_EDGE ( 'NONE', *, *, #1973, .T. ) ;
#1799 = CARTESIAN_POINT ( 'NONE',  ( -4.714045207910319668, -1.389999999950000120, 26.66666666666665009 ) ) ;
#1800 = ORIENTED_EDGE ( 'NONE', *, *, #2956, .T. ) ;
#1801 = DIRECTION ( 'NONE',  ( 1.000000000000000000, 0.000000000000000000, 0.000000000000000000 ) ) ;
#1802 = ADVANCED_FACE ( 'NONE', ( #2159 ), #736, .T. ) ;
#1803 = CARTESIAN_POINT ( 'NONE',  ( 0.000000000000000000, -1.389999999950000120, 25.00000000000000000 ) ) ;
#1804 = ORIENTED_EDGE ( 'NONE', *, *, #2767, .T. ) ;
#1805 = EDGE_CURVE ( 'NONE', #2026, #3028, #2472, .T. ) ;
#1806 = FILL_AREA_STYLE_COLOUR ( '', #907 ) ;
#1807 = ORIENTED_EDGE ( 'NONE', *, *, #500, .T. ) ;
#1808 =( LENGTH_UNIT ( ) NAMED_UNIT ( * ) SI_UNIT ( .MILLI., .METRE. ) );
#1809 =( NAMED_UNIT ( * ) PLANE_ANGLE_UNIT ( ) SI_UNIT ( $, .RADIAN. ) );
#1810 = FACE_OUTER_BOUND ( 'NONE', #2694, .T. ) ;
#1811 = ORIENTED_EDGE ( 'NONE', *, *, #1929, .F. ) ;
#1812 = ORIENTED_EDGE ( 'NONE', *, *, #437, .F. ) ;
#1813 = CARTESIAN_POINT ( 'NONE',  ( 26.50000000000000000, -0.5000000000000000000, 25.00000000000000000 ) ) ;
#1814 = PRESENTATION_STYLE_ASSIGNMENT (( #1863 ) ) ;
#1815 = VECTOR ( 'NONE', #625, 1000.000000000000000 ) ;
#1816 = CARTESIAN_POINT ( 'NONE',  ( 38.50000000000000000, -7.000000000000000000, 1.836970198721030181E-16 ) ) ;
#1817 = FILL_AREA_STYLE_COLOUR ( '', #2501 ) ;
#1818 = PRESENTATION_LAYER_ASSIGNMENT (  '', '', ( #2013 ) ) ;
#1819 = DIRECTION ( 'NONE',  ( 0.000000000000000000, 1.000000000000000000, 0.000000000000000000 ) ) ;
#1820 = PRESENTATION_LAYER_ASSIGNMENT (  '', '', ( #140 ) ) ;
#1821 = LINE ( 'NONE', #371, #2027 ) ;
#1822 = VECTOR ( 'NONE', #1057, 1000.000000000000000 ) ;
#1823 = EDGE_LOOP ( 'NONE', ( #1523, #257, #27, #763 ) ) ;
#1824 = ADVANCED_FACE ( 'NONE', ( #2685 ), #1676, .T. ) ;
#1825 = MECHANICAL_DESIGN_GEOMETRIC_PRESENTATION_REPRESENTATION (  '', ( #1362 ), #2905 ) ;
#1826 = EDGE_CURVE ( 'NONE', #2775, #844, #2072, .T. ) ;
#1827 = VECTOR ( 'NONE', #302, 1000.000000000000000 ) ;
#1828 =( NAMED_UNIT ( * ) SI_UNIT ( $, .STERADIAN. ) SOLID_ANGLE_UNIT ( ) );
#1829 = PLANE ( 'NONE',  #59 ) ;
#1830 = EDGE_LOOP ( 'NONE', ( #378, #2066, #2328, #3089 ) ) ;
#1831 = PRESENTATION_LAYER_ASSIGNMENT (  '', '', ( #461 ) ) ;
#1832 = PRESENTATION_LAYER_ASSIGNMENT (  '', '', ( #47 ) ) ;
#1833 = EDGE_CURVE ( 'NONE', #1633, #2123, #1147, .T. ) ;
#1834 = ORIENTED_EDGE ( 'NONE', *, *, #2056, .T. ) ;
#1835 = DIRECTION ( 'NONE',  ( 0.000000000000000000, -1.000000000000000000, 0.000000000000000000 ) ) ;
#1836 = STYLED_ITEM ( 'NONE', ( #138 ), #369 ) ;
#1837 =( NAMED_UNIT ( * ) SI_UNIT ( $, .STERADIAN. ) SOLID_ANGLE_UNIT ( ) );
#1838 = EDGE_LOOP ( 'NONE', ( #406, #2262, #429, #2503, #2781, #1245, #1984, #1162 ) ) ;
#1839 = MECHANICAL_DESIGN_GEOMETRIC_PRESENTATION_REPRESENTATION (  '', ( #55 ), #3012 ) ;
#1840 =( NAMED_UNIT ( * ) PLANE_ANGLE_UNIT ( ) SI_UNIT ( $, .RADIAN. ) );
#1841 = LINE ( 'NONE', #66, #725 ) ;
#1842 = ORIENTED_EDGE ( 'NONE', *, *, #2848, .F. ) ;
#1843 = AXIS2_PLACEMENT_3D ( 'NONE', #942, #710, #1681 ) ;
#1844 = EDGE_CURVE ( 'NONE', #1074, #1517, #900, .T. ) ;
#1845 = PRESENTATION_STYLE_ASSIGNMENT (( #1085 ) ) ;
#1846 = AXIS2_PLACEMENT_3D ( 'NONE', #1627, #1130, #173 ) ;
#1847 = ORIENTED_EDGE ( 'NONE', *, *, #2869, .T. ) ;
#1848 = LINE ( 'NONE', #2588, #1456 ) ;
#1849 = ORIENTED_EDGE ( 'NONE', *, *, #1268, .T. ) ;
#1850 = CARTESIAN_POINT ( 'NONE',  ( -34.77030219552140267, -11.00000000000000000, -17.00000000000000000 ) ) ;
#1851 = SURFACE_STYLE_FILL_AREA ( #327 ) ;
#1852 = DIRECTION ( 'NONE',  ( 1.000000000000000000, 0.000000000000000000, 0.000000000000000000 ) ) ;
#1853 = CYLINDRICAL_SURFACE ( 'NONE', #2487, 1.229500000000001370 ) ;
#1854 = SURFACE_STYLE_FILL_AREA ( #2141 ) ;
#1855 = CARTESIAN_POINT ( 'NONE',  ( 37.00000000000000000, -11.00000000000000000, 0.000000000000000000 ) ) ;
#1856 = ORIENTED_EDGE ( 'NONE', *, *, #2827, .T. ) ;
#1857 = UNCERTAINTY_MEASURE_WITH_UNIT (LENGTH_MEASURE( 1.000000000000000082E-05 ), #552, 'distance_accuracy_value', 'NONE');
#1858 = CARTESIAN_POINT ( 'NONE',  ( -27.00000000000000000, -11.00000000000000000, 21.75000000000000000 ) ) ;
#1859 = DIRECTION ( 'NONE',  ( 1.000000000000000000, 0.000000000000000000, 0.000000000000000000 ) ) ;
#1860 = SURFACE_STYLE_FILL_AREA ( #688 ) ;
#1861 = VERTEX_POINT ( 'NONE', #2100 ) ;
#1862 = DIRECTION ( 'NONE',  ( -0.7071067811865474617, -0.7071067811865474617, 0.000000000000000000 ) ) ;
#1863 = SURFACE_STYLE_USAGE ( .BOTH. , #1091 ) ;
#1864 = EDGE_CURVE ( 'NONE', #2701, #195, #2828, .T. ) ;
#1865 = CARTESIAN_POINT ( 'NONE',  ( 42.00000000000000000, -7.000000000000000000, 11.32475165290614072 ) ) ;
#1866 = DIRECTION ( 'NONE',  ( 1.000000000000000000, 0.000000000000000000, 0.000000000000000000 ) ) ;
#1867 =( GEOMETRIC_REPRESENTATION_CONTEXT ( 3 ) GLOBAL_UNCERTAINTY_ASSIGNED_CONTEXT ( ( #3079 ) ) GLOBAL_UNIT_ASSIGNED_CONTEXT ( ( #999, #1960, #2936 ) ) REPRESENTATION_CONTEXT ( 'NONE', 'WORKASPACE' ) );
#1868 = PRESENTATION_LAYER_ASSIGNMENT (  '', '', ( #2894 ) ) ;
#1869 = VECTOR ( 'NONE', #3095, 1000.000000000000000 ) ;
#1870 =( LENGTH_UNIT ( ) NAMED_UNIT ( * ) SI_UNIT ( .MILLI., .METRE. ) );
#1871 = SURFACE_STYLE_FILL_AREA ( #1609 ) ;
#1872 = VERTEX_POINT ( 'NONE', #2352 ) ;
#1873 = STYLED_ITEM ( 'NONE', ( #275 ), #2934 ) ;
#1874 = CARTESIAN_POINT ( 'NONE',  ( -17.67766952966370297, 11.00000000000000000, -17.67766952966370297 ) ) ;
#1875 =( GEOMETRIC_REPRESENTATION_CONTEXT ( 3 ) GLOBAL_UNCERTAINTY_ASSIGNED_CONTEXT ( ( #797 ) ) GLOBAL_UNIT_ASSIGNED_CONTEXT ( ( #2377, #2128, #2147 ) ) REPRESENTATION_CONTEXT ( 'NONE', 'WORKASPACE' ) );
#1876 = STYLED_ITEM ( 'NONE', ( #447 ), #2559 ) ;
#1877 = VERTEX_POINT ( 'NONE', #918 ) ;
#1878 = VECTOR ( 'NONE', #2506, 1000.000000000000000 ) ;
#1879 = SURFACE_STYLE_FILL_AREA ( #1393 ) ;
#1880 = PRESENTATION_LAYER_ASSIGNMENT (  '', '', ( #1462 ) ) ;
#1881 = ORIENTED_EDGE ( 'NONE', *, *, #1492, .T. ) ;
#1882 = DIRECTION ( 'NONE',  ( 0.000000000000000000, -1.000000000000000000, 0.000000000000000000 ) ) ;
#1883 = PRESENTATION_LAYER_ASSIGNMENT (  '', '', ( #2085 ) ) ;
#1884 = MECHANICAL_DESIGN_GEOMETRIC_PRESENTATION_REPRESENTATION (  '', ( #1524 ), #2913 ) ;
#1885 = LINE ( 'NONE', #2867, #863 ) ;
#1886 = CARTESIAN_POINT ( 'NONE',  ( -24.00000000000000000, -11.00000000000000000, 3.552713678800499352E-15 ) ) ;
#1887 = ORIENTED_EDGE ( 'NONE', *, *, #535, .T. ) ;
#1888 = AXIS2_PLACEMENT_3D ( 'NONE', #2448, #2250, #277 ) ;
#1889 = CARTESIAN_POINT ( 'NONE',  ( 15.75000000000000000, 2.750000000000000000, 1.928818708657079767E-15 ) ) ;
#1890 = DIRECTION ( 'NONE',  ( 0.000000000000000000, 0.000000000000000000, 1.000000000000000000 ) ) ;
#1891 = ORIENTED_EDGE ( 'NONE', *, *, #1543, .F. ) ;
#1892 = CARTESIAN_POINT ( 'NONE',  ( -29.50000000000000000, -7.000000000000000000, 19.50000000000000000 ) ) ;
#1893 =( GEOMETRIC_REPRESENTATION_CONTEXT ( 3 ) GLOBAL_UNCERTAINTY_ASSIGNED_CONTEXT ( ( #865 ) ) GLOBAL_UNIT_ASSIGNED_CONTEXT ( ( #3021, #1531, #317 ) ) REPRESENTATION_CONTEXT ( 'NONE', 'WORKASPACE' ) );
#1894 = CARTESIAN_POINT ( 'NONE',  ( -20.87766952966369871, 0.000000000000000000, 17.67766952966370297 ) ) ;
#1895 = CARTESIAN_POINT ( 'NONE',  ( 24.00000000000000000, -4.000000000000000000, -25.00000000000000000 ) ) ;
#1896 = SURFACE_SIDE_STYLE ('',( #2369 ) ) ;
#1897 = CARTESIAN_POINT ( 'NONE',  ( 17.67766952966370297, 0.000000000000000000, 17.67766952966370297 ) ) ;
#1898 = CARTESIAN_POINT ( 'NONE',  ( 35.77049999999999841, -7.000000000000000000, 12.00000000000000000 ) ) ;
#1899 = LINE ( 'NONE', #2880, #610 ) ;
#1900 =( LENGTH_UNIT ( ) NAMED_UNIT ( * ) SI_UNIT ( .MILLI., .METRE. ) );
#1901 = FACE_OUTER_BOUND ( 'NONE', #1830, .T. ) ;
#1902 = CARTESIAN_POINT ( 'NONE',  ( 15.25000000000000000, 5.500000000000000000, 2.629756703076614981E-16 ) ) ;
#1903 = ORIENTED_EDGE ( 'NONE', *, *, #932, .F. ) ;
#1904 = DIRECTION ( 'NONE',  ( 0.000000000000000000, 1.000000000000000000, 0.000000000000000000 ) ) ;
#1905 = SURFACE_STYLE_FILL_AREA ( #2873 ) ;
#1906 = ORIENTED_EDGE ( 'NONE', *, *, #3102, .F. ) ;
#1907 = SURFACE_STYLE_USAGE ( .BOTH. , #933 ) ;
#1908 = SURFACE_SIDE_STYLE ('',( #663 ) ) ;
#1909 = FACE_OUTER_BOUND ( 'NONE', #1617, .T. ) ;
#1910 = CARTESIAN_POINT ( 'NONE',  ( -40.04060439104284796, -7.000000000000000000, -17.00000000000000000 ) ) ;
#1911 = FILL_AREA_STYLE_COLOUR ( '', #2613 ) ;
#1912 = ORIENTED_EDGE ( 'NONE', *, *, #785, .T. ) ;
#1913 = CARTESIAN_POINT ( 'NONE',  ( -7.071067811865479946, -4.000000000000000000, 27.50000000000000000 ) ) ;
#1914 = DIRECTION ( 'NONE',  ( 0.000000000000000000, 1.000000000000000000, 0.000000000000000000 ) ) ;
#1915 = CARTESIAN_POINT ( 'NONE',  ( 24.00000000000000000, -7.000000000000000000, -25.00000000000000000 ) ) ;
#1916 = ORIENTED_EDGE ( 'NONE', *, *, #419, .F. ) ;
#1917 = AXIS2_PLACEMENT_3D ( 'NONE', #662, #1635, #2398 ) ;
#1918 = CARTESIAN_POINT ( 'NONE',  ( 7.526249372321250122E-16, 5.500000000000000000, -1.604610698392049955E-15 ) ) ;
#1919 = EDGE_CURVE ( 'NONE', #2919, #1286, #135, .T. ) ;
#1920 = CARTESIAN_POINT ( 'NONE',  ( 42.00000000000000000, -7.000000000000000000, 0.000000000000000000 ) ) ;
#1921 =( GEOMETRIC_REPRESENTATION_CONTEXT ( 3 ) GLOBAL_UNCERTAINTY_ASSIGNED_CONTEXT ( ( #1183 ) ) GLOBAL_UNIT_ASSIGNED_CONTEXT ( ( #1086, #549, #2277 ) ) REPRESENTATION_CONTEXT ( 'NONE', 'WORKASPACE' ) );
#1922 = PRESENTATION_LAYER_ASSIGNMENT (  '', '', ( #1253 ) ) ;
#1923 = ORIENTED_EDGE ( 'NONE', *, *, #321, .T. ) ;
#1924 = EDGE_CURVE ( 'NONE', #195, #2334, #1667, .T. ) ;
#1925 = CARTESIAN_POINT ( 'NONE',  ( -34.77030219552145240, -7.000000000000000000, 17.00000000000000000 ) ) ;
#1926 = DIRECTION ( 'NONE',  ( 0.000000000000000000, -1.000000000000000000, 0.000000000000000000 ) ) ;
#1927 = DIRECTION ( 'NONE',  ( 0.000000000000000000, -1.000000000000000000, 0.000000000000000000 ) ) ;
#1928 = LINE ( 'NONE', #1942, #2087 ) ;
#1929 = EDGE_CURVE ( 'NONE', #2536, #1682, #1848, .T. ) ;
#1930 = VECTOR ( 'NONE', #2699, 1000.000000000000000 ) ;
#1931 = CARTESIAN_POINT ( 'NONE',  ( -42.00000000000000000, -7.000000000000000000, -11.32475165290614072 ) ) ;
#1932 = PRESENTATION_LAYER_ASSIGNMENT (  '', '', ( #1518 ) ) ;
#1933 = PRESENTATION_STYLE_ASSIGNMENT (( #966 ) ) ;
#1934 = SURFACE_STYLE_FILL_AREA ( #1180 ) ;
#1935 = CARTESIAN_POINT ( 'NONE',  ( 17.67766952966370297, -4.000000000000000000, 17.67766952966370297 ) ) ;
#1936 = DIRECTION ( 'NONE',  ( -1.000000000000000000, 0.000000000000000000, 0.000000000000000000 ) ) ;
#1937 = ORIENTED_EDGE ( 'NONE', *, *, #1503, .F. ) ;
#1938 = VECTOR ( 'NONE', #1549, 1000.000000000000000 ) ;
#1939 = EDGE_CURVE ( 'NONE', #2899, #644, #2938, .T. ) ;
#1940 = SURFACE_STYLE_USAGE ( .BOTH. , #1262 ) ;
#1941 = DIRECTION ( 'NONE',  ( 1.000000000000000000, 0.000000000000000000, 0.000000000000000000 ) ) ;
#1942 = CARTESIAN_POINT ( 'NONE',  ( 7.071067811865479946, -2.000000000000000000, 25.00000000000000000 ) ) ;
#1943 = COLOUR_RGB ( '',1.000000000000000000, 1.000000000000000000, 0.5019607843137254832 ) ;
#1944 = ADVANCED_FACE ( 'NONE', ( #167 ), #3114, .F. ) ;
#1945 = MECHANICAL_DESIGN_GEOMETRIC_PRESENTATION_REPRESENTATION (  '', ( #1322 ), #1020 ) ;
#1946 = SURFACE_STYLE_FILL_AREA ( #2214 ) ;
#1947 = SURFACE_STYLE_FILL_AREA ( #1689 ) ;
#1948 = VECTOR ( 'NONE', #1212, 1000.000000000000000 ) ;
#1949 = SURFACE_SIDE_STYLE ('',( #223 ) ) ;
#1950 = VERTEX_POINT ( 'NONE', #1151 ) ;
#1951 = UNCERTAINTY_MEASURE_WITH_UNIT (LENGTH_MEASURE( 1.000000000000000082E-05 ), #2626, 'distance_accuracy_value', 'NONE');
#1952 = ORIENTED_EDGE ( 'NONE', *, *, #3121, .F. ) ;
#1953 = SURFACE_STYLE_USAGE ( .BOTH. , #1474 ) ;
#1954 = CARTESIAN_POINT ( 'NONE',  ( 17.67766952966370297, -4.000000000000000000, 17.67766952966370297 ) ) ;
#1955 = ORIENTED_EDGE ( 'NONE', *, *, #2033, .F. ) ;
#1956 = FILL_AREA_STYLE ('',( #298 ) ) ;
#1957 = EDGE_CURVE ( 'NONE', #808, #2193, #1046, .T. ) ;
#1958 = ADVANCED_FACE ( 'NONE', ( #203 ), #1170, .F. ) ;
#1959 = DIRECTION ( 'NONE',  ( 1.000000000000000000, 0.000000000000000000, 0.000000000000000000 ) ) ;
#1960 =( NAMED_UNIT ( * ) PLANE_ANGLE_UNIT ( ) SI_UNIT ( $, .RADIAN. ) );
#1961 = ORIENTED_EDGE ( 'NONE', *, *, #2269, .T. ) ;
#1962 = CARTESIAN_POINT ( 'NONE',  ( 29.50000000000000000, -11.00000000000000000, 17.00000000000000000 ) ) ;
#1963 = COLOUR_RGB ( '',1.000000000000000000, 1.000000000000000000, 0.5019607843137254832 ) ;
#1964 = FILL_AREA_STYLE ('',( #1219 ) ) ;
#1965 = COLOUR_RGB ( '',1.000000000000000000, 1.000000000000000000, 0.5019607843137254832 ) ;
#1966 = PRESENTATION_STYLE_ASSIGNMENT (( #2465 ) ) ;
#1967 = CARTESIAN_POINT ( 'NONE',  ( 38.50000000000000000, -11.00000000000000000, 1.836970198721030181E-16 ) ) ;
#1968 = ORIENTED_EDGE ( 'NONE', *, *, #3068, .T. ) ;
#1969 = AXIS2_PLACEMENT_3D ( 'NONE', #2226, #2187, #2714 ) ;
#1970 = AXIS2_PLACEMENT_3D ( 'NONE', #1053, #803, #1535 ) ;
#1971 = CARTESIAN_POINT ( 'NONE',  ( 0.000000000000000000, -0.2999999999999999889, 25.00000000000000000 ) ) ;
#1972 = VECTOR ( 'NONE', #2797, 1000.000000000000000 ) ;
#1973 = EDGE_CURVE ( 'NONE', #336, #444, #1711, .T. ) ;
#1974 = LINE ( 'NONE', #1738, #1563 ) ;
#1975 = COLOUR_RGB ( '',1.000000000000000000, 1.000000000000000000, 0.5019607843137254832 ) ;
#1976 = SURFACE_STYLE_USAGE ( .BOTH. , #702 ) ;
#1977 = PRESENTATION_STYLE_ASSIGNMENT (( #1003 ) ) ;
#1978 = CARTESIAN_POINT ( 'NONE',  ( 37.00000000000000000, -11.00000000000000000, 12.00000000000000000 ) ) ;
#1979 = AXIS2_PLACEMENT_3D ( 'NONE', #428, #1640, #923 ) ;
#1980 = EDGE_LOOP ( 'NONE', ( #2581, #1628, #668, #964 ) ) ;
#1981 = DIRECTION ( 'NONE',  ( -0.7071067811865475727, 0.7071067811865475727, 0.000000000000000000 ) ) ;
#1982 = DIRECTION ( 'NONE',  ( 0.000000000000000000, -1.000000000000000000, 0.000000000000000000 ) ) ;
#1983 = DIRECTION ( 'NONE',  ( 0.000000000000000000, -1.000000000000000000, 0.000000000000000000 ) ) ;
#1984 = ORIENTED_EDGE ( 'NONE', *, *, #926, .T. ) ;
#1985 = DIRECTION ( 'NONE',  ( 1.000000000000000000, 0.000000000000000000, 0.000000000000000000 ) ) ;
#1986 = CARTESIAN_POINT ( 'NONE',  ( 2.000000000000000000, 11.00000000000000000, 25.00000000000000000 ) ) ;
#1987 = CARTESIAN_POINT ( 'NONE',  ( -38.22950000000000159, -11.00000000000000000, 12.00000000000000000 ) ) ;
#1988 = DIRECTION ( 'NONE',  ( 0.000000000000000000, -1.000000000000000000, 0.000000000000000000 ) ) ;
#1989 = CARTESIAN_POINT ( 'NONE',  ( 27.00000000000000000, -7.000000000000000000, 19.50000000000000000 ) ) ;
#1990 = ORIENTED_EDGE ( 'NONE', *, *, #1584, .T. ) ;
#1991 = FILL_AREA_STYLE ('',( #1806 ) ) ;
#1992 = CARTESIAN_POINT ( 'NONE',  ( 27.00000000000000000, -9.000000000000000000, 19.50000000000000000 ) ) ;
#1993 = ORIENTED_EDGE ( 'NONE', *, *, #1805, .F. ) ;
#1994 = ADVANCED_FACE ( 'NONE', ( #6 ), #760, .F. ) ;
#1995 = LINE ( 'NONE', #2247, #1612 ) ;
#1996 = CARTESIAN_POINT ( 'NONE',  ( -27.00000000000000000, -1.000000000000000000, 2.500000000000000000 ) ) ;
#1997 = PRESENTATION_STYLE_ASSIGNMENT (( #1029 ) ) ;
#1998 = EDGE_LOOP ( 'NONE', ( #1037, #1075 ) ) ;
#1999 = CARTESIAN_POINT ( 'NONE',  ( -35.77049999999999841, -7.000000000000000000, 12.00000000000000000 ) ) ;
#2000 = DIRECTION ( 'NONE',  ( 1.000000000000000000, 0.000000000000000000, 0.000000000000000000 ) ) ;
#2001 = SURFACE_SIDE_STYLE ('',( #1785 ) ) ;
#2002 = ORIENTED_EDGE ( 'NONE', *, *, #1304, .F. ) ;
#2003 = UNCERTAINTY_MEASURE_WITH_UNIT (LENGTH_MEASURE( 1.000000000000000082E-05 ), #856, 'distance_accuracy_value', 'NONE');
#2004 = CARTESIAN_POINT ( 'NONE',  ( -24.00000000000000000, -4.000000000000000000, 25.00000000000000000 ) ) ;
#2005 = ORIENTED_EDGE ( 'NONE', *, *, #690, .F. ) ;
#2006 = DIRECTION ( 'NONE',  ( -1.000000000000000000, 0.000000000000000000, 0.000000000000000000 ) ) ;
#2007 = ADVANCED_FACE ( 'NONE', ( #475 ), #2697, .T. ) ;
#2008 = FILL_AREA_STYLE_COLOUR ( '', #2548 ) ;
#2009 = PLANE ( 'NONE',  #772 ) ;
#2010 = AXIS2_PLACEMENT_3D ( 'NONE', #2022, #1513, #124 ) ;
#2011 = ORIENTED_EDGE ( 'NONE', *, *, #579, .T. ) ;
#2012 = VECTOR ( 'NONE', #2286, 1000.000000000000000 ) ;
#2013 = STYLED_ITEM ( 'NONE', ( #2892 ), #1958 ) ;
#2014 = ORIENTED_EDGE ( 'NONE', *, *, #128, .F. ) ;
#2015 = SURFACE_SIDE_STYLE ('',( #398 ) ) ;
#2016 = PRESENTATION_LAYER_ASSIGNMENT (  '', '', ( #2288 ) ) ;
#2017 = EDGE_CURVE ( 'NONE', #808, #54, #987, .T. ) ;
#2018 = COLOUR_RGB ( '',1.000000000000000000, 1.000000000000000000, 0.5019607843137254832 ) ;
#2019 = LINE ( 'NONE', #1986, #2696 ) ;
#2020 = PRESENTATION_LAYER_ASSIGNMENT (  '', '', ( #1876 ) ) ;
#2021 =( LENGTH_UNIT ( ) NAMED_UNIT ( * ) SI_UNIT ( .MILLI., .METRE. ) );
#2022 = CARTESIAN_POINT ( 'NONE',  ( 1.283417816466669854E-13, 19.75000000000000000, -5.370291022112039464E-14 ) ) ;
#2023 = ORIENTED_EDGE ( 'NONE', *, *, #2269, .F. ) ;
#2024 = SURFACE_SIDE_STYLE ('',( #3004 ) ) ;
#2025 = LINE ( 'NONE', #1274, #968 ) ;
#2026 = VERTEX_POINT ( 'NONE', #1546 ) ;
#2027 = VECTOR ( 'NONE', #333, 1000.000000000000000 ) ;
#2028 = EDGE_CURVE ( 'NONE', #385, #495, #1774, .T. ) ;
#2029 = FILL_AREA_STYLE ('',( #102 ) ) ;
#2030 = MECHANICAL_DESIGN_GEOMETRIC_PRESENTATION_REPRESENTATION (  '', ( #47 ), #1469 ) ;
#2031 = DIRECTION ( 'NONE',  ( 0.000000000000000000, -1.000000000000000000, 0.000000000000000000 ) ) ;
#2032 = EDGE_LOOP ( 'NONE', ( #402, #2840, #2257, #227 ) ) ;
#2033 = EDGE_CURVE ( 'NONE', #1457, #1186, #188, .T. ) ;
#2034 = AXIS2_PLACEMENT_3D ( 'NONE', #1060, #2054, #3048 ) ;
#2035 =( NAMED_UNIT ( * ) SI_UNIT ( $, .STERADIAN. ) SOLID_ANGLE_UNIT ( ) );
#2036 = ORIENTED_EDGE ( 'NONE', *, *, #3031, .F. ) ;
#2037 = AXIS2_PLACEMENT_3D ( 'NONE', #2155, #963, #2116 ) ;
#2038 = DIRECTION ( 'NONE',  ( 1.000000000000000000, 0.000000000000000000, 0.000000000000000000 ) ) ;
#2039 = FILL_AREA_STYLE ('',( #1575 ) ) ;
#2040 = PRESENTATION_LAYER_ASSIGNMENT (  '', '', ( #819 ) ) ;
#2041 = ORIENTED_EDGE ( 'NONE', *, *, #1485, .F. ) ;
#2042 = COLOUR_RGB ( '',1.000000000000000000, 1.000000000000000000, 0.5019607843137254832 ) ;
#2043 = FILL_AREA_STYLE_COLOUR ( '', #1521 ) ;
#2044 = SURFACE_STYLE_FILL_AREA ( #2297 ) ;
#2045 = ORIENTED_EDGE ( 'NONE', *, *, #1528, .T. ) ;
#2046 = DIRECTION ( 'NONE',  ( 0.000000000000000000, 1.000000000000000000, 0.000000000000000000 ) ) ;
#2047 = SURFACE_SIDE_STYLE ('',( #804 ) ) ;
#2048 = ADVANCED_BREP_SHAPE_REPRESENTATION ( 'TOOL FLANGE', ( #3002, #1672 ), #1770 ) ;
#2049 = LINE ( 'NONE', #358, #2866 ) ;
#2050 = ORIENTED_EDGE ( 'NONE', *, *, #2261, .T. ) ;
#2051 = DIRECTION ( 'NONE',  ( -1.000000000000000000, 0.000000000000000000, 0.000000000000000000 ) ) ;
#2052 = EDGE_LOOP ( 'NONE', ( #2954, #2023 ) ) ;
#2053 = LINE ( 'NONE', #1813, #1504 ) ;
#2054 = DIRECTION ( 'NONE',  ( 0.000000000000000000, 0.000000000000000000, 1.000000000000000000 ) ) ;
#2055 =( NAMED_UNIT ( * ) PLANE_ANGLE_UNIT ( ) SI_UNIT ( $, .RADIAN. ) );
#2056 = EDGE_CURVE ( 'NONE', #2319, #3043, #646, .T. ) ;
#2057 = SURFACE_SIDE_STYLE ('',( #413 ) ) ;
#2058 = DIRECTION ( 'NONE',  ( 0.000000000000000000, -1.000000000000000000, 0.000000000000000000 ) ) ;
#2059 = SURFACE_STYLE_FILL_AREA ( #2039 ) ;
#2060 = ORIENTED_EDGE ( 'NONE', *, *, #2160, .F. ) ;
#2061 = EDGE_CURVE ( 'NONE', #1059, #2849, #796, .T. ) ;
#2062 = FACE_OUTER_BOUND ( 'NONE', #1755, .T. ) ;
#2063 = EDGE_CURVE ( 'NONE', #134, #874, #1995, .T. ) ;
#2064 =( GEOMETRIC_REPRESENTATION_CONTEXT ( 3 ) GLOBAL_UNCERTAINTY_ASSIGNED_CONTEXT ( ( #614 ) ) GLOBAL_UNIT_ASSIGNED_CONTEXT ( ( #2021, #593, #1044 ) ) REPRESENTATION_CONTEXT ( 'NONE', 'WORKASPACE' ) );
#2065 = LINE ( 'NONE', #3040, #2570 ) ;
#2066 = ORIENTED_EDGE ( 'NONE', *, *, #1160, .T. ) ;
#2067 = DIRECTION ( 'NONE',  ( 1.000000000000000000, 0.000000000000000000, 0.000000000000000000 ) ) ;
#2068 = EDGE_LOOP ( 'NONE', ( #1741, #2161, #2854, #2812 ) ) ;
#2069 =( GEOMETRIC_REPRESENTATION_CONTEXT ( 3 ) GLOBAL_UNCERTAINTY_ASSIGNED_CONTEXT ( ( #1052 ) ) GLOBAL_UNIT_ASSIGNED_CONTEXT ( ( #1900, #1590, #1348 ) ) REPRESENTATION_CONTEXT ( 'NONE', 'WORKASPACE' ) );
#2070 = CARTESIAN_POINT ( 'NONE',  ( 0.000000000000000000, -7.000000000000000000, 0.000000000000000000 ) ) ;
#2071 = AXIS2_PLACEMENT_3D ( 'NONE', #466, #2609, #2656 ) ;
#2072 = CIRCLE ( 'NONE', #696, 5.000000000000000000 ) ;
#2073 = PRESENTATION_STYLE_ASSIGNMENT (( #2595 ) ) ;
#2074 = VERTEX_POINT ( 'NONE', #2538 ) ;
#2075 = AXIS2_PLACEMENT_3D ( 'NONE', #1467, #17, #2927 ) ;
#2076 =( NAMED_UNIT ( * ) PLANE_ANGLE_UNIT ( ) SI_UNIT ( $, .RADIAN. ) );
#2077 = AXIS2_PLACEMENT_3D ( 'NONE', #1415, #1882, #922 ) ;
#2078 = VERTEX_POINT ( 'NONE', #1580 ) ;
#2079 = UNCERTAINTY_MEASURE_WITH_UNIT (LENGTH_MEASURE( 1.000000000000000082E-05 ), #1449, 'distance_accuracy_value', 'NONE');
#2080 = LINE ( 'NONE', #1889, #1666 ) ;
#2081 = CARTESIAN_POINT ( 'NONE',  ( -27.00000000000000000, -10.00000000000000000, 25.00000000000000000 ) ) ;
#2082 = MECHANICAL_DESIGN_GEOMETRIC_PRESENTATION_REPRESENTATION (  '', ( #2855 ), #1720 ) ;
#2083 =( LENGTH_UNIT ( ) NAMED_UNIT ( * ) SI_UNIT ( .MILLI., .METRE. ) );
#2084 = ORIENTED_EDGE ( 'NONE', *, *, #1548, .T. ) ;
#2085 = STYLED_ITEM ( 'NONE', ( #3115 ), #22 ) ;
#2086 = PRESENTATION_STYLE_ASSIGNMENT (( #2529 ) ) ;
#2087 = VECTOR ( 'NONE', #2909, 1000.000000000000000 ) ;
#2088 =( NAMED_UNIT ( * ) SI_UNIT ( $, .STERADIAN. ) SOLID_ANGLE_UNIT ( ) );
#2089 = VERTEX_POINT ( 'NONE', #2771 ) ;
#2090 = DIRECTION ( 'NONE',  ( 0.000000000000000000, -1.000000000000000000, 0.000000000000000000 ) ) ;
#2091 = LINE ( 'NONE', #895, #1533 ) ;
#2092 = ORIENTED_EDGE ( 'NONE', *, *, #478, .F. ) ;
#2093 = COLOUR_RGB ( '',1.000000000000000000, 1.000000000000000000, 0.5019607843137254832 ) ;
#2094 = CARTESIAN_POINT ( 'NONE',  ( -37.00000000000000000, -19.50000000000000000, 0.000000000000000000 ) ) ;
#2095 = ADVANCED_FACE ( 'NONE', ( #1519, #1070, #847, #2276 ), #820, .T. ) ;
#2096 = DIRECTION ( 'NONE',  ( -1.000000000000000000, 0.000000000000000000, 0.000000000000000000 ) ) ;
#2097 = AXIS2_PLACEMENT_3D ( 'NONE', #684, #2458, #1230 ) ;
#2098 = ORIENTED_EDGE ( 'NONE', *, *, #2381, .T. ) ;
#2099 = LINE ( 'NONE', #2544, #2702 ) ;
#2100 = CARTESIAN_POINT ( 'NONE',  ( 14.47766952966370013, 0.000000000000000000, 17.67766952966370297 ) ) ;
#2101 = CARTESIAN_POINT ( 'NONE',  ( 37.00000000000000000, -7.000000000000000000, 12.00000000000000000 ) ) ;
#2102 = CYLINDRICAL_SURFACE ( 'NONE', #1013, 43.50000000000000000 ) ;
#2103 = CARTESIAN_POINT ( 'NONE',  ( -15.50000000000000000, 5.250000000000150102, -2.531308496145409924E-14 ) ) ;
#2104 = DIRECTION ( 'NONE',  ( 1.000000000000000000, 0.000000000000000000, 0.000000000000000000 ) ) ;
#2105 = DIRECTION ( 'NONE',  ( 1.000000000000000000, 0.000000000000000000, 0.000000000000000000 ) ) ;
#2106 = CYLINDRICAL_SURFACE ( 'NONE', #1327, 3.200000000000001510 ) ;
#2107 = ORIENTED_EDGE ( 'NONE', *, *, #1235, .T. ) ;
#2108 = FILL_AREA_STYLE ('',( #161 ) ) ;
#2109 = CARTESIAN_POINT ( 'NONE',  ( 0.000000000000000000, 5.500000000000000000, 0.000000000000000000 ) ) ;
#2110 = ORIENTED_EDGE ( 'NONE', *, *, #1826, .F. ) ;
#2111 = EDGE_CURVE ( 'NONE', #2420, #2390, #1150, .T. ) ;
#2112 = DIRECTION ( 'NONE',  ( 0.000000000000000000, -1.000000000000000000, 0.000000000000000000 ) ) ;
#2113 = EDGE_LOOP ( 'NONE', ( #525, #1120, #1198, #1903 ) ) ;
#2114 = DIRECTION ( 'NONE',  ( 1.000000000000000000, 0.000000000000000000, 0.000000000000000000 ) ) ;
#2115 = CARTESIAN_POINT ( 'NONE',  ( 35.77049999999999841, -6.155000190734860155, -12.00000000000000000 ) ) ;
#2116 = DIRECTION ( 'NONE',  ( 1.000000000000000000, 0.000000000000000000, 0.000000000000000000 ) ) ;
#2117 = CARTESIAN_POINT ( 'NONE',  ( 20.87766952966369871, 0.000000000000000000, 17.67766952966370297 ) ) ;
#2118 =( NAMED_UNIT ( * ) SI_UNIT ( $, .STERADIAN. ) SOLID_ANGLE_UNIT ( ) );
#2119 = ADVANCED_FACE ( 'NONE', ( #548 ), #2976, .F. ) ;
#2120 = SURFACE_STYLE_FILL_AREA ( #877 ) ;
#2121 = VECTOR ( 'NONE', #1193, 1000.000000000000000 ) ;
#2122 = FACE_OUTER_BOUND ( 'NONE', #1169, .T. ) ;
#2123 = VERTEX_POINT ( 'NONE', #3062 ) ;
#2124 = VECTOR ( 'NONE', #1339, 1000.000000000000000 ) ;
#2125 = FACE_OUTER_BOUND ( 'NONE', #1532, .T. ) ;
#2126 = DIRECTION ( 'NONE',  ( 0.000000000000000000, 1.000000000000000000, 0.000000000000000000 ) ) ;
#2127 = VECTOR ( 'NONE', #176, 1000.000000000000000 ) ;
#2128 =( NAMED_UNIT ( * ) PLANE_ANGLE_UNIT ( ) SI_UNIT ( $, .RADIAN. ) );
#2129 = PRESENTATION_LAYER_ASSIGNMENT (  '', '', ( #754 ) ) ;
#2130 = ORIENTED_EDGE ( 'NONE', *, *, #909, .F. ) ;
#2131 = VECTOR ( 'NONE', #1982, 1000.000000000000000 ) ;
#2132 = SURFACE_SIDE_STYLE ('',( #1879 ) ) ;
#2133 = LINE ( 'NONE', #2859, #1775 ) ;
#2134 = ORIENTED_EDGE ( 'NONE', *, *, #2956, .F. ) ;
#2135 = EDGE_CURVE ( 'NONE', #2942, #823, #2603, .T. ) ;
#2136 = DIRECTION ( 'NONE',  ( 0.000000000000000000, -1.000000000000000000, 0.000000000000000000 ) ) ;
#2137 =( NAMED_UNIT ( * ) PLANE_ANGLE_UNIT ( ) SI_UNIT ( $, .RADIAN. ) );
#2138 = EDGE_CURVE ( 'NONE', #823, #2688, #2585, .T. ) ;
#2139 = ORIENTED_EDGE ( 'NONE', *, *, #222, .F. ) ;
#2140 = COLOUR_RGB ( '',1.000000000000000000, 1.000000000000000000, 0.5019607843137254832 ) ;
#2141 = FILL_AREA_STYLE ('',( #1163 ) ) ;
#2142 = LINE ( 'NONE', #1353, #667 ) ;
#2143 = ORIENTED_EDGE ( 'NONE', *, *, #335, .F. ) ;
#2144 = UNCERTAINTY_MEASURE_WITH_UNIT (LENGTH_MEASURE( 1.000000000000000082E-05 ), #3098, 'distance_accuracy_value', 'NONE');
#2145 = AXIS2_PLACEMENT_3D ( 'NONE', #1954, #746, #524 ) ;
#2146 = DIRECTION ( 'NONE',  ( 0.000000000000000000, 0.000000000000000000, -1.000000000000000000 ) ) ;
#2147 =( NAMED_UNIT ( * ) SI_UNIT ( $, .STERADIAN. ) SOLID_ANGLE_UNIT ( ) );
#2148 = CYLINDRICAL_SURFACE ( 'NONE', #565, 1.500000000000001332 ) ;
#2149 = ORIENTED_EDGE ( 'NONE', *, *, #3064, .T. ) ;
#2150 = FILL_AREA_STYLE_COLOUR ( '', #490 ) ;
#2151 = PRESENTATION_LAYER_ASSIGNMENT (  '', '', ( #2572 ) ) ;
#2152 = ORIENTED_EDGE ( 'NONE', *, *, #335, .T. ) ;
#2153 =( NAMED_UNIT ( * ) SI_UNIT ( $, .STERADIAN. ) SOLID_ANGLE_UNIT ( ) );
#2154 = DIRECTION ( 'NONE',  ( 0.000000000000000000, 1.000000000000000000, 0.000000000000000000 ) ) ;
#2155 = CARTESIAN_POINT ( 'NONE',  ( -45.39392063727179760, -7.000000000000000000, -17.00000000000000000 ) ) ;
#2156 = VERTEX_POINT ( 'NONE', #3093 ) ;
#2157 = DIRECTION ( 'NONE',  ( 0.000000000000000000, 0.7071067811865474617, -0.7071067811865474617 ) ) ;
#2158 = CARTESIAN_POINT ( 'NONE',  ( 42.00000000000000000, -7.000000000000000000, -11.32475165290614072 ) ) ;
#2159 = FACE_OUTER_BOUND ( 'NONE', #2485, .T. ) ;
#2160 = EDGE_CURVE ( 'NONE', #2849, #2899, #2080, .T. ) ;
#2161 = ORIENTED_EDGE ( 'NONE', *, *, #1389, .F. ) ;
#2162 = EDGE_CURVE ( 'NONE', #670, #2622, #915, .T. ) ;
#2163 = CARTESIAN_POINT ( 'NONE',  ( -24.00000000000000000, -10.50000000000000000, -24.50000000000000000 ) ) ;
#2164 = SURFACE_SIDE_STYLE ('',( #216 ) ) ;
#2165 =( NAMED_UNIT ( * ) SI_UNIT ( $, .STERADIAN. ) SOLID_ANGLE_UNIT ( ) );
#2166 = ORIENTED_EDGE ( 'NONE', *, *, #1503, .T. ) ;
#2167 = CARTESIAN_POINT ( 'NONE',  ( -40.04060439104284796, -7.000000000000000000, 17.00000000000000000 ) ) ;
#2168 = CARTESIAN_POINT ( 'NONE',  ( -38.22950000000000159, -11.00000000000000000, -12.00000000000000000 ) ) ;
#2169 = DIRECTION ( 'NONE',  ( 0.000000000000000000, -1.000000000000000000, 0.000000000000000000 ) ) ;
#2170 = ORIENTED_EDGE ( 'NONE', *, *, #2521, .F. ) ;
#2171 = CARTESIAN_POINT ( 'NONE',  ( 38.22950000000000159, -6.155000190734860155, -12.00000000000000000 ) ) ;
#2172 = PRESENTATION_STYLE_ASSIGNMENT (( #1159 ) ) ;
#2173 =( NAMED_UNIT ( * ) SI_UNIT ( $, .STERADIAN. ) SOLID_ANGLE_UNIT ( ) );
#2174 = FACE_OUTER_BOUND ( 'NONE', #1591, .T. ) ;
#2175 = EDGE_LOOP ( 'NONE', ( #787, #1005 ) ) ;
#2176 = EDGE_CURVE ( 'NONE', #2341, #1034, #390, .T. ) ;
#2177 = AXIS2_PLACEMENT_3D ( 'NONE', #1345, #364, #590 ) ;
#2178 =( GEOMETRIC_REPRESENTATION_CONTEXT ( 3 ) GLOBAL_UNCERTAINTY_ASSIGNED_CONTEXT ( ( #1466 ) ) GLOBAL_UNIT_ASSIGNED_CONTEXT ( ( #396, #1411, #872 ) ) REPRESENTATION_CONTEXT ( 'NONE', 'WORKASPACE' ) );
#2179 = UNCERTAINTY_MEASURE_WITH_UNIT (LENGTH_MEASURE( 1.000000000000000082E-05 ), #1730, 'distance_accuracy_value', 'NONE');
#2180 = LINE ( 'NONE', #1215, #139 ) ;
#2181 = CARTESIAN_POINT ( 'NONE',  ( -37.00000000000000000, -7.000000000000000000, 0.000000000000000000 ) ) ;
#2182 = MECHANICAL_DESIGN_GEOMETRIC_PRESENTATION_REPRESENTATION (  '', ( #1873 ), #285 ) ;
#2183 = STYLED_ITEM ( 'NONE', ( #1375 ), #2195 ) ;
#2184 = ORIENTED_EDGE ( 'NONE', *, *, #2201, .F. ) ;
#2185 = COLOUR_RGB ( '',1.000000000000000000, 1.000000000000000000, 0.5019607843137254832 ) ;
#2186 = CIRCLE ( 'NONE', #801, 43.50000000000000000 ) ;
#2187 = DIRECTION ( 'NONE',  ( 0.000000000000000000, -1.000000000000000000, 0.000000000000000000 ) ) ;
#2188 =( NAMED_UNIT ( * ) PLANE_ANGLE_UNIT ( ) SI_UNIT ( $, .RADIAN. ) );
#2189 = AXIS2_PLACEMENT_3D ( 'NONE', #708, #2764, #2666 ) ;
#2190 = LINE ( 'NONE', #970, #1948 ) ;
#2191 =( NAMED_UNIT ( * ) SI_UNIT ( $, .STERADIAN. ) SOLID_ANGLE_UNIT ( ) );
#2192 = SURFACE_SIDE_STYLE ('',( #2972 ) ) ;
#2193 = VERTEX_POINT ( 'NONE', #407 ) ;
#2194 = COLOUR_RGB ( '',1.000000000000000000, 1.000000000000000000, 0.5019607843137254832 ) ;
#2195 = ADVANCED_FACE ( 'NONE', ( #3127 ), #3080, .F. ) ;
#2196 = SURFACE_STYLE_USAGE ( .BOTH. , #1221 ) ;
#2197 = CARTESIAN_POINT ( 'NONE',  ( 0.000000000000000000, -9.750000000000000000, 0.000000000000000000 ) ) ;
#2198 = APPLICATION_CONTEXT ( 'automotive_design' ) ;
#2199 = AXIS2_PLACEMENT_3D ( 'NONE', #2668, #1437, #53 ) ;
#2200 = ORIENTED_EDGE ( 'NONE', *, *, #1077, .F. ) ;
#2201 = EDGE_CURVE ( 'NONE', #2156, #2937, #2856, .T. ) ;
#2202 = AXIS2_PLACEMENT_3D ( 'NONE', #1560, #306, #1067 ) ;
#2203 = FILL_AREA_STYLE_COLOUR ( '', #2337 ) ;
#2204 = DIRECTION ( 'NONE',  ( 0.000000000000000000, 1.000000000000000000, 0.000000000000000000 ) ) ;
#2205 = STYLED_ITEM ( 'NONE', ( #1445 ), #1629 ) ;
#2206 = ORIENTED_EDGE ( 'NONE', *, *, #1123, .T. ) ;
#2207 = PRODUCT_DEFINITION_CONTEXT ( 'detailed design', #2198, 'design' ) ;
#2208 = FILL_AREA_STYLE ('',( #226 ) ) ;
#2209 = VERTEX_POINT ( 'NONE', #2617 ) ;
#2210 = CYLINDRICAL_SURFACE ( 'NONE', #3149, 1.229500000000001370 ) ;
#2211 = CARTESIAN_POINT ( 'NONE',  ( -20.87766952966369871, -4.000000000000000000, 17.67766952966370297 ) ) ;
#2212 = EDGE_LOOP ( 'NONE', ( #1294, #2166, #1891, #2434 ) ) ;
#2213 = ADVANCED_FACE ( 'NONE', ( #1387, #2375, #175, #2125 ), #2871, .T. ) ;
#2214 = FILL_AREA_STYLE ('',( #1225 ) ) ;
#2215 = CARTESIAN_POINT ( 'NONE',  ( -20.87766952966369871, 11.00000000000000000, -17.67766952966370297 ) ) ;
#2216 = CARTESIAN_POINT ( 'NONE',  ( -17.67766952966370297, 0.000000000000000000, -17.67766952966370297 ) ) ;
#2217 =( NAMED_UNIT ( * ) SI_UNIT ( $, .STERADIAN. ) SOLID_ANGLE_UNIT ( ) );
#2218 =( NAMED_UNIT ( * ) SI_UNIT ( $, .STERADIAN. ) SOLID_ANGLE_UNIT ( ) );
#2219 = ORIENTED_EDGE ( 'NONE', *, *, #2808, .T. ) ;
#2220 = DIRECTION ( 'NONE',  ( 1.000000000000000000, 0.000000000000000000, 0.000000000000000000 ) ) ;
#2221 = SURFACE_STYLE_USAGE ( .BOTH. , #3155 ) ;
#2222 = ORIENTED_EDGE ( 'NONE', *, *, #279, .T. ) ;
#2223 = AXIS2_PLACEMENT_3D ( 'NONE', #170, #698, #1139 ) ;
#2224 = COLOUR_RGB ( '',1.000000000000000000, 1.000000000000000000, 0.5019607843137254832 ) ;
#2225 =( NAMED_UNIT ( * ) SI_UNIT ( $, .STERADIAN. ) SOLID_ANGLE_UNIT ( ) );
#2226 = CARTESIAN_POINT ( 'NONE',  ( -29.50000000000000000, -7.000000000000000000, -19.50000000000000000 ) ) ;
#2227 = AXIS2_PLACEMENT_3D ( 'NONE', #1472, #1006, #1683 ) ;
#2228 = CARTESIAN_POINT ( 'NONE',  ( -27.00000000000000000, -9.000000000000000000, 19.50000000000000000 ) ) ;
#2229 = ORIENTED_EDGE ( 'NONE', *, *, #1063, .T. ) ;
#2230 = AXIS2_PLACEMENT_3D ( 'NONE', #425, #1927, #2114 ) ;
#2231 = AXIS2_PLACEMENT_3D ( 'NONE', #1874, #1904, #882 ) ;
#2232 = CARTESIAN_POINT ( 'NONE',  ( 0.000000000000000000, -9.750000000000000000, 0.000000000000000000 ) ) ;
#2233 = DIRECTION ( 'NONE',  ( -1.000000000000000000, 0.000000000000000000, 0.000000000000000000 ) ) ;
#2234 = AXIS2_PLACEMENT_3D ( 'NONE', #2563, #345, #2067 ) ;
#2235 = AXIS2_PLACEMENT_3D ( 'NONE', #1014, #1783, #214 ) ;
#2236 = PRODUCT_DEFINITION_SHAPE ( 'NONE', 'NONE',  #1740 ) ;
#2237 = EDGE_CURVE ( 'NONE', #1488, #1438, #2292, .T. ) ;
#2238 = VECTOR ( 'NONE', #2969, 1000.000000000000000 ) ;
#2239 = DIRECTION ( 'NONE',  ( 0.000000000000000000, -1.000000000000000000, 0.000000000000000000 ) ) ;
#2240 = AXIS2_PLACEMENT_3D ( 'NONE', #1913, #2453, #1240 ) ;
#2241 = MECHANICAL_DESIGN_GEOMETRIC_PRESENTATION_REPRESENTATION (  '', ( #1062 ), #3165 ) ;
#2242 = DIRECTION ( 'NONE',  ( 0.000000000000000000, -1.000000000000000000, 0.000000000000000000 ) ) ;
#2243 = CIRCLE ( 'NONE', #3006, 43.50000000000000000 ) ;
#2244 = CIRCLE ( 'NONE', #1106, 1.500000000000001332 ) ;
#2245 = ORIENTED_EDGE ( 'NONE', *, *, #2537, .F. ) ;
#2246 = UNCERTAINTY_MEASURE_WITH_UNIT (LENGTH_MEASURE( 1.000000000000000082E-05 ), #528, 'distance_accuracy_value', 'NONE');
#2247 = CARTESIAN_POINT ( 'NONE',  ( 26.00000000000000000, 0.000000000000000000, 0.000000000000000000 ) ) ;
#2248 =( NAMED_UNIT ( * ) SI_UNIT ( $, .STERADIAN. ) SOLID_ANGLE_UNIT ( ) );
#2249 = CARTESIAN_POINT ( 'NONE',  ( -17.67766952966370297, -4.000000000000000000, 17.67766952966370297 ) ) ;
#2250 = DIRECTION ( 'NONE',  ( 0.000000000000000000, 1.000000000000000000, 0.000000000000000000 ) ) ;
#2251 = ORIENTED_EDGE ( 'NONE', *, *, #599, .F. ) ;
#2252 = SURFACE_STYLE_FILL_AREA ( #1266 ) ;
#2253 = CARTESIAN_POINT ( 'NONE',  ( 29.50000000000000000, -9.000000000000000000, -17.00000000000000000 ) ) ;
#2254 =( LENGTH_UNIT ( ) NAMED_UNIT ( * ) SI_UNIT ( .MILLI., .METRE. ) );
#2255 = CIRCLE ( 'NONE', #2202, 3.199999999999999734 ) ;
#2256 = SURFACE_STYLE_USAGE ( .BOTH. , #351 ) ;
#2257 = ORIENTED_EDGE ( 'NONE', *, *, #737, .T. ) ;
#2258 = EDGE_CURVE ( 'NONE', #3110, #1234, #347, .T. ) ;
#2259 = FACE_OUTER_BOUND ( 'NONE', #855, .T. ) ;
#2260 = CARTESIAN_POINT ( 'NONE',  ( 35.50000000000000000, -11.00000000000000000, -3.673940397442060361E-16 ) ) ;
#2261 = EDGE_CURVE ( 'NONE', #1034, #147, #2481, .T. ) ;
#2262 = ORIENTED_EDGE ( 'NONE', *, *, #2404, .F. ) ;
#2263 = EDGE_CURVE ( 'NONE', #3163, #2332, #2019, .T. ) ;
#2264 =( NAMED_UNIT ( * ) SI_UNIT ( $, .STERADIAN. ) SOLID_ANGLE_UNIT ( ) );
#2265 = ORIENTED_EDGE ( 'NONE', *, *, #1291, .T. ) ;
#2266 = FACE_OUTER_BOUND ( 'NONE', #2759, .T. ) ;
#2267 = DIRECTION ( 'NONE',  ( 0.000000000000000000, -1.000000000000000000, 0.000000000000000000 ) ) ;
#2268 = CARTESIAN_POINT ( 'NONE',  ( 24.00000000000000000, -4.000000000000000000, 0.000000000000000000 ) ) ;
#2269 = EDGE_CURVE ( 'NONE', #2729, #2209, #2443, .T. ) ;
#2270 = ORIENTED_EDGE ( 'NONE', *, *, #2844, .T. ) ;
#2271 = FACE_OUTER_BOUND ( 'NONE', #1094, .T. ) ;
#2272 = SURFACE_STYLE_USAGE ( .BOTH. , #612 ) ;
#2273 = EDGE_CURVE ( 'NONE', #307, #1550, #1307, .T. ) ;
#2274 = ORIENTED_EDGE ( 'NONE', *, *, #1781, .F. ) ;
#2275 = UNCERTAINTY_MEASURE_WITH_UNIT (LENGTH_MEASURE( 1.000000000000000082E-05 ), #1593, 'distance_accuracy_value', 'NONE');
#2276 = FACE_OUTER_BOUND ( 'NONE', #290, .T. ) ;
#2277 =( NAMED_UNIT ( * ) SI_UNIT ( $, .STERADIAN. ) SOLID_ANGLE_UNIT ( ) );
#2278 = EDGE_CURVE ( 'NONE', #2089, #2641, #1974, .T. ) ;
#2279 = CARTESIAN_POINT ( 'NONE',  ( 0.000000000000000000, -11.00000000000000000, 0.000000000000000000 ) ) ;
#2280 = FILL_AREA_STYLE ('',( #570 ) ) ;
#2281 = ORIENTED_EDGE ( 'NONE', *, *, #2516, .F. ) ;
#2282 = APPLICATION_PROTOCOL_DEFINITION ( 'draft international standard', 'automotive_design', 1998, #198 ) ;
#2283 = AXIS2_PLACEMENT_3D ( 'NONE', #2830, #1540, #1076 ) ;
#2284 = AXIS2_PLACEMENT_3D ( 'NONE', #1122, #1648, #2636 ) ;
#2285 = EDGE_LOOP ( 'NONE', ( #2002, #1545, #2098, #1337 ) ) ;
#2286 = DIRECTION ( 'NONE',  ( 0.000000000000000000, 1.000000000000000000, 0.000000000000000000 ) ) ;
#2287 =( LENGTH_UNIT ( ) NAMED_UNIT ( * ) SI_UNIT ( .MILLI., .METRE. ) );
#2288 = STYLED_ITEM ( 'NONE', ( #1581 ), #2973 ) ;
#2289 = VECTOR ( 'NONE', #81, 1000.000000000000000 ) ;
#2290 = AXIS2_PLACEMENT_3D ( 'NONE', #2939, #1705, #244 ) ;
#2291 = DIRECTION ( 'NONE',  ( 0.000000000000000000, 1.000000000000000000, 0.000000000000000000 ) ) ;
#2292 = CIRCLE ( 'NONE', #992, 15.25000000000000000 ) ;
#2293 = SURFACE_STYLE_FILL_AREA ( #329 ) ;
#2294 =( NAMED_UNIT ( * ) PLANE_ANGLE_UNIT ( ) SI_UNIT ( $, .RADIAN. ) );
#2295 = VERTEX_POINT ( 'NONE', #995 ) ;
#2296 = DIRECTION ( 'NONE',  ( 0.000000000000000000, 1.000000000000000000, 0.000000000000000000 ) ) ;
#2297 = FILL_AREA_STYLE ('',( #1306 ) ) ;
#2298 = ORIENTED_EDGE ( 'NONE', *, *, #687, .T. ) ;
#2299 = CARTESIAN_POINT ( 'NONE',  ( 37.00000000000000000, -7.000000000000000000, 0.000000000000000000 ) ) ;
#2300 = AXIS2_PLACEMENT_3D ( 'NONE', #2109, #2126, #1404 ) ;
#2301 = VERTEX_POINT ( 'NONE', #707 ) ;
#2302 = VECTOR ( 'NONE', #2471, 1000.000000000000000 ) ;
#2303 = ADVANCED_FACE ( 'NONE', ( #281 ), #560, .F. ) ;
#2304 = ORIENTED_EDGE ( 'NONE', *, *, #559, .F. ) ;
#2305 =( NAMED_UNIT ( * ) SI_UNIT ( $, .STERADIAN. ) SOLID_ANGLE_UNIT ( ) );
#2306 = ADVANCED_FACE ( 'NONE', ( #74 ), #2999, .F. ) ;
#2307 = AXIS2_PLACEMENT_3D ( 'NONE', #2197, #1501, #2716 ) ;
#2308 = CARTESIAN_POINT ( 'NONE',  ( -35.50000000000000000, -7.000000000000000000, 1.836970198721030181E-16 ) ) ;
#2309 = DIRECTION ( 'NONE',  ( 0.000000000000000000, 0.000000000000000000, 1.000000000000000000 ) ) ;
#2310 = VECTOR ( 'NONE', #2738, 1000.000000000000000 ) ;
#2311 =( GEOMETRIC_REPRESENTATION_CONTEXT ( 3 ) GLOBAL_UNCERTAINTY_ASSIGNED_CONTEXT ( ( #2275 ) ) GLOBAL_UNIT_ASSIGNED_CONTEXT ( ( #1593, #143, #912 ) ) REPRESENTATION_CONTEXT ( 'NONE', 'WORKASPACE' ) );
#2312 = SURFACE_SIDE_STYLE ('',( #1320 ) ) ;
#2313 = FILL_AREA_STYLE ('',( #1773 ) ) ;
#2314 = ORIENTED_EDGE ( 'NONE', *, *, #2777, .F. ) ;
#2315 = UNCERTAINTY_MEASURE_WITH_UNIT (LENGTH_MEASURE( 1.000000000000000082E-05 ), #1431, 'distance_accuracy_value', 'NONE');
#2316 = SURFACE_STYLE_USAGE ( .BOTH. , #1323 ) ;
#2317 = DIRECTION ( 'NONE',  ( -1.000000000000000000, 0.000000000000000000, 0.000000000000000000 ) ) ;
#2318 = LINE ( 'NONE', #2579, #2415 ) ;
#2319 = VERTEX_POINT ( 'NONE', #2308 ) ;
#2320 = ORIENTED_EDGE ( 'NONE', *, *, #1584, .F. ) ;
#2321 = LINE ( 'NONE', #122, #2012 ) ;
#2322 = DIRECTION ( 'NONE',  ( -1.000000000000000000, 0.000000000000000000, 0.000000000000000000 ) ) ;
#2323 = EDGE_CURVE ( 'NONE', #1861, #2479, #2851, .T. ) ;
#2324 = DIRECTION ( 'NONE',  ( 0.000000000000000000, 0.000000000000000000, 1.000000000000000000 ) ) ;
#2325 = CARTESIAN_POINT ( 'NONE',  ( -42.00000000000000000, -11.00000000000000000, -11.32475165290614072 ) ) ;
#2326 = DIRECTION ( 'NONE',  ( -1.000000000000000000, 0.000000000000000000, 2.255691224635260254E-16 ) ) ;
#2327 = CARTESIAN_POINT ( 'NONE',  ( 29.50000000000000000, -7.000000000000000000, -17.00000000000000000 ) ) ;
#2328 = ORIENTED_EDGE ( 'NONE', *, *, #2832, .T. ) ;
#2329 = CARTESIAN_POINT ( 'NONE',  ( 7.071067811865479946, -5.500000000000000000, 27.50000000000000000 ) ) ;
#2330 = DIRECTION ( 'NONE',  ( 0.000000000000000000, 1.000000000000000000, 0.000000000000000000 ) ) ;
#2331 = CARTESIAN_POINT ( 'NONE',  ( 34.77030219552140267, -7.000000000000000000, -17.00000000000000000 ) ) ;
#2332 = VERTEX_POINT ( 'NONE', #839 ) ;
#2333 = CARTESIAN_POINT ( 'NONE',  ( 2.000000000000000000, -4.000000000000000000, 25.00000000000000000 ) ) ;
#2334 = VERTEX_POINT ( 'NONE', #152 ) ;
#2335 = LINE ( 'NONE', #1850, #3041 ) ;
#2336 = FILL_AREA_STYLE ('',( #3030 ) ) ;
#2337 = COLOUR_RGB ( '',1.000000000000000000, 1.000000000000000000, 0.5019607843137254832 ) ;
#2338 = AXIS2_PLACEMENT_3D ( 'NONE', #1892, #2875, #676 ) ;
#2339 = AXIS2_PLACEMENT_3D ( 'NONE', #867, #2330, #585 ) ;
#2340 =( GEOMETRIC_REPRESENTATION_CONTEXT ( 3 ) GLOBAL_UNCERTAINTY_ASSIGNED_CONTEXT ( ( #705 ) ) GLOBAL_UNIT_ASSIGNED_CONTEXT ( ( #2930, #2961, #484 ) ) REPRESENTATION_CONTEXT ( 'NONE', 'WORKASPACE' ) );
#2341 = VERTEX_POINT ( 'NONE', #577 ) ;
#2342 = STYLED_ITEM ( 'NONE', ( #628 ), #3033 ) ;
#2343 = CARTESIAN_POINT ( 'NONE',  ( -17.67766952966370297, 0.000000000000000000, -17.67766952966370297 ) ) ;
#2344 = STYLED_ITEM ( 'NONE', ( #1325 ), #497 ) ;
#2345 = UNCERTAINTY_MEASURE_WITH_UNIT (LENGTH_MEASURE( 1.000000000000000082E-05 ), #1, 'distance_accuracy_value', 'NONE');
#2346 = DIRECTION ( 'NONE',  ( 1.000000000000000000, 0.000000000000000000, 0.000000000000000000 ) ) ;
#2347 = SURFACE_SIDE_STYLE ('',( #3010 ) ) ;
#2348 = MECHANICAL_DESIGN_GEOMETRIC_PRESENTATION_REPRESENTATION (  '', ( #759 ), #955 ) ;
#2349 = VERTEX_POINT ( 'NONE', #3072 ) ;
#2350 = CARTESIAN_POINT ( 'NONE',  ( 7.071067811865479946, -4.000000000000000000, 27.50000000000000000 ) ) ;
#2351 = VECTOR ( 'NONE', #229, 1000.000000000000000 ) ;
#2352 = CARTESIAN_POINT ( 'NONE',  ( -20.87766952966369871, -4.000000000000000000, -17.67766952966370297 ) ) ;
#2353 = SURFACE_STYLE_USAGE ( .BOTH. , #1908 ) ;
#2354 = FILL_AREA_STYLE_COLOUR ( '', #49 ) ;
#2355 = COLOUR_RGB ( '',1.000000000000000000, 1.000000000000000000, 0.5019607843137254832 ) ;
#2356 = CARTESIAN_POINT ( 'NONE',  ( 0.000000000000000000, 0.000000000000000000, 25.00000000000000000 ) ) ;
#2357 = DIRECTION ( 'NONE',  ( 0.000000000000000000, 1.000000000000000000, 0.000000000000000000 ) ) ;
#2358 = ORIENTED_EDGE ( 'NONE', *, *, #556, .T. ) ;
#2359 = COLOUR_RGB ( '',1.000000000000000000, 1.000000000000000000, 0.5019607843137254832 ) ;
#2360 = CARTESIAN_POINT ( 'NONE',  ( -15.75000000000000000, 5.000000000000000000, -3.857637417314165055E-15 ) ) ;
#2361 = EDGE_LOOP ( 'NONE', ( #661, #2711 ) ) ;
#2362 = AXIS2_PLACEMENT_3D ( 'NONE', #3005, #1083, #627 ) ;
#2363 = SURFACE_STYLE_USAGE ( .BOTH. , #1359 ) ;
#2364 = PRESENTATION_STYLE_ASSIGNMENT (( #1119 ) ) ;
#2365 = ORIENTED_EDGE ( 'NONE', *, *, #2237, .T. ) ;
#2366 = DIRECTION ( 'NONE',  ( 1.000000000000000000, 0.000000000000000000, 0.000000000000000000 ) ) ;
#2367 = EDGE_CURVE ( 'NONE', #1059, #644, #2531, .T. ) ;
#2368 = DIRECTION ( 'NONE',  ( 1.000000000000000000, 0.000000000000000000, 0.000000000000000000 ) ) ;
#2369 = SURFACE_STYLE_FILL_AREA ( #1153 ) ;
#2370 = CARTESIAN_POINT ( 'NONE',  ( 27.00000000000000000, -11.00000000000000000, 24.00000000000000000 ) ) ;
#2371 = SURFACE_STYLE_FILL_AREA ( #1623 ) ;
#2372 = DIRECTION ( 'NONE',  ( 1.000000000000000000, 0.000000000000000000, 0.000000000000000000 ) ) ;
#2373 = DIRECTION ( 'NONE',  ( 1.000000000000000000, 0.000000000000000000, 0.000000000000000000 ) ) ;
#2374 = VERTEX_POINT ( 'NONE', #2763 ) ;
#2375 = FACE_BOUND ( 'NONE', #1998, .T. ) ;
#2376 = EDGE_CURVE ( 'NONE', #574, #72, #592, .T. ) ;
#2377 =( LENGTH_UNIT ( ) NAMED_UNIT ( * ) SI_UNIT ( .MILLI., .METRE. ) );
#2378 = DIRECTION ( 'NONE',  ( 0.7071067811865470176, -0.7071067811865480168, 0.000000000000000000 ) ) ;
#2379 = ORIENTED_EDGE ( 'NONE', *, *, #735, .F. ) ;
#2380 = CARTESIAN_POINT ( 'NONE',  ( -26.50000000000000000, -0.5000000000000000000, 25.00000000000000000 ) ) ;
#2381 = EDGE_CURVE ( 'NONE', #1349, #3028, #1554, .T. ) ;
#2382 = ORIENTED_EDGE ( 'NONE', *, *, #997, .F. ) ;
#2383 = CARTESIAN_POINT ( 'NONE',  ( 25.50000000000000000, -11.00000000000000000, 24.00000000000000000 ) ) ;
#2384 = SURFACE_SIDE_STYLE ('',( #1396 ) ) ;
#2385 = DIRECTION ( 'NONE',  ( 1.000000000000000000, 0.000000000000000000, 0.000000000000000000 ) ) ;
#2386 = DIRECTION ( 'NONE',  ( 1.000000000000000000, 0.000000000000000000, 0.000000000000000000 ) ) ;
#2387 = AXIS2_PLACEMENT_3D ( 'NONE', #951, #718, #2385 ) ;
#2388 = STYLED_ITEM ( 'NONE', ( #1933 ), #1802 ) ;
#2389 = SURFACE_SIDE_STYLE ('',( #1129 ) ) ;
#2390 = VERTEX_POINT ( 'NONE', #1816 ) ;
#2391 = PRESENTATION_LAYER_ASSIGNMENT (  '', '', ( #602 ) ) ;
#2392 = SURFACE_STYLE_USAGE ( .BOTH. , #1403 ) ;
#2393 = DIRECTION ( 'NONE',  ( 0.000000000000000000, -1.000000000000000000, 0.000000000000000000 ) ) ;
#2394 = FILL_AREA_STYLE_COLOUR ( '', #848 ) ;
#2395 = CIRCLE ( 'NONE', #701, 1.229500000000001370 ) ;
#2396 = FILL_AREA_STYLE_COLOUR ( '', #2093 ) ;
#2397 = EDGE_LOOP ( 'NONE', ( #739, #3142, #1619, #1564 ) ) ;
#2398 = DIRECTION ( 'NONE',  ( 1.000000000000000000, 0.000000000000000000, 0.000000000000000000 ) ) ;
#2399 = DIRECTION ( 'NONE',  ( 0.000000000000000000, -1.000000000000000000, 0.000000000000000000 ) ) ;
#2400 = EDGE_CURVE ( 'NONE', #1438, #644, #328, .T. ) ;
#2401 = AXIS2_PLACEMENT_3D ( 'NONE', #193, #3076, #126 ) ;
#2402 = SURFACE_STYLE_USAGE ( .BOTH. , #2642 ) ;
#2403 = CIRCLE ( 'NONE', #2240, 2.500000000000000444 ) ;
#2404 = EDGE_CURVE ( 'NONE', #1877, #1450, #3087, .T. ) ;
#2405 =( GEOMETRIC_REPRESENTATION_CONTEXT ( 3 ) GLOBAL_UNCERTAINTY_ASSIGNED_CONTEXT ( ( #2975 ) ) GLOBAL_UNIT_ASSIGNED_CONTEXT ( ( #2287, #857, #1587 ) ) REPRESENTATION_CONTEXT ( 'NONE', 'WORKASPACE' ) );
#2406 = EDGE_CURVE ( 'NONE', #2536, #2301, #1333, .T. ) ;
#2407 = CARTESIAN_POINT ( 'NONE',  ( 24.00000000000000000, -11.00000000000000000, 0.000000000000000000 ) ) ;
#2408 = SURFACE_STYLE_USAGE ( .BOTH. , #3124 ) ;
#2409 = ORIENTED_EDGE ( 'NONE', *, *, #1268, .F. ) ;
#2410 = UNCERTAINTY_MEASURE_WITH_UNIT (LENGTH_MEASURE( 1.000000000000000082E-05 ), #2425, 'distance_accuracy_value', 'NONE');
#2411 = AXIS2_PLACEMENT_3D ( 'NONE', #113, #1079, #1512 ) ;
#2412 = DIRECTION ( 'NONE',  ( 0.000000000000000000, 1.000000000000000000, 0.000000000000000000 ) ) ;
#2413 = FILL_AREA_STYLE ('',( #434 ) ) ;
#2414 = DIRECTION ( 'NONE',  ( 0.000000000000000000, 0.000000000000000000, 1.000000000000000000 ) ) ;
#2415 = VECTOR ( 'NONE', #2825, 1000.000000000000000 ) ;
#2416 = CIRCLE ( 'NONE', #2097, 2.000000000000000000 ) ;
#2417 = FILL_AREA_STYLE_COLOUR ( '', #859 ) ;
#2418 = DIRECTION ( 'NONE',  ( 0.000000000000000000, -1.000000000000000000, 0.000000000000000000 ) ) ;
#2419 =( LENGTH_UNIT ( ) NAMED_UNIT ( * ) SI_UNIT ( .MILLI., .METRE. ) );
#2420 = VERTEX_POINT ( 'NONE', #1092 ) ;
#2421 = DIRECTION ( 'NONE',  ( 0.000000000000000000, -1.000000000000000000, 0.000000000000000000 ) ) ;
#2422 = EDGE_CURVE ( 'NONE', #212, #3059, #2186, .T. ) ;
#2423 = DIRECTION ( 'NONE',  ( 0.000000000000000000, 1.000000000000000000, 0.000000000000000000 ) ) ;
#2424 = EDGE_LOOP ( 'NONE', ( #3125, #1751, #1318, #373 ) ) ;
#2425 =( LENGTH_UNIT ( ) NAMED_UNIT ( * ) SI_UNIT ( .MILLI., .METRE. ) );
#2426 =( NAMED_UNIT ( * ) PLANE_ANGLE_UNIT ( ) SI_UNIT ( $, .RADIAN. ) );
#2427 = ORIENTED_EDGE ( 'NONE', *, *, #1356, .F. ) ;
#2428 = FILL_AREA_STYLE_COLOUR ( '', #1048 ) ;
#2429 = CARTESIAN_POINT ( 'NONE',  ( 37.00000000000000000, -11.00000000000000000, 12.00000000000000000 ) ) ;
#2430 = ORIENTED_EDGE ( 'NONE', *, *, #267, .T. ) ;
#2431 = CARTESIAN_POINT ( 'NONE',  ( -29.50000000000000000, -11.00000000000000000, 17.00000000000000000 ) ) ;
#2432 =( GEOMETRIC_REPRESENTATION_CONTEXT ( 3 ) GLOBAL_UNCERTAINTY_ASSIGNED_CONTEXT ( ( #1025 ) ) GLOBAL_UNIT_ASSIGNED_CONTEXT ( ( #815, #594, #370 ) ) REPRESENTATION_CONTEXT ( 'NONE', 'WORKASPACE' ) );
#2433 =( NAMED_UNIT ( * ) PLANE_ANGLE_UNIT ( ) SI_UNIT ( $, .RADIAN. ) );
#2434 = ORIENTED_EDGE ( 'NONE', *, *, #68, .F. ) ;
#2435 = EDGE_CURVE ( 'NONE', #212, #2524, #1444, .T. ) ;
#2436 =( GEOMETRIC_REPRESENTATION_CONTEXT ( 3 ) GLOBAL_UNCERTAINTY_ASSIGNED_CONTEXT ( ( #2003 ) ) GLOBAL_UNIT_ASSIGNED_CONTEXT ( ( #856, #2813, #1040 ) ) REPRESENTATION_CONTEXT ( 'NONE', 'WORKASPACE' ) );
#2437 =( GEOMETRIC_REPRESENTATION_CONTEXT ( 3 ) GLOBAL_UNCERTAINTY_ASSIGNED_CONTEXT ( ( #2663 ) ) GLOBAL_UNIT_ASSIGNED_CONTEXT ( ( #2444, #247, #2225 ) ) REPRESENTATION_CONTEXT ( 'NONE', 'WORKASPACE' ) );
#2438 = UNCERTAINTY_MEASURE_WITH_UNIT (LENGTH_MEASURE( 1.000000000000000082E-05 ), #1808, 'distance_accuracy_value', 'NONE');
#2439 = MECHANICAL_DESIGN_GEOMETRIC_PRESENTATION_REPRESENTATION (  '', ( #2288 ), #1921 ) ;
#2440 = PRESENTATION_LAYER_ASSIGNMENT (  '', '', ( #3049 ) ) ;
#2441 = ORIENTED_EDGE ( 'NONE', *, *, #2782, .T. ) ;
#2442 = COLOUR_RGB ( '',1.000000000000000000, 1.000000000000000000, 0.5019607843137254832 ) ;
#2443 = CIRCLE ( 'NONE', #2651, 1.229500000000001370 ) ;
#2444 =( LENGTH_UNIT ( ) NAMED_UNIT ( * ) SI_UNIT ( .MILLI., .METRE. ) );
#2445 = LINE ( 'NONE', #988, #2351 ) ;
#2446 = FACE_OUTER_BOUND ( 'NONE', #352, .T. ) ;
#2447 = CARTESIAN_POINT ( 'NONE',  ( -29.50000000000000000, -7.000000000000000000, -17.00000000000000000 ) ) ;
#2448 = CARTESIAN_POINT ( 'NONE',  ( -37.00000000000000000, -7.000000000000000000, -12.00000000000000000 ) ) ;
#2449 = ORIENTED_EDGE ( 'NONE', *, *, #279, .F. ) ;
#2450 = COLOUR_RGB ( '',1.000000000000000000, 1.000000000000000000, 0.5019607843137254832 ) ;
#2451 = AXIS2_PLACEMENT_3D ( 'NONE', #1500, #9, #977 ) ;
#2452 = CYLINDRICAL_SURFACE ( 'NONE', #2644, 43.50000000000000000 ) ;
#2453 = DIRECTION ( 'NONE',  ( 0.000000000000000000, 1.000000000000000000, 0.000000000000000000 ) ) ;
#2454 = SURFACE_STYLE_FILL_AREA ( #1241 ) ;
#2455 = CONICAL_SURFACE ( 'NONE', #349, 1.000000000000000000, 0.7853981633974518317 ) ;
#2456 = COLOUR_RGB ( '',1.000000000000000000, 1.000000000000000000, 0.5019607843137254832 ) ;
#2457 = PRESENTATION_STYLE_ASSIGNMENT (( #1976 ) ) ;
#2458 = DIRECTION ( 'NONE',  ( 0.000000000000000000, -1.000000000000000000, 0.000000000000000000 ) ) ;
#2459 = ORIENTED_EDGE ( 'NONE', *, *, #1929, .T. ) ;
#2460 = MECHANICAL_DESIGN_GEOMETRIC_PRESENTATION_REPRESENTATION (  '', ( #300 ), #206 ) ;
#2461 = DIRECTION ( 'NONE',  ( 1.000000000000000000, 0.000000000000000000, 0.000000000000000000 ) ) ;
#2462 = EDGE_CURVE ( 'NONE', #336, #2729, #651, .T. ) ;
#2463 = PRESENTATION_LAYER_ASSIGNMENT (  '', '', ( #965 ) ) ;
#2464 = SURFACE_STYLE_USAGE ( .BOTH. , #1453 ) ;
#2465 = SURFACE_STYLE_USAGE ( .BOTH. , #989 ) ;
#2466 =( NAMED_UNIT ( * ) SI_UNIT ( $, .STERADIAN. ) SOLID_ANGLE_UNIT ( ) );
#2467 = VECTOR ( 'NONE', #1197, 1000.000000000000000 ) ;
#2468 = VERTEX_POINT ( 'NONE', #3145 ) ;
#2469 = CIRCLE ( 'NONE', #1846, 43.50000000000000000 ) ;
#2470 = SURFACE_STYLE_USAGE ( .BOTH. , #2703 ) ;
#2471 = DIRECTION ( 'NONE',  ( 0.000000000000000000, 1.000000000000000000, 0.000000000000000000 ) ) ;
#2472 = LINE ( 'NONE', #2923, #994 ) ;
#2473 =( LENGTH_UNIT ( ) NAMED_UNIT ( * ) SI_UNIT ( .MILLI., .METRE. ) );
#2474 = DIRECTION ( 'NONE',  ( -1.000000000000000000, 0.000000000000000000, 0.000000000000000000 ) ) ;
#2475 = ORIENTED_EDGE ( 'NONE', *, *, #1589, .T. ) ;
#2476 = CARTESIAN_POINT ( 'NONE',  ( -20.87766952966369871, 0.000000000000000000, -17.67766952966370297 ) ) ;
#2477 = ORIENTED_EDGE ( 'NONE', *, *, #2376, .F. ) ;
#2478 = LINE ( 'NONE', #2698, #2846 ) ;
#2479 = VERTEX_POINT ( 'NONE', #2117 ) ;
#2480 = DIRECTION ( 'NONE',  ( 0.000000000000000000, 1.000000000000000000, 0.000000000000000000 ) ) ;
#2481 = LINE ( 'NONE', #2163, #854 ) ;
#2482 = CARTESIAN_POINT ( 'NONE',  ( -29.50000000000000000, -7.000000000000000000, 17.00000000000000000 ) ) ;
#2483 = EDGE_LOOP ( 'NONE', ( #1238, #435 ) ) ;
#2484 = CARTESIAN_POINT ( 'NONE',  ( -37.00000000000000000, -11.00000000000000000, -12.00000000000000000 ) ) ;
#2485 = EDGE_LOOP ( 'NONE', ( #2477, #1923, #178, #975, #3078, #120, #835, #864, #1495, #2245 ) ) ;
#2486 = CONICAL_SURFACE ( 'NONE', #337, 1.000000000000000000, 0.7853981633974456145 ) ;
#2487 = AXIS2_PLACEMENT_3D ( 'NONE', #892, #207, #2386 ) ;
#2488 = MECHANICAL_DESIGN_GEOMETRIC_PRESENTATION_REPRESENTATION (  '', ( #1097 ), #1252 ) ;
#2489 =( NAMED_UNIT ( * ) PLANE_ANGLE_UNIT ( ) SI_UNIT ( $, .RADIAN. ) );
#2490 = AXIS2_PLACEMENT_3D ( 'NONE', #436, #1600, #423 ) ;
#2491 = LINE ( 'NONE', #1237, #2131 ) ;
#2492 = CARTESIAN_POINT ( 'NONE',  ( 20.87766952966369871, 0.000000000000000000, -17.67766952966370297 ) ) ;
#2493 = ORIENTED_EDGE ( 'NONE', *, *, #1939, .F. ) ;
#2494 = MECHANICAL_DESIGN_GEOMETRIC_PRESENTATION_REPRESENTATION (  '', ( #1207 ), #1100 ) ;
#2495 = AXIS2_PLACEMENT_3D ( 'NONE', #1026, #319, #2006 ) ;
#2496 = FACE_BOUND ( 'NONE', #2580, .T. ) ;
#2497 = CYLINDRICAL_SURFACE ( 'NONE', #1167, 1.229500000000001370 ) ;
#2498 = CIRCLE ( 'NONE', #2387, 43.50000000000000000 ) ;
#2499 = EDGE_CURVE ( 'NONE', #2301, #1186, #3120, .T. ) ;
#2500 = EDGE_CURVE ( 'NONE', #474, #155, #595, .T. ) ;
#2501 = COLOUR_RGB ( '',1.000000000000000000, 1.000000000000000000, 0.5019607843137254832 ) ;
#2502 = LINE ( 'NONE', #1299, #2238 ) ;
#2503 = ORIENTED_EDGE ( 'NONE', *, *, #891, .T. ) ;
#2504 = PRESENTATION_LAYER_ASSIGNMENT (  '', '', ( #1007 ) ) ;
#2505 = EDGE_CURVE ( 'NONE', #1286, #2919, #1515, .T. ) ;
#2506 = DIRECTION ( 'NONE',  ( 0.000000000000000000, 1.000000000000000000, 0.000000000000000000 ) ) ;
#2507 =( GEOMETRIC_REPRESENTATION_CONTEXT ( 3 ) GLOBAL_UNCERTAINTY_ASSIGNED_CONTEXT ( ( #1402 ) ) GLOBAL_UNIT_ASSIGNED_CONTEXT ( ( #1765, #748, #2750 ) ) REPRESENTATION_CONTEXT ( 'NONE', 'WORKASPACE' ) );
#2508 = ORIENTED_EDGE ( 'NONE', *, *, #110, .F. ) ;
#2509 = UNCERTAINTY_MEASURE_WITH_UNIT (LENGTH_MEASURE( 1.000000000000000082E-05 ), #3052, 'distance_accuracy_value', 'NONE');
#2510 =( NAMED_UNIT ( * ) PLANE_ANGLE_UNIT ( ) SI_UNIT ( $, .RADIAN. ) );
#2511 = FACE_BOUND ( 'NONE', #2528, .T. ) ;
#2512 =( NAMED_UNIT ( * ) PLANE_ANGLE_UNIT ( ) SI_UNIT ( $, .RADIAN. ) );
#2513 = EDGE_LOOP ( 'NONE', ( #1804, #2608, #675, #393 ) ) ;
#2514 =( NAMED_UNIT ( * ) SI_UNIT ( $, .STERADIAN. ) SOLID_ANGLE_UNIT ( ) );
#2515 =( GEOMETRIC_REPRESENTATION_CONTEXT ( 3 ) GLOBAL_UNCERTAINTY_ASSIGNED_CONTEXT ( ( #1115 ) ) GLOBAL_UNIT_ASSIGNED_CONTEXT ( ( #1360, #3025, #806 ) ) REPRESENTATION_CONTEXT ( 'NONE', 'WORKASPACE' ) );
#2516 = EDGE_CURVE ( 'NONE', #240, #1642, #2395, .T. ) ;
#2517 = PRESENTATION_LAYER_ASSIGNMENT (  '', '', ( #2966 ) ) ;
#2518 = CARTESIAN_POINT ( 'NONE',  ( -38.50000000000000000, -19.50000000000000000, 0.000000000000000000 ) ) ;
#2519 =( NAMED_UNIT ( * ) SI_UNIT ( $, .STERADIAN. ) SOLID_ANGLE_UNIT ( ) );
#2520 = VERTEX_POINT ( 'NONE', #1898 ) ;
#2521 = EDGE_CURVE ( 'NONE', #1682, #2554, #2498, .T. ) ;
#2522 =( NAMED_UNIT ( * ) SI_UNIT ( $, .STERADIAN. ) SOLID_ANGLE_UNIT ( ) );
#2523 = PRESENTATION_STYLE_ASSIGNMENT (( #3035 ) ) ;
#2524 = VERTEX_POINT ( 'NONE', #1865 ) ;
#2525 = PRESENTATION_STYLE_ASSIGNMENT (( #2756 ) ) ;
#2526 = DIRECTION ( 'NONE',  ( 1.000000000000000000, 0.000000000000000000, 0.000000000000000000 ) ) ;
#2527 = EDGE_LOOP ( 'NONE', ( #984, #2829 ) ) ;
#2528 = EDGE_LOOP ( 'NONE', ( #1906, #3036 ) ) ;
#2529 = SURFACE_STYLE_USAGE ( .BOTH. , #2015 ) ;
#2530 = FACE_OUTER_BOUND ( 'NONE', #310, .T. ) ;
#2531 = LINE ( 'NONE', #1366, #3051 ) ;
#2532 = DIRECTION ( 'NONE',  ( 0.000000000000000000, 1.000000000000000000, 0.000000000000000000 ) ) ;
#2533 = FACE_OUTER_BOUND ( 'NONE', #3139, .T. ) ;
#2534 = ORIENTED_EDGE ( 'NONE', *, *, #1643, .T. ) ;
#2535 = CARTESIAN_POINT ( 'NONE',  ( -27.00000000000000000, -7.000000000000000000, 0.000000000000000000 ) ) ;
#2536 = VERTEX_POINT ( 'NONE', #1931 ) ;
#2537 = EDGE_CURVE ( 'NONE', #72, #2341, #221, .T. ) ;
#2538 = CARTESIAN_POINT ( 'NONE',  ( -24.00000000000000000, -10.00000000000000000, 25.00000000000000000 ) ) ;
#2539 = EDGE_CURVE ( 'NONE', #1419, #1745, #2903, .T. ) ;
#2540 = DIRECTION ( 'NONE',  ( 0.000000000000000000, 1.000000000000000000, 0.000000000000000000 ) ) ;
#2541 = DIRECTION ( 'NONE',  ( 1.000000000000000000, 0.000000000000000000, 0.000000000000000000 ) ) ;
#2542 = STYLED_ITEM ( 'NONE', ( #2073 ), #1703 ) ;
#2543 = ORIENTED_EDGE ( 'NONE', *, *, #2063, .T. ) ;
#2544 = CARTESIAN_POINT ( 'NONE',  ( 16.53553390593275196, 0.000000000000000000, 25.00000000000000000 ) ) ;
#2545 = AXIS2_PLACEMENT_3D ( 'NONE', #2675, #1702, #700 ) ;
#2546 = ORIENTED_EDGE ( 'NONE', *, *, #635, .F. ) ;
#2547 = FILL_AREA_STYLE ('',( #838 ) ) ;
#2548 = COLOUR_RGB ( '',1.000000000000000000, 1.000000000000000000, 0.5019607843137254832 ) ;
#2549 = PRESENTATION_LAYER_ASSIGNMENT (  '', '', ( #346 ) ) ;
#2550 = DIRECTION ( 'NONE',  ( 0.000000000000000000, 1.000000000000000000, 0.000000000000000000 ) ) ;
#2551 = VECTOR ( 'NONE', #2550, 1000.000000000000000 ) ;
#2552 = DIRECTION ( 'NONE',  ( 0.000000000000000000, 0.7071067811865500152, 0.7071067811865450192 ) ) ;
#2553 = AXIS2_PLACEMENT_3D ( 'NONE', #2249, #2946, #762 ) ;
#2554 = VERTEX_POINT ( 'NONE', #1191 ) ;
#2555 = FILL_AREA_STYLE ('',( #2043 ) ) ;
#2556 = FACE_BOUND ( 'NONE', #1243, .T. ) ;
#2557 = ORIENTED_EDGE ( 'NONE', *, *, #2323, .F. ) ;
#2558 = SURFACE_STYLE_FILL_AREA ( #2786 ) ;
#2559 = ADVANCED_FACE ( 'NONE', ( #908 ), #936, .F. ) ;
#2560 =( GEOMETRIC_REPRESENTATION_CONTEXT ( 3 ) GLOBAL_UNCERTAINTY_ASSIGNED_CONTEXT ( ( #2509 ) ) GLOBAL_UNIT_ASSIGNED_CONTEXT ( ( #3052, #1604, #1837 ) ) REPRESENTATION_CONTEXT ( 'NONE', 'WORKASPACE' ) );
#2561 = PRESENTATION_STYLE_ASSIGNMENT (( #2989 ) ) ;
#2562 = ORIENTED_EDGE ( 'NONE', *, *, #2056, .F. ) ;
#2563 = CARTESIAN_POINT ( 'NONE',  ( 17.67766952966370297, -4.000000000000000000, -17.67766952966370297 ) ) ;
#2564 = ORIENTED_EDGE ( 'NONE', *, *, #2278, .T. ) ;
#2565 = CARTESIAN_POINT ( 'NONE',  ( 24.00000000000000000, -10.00000000000000000, -25.00000000000000000 ) ) ;
#2566 = VECTOR ( 'NONE', #40, 1000.000000000000000 ) ;
#2567 = CARTESIAN_POINT ( 'NONE',  ( 17.67766952966370297, 0.000000000000000000, 17.67766952966370297 ) ) ;
#2568 = FILL_AREA_STYLE_COLOUR ( '', #2456 ) ;
#2569 = CARTESIAN_POINT ( 'NONE',  ( 29.50000000000000000, -5.500000000000000000, 19.50000000000000000 ) ) ;
#2570 = VECTOR ( 'NONE', #1598, 1000.000000000000000 ) ;
#2571 = ORIENTED_EDGE ( 'NONE', *, *, #1489, .T. ) ;
#2572 = STYLED_ITEM ( 'NONE', ( #2523 ), #1392 ) ;
#2573 =( NAMED_UNIT ( * ) PLANE_ANGLE_UNIT ( ) SI_UNIT ( $, .RADIAN. ) );
#2574 = PLANE ( 'NONE',  #61 ) ;
#2575 = EDGE_LOOP ( 'NONE', ( #1088, #928 ) ) ;
#2576 = UNCERTAINTY_MEASURE_WITH_UNIT (LENGTH_MEASURE( 1.000000000000000082E-05 ), #1406, 'distance_accuracy_value', 'NONE');
#2577 = PRESENTATION_STYLE_ASSIGNMENT (( #2316 ) ) ;
#2578 = SURFACE_SIDE_STYLE ('',( #2772 ) ) ;
#2579 = CARTESIAN_POINT ( 'NONE',  ( 24.00000000000000000, -10.50000000000000000, 24.50000000000000000 ) ) ;
#2580 = EDGE_LOOP ( 'NONE', ( #852, #630 ) ) ;
#2581 = ORIENTED_EDGE ( 'NONE', *, *, #48, .F. ) ;
#2582 = DIRECTION ( 'NONE',  ( -1.000000000000000000, 0.000000000000000000, 0.000000000000000000 ) ) ;
#2583 = ORIENTED_EDGE ( 'NONE', *, *, #2017, .F. ) ;
#2584 = FILL_AREA_STYLE_COLOUR ( '', #366 ) ;
#2585 = LINE ( 'NONE', #1858, #2901 ) ;
#2586 = SURFACE_STYLE_FILL_AREA ( #1168 ) ;
#2587 = ORIENTED_EDGE ( 'NONE', *, *, #179, .F. ) ;
#2588 = CARTESIAN_POINT ( 'NONE',  ( -42.00000000000000000, -9.000000000000000000, -11.32475165290614072 ) ) ;
#2589 = ORIENTED_EDGE ( 'NONE', *, *, #1844, .T. ) ;
#2590 = LINE ( 'NONE', #607, #25 ) ;
#2591 = MECHANICAL_DESIGN_GEOMETRIC_PRESENTATION_REPRESENTATION (  '', ( #2205 ), #1867 ) ;
#2592 = PRESENTATION_STYLE_ASSIGNMENT (( #1603 ) ) ;
#2593 = EDGE_CURVE ( 'NONE', #1349, #1275, #1763, .T. ) ;
#2594 = PRESENTATION_LAYER_ASSIGNMENT (  '', '', ( #2183 ) ) ;
#2595 = SURFACE_STYLE_USAGE ( .BOTH. , #681 ) ;
#2596 = ADVANCED_FACE ( 'NONE', ( #2719 ), #2452, .T. ) ;
#2597 = VECTOR ( 'NONE', #2136, 1000.000000000000000 ) ;
#2598 = CARTESIAN_POINT ( 'NONE',  ( 29.50000000000000000, -11.00000000000000000, -17.00000000000000000 ) ) ;
#2599 = DIRECTION ( 'NONE',  ( 0.000000000000000000, 1.000000000000000000, 0.000000000000000000 ) ) ;
#2600 = EDGE_LOOP ( 'NONE', ( #1371, #3011, #1834, #1707 ) ) ;
#2601 = ADVANCED_FACE ( 'NONE', ( #2266 ), #2949, .F. ) ;
#2602 = UNCERTAINTY_MEASURE_WITH_UNIT (LENGTH_MEASURE( 1.000000000000000082E-05 ), #314, 'distance_accuracy_value', 'NONE');
#2603 = LINE ( 'NONE', #1099, #340 ) ;
#2604 =( NAMED_UNIT ( * ) PLANE_ANGLE_UNIT ( ) SI_UNIT ( $, .RADIAN. ) );
#2605 = CARTESIAN_POINT ( 'NONE',  ( -42.00000000000000000, -11.00000000000000000, 0.000000000000000000 ) ) ;
#2606 = ORIENTED_EDGE ( 'NONE', *, *, #2539, .T. ) ;
#2607 =( GEOMETRIC_REPRESENTATION_CONTEXT ( 3 ) GLOBAL_UNCERTAINTY_ASSIGNED_CONTEXT ( ( #389 ) ) GLOBAL_UNIT_ASSIGNED_CONTEXT ( ( #567, #1809, #617 ) ) REPRESENTATION_CONTEXT ( 'NONE', 'WORKASPACE' ) );
#2608 = ORIENTED_EDGE ( 'NONE', *, *, #1123, .F. ) ;
#2609 = DIRECTION ( 'NONE',  ( 0.000000000000000000, -1.000000000000000000, 0.000000000000000000 ) ) ;
#2610 = FILL_AREA_STYLE_COLOUR ( '', #2140 ) ;
#2611 = CARTESIAN_POINT ( 'NONE',  ( 29.50000000000000000, -7.000000000000000000, -19.50000000000000000 ) ) ;
#2612 = FILL_AREA_STYLE ('',( #2568 ) ) ;
#2613 = COLOUR_RGB ( '',1.000000000000000000, 1.000000000000000000, 0.5019607843137254832 ) ;
#2614 = EDGE_CURVE ( 'NONE', #2390, #2420, #539, .T. ) ;
#2615 = EDGE_LOOP ( 'NONE', ( #2274, #3132, #1408, #2679, #1148, #1733 ) ) ;
#2616 = CIRCLE ( 'NONE', #924, 1.229500000000001370 ) ;
#2617 = CARTESIAN_POINT ( 'NONE',  ( 35.77049999999999841, -11.00000000000000000, -12.00000000000000000 ) ) ;
#2618 = SURFACE_STYLE_FILL_AREA ( #686 ) ;
#2619 = DIRECTION ( 'NONE',  ( 0.000000000000000000, 1.000000000000000000, 0.000000000000000000 ) ) ;
#2620 = EDGE_LOOP ( 'NONE', ( #1203, #2036, #1173, #582 ) ) ;
#2621 = CARTESIAN_POINT ( 'NONE',  ( 25.50000000000000000, -10.00000000000000000, -25.00000000000000000 ) ) ;
#2622 = VERTEX_POINT ( 'NONE', #1747 ) ;
#2623 = CARTESIAN_POINT ( 'NONE',  ( -4.714045207910319668, -4.000000000000000000, 26.66666666666665009 ) ) ;
#2624 = FACE_OUTER_BOUND ( 'NONE', #1823, .T. ) ;
#2625 = FACE_OUTER_BOUND ( 'NONE', #2212, .T. ) ;
#2626 =( LENGTH_UNIT ( ) NAMED_UNIT ( * ) SI_UNIT ( .MILLI., .METRE. ) );
#2627 =( LENGTH_UNIT ( ) NAMED_UNIT ( * ) SI_UNIT ( .MILLI., .METRE. ) );
#2628 = DIRECTION ( 'NONE',  ( 0.000000000000000000, 0.000000000000000000, 1.000000000000000000 ) ) ;
#2629 = VERTEX_POINT ( 'NONE', #536 ) ;
#2630 = FILL_AREA_STYLE ('',( #1644 ) ) ;
#2631 = CYLINDRICAL_SURFACE ( 'NONE', #2075, 2.499999999999998668 ) ;
#2632 = ADVANCED_FACE ( 'NONE', ( #1506, #2496, #509, #2979 ), #2684, .T. ) ;
#2633 = SURFACE_SIDE_STYLE ('',( #1860 ) ) ;
#2634 = ORIENTED_EDGE ( 'NONE', *, *, #2886, .T. ) ;
#2635 = EDGE_CURVE ( 'NONE', #2775, #1777, #1351, .T. ) ;
#2636 = DIRECTION ( 'NONE',  ( 1.000000000000000000, 0.000000000000000000, 0.000000000000000000 ) ) ;
#2637 =( NAMED_UNIT ( * ) PLANE_ANGLE_UNIT ( ) SI_UNIT ( $, .RADIAN. ) );
#2638 = SURFACE_STYLE_FILL_AREA ( #182 ) ;
#2639 =( LENGTH_UNIT ( ) NAMED_UNIT ( * ) SI_UNIT ( .MILLI., .METRE. ) );
#2640 = SURFACE_STYLE_FILL_AREA ( #1651 ) ;
#2641 = VERTEX_POINT ( 'NONE', #1551 ) ;
#2642 = SURFACE_SIDE_STYLE ('',( #1653 ) ) ;
#2643 = LINE ( 'NONE', #449, #133 ) ;
#2644 = AXIS2_PLACEMENT_3D ( 'NONE', #2232, #1281, #555 ) ;
#2645 = MECHANICAL_DESIGN_GEOMETRIC_PRESENTATION_REPRESENTATION (  '', ( #944 ), #2069 ) ;
#2646 =( GEOMETRIC_REPRESENTATION_CONTEXT ( 3 ) GLOBAL_UNCERTAINTY_ASSIGNED_CONTEXT ( ( #457 ) ) GLOBAL_UNIT_ASSIGNED_CONTEXT ( ( #3116, #947, #1620 ) ) REPRESENTATION_CONTEXT ( 'NONE', 'WORKASPACE' ) );
#2647 = ORIENTED_EDGE ( 'NONE', *, *, #228, .T. ) ;
#2648 = MECHANICAL_DESIGN_GEOMETRIC_PRESENTATION_REPRESENTATION (  '', ( #2342 ), #1875 ) ;
#2649 = STYLED_ITEM ( 'NONE', ( #2888 ), #2213 ) ;
#2650 = SURFACE_STYLE_FILL_AREA ( #2108 ) ;
#2651 = AXIS2_PLACEMENT_3D ( 'NONE', #3140, #2902, #1043 ) ;
#2652 = ORIENTED_EDGE ( 'NONE', *, *, #267, .F. ) ;
#2653 = COLOUR_RGB ( '',1.000000000000000000, 1.000000000000000000, 0.5019607843137254832 ) ;
#2654 = EDGE_CURVE ( 'NONE', #385, #2554, #2590, .T. ) ;
#2655 = CARTESIAN_POINT ( 'NONE',  ( -37.00000000000000000, -11.00000000000000000, -12.00000000000000000 ) ) ;
#2656 = DIRECTION ( 'NONE',  ( 0.9428090415820635783, 0.000000000000000000, -0.3333333333333324822 ) ) ;
#2657 = CARTESIAN_POINT ( 'NONE',  ( 14.47766952966370013, -4.000000000000000000, 17.67766952966370297 ) ) ;
#2658 = AXIS2_PLACEMENT_3D ( 'NONE', #665, #2169, #1442 ) ;
#2659 = SURFACE_STYLE_USAGE ( .BOTH. , #749 ) ;
#2660 =( NAMED_UNIT ( * ) PLANE_ANGLE_UNIT ( ) SI_UNIT ( $, .RADIAN. ) );
#2661 = FILL_AREA_STYLE_COLOUR ( '', #1232 ) ;
#2662 = ORIENTED_EDGE ( 'NONE', *, *, #2869, .F. ) ;
#2663 = UNCERTAINTY_MEASURE_WITH_UNIT (LENGTH_MEASURE( 1.000000000000000082E-05 ), #2444, 'distance_accuracy_value', 'NONE');
#2664 = VECTOR ( 'NONE', #2922, 1000.000000000000000 ) ;
#2665 = DIRECTION ( 'NONE',  ( 0.000000000000000000, -1.000000000000000000, 0.000000000000000000 ) ) ;
#2666 = DIRECTION ( 'NONE',  ( 1.000000000000000000, 0.000000000000000000, 0.000000000000000000 ) ) ;
#2667 = FACE_BOUND ( 'NONE', #2773, .T. ) ;
#2668 = CARTESIAN_POINT ( 'NONE',  ( 17.67766952966370297, 0.000000000000000000, -17.67766952966370297 ) ) ;
#2669 = ORIENTED_EDGE ( 'NONE', *, *, #2505, .F. ) ;
#2670 = CIRCLE ( 'NONE', #2199, 3.200000000000001510 ) ;
#2671 = DIRECTION ( 'NONE',  ( 0.000000000000000000, 1.000000000000000000, 0.000000000000000000 ) ) ;
#2672 = DIRECTION ( 'NONE',  ( 0.000000000000000000, -1.000000000000000000, 0.000000000000000000 ) ) ;
#2673 =( LENGTH_UNIT ( ) NAMED_UNIT ( * ) SI_UNIT ( .MILLI., .METRE. ) );
#2674 = ADVANCED_FACE ( 'NONE', ( #1108 ), #2486, .F. ) ;
#2675 = CARTESIAN_POINT ( 'NONE',  ( -27.00000000000000000, 0.000000000000000000, 0.000000000000000000 ) ) ;
#2676 = FILL_AREA_STYLE_COLOUR ( '', #2450 ) ;
#2677 = PRESENTATION_STYLE_ASSIGNMENT (( #1704 ) ) ;
#2678 = ORIENTED_EDGE ( 'NONE', *, *, #2061, .F. ) ;
#2679 = ORIENTED_EDGE ( 'NONE', *, *, #785, .F. ) ;
#2680 = CARTESIAN_POINT ( 'NONE',  ( 34.77030219552140267, -11.00000000000000000, 17.00000000000000000 ) ) ;
#2681 = CARTESIAN_POINT ( 'NONE',  ( -35.77049999999999841, -11.00000000000000000, 12.00000000000000000 ) ) ;
#2682 = SURFACE_SIDE_STYLE ('',( #58 ) ) ;
#2683 = ORIENTED_EDGE ( 'NONE', *, *, #321, .F. ) ;
#2684 = PLANE ( 'NONE',  #2283 ) ;
#2685 = FACE_OUTER_BOUND ( 'NONE', #1658, .T. ) ;
#2686 = CARTESIAN_POINT ( 'NONE',  ( -17.67766952966370297, -4.000000000000000000, -17.67766952966370297 ) ) ;
#2687 = CONICAL_SURFACE ( 'NONE', #2010, 1.000000000000000222, 0.7853981633974518317 ) ;
#2688 = VERTEX_POINT ( 'NONE', #108 ) ;
#2689 = UNCERTAINTY_MEASURE_WITH_UNIT (LENGTH_MEASURE( 1.000000000000000082E-05 ), #2921, 'distance_accuracy_value', 'NONE');
#2690 = CARTESIAN_POINT ( 'NONE',  ( 0.000000000000000000, -4.000000000000000000, 25.00000000000000000 ) ) ;
#2691 = DIRECTION ( 'NONE',  ( 1.000000000000000000, 0.000000000000000000, 0.000000000000000000 ) ) ;
#2692 = VECTOR ( 'NONE', #1236, 1000.000000000000000 ) ;
#2693 =( GEOMETRIC_REPRESENTATION_CONTEXT ( 3 ) GLOBAL_UNCERTAINTY_ASSIGNED_CONTEXT ( ( #2438 ) ) GLOBAL_UNIT_ASSIGNED_CONTEXT ( ( #1808, #2510, #584 ) ) REPRESENTATION_CONTEXT ( 'NONE', 'WORKASPACE' ) );
#2694 = EDGE_LOOP ( 'NONE', ( #409, #2152, #1807, #278 ) ) ;
#2695 = EDGE_CURVE ( 'NONE', #874, #190, #2053, .T. ) ;
#2696 = VECTOR ( 'NONE', #1032, 1000.000000000000000 ) ;
#2697 = CYLINDRICAL_SURFACE ( 'NONE', #2744, 15.75000000000000000 ) ;
#2698 = CARTESIAN_POINT ( 'NONE',  ( -20.87766952966369871, 11.00000000000000000, 17.67766952966370297 ) ) ;
#2699 = DIRECTION ( 'NONE',  ( -0.7071067811865480168, -0.7071067811865470176, 0.000000000000000000 ) ) ;
#2700 = CARTESIAN_POINT ( 'NONE',  ( -24.00000000000000000, -10.00000000000000000, -25.00000000000000000 ) ) ;
#2701 = VERTEX_POINT ( 'NONE', #2565 ) ;
#2702 = VECTOR ( 'NONE', #1312, 1000.000000000000000 ) ;
#2703 = SURFACE_SIDE_STYLE ('',( #2252 ) ) ;
#2704 = DIRECTION ( 'NONE',  ( 0.000000000000000000, 1.000000000000000000, 0.000000000000000000 ) ) ;
#2705 = FILL_AREA_STYLE_COLOUR ( '', #1664 ) ;
#2706 = CIRCLE ( 'NONE', #1520, 1.229500000000001370 ) ;
#2707 = FACE_OUTER_BOUND ( 'NONE', #217, .T. ) ;
#2708 = FILL_AREA_STYLE ('',( #723 ) ) ;
#2709 = MECHANICAL_DESIGN_GEOMETRIC_PRESENTATION_REPRESENTATION (  '', ( #1836 ), #2405 ) ;
#2710 =( LENGTH_UNIT ( ) NAMED_UNIT ( * ) SI_UNIT ( .MILLI., .METRE. ) );
#2711 = ORIENTED_EDGE ( 'NONE', *, *, #671, .F. ) ;
#2712 = EDGE_CURVE ( 'NONE', #2123, #1113, #2321, .T. ) ;
#2713 = CIRCLE ( 'NONE', #2145, 3.200000000000001510 ) ;
#2714 = DIRECTION ( 'NONE',  ( -1.000000000000000000, 0.000000000000000000, 0.000000000000000000 ) ) ;
#2715 = CARTESIAN_POINT ( 'NONE',  ( 2.149999999999999911, -0.1500000000000029921, 25.00000000000000000 ) ) ;
#2716 = DIRECTION ( 'NONE',  ( -1.000000000000000000, 0.000000000000000000, 0.000000000000000000 ) ) ;
#2717 = PRESENTATION_LAYER_ASSIGNMENT (  '', '', ( #1322 ) ) ;
#2718 = VERTEX_POINT ( 'NONE', #1090 ) ;
#2719 = FACE_OUTER_BOUND ( 'NONE', #1377, .T. ) ;
#2720 = DIRECTION ( 'NONE',  ( 1.000000000000000000, 0.000000000000000000, 0.000000000000000000 ) ) ;
#2721 =( LENGTH_UNIT ( ) NAMED_UNIT ( * ) SI_UNIT ( .MILLI., .METRE. ) );
#2722 = CARTESIAN_POINT ( 'NONE',  ( -38.22950000000000159, -7.000000000000000000, 12.00000000000000000 ) ) ;
#2723 = ORIENTED_EDGE ( 'NONE', *, *, #1372, .F. ) ;
#2724 = CARTESIAN_POINT ( 'NONE',  ( -34.77030219552140267, -11.00000000000000000, 17.00000000000000000 ) ) ;
#2725 = SURFACE_STYLE_USAGE ( .BOTH. , #2192 ) ;
#2726 = EDGE_CURVE ( 'NONE', #1570, #3028, #1454, .T. ) ;
#2727 = DIRECTION ( 'NONE',  ( 0.000000000000000000, 1.000000000000000000, 0.000000000000000000 ) ) ;
#2728 = LINE ( 'NONE', #1760, #2760 ) ;
#2729 = VERTEX_POINT ( 'NONE', #379 ) ;
#2730 = EDGE_CURVE ( 'NONE', #2554, #1152, #2335, .T. ) ;
#2731 = DIRECTION ( 'NONE',  ( 0.000000000000000000, 1.000000000000000000, 0.000000000000000000 ) ) ;
#2732 = DIRECTION ( 'NONE',  ( 1.000000000000000000, 0.000000000000000000, 0.000000000000000000 ) ) ;
#2733 = ADVANCED_FACE ( 'NONE', ( #3070 ), #633, .T. ) ;
#2734 =( NAMED_UNIT ( * ) PLANE_ANGLE_UNIT ( ) SI_UNIT ( $, .RADIAN. ) );
#2735 = CARTESIAN_POINT ( 'NONE',  ( 27.00000000000000000, -5.500000000000000000, -25.00000000000000000 ) ) ;
#2736 = PRESENTATION_STYLE_ASSIGNMENT (( #1750 ) ) ;
#2737 = VERTEX_POINT ( 'NONE', #1895 ) ;
#2738 = DIRECTION ( 'NONE',  ( 0.000000000000000000, 1.000000000000000000, 0.000000000000000000 ) ) ;
#2739 = ORIENTED_EDGE ( 'NONE', *, *, #1023, .T. ) ;
#2740 = PRESENTATION_LAYER_ASSIGNMENT (  '', '', ( #1201 ) ) ;
#2741 = MECHANICAL_DESIGN_GEOMETRIC_PRESENTATION_REPRESENTATION (  '', ( #1253 ), #2178 ) ;
#2742 = MECHANICAL_DESIGN_GEOMETRIC_PRESENTATION_REPRESENTATION (  '', ( #1149 ), #88 ) ;
#2743 = PLANE ( 'NONE',  #187 ) ;
#2744 = AXIS2_PLACEMENT_3D ( 'NONE', #743, #1708, #729 ) ;
#2745 = DIRECTION ( 'NONE',  ( 1.000000000000000000, 0.000000000000000000, 0.000000000000000000 ) ) ;
#2746 = VERTEX_POINT ( 'NONE', #2168 ) ;
#2747 = ADVANCED_FACE ( 'NONE', ( #1909 ), #1670, .F. ) ;
#2748 =( GEOMETRIC_REPRESENTATION_CONTEXT ( 3 ) GLOBAL_UNCERTAINTY_ASSIGNED_CONTEXT ( ( #1660 ) ) GLOBAL_UNIT_ASSIGNED_CONTEXT ( ( #112, #2055, #400 ) ) REPRESENTATION_CONTEXT ( 'NONE', 'WORKASPACE' ) );
#2749 = SURFACE_STYLE_USAGE ( .BOTH. , #788 ) ;
#2750 =( NAMED_UNIT ( * ) SI_UNIT ( $, .STERADIAN. ) SOLID_ANGLE_UNIT ( ) );
#2751 = CARTESIAN_POINT ( 'NONE',  ( -35.77049999999999841, -6.155000190734869925, 12.00000000000000000 ) ) ;
#2752 = ORIENTED_EDGE ( 'NONE', *, *, #2422, .T. ) ;
#2753 = SURFACE_SIDE_STYLE ('',( #2044 ) ) ;
#2754 = ORIENTED_EDGE ( 'NONE', *, *, #2323, .T. ) ;
#2755 = UNCERTAINTY_MEASURE_WITH_UNIT (LENGTH_MEASURE( 1.000000000000000082E-05 ), #1870, 'distance_accuracy_value', 'NONE');
#2756 = SURFACE_STYLE_USAGE ( .BOTH. , #1795 ) ;
#2757 =( LENGTH_UNIT ( ) NAMED_UNIT ( * ) SI_UNIT ( .MILLI., .METRE. ) );
#2758 = CARTESIAN_POINT ( 'NONE',  ( 27.00000000000000000, -11.00000000000000000, 21.75000000000000000 ) ) ;
#2759 = EDGE_LOOP ( 'NONE', ( #2379, #978, #104, #2050 ) ) ;
#2760 = VECTOR ( 'NONE', #1983, 1000.000000000000000 ) ;
#2761 = VERTEX_POINT ( 'NONE', #2623 ) ;
#2762 = MECHANICAL_DESIGN_GEOMETRIC_PRESENTATION_REPRESENTATION (  '', ( #2966 ), #1073 ) ;
#2763 = CARTESIAN_POINT ( 'NONE',  ( -7.071067811865479946, -4.000000000000000000, 25.00000000000000000 ) ) ;
#2764 = DIRECTION ( 'NONE',  ( 0.000000000000000000, -1.000000000000000000, 0.000000000000000000 ) ) ;
#2765 = COLOUR_RGB ( '',1.000000000000000000, 1.000000000000000000, 0.5019607843137254832 ) ;
#2766 = CARTESIAN_POINT ( 'NONE',  ( 27.00000000000000000, -10.50000000000000000, 24.50000000000000000 ) ) ;
#2767 = EDGE_CURVE ( 'NONE', #1038, #1384, #2794, .T. ) ;
#2768 = CARTESIAN_POINT ( 'NONE',  ( 29.50000000000000000, -5.500000000000000000, -19.50000000000000000 ) ) ;
#2769 = DIRECTION ( 'NONE',  ( 0.000000000000000000, 0.000000000000000000, 1.000000000000000000 ) ) ;
#2770 = ORIENTED_EDGE ( 'NONE', *, *, #559, .T. ) ;
#2771 = CARTESIAN_POINT ( 'NONE',  ( 24.00000000000000000, -10.00000000000000000, 25.00000000000000000 ) ) ;
#2772 = SURFACE_STYLE_FILL_AREA ( #1292 ) ;
#2773 = EDGE_LOOP ( 'NONE', ( #626, #2562 ) ) ;
#2774 = DIRECTION ( 'NONE',  ( 1.000000000000000000, 0.000000000000000000, 0.000000000000000000 ) ) ;
#2775 = VERTEX_POINT ( 'NONE', #440 ) ;
#2776 = DIRECTION ( 'NONE',  ( 0.000000000000000000, -1.000000000000000000, 0.000000000000000000 ) ) ;
#2777 = EDGE_CURVE ( 'NONE', #3092, #1537, #889, .T. ) ;
#2778 = DIRECTION ( 'NONE',  ( 0.000000000000000000, 0.000000000000000000, -1.000000000000000000 ) ) ;
#2779 = CARTESIAN_POINT ( 'NONE',  ( -24.00000000000000000, -10.50000000000000000, 24.50000000000000000 ) ) ;
#2780 = LINE ( 'NONE', #76, #1761 ) ;
#2781 = ORIENTED_EDGE ( 'NONE', *, *, #1177, .F. ) ;
#2782 = EDGE_CURVE ( 'NONE', #2, #2937, #845, .T. ) ;
#2783 = FACE_BOUND ( 'NONE', #397, .T. ) ;
#2784 = EDGE_LOOP ( 'NONE', ( #860, #2662, #1248, #689 ) ) ;
#2785 = UNCERTAINTY_MEASURE_WITH_UNIT (LENGTH_MEASURE( 1.000000000000000082E-05 ), #410, 'distance_accuracy_value', 'NONE');
#2786 = FILL_AREA_STYLE ('',( #3023 ) ) ;
#2787 = FILL_AREA_STYLE_COLOUR ( '', #1303 ) ;
#2788 = CARTESIAN_POINT ( 'NONE',  ( 35.50000000000000000, -19.50000000000000000, -3.673940397442060361E-16 ) ) ;
#2789 = STYLED_ITEM ( 'NONE', ( #1285 ), #1668 ) ;
#2790 = ORIENTED_EDGE ( 'NONE', *, *, #142, .T. ) ;
#2791 = COLOUR_RGB ( '',1.000000000000000000, 1.000000000000000000, 0.5019607843137254832 ) ;
#2792 = COLOUR_RGB ( '',1.000000000000000000, 1.000000000000000000, 0.5019607843137254832 ) ;
#2793 = FACE_OUTER_BOUND ( 'NONE', #501, .T. ) ;
#2794 = CIRCLE ( 'NONE', #2230, 1.500000000000001332 ) ;
#2795 = STYLED_ITEM ( 'NONE', ( #2577 ), #2119 ) ;
#2796 = STYLED_ITEM ( 'NONE', ( #200 ), #3002 ) ;
#2797 = DIRECTION ( 'NONE',  ( 0.000000000000000000, 0.000000000000000000, 1.000000000000000000 ) ) ;
#2798 = MECHANICAL_DESIGN_GEOMETRIC_PRESENTATION_REPRESENTATION (  '', ( #1876 ), #3147 ) ;
#2799 = DIRECTION ( 'NONE',  ( -1.000000000000000000, 0.000000000000000000, 0.000000000000000000 ) ) ;
#2800 = SURFACE_STYLE_USAGE ( .BOTH. , #1301 ) ;
#2801 = PRESENTATION_LAYER_ASSIGNMENT (  '', '', ( #2344 ) ) ;
#2802 = CARTESIAN_POINT ( 'NONE',  ( -15.25000000000000000, 5.500000000000000000, -5.339783435791479468E-15 ) ) ;
#2803 = ORIENTED_EDGE ( 'NONE', *, *, #93, .F. ) ;
#2804 = VECTOR ( 'NONE', #648, 1000.000000000000000 ) ;
#2805 = DIRECTION ( 'NONE',  ( 0.000000000000000000, 0.000000000000000000, 1.000000000000000000 ) ) ;
#2806 = AXIS2_PLACEMENT_3D ( 'NONE', #919, #184, #205 ) ;
#2807 = DIRECTION ( 'NONE',  ( -1.000000000000000000, 0.000000000000000000, 0.000000000000000000 ) ) ;
#2808 = EDGE_CURVE ( 'NONE', #2775, #1470, #1394, .T. ) ;
#2809 = ORIENTED_EDGE ( 'NONE', *, *, #1724, .F. ) ;
#2810 = MECHANICAL_DESIGN_GEOMETRIC_PRESENTATION_REPRESENTATION (  '', ( #862 ), #464 ) ;
#2811 = DIRECTION ( 'NONE',  ( 0.000000000000000000, 1.000000000000000000, 0.000000000000000000 ) ) ;
#2812 = ORIENTED_EDGE ( 'NONE', *, *, #2654, .F. ) ;
#2813 =( NAMED_UNIT ( * ) PLANE_ANGLE_UNIT ( ) SI_UNIT ( $, .RADIAN. ) );
#2814 = FILL_AREA_STYLE_COLOUR ( '', #812 ) ;
#2815 = VECTOR ( 'NONE', #782, 1000.000000000000000 ) ;
#2816 = FILL_AREA_STYLE ('',( #813 ) ) ;
#2817 = MECHANICAL_DESIGN_GEOMETRIC_PRESENTATION_REPRESENTATION (  '', ( #873 ), #1429 ) ;
#2818 = ORIENTED_EDGE ( 'NONE', *, *, #403, .T. ) ;
#2819 = CIRCLE ( 'NONE', #2362, 1.229500000000001370 ) ;
#2820 = DIRECTION ( 'NONE',  ( 0.000000000000000000, 0.000000000000000000, 1.000000000000000000 ) ) ;
#2821 = ORIENTED_EDGE ( 'NONE', *, *, #2376, .T. ) ;
#2822 = UNCERTAINTY_MEASURE_WITH_UNIT (LENGTH_MEASURE( 1.000000000000000082E-05 ), #1336, 'distance_accuracy_value', 'NONE');
#2823 = SURFACE_SIDE_STYLE ('',( #2650 ) ) ;
#2824 = LINE ( 'NONE', #2331, #41 ) ;
#2825 = DIRECTION ( 'NONE',  ( 0.000000000000000000, -0.7071067811865500152, -0.7071067811865450192 ) ) ;
#2826 = EDGE_LOOP ( 'NONE', ( #529, #2723 ) ) ;
#2827 = EDGE_CURVE ( 'NONE', #917, #134, #715, .T. ) ;
#2828 = LINE ( 'NONE', #2621, #1869 ) ;
#2829 = ORIENTED_EDGE ( 'NONE', *, *, #3081, .F. ) ;
#2830 = CARTESIAN_POINT ( 'NONE',  ( -27.00000000000000000, -7.000000000000000000, 0.000000000000000000 ) ) ;
#2831 = SURFACE_STYLE_FILL_AREA ( #875 ) ;
#2832 = EDGE_CURVE ( 'NONE', #2622, #1000, #204, .T. ) ;
#2833 = ADVANCED_FACE ( 'NONE', ( #2945 ), #2743, .T. ) ;
#2834 = CARTESIAN_POINT ( 'NONE',  ( -35.50000000000000000, -19.50000000000000000, 1.836970198721030181E-16 ) ) ;
#2835 = ORIENTED_EDGE ( 'NONE', *, *, #2367, .T. ) ;
#2836 = DIRECTION ( 'NONE',  ( 0.000000000000000000, -1.000000000000000000, 0.000000000000000000 ) ) ;
#2837 = DIRECTION ( 'NONE',  ( 0.000000000000000000, -1.000000000000000000, 0.000000000000000000 ) ) ;
#2838 = ORIENTED_EDGE ( 'NONE', *, *, #2400, .F. ) ;
#2839 = CARTESIAN_POINT ( 'NONE',  ( -14.47766952966370013, 0.000000000000000000, -17.67766952966370297 ) ) ;
#2840 = ORIENTED_EDGE ( 'NONE', *, *, #1788, .F. ) ;
#2841 = DIRECTION ( 'NONE',  ( -1.000000000000000000, 0.000000000000000000, 0.000000000000000000 ) ) ;
#2842 = DIRECTION ( 'NONE',  ( 1.000000000000000000, 0.000000000000000000, 0.000000000000000000 ) ) ;
#2843 = MECHANICAL_DESIGN_GEOMETRIC_PRESENTATION_REPRESENTATION (  '', ( #1297 ), #1249 ) ;
#2844 = EDGE_CURVE ( 'NONE', #1349, #121, #1710, .T. ) ;
#2845 = COLOUR_RGB ( '',1.000000000000000000, 1.000000000000000000, 0.5019607843137254832 ) ;
#2846 = VECTOR ( 'NONE', #962, 1000.000000000000000 ) ;
#2847 = AXIS2_PLACEMENT_3D ( 'NONE', #832, #3038, #566 ) ;
#2848 = EDGE_CURVE ( 'NONE', #2295, #495, #445, .T. ) ;
#2849 = VERTEX_POINT ( 'NONE', #3161 ) ;
#2850 = MECHANICAL_DESIGN_GEOMETRIC_PRESENTATION_REPRESENTATION (  '', ( #1509 ), #606 ) ;
#2851 = CIRCLE ( 'NONE', #192, 3.200000000000001510 ) ;
#2852 = LINE ( 'NONE', #894, #1008 ) ;
#2853 =( NAMED_UNIT ( * ) SI_UNIT ( $, .STERADIAN. ) SOLID_ANGLE_UNIT ( ) );
#2854 = ORIENTED_EDGE ( 'NONE', *, *, #2730, .F. ) ;
#2855 = STYLED_ITEM ( 'NONE', ( #2457 ), #752 ) ;
#2856 = LINE ( 'NONE', #658, #753 ) ;
#2857 = CARTESIAN_POINT ( 'NONE',  ( 0.000000000000000000, -7.000000000000000000, 0.000000000000000000 ) ) ;
#2858 = DIRECTION ( 'NONE',  ( 0.7071067811865474617, 0.7071067811865474617, 0.000000000000000000 ) ) ;
#2859 = CARTESIAN_POINT ( 'NONE',  ( 42.00000000000000000, -11.00000000000000000, 1.776356839400249676E-15 ) ) ;
#2860 = PRESENTATION_STYLE_ASSIGNMENT (( #3133 ) ) ;
#2861 = FILL_AREA_STYLE_COLOUR ( '', #2194 ) ;
#2862 = FILL_AREA_STYLE_COLOUR ( '', #1963 ) ;
#2863 = ORIENTED_EDGE ( 'NONE', *, *, #1157, .T. ) ;
#2864 =( GEOMETRIC_REPRESENTATION_CONTEXT ( 3 ) GLOBAL_UNCERTAINTY_ASSIGNED_CONTEXT ( ( #3007 ) ) GLOBAL_UNIT_ASSIGNED_CONTEXT ( ( #2931, #10, #2466 ) ) REPRESENTATION_CONTEXT ( 'NONE', 'WORKASPACE' ) );
#2865 = EDGE_CURVE ( 'NONE', #1152, #574, #1204, .T. ) ;
#2866 = VECTOR ( 'NONE', #1102, 1000.000000000000000 ) ;
#2867 = CARTESIAN_POINT ( 'NONE',  ( -2.000000000000000000, 11.00000000000000000, 25.00000000000000000 ) ) ;
#2868 = ORIENTED_EDGE ( 'NONE', *, *, #690, .T. ) ;
#2869 = EDGE_CURVE ( 'NONE', #1068, #2, #2478, .T. ) ;
#2870 = VECTOR ( 'NONE', #2628, 1000.000000000000000 ) ;
#2871 = PLANE ( 'NONE',  #2235 ) ;
#2872 = DIRECTION ( 'NONE',  ( 0.000000000000000000, -1.000000000000000000, 0.000000000000000000 ) ) ;
#2873 = FILL_AREA_STYLE ('',( #1376 ) ) ;
#2874 = EDGE_LOOP ( 'NONE', ( #2107, #3112, #2092, #3075 ) ) ;
#2875 = DIRECTION ( 'NONE',  ( 0.000000000000000000, -1.000000000000000000, 0.000000000000000000 ) ) ;
#2876 = FACE_OUTER_BOUND ( 'NONE', #1342, .T. ) ;
#2877 = DIRECTION ( 'NONE',  ( 1.000000000000000000, 0.000000000000000000, 0.000000000000000000 ) ) ;
#2878 = EDGE_LOOP ( 'NONE', ( #415, #1798, #260, #2948 ) ) ;
#2879 = DIRECTION ( 'NONE',  ( 0.000000000000000000, 0.000000000000000000, 1.000000000000000000 ) ) ;
#2880 = CARTESIAN_POINT ( 'NONE',  ( 0.000000000000000000, 0.000000000000000000, -25.00000000000000000 ) ) ;
#2881 = CARTESIAN_POINT ( 'NONE',  ( 7.071067811865479946, 0.000000000000000000, 25.00000000000000000 ) ) ;
#2882 = ORIENTED_EDGE ( 'NONE', *, *, #657, .F. ) ;
#2883 = SURFACE_SIDE_STYLE ('',( #1854 ) ) ;
#2884 = CARTESIAN_POINT ( 'NONE',  ( -38.50000000000000000, -11.00000000000000000, 0.000000000000000000 ) ) ;
#2885 = ORIENTED_EDGE ( 'NONE', *, *, #2963, .T. ) ;
#2886 = EDGE_CURVE ( 'NONE', #1570, #1745, #230, .T. ) ;
#2887 = UNCERTAINTY_MEASURE_WITH_UNIT (LENGTH_MEASURE( 1.000000000000000082E-05 ), #1338, 'distance_accuracy_value', 'NONE');
#2888 = PRESENTATION_STYLE_ASSIGNMENT (( #2392 ) ) ;
#2889 = CARTESIAN_POINT ( 'NONE',  ( -17.67766952966370297, 0.000000000000000000, 17.67766952966370297 ) ) ;
#2890 = SURFACE_SIDE_STYLE ('',( #1905 ) ) ;
#2891 = ORIENTED_EDGE ( 'NONE', *, *, #1687, .T. ) ;
#2892 = PRESENTATION_STYLE_ASSIGNMENT (( #1907 ) ) ;
#2893 = SURFACE_SIDE_STYLE ('',( #935 ) ) ;
#2894 = STYLED_ITEM ( 'NONE', ( #2860 ), #2733 ) ;
#2895 = VECTOR ( 'NONE', #637, 1000.000000000000000 ) ;
#2896 = CIRCLE ( 'NONE', #1507, 15.75000000000000000 ) ;
#2897 = VECTOR ( 'NONE', #1914, 1000.000000000000000 ) ;
#2898 = CARTESIAN_POINT ( 'NONE',  ( 38.22950000000000159, -11.00000000000000000, 12.00000000000000000 ) ) ;
#2899 = VERTEX_POINT ( 'NONE', #2977 ) ;
#2900 = AXIS2_PLACEMENT_3D ( 'NONE', #1935, #1496, #2461 ) ;
#2901 = VECTOR ( 'NONE', #1166, 1000.000000000000000 ) ;
#2902 = DIRECTION ( 'NONE',  ( 0.000000000000000000, -1.000000000000000000, 0.000000000000000000 ) ) ;
#2903 = CIRCLE ( 'NONE', #243, 2.499999999999998668 ) ;
#2904 = EDGE_LOOP ( 'NONE', ( #824, #886 ) ) ;
#2905 =( GEOMETRIC_REPRESENTATION_CONTEXT ( 3 ) GLOBAL_UNCERTAINTY_ASSIGNED_CONTEXT ( ( #2246 ) ) GLOBAL_UNIT_ASSIGNED_CONTEXT ( ( #528, #2660, #722 ) ) REPRESENTATION_CONTEXT ( 'NONE', 'WORKASPACE' ) );
#2906 = EDGE_CURVE ( 'NONE', #1074, #2942, #503, .T. ) ;
#2907 = EDGE_LOOP ( 'NONE', ( #910, #1746 ) ) ;
#2908 = CARTESIAN_POINT ( 'NONE',  ( -17.67766952966370297, 0.000000000000000000, 17.67766952966370297 ) ) ;
#2909 = DIRECTION ( 'NONE',  ( 0.000000000000000000, -1.000000000000000000, 0.000000000000000000 ) ) ;
#2910 = LINE ( 'NONE', #3162, #1017 ) ;
#2911 = STYLED_ITEM ( 'NONE', ( #382 ), #163 ) ;
#2912 = FILL_AREA_STYLE ('',( #2862 ) ) ;
#2913 =( GEOMETRIC_REPRESENTATION_CONTEXT ( 3 ) GLOBAL_UNCERTAINTY_ASSIGNED_CONTEXT ( ( #1565 ) ) GLOBAL_UNIT_ASSIGNED_CONTEXT ( ( #2639, #693, #716 ) ) REPRESENTATION_CONTEXT ( 'NONE', 'WORKASPACE' ) );
#2914 = DIRECTION ( 'NONE',  ( 0.000000000000000000, -1.000000000000000000, 0.000000000000000000 ) ) ;
#2915 = FACE_OUTER_BOUND ( 'NONE', #2424, .T. ) ;
#2916 = MECHANICAL_DESIGN_GEOMETRIC_PRESENTATION_REPRESENTATION (  '', ( #1577 ), #1427 ) ;
#2917 = FILL_AREA_STYLE ('',( #3153 ) ) ;
#2918 = DIRECTION ( 'NONE',  ( 1.000000000000000000, 0.000000000000000000, 0.000000000000000000 ) ) ;
#2919 = VERTEX_POINT ( 'NONE', #1473 ) ;
#2920 = SURFACE_STYLE_FILL_AREA ( #1964 ) ;
#2921 =( LENGTH_UNIT ( ) NAMED_UNIT ( * ) SI_UNIT ( .MILLI., .METRE. ) );
#2922 = DIRECTION ( 'NONE',  ( 1.000000000000000000, 0.000000000000000000, 0.000000000000000000 ) ) ;
#2923 = CARTESIAN_POINT ( 'NONE',  ( 34.77030219552140267, -7.000000000000000000, 17.00000000000000000 ) ) ;
#2924 = EDGE_CURVE ( 'NONE', #486, #2718, #264, .T. ) ;
#2925 = LINE ( 'NONE', #3137, #246 ) ;
#2926 = EDGE_LOOP ( 'NONE', ( #1599, #2754 ) ) ;
#2927 = DIRECTION ( 'NONE',  ( 0.000000000000000000, 0.000000000000000000, -1.000000000000000000 ) ) ;
#2928 = PLANE ( 'NONE',  #972 ) ;
#2929 = EDGE_LOOP ( 'NONE', ( #506, #784, #2459, #807 ) ) ;
#2930 =( LENGTH_UNIT ( ) NAMED_UNIT ( * ) SI_UNIT ( .MILLI., .METRE. ) );
#2931 =( LENGTH_UNIT ( ) NAMED_UNIT ( * ) SI_UNIT ( .MILLI., .METRE. ) );
#2932 = EDGE_LOOP ( 'NONE', ( #3019, #1051 ) ) ;
#2933 = SURFACE_STYLE_FILL_AREA ( #1956 ) ;
#2934 = ADVANCED_FACE ( 'NONE', ( #2446 ), #2210, .F. ) ;
#2935 = PRESENTATION_LAYER_ASSIGNMENT (  '', '', ( #2542 ) ) ;
#2936 =( NAMED_UNIT ( * ) SI_UNIT ( $, .STERADIAN. ) SOLID_ANGLE_UNIT ( ) );
#2937 = VERTEX_POINT ( 'NONE', #1796 ) ;
#2938 = CIRCLE ( 'NONE', #80, 15.75000000000000000 ) ;
#2939 = CARTESIAN_POINT ( 'NONE',  ( -2.109423746787800188E-15, -1.300000000000000044, 25.00000000000000000 ) ) ;
#2940 = VECTOR ( 'NONE', #1862, 1000.000000000000114 ) ;
#2941 = COLOUR_RGB ( '',1.000000000000000000, 1.000000000000000000, 0.5019607843137254832 ) ;
#2942 = VERTEX_POINT ( 'NONE', #2081 ) ;
#2943 = AXIS2_PLACEMENT_3D ( 'NONE', #3032, #876, #1109 ) ;
#2944 = PLANE ( 'NONE',  #2300 ) ;
#2945 = FACE_OUTER_BOUND ( 'NONE', #1446, .T. ) ;
#2946 = DIRECTION ( 'NONE',  ( 0.000000000000000000, -1.000000000000000000, 0.000000000000000000 ) ) ;
#2947 = FILL_AREA_STYLE_COLOUR ( '', #720 ) ;
#2948 = ORIENTED_EDGE ( 'NONE', *, *, #601, .T. ) ;
#2949 = PLANE ( 'NONE',  #692 ) ;
#2950 = DIRECTION ( 'NONE',  ( 0.000000000000000000, 1.000000000000000000, 0.000000000000000000 ) ) ;
#2951 = MECHANICAL_DESIGN_GEOMETRIC_PRESENTATION_REPRESENTATION (  '', ( #1007 ), #2607 ) ;
#2952 = DIRECTION ( 'NONE',  ( 0.000000000000000000, -1.000000000000000000, 0.000000000000000000 ) ) ;
#2953 =( NAMED_UNIT ( * ) PLANE_ANGLE_UNIT ( ) SI_UNIT ( $, .RADIAN. ) );
#2954 = ORIENTED_EDGE ( 'NONE', *, *, #601, .F. ) ;
#2955 = MECHANICAL_DESIGN_GEOMETRIC_PRESENTATION_REPRESENTATION (  '', ( #408 ), #2507 ) ;
#2956 = EDGE_CURVE ( 'NONE', #644, #2899, #2896, .T. ) ;
#2957 = FILL_AREA_STYLE_COLOUR ( '', #1717 ) ;
#2958 = SURFACE_STYLE_FILL_AREA ( #2208 ) ;
#2959 = EDGE_CURVE ( 'NONE', #1438, #1488, #491, .T. ) ;
#2960 = CIRCLE ( 'NONE', #666, 1.229500000000001370 ) ;
#2961 =( NAMED_UNIT ( * ) PLANE_ANGLE_UNIT ( ) SI_UNIT ( $, .RADIAN. ) );
#2962 = LINE ( 'NONE', #531, #557 ) ;
#2963 = EDGE_CURVE ( 'NONE', #2078, #2334, #1522, .T. ) ;
#2964 = FACE_OUTER_BOUND ( 'NONE', #2620, .T. ) ;
#2965 = ORIENTED_EDGE ( 'NONE', *, *, #3016, .F. ) ;
#2966 = STYLED_ITEM ( 'NONE', ( #974 ), #1350 ) ;
#2967 = CARTESIAN_POINT ( 'NONE',  ( 27.00000000000000000, -9.000000000000000000, -19.50000000000000000 ) ) ;
#2968 = CARTESIAN_POINT ( 'NONE',  ( -37.00000000000000000, -11.00000000000000000, 0.000000000000000000 ) ) ;
#2969 = DIRECTION ( 'NONE',  ( 0.000000000000000000, -1.000000000000000000, 0.000000000000000000 ) ) ;
#2970 = FILL_AREA_STYLE ('',( #829 ) ) ;
#2971 = ORIENTED_EDGE ( 'NONE', *, *, #1561, .F. ) ;
#2972 = SURFACE_STYLE_FILL_AREA ( #1726 ) ;
#2973 = ADVANCED_FACE ( 'NONE', ( #3065, #309, #103, #1547, #2511, #320 ), #118, .F. ) ;
#2974 = EDGE_LOOP ( 'NONE', ( #2971, #1539, #1514, #1665 ) ) ;
#2975 = UNCERTAINTY_MEASURE_WITH_UNIT (LENGTH_MEASURE( 1.000000000000000082E-05 ), #2287, 'distance_accuracy_value', 'NONE');
#2976 = CYLINDRICAL_SURFACE ( 'NONE', #1101, 2.499999999999998668 ) ;
#2977 = CARTESIAN_POINT ( 'NONE',  ( 15.75000000000000000, 5.000000000000000000, 1.928818708657079767E-15 ) ) ;
#2978 = ORIENTED_EDGE ( 'NONE', *, *, #263, .T. ) ;
#2979 = FACE_OUTER_BOUND ( 'NONE', #1428, .T. ) ;
#2980 = FILL_AREA_STYLE ('',( #512 ) ) ;
#2981 = LINE ( 'NONE', #2751, #456 ) ;
#2982 = SURFACE_STYLE_USAGE ( .BOTH. , #2001 ) ;
#2983 = PRESENTATION_LAYER_ASSIGNMENT (  '', '', ( #2205 ) ) ;
#2984 = FACE_BOUND ( 'NONE', #2926, .T. ) ;
#2985 = MECHANICAL_DESIGN_GEOMETRIC_PRESENTATION_REPRESENTATION (  '', ( #29 ), #751 ) ;
#2986 = VECTOR ( 'NONE', #1699, 1000.000000000000000 ) ;
#2987 = CARTESIAN_POINT ( 'NONE',  ( 7.526249372321250122E-16, 5.500000000000000000, -1.604610698392049955E-15 ) ) ;
#2988 = CARTESIAN_POINT ( 'NONE',  ( 24.00000000000000000, -4.000000000000000000, 25.00000000000000000 ) ) ;
#2989 = SURFACE_STYLE_USAGE ( .BOTH. , #1582 ) ;
#2990 = ORIENTED_EDGE ( 'NONE', *, *, #2906, .T. ) ;
#2991 = AXIS2_PLACEMENT_3D ( 'NONE', #2889, #2872, #1859 ) ;
#2992 = AXIS2_PLACEMENT_3D ( 'NONE', #2968, #1269, #2000 ) ;
#2993 = ADVANCED_FACE ( 'NONE', ( #1309 ), #131, .F. ) ;
#2994 = EDGE_LOOP ( 'NONE', ( #959, #2281 ) ) ;
#2995 =( LENGTH_UNIT ( ) NAMED_UNIT ( * ) SI_UNIT ( .MILLI., .METRE. ) );
#2996 = DIRECTION ( 'NONE',  ( 1.000000000000000000, 0.000000000000000000, 0.000000000000000000 ) ) ;
#2997 = CIRCLE ( 'NONE', #3050, 2.500000000000000444 ) ;
#2998 = AXIS2_PLACEMENT_3D ( 'NONE', #569, #1340, #1293 ) ;
#2999 = CYLINDRICAL_SURFACE ( 'NONE', #2943, 1.500000000000001332 ) ;
#3000 = CARTESIAN_POINT ( 'NONE',  ( -38.22950000000000159, -7.000000000000000000, -12.00000000000000000 ) ) ;
#3001 = ORIENTED_EDGE ( 'NONE', *, *, #790, .T. ) ;
#3002 = MANIFOLD_SOLID_BREP ( 'RectPattern.1', #1061 ) ;
#3003 = MECHANICAL_DESIGN_GEOMETRIC_PRESENTATION_REPRESENTATION (  '', ( #461 ), #1622 ) ;
#3004 = SURFACE_STYLE_FILL_AREA ( #3020 ) ;
#3005 = CARTESIAN_POINT ( 'NONE',  ( 37.00000000000000000, -7.000000000000000000, 12.00000000000000000 ) ) ;
#3006 = AXIS2_PLACEMENT_3D ( 'NONE', #1041, #789, #1748 ) ;
#3007 = UNCERTAINTY_MEASURE_WITH_UNIT (LENGTH_MEASURE( 1.000000000000000082E-05 ), #2931, 'distance_accuracy_value', 'NONE');
#3008 = SURFACE_STYLE_FILL_AREA ( #2029 ) ;
#3009 = CARTESIAN_POINT ( 'NONE',  ( -27.00000000000000000, -1.000000000000000000, 0.000000000000000000 ) ) ;
#3010 = SURFACE_STYLE_FILL_AREA ( #2280 ) ;
#3011 = ORIENTED_EDGE ( 'NONE', *, *, #1744, .F. ) ;
#3012 =( GEOMETRIC_REPRESENTATION_CONTEXT ( 3 ) GLOBAL_UNCERTAINTY_ASSIGNED_CONTEXT ( ( #1534 ) ) GLOBAL_UNIT_ASSIGNED_CONTEXT ( ( #2419, #1189, #949 ) ) REPRESENTATION_CONTEXT ( 'NONE', 'WORKASPACE' ) );
#3013 = PRESENTATION_LAYER_ASSIGNMENT (  '', '', ( #1786 ) ) ;
#3014 = EDGE_LOOP ( 'NONE', ( #455, #520 ) ) ;
#3015 = CARTESIAN_POINT ( 'NONE',  ( 0.000000000000000000, -9.750000000000000000, 0.000000000000000000 ) ) ;
#3016 = EDGE_CURVE ( 'NONE', #2937, #2, #242, .T. ) ;
#3017 = MECHANICAL_DESIGN_GEOMETRIC_PRESENTATION_REPRESENTATION (  '', ( #5 ), #2311 ) ;
#3018 = PRESENTATION_LAYER_ASSIGNMENT (  '', '', ( #1793 ) ) ;
#3019 = ORIENTED_EDGE ( 'NONE', *, *, #1833, .F. ) ;
#3020 = FILL_AREA_STYLE ('',( #1273 ) ) ;
#3021 =( LENGTH_UNIT ( ) NAMED_UNIT ( * ) SI_UNIT ( .MILLI., .METRE. ) );
#3022 = EDGE_LOOP ( 'NONE', ( #471, #1131 ) ) ;
#3023 = FILL_AREA_STYLE_COLOUR ( '', #899 ) ;
#3024 = SURFACE_STYLE_USAGE ( .BOTH. , #2047 ) ;
#3025 =( NAMED_UNIT ( * ) PLANE_ANGLE_UNIT ( ) SI_UNIT ( $, .RADIAN. ) );
#3026 = EDGE_LOOP ( 'NONE', ( #418, #1056, #2219, #331 ) ) ;
#3027 = DIRECTION ( 'NONE',  ( -1.000000000000000000, 0.000000000000000000, 0.000000000000000000 ) ) ;
#3028 = VERTEX_POINT ( 'NONE', #1596 ) ;
#3029 =( NAMED_UNIT ( * ) SI_UNIT ( $, .STERADIAN. ) SOLID_ANGLE_UNIT ( ) );
#3030 = FILL_AREA_STYLE_COLOUR ( '', #2355 ) ;
#3031 = EDGE_CURVE ( 'NONE', #1633, #86, #420, .T. ) ;
#3032 = CARTESIAN_POINT ( 'NONE',  ( 37.00000000000000000, -19.50000000000000000, 0.000000000000000000 ) ) ;
#3033 = ADVANCED_FACE ( 'NONE', ( #162 ), #3128, .F. ) ;
#3034 = PRESENTATION_STYLE_ASSIGNMENT (( #115 ) ) ;
#3035 = SURFACE_STYLE_USAGE ( .BOTH. , #2753 ) ;
#3036 = ORIENTED_EDGE ( 'NONE', *, *, #790, .F. ) ;
#3037 = UNCERTAINTY_MEASURE_WITH_UNIT (LENGTH_MEASURE( 1.000000000000000082E-05 ), #2473, 'distance_accuracy_value', 'NONE');
#3038 = DIRECTION ( 'NONE',  ( 0.000000000000000000, 1.000000000000000000, 0.000000000000000000 ) ) ;
#3039 =( NAMED_UNIT ( * ) PLANE_ANGLE_UNIT ( ) SI_UNIT ( $, .RADIAN. ) );
#3040 = CARTESIAN_POINT ( 'NONE',  ( 15.53553390593275196, -4.000000000000000000, 25.00000000000000000 ) ) ;
#3041 = VECTOR ( 'NONE', #137, 1000.000000000000000 ) ;
#3042 =( GEOMETRIC_REPRESENTATION_CONTEXT ( 3 ) GLOBAL_UNCERTAINTY_ASSIGNED_CONTEXT ( ( #547 ) ) GLOBAL_UNIT_ASSIGNED_CONTEXT ( ( #414, #3054, #2088 ) ) REPRESENTATION_CONTEXT ( 'NONE', 'WORKASPACE' ) );
#3043 = VERTEX_POINT ( 'NONE', #1662 ) ;
#3044 = APPLICATION_PROTOCOL_DEFINITION ( 'draft international standard', 'automotive_design', 1998, #2198 ) ;
#3045 = VECTOR ( 'NONE', #220, 1000.000000000000000 ) ;
#3046 = STYLED_ITEM ( 'NONE', ( #262 ), #1994 ) ;
#3047 = ORIENTED_EDGE ( 'NONE', *, *, #909, .T. ) ;
#3048 = DIRECTION ( 'NONE',  ( 1.000000000000000000, 0.000000000000000000, 0.000000000000000000 ) ) ;
#3049 = STYLED_ITEM ( 'NONE', ( #2525 ), #2095 ) ;
#3050 = AXIS2_PLACEMENT_3D ( 'NONE', #2350, #1343, #3027 ) ;
#3051 = VECTOR ( 'NONE', #367, 1000.000000000000000 ) ;
#3052 =( LENGTH_UNIT ( ) NAMED_UNIT ( * ) SI_UNIT ( .MILLI., .METRE. ) );
#3053 = ORIENTED_EDGE ( 'NONE', *, *, #341, .F. ) ;
#3054 =( NAMED_UNIT ( * ) PLANE_ANGLE_UNIT ( ) SI_UNIT ( $, .RADIAN. ) );
#3055 = EDGE_LOOP ( 'NONE', ( #1624, #71, #431, #2005, #127, #2110, #1330, #1769 ) ) ;
#3056 = CIRCLE ( 'NONE', #954, 1.229500000000001370 ) ;
#3057 = SURFACE_STYLE_USAGE ( .BOTH. , #2389 ) ;
#3058 =( NAMED_UNIT ( * ) PLANE_ANGLE_UNIT ( ) SI_UNIT ( $, .RADIAN. ) );
#3059 = VERTEX_POINT ( 'NONE', #1185 ) ;
#3060 = ADVANCED_FACE ( 'NONE', ( #1422 ), #2631, .F. ) ;
#3061 = AXIS2_PLACEMENT_3D ( 'NONE', #1716, #1031, #2233 ) ;
#3062 = CARTESIAN_POINT ( 'NONE',  ( 20.87766952966369871, -4.000000000000000000, -17.67766952966370297 ) ) ;
#3063 = CIRCLE ( 'NONE', #3119, 2.000000000000000000 ) ;
#3064 = EDGE_CURVE ( 'NONE', #1457, #704, #1482, .T. ) ;
#3065 = FACE_BOUND ( 'NONE', #2904, .T. ) ;
#3066 =( NAMED_UNIT ( * ) PLANE_ANGLE_UNIT ( ) SI_UNIT ( $, .RADIAN. ) );
#3067 = ORIENTED_EDGE ( 'NONE', *, *, #1058, .T. ) ;
#3068 = EDGE_CURVE ( 'NONE', #704, #808, #2180, .T. ) ;
#3069 = EDGE_LOOP ( 'NONE', ( #42, #925, #1792, #2270 ) ) ;
#3070 = FACE_OUTER_BOUND ( 'NONE', #144, .T. ) ;
#3071 = PRESENTATION_LAYER_ASSIGNMENT (  '', '', ( #55 ) ) ;
#3072 = CARTESIAN_POINT ( 'NONE',  ( 7.071067811865469288, -4.000000000000000000, 25.00000000000000000 ) ) ;
#3073 = PRESENTATION_STYLE_ASSIGNMENT (( #401 ) ) ;
#3074 = COLOUR_RGB ( '',1.000000000000000000, 1.000000000000000000, 0.5019607843137254832 ) ;
#3075 = ORIENTED_EDGE ( 'NONE', *, *, #1919, .F. ) ;
#3076 = DIRECTION ( 'NONE',  ( 0.000000000000000000, -1.000000000000000000, 0.000000000000000000 ) ) ;
#3077 = FACE_OUTER_BOUND ( 'NONE', #943, .T. ) ;
#3078 = ORIENTED_EDGE ( 'NONE', *, *, #2138, .F. ) ;
#3079 = UNCERTAINTY_MEASURE_WITH_UNIT (LENGTH_MEASURE( 1.000000000000000082E-05 ), #999, 'distance_accuracy_value', 'NONE');
#3080 = CYLINDRICAL_SURFACE ( 'NONE', #2231, 3.199999999999999734 ) ;
#3081 = EDGE_CURVE ( 'NONE', #931, #881, #905, .T. ) ;
#3082 =( LENGTH_UNIT ( ) NAMED_UNIT ( * ) SI_UNIT ( .MILLI., .METRE. ) );
#3083 = LINE ( 'NONE', #2605, #209 ) ;
#3084 = ORIENTED_EDGE ( 'NONE', *, *, #3166, .T. ) ;
#3085 = SURFACE_STYLE_USAGE ( .BOTH. , #2132 ) ;
#3086 = DIRECTION ( 'NONE',  ( 0.000000000000000000, 1.000000000000000000, 0.000000000000000000 ) ) ;
#3087 = LINE ( 'NONE', #890, #1972 ) ;
#3088 = DIRECTION ( 'NONE',  ( 0.000000000000000000, 1.000000000000000000, 0.000000000000000000 ) ) ;
#3089 = ORIENTED_EDGE ( 'NONE', *, *, #868, .T. ) ;
#3090 = FILL_AREA_STYLE ('',( #157 ) ) ;
#3091 = DIRECTION ( 'NONE',  ( 0.000000000000000000, 1.000000000000000000, 0.000000000000000000 ) ) ;
#3092 = VERTEX_POINT ( 'NONE', #1436 ) ;
#3093 = CARTESIAN_POINT ( 'NONE',  ( -14.47766952966370013, -4.000000000000000000, 17.67766952966370297 ) ) ;
#3094 = ORIENTED_EDGE ( 'NONE', *, *, #2017, .T. ) ;
#3095 = DIRECTION ( 'NONE',  ( 1.000000000000000000, 0.000000000000000000, 0.000000000000000000 ) ) ;
#3096 = CARTESIAN_POINT ( 'NONE',  ( 4.714045207910319668, -1.389999999950000120, 26.66666666666665009 ) ) ;
#3097 = PRESENTATION_LAYER_ASSIGNMENT (  '', '', ( #1297 ) ) ;
#3098 =( LENGTH_UNIT ( ) NAMED_UNIT ( * ) SI_UNIT ( .MILLI., .METRE. ) );
#3099 = ADVANCED_FACE ( 'NONE', ( #973 ), #1562, .F. ) ;
#3100 = MECHANICAL_DESIGN_GEOMETRIC_PRESENTATION_REPRESENTATION (  '', ( #2894 ), #1146 ) ;
#3101 = DIRECTION ( 'NONE',  ( 1.000000000000000000, 0.000000000000000000, 0.000000000000000000 ) ) ;
#3102 = EDGE_CURVE ( 'NONE', #934, #3163, #496, .T. ) ;
#3103 = AXIS2_PLACEMENT_3D ( 'NONE', #2299, #2046, #615 ) ;
#3104 = SURFACE_SIDE_STYLE ('',( #2120 ) ) ;
#3105 = ORIENTED_EDGE ( 'NONE', *, *, #2924, .T. ) ;
#3106 = AXIS2_PLACEMENT_3D ( 'NONE', #2690, #3, #499 ) ;
#3107 = COLOUR_RGB ( '',1.000000000000000000, 1.000000000000000000, 0.5019607843137254832 ) ;
#3108 = CARTESIAN_POINT ( 'NONE',  ( -37.00000000000000000, -11.00000000000000000, 0.000000000000000000 ) ) ;
#3109 = DIRECTION ( 'NONE',  ( 1.000000000000000000, 0.000000000000000000, 0.000000000000000000 ) ) ;
#3110 = VERTEX_POINT ( 'NONE', #2476 ) ;
#3111 = DIRECTION ( 'NONE',  ( 0.000000000000000000, 1.000000000000000000, 0.000000000000000000 ) ) ;
#3112 = ORIENTED_EDGE ( 'NONE', *, *, #1561, .T. ) ;
#3113 = COLOUR_RGB ( '',1.000000000000000000, 1.000000000000000000, 0.5019607843137254832 ) ;
#3114 = CYLINDRICAL_SURFACE ( 'NONE', #1917, 1.229500000000001370 ) ;
#3115 = PRESENTATION_STYLE_ASSIGNMENT (( #2353 ) ) ;
#3116 =( LENGTH_UNIT ( ) NAMED_UNIT ( * ) SI_UNIT ( .MILLI., .METRE. ) );
#3117 = ADVANCED_FACE ( 'NONE', ( #1196, #756, #2667, #726 ), #572, .T. ) ;
#3118 = ORIENTED_EDGE ( 'NONE', *, *, #3064, .F. ) ;
#3119 = AXIS2_PLACEMENT_3D ( 'NONE', #1971, #1226, #2732 ) ;
#3120 = LINE ( 'NONE', #680, #1156 ) ;
#3121 = EDGE_CURVE ( 'NONE', #844, #2761, #836, .T. ) ;
#3122 = CARTESIAN_POINT ( 'NONE',  ( 27.00000000000000000, -7.000000000000000000, -19.50000000000000000 ) ) ;
#3123 =( NAMED_UNIT ( * ) SI_UNIT ( $, .STERADIAN. ) SOLID_ANGLE_UNIT ( ) );
#3124 = SURFACE_SIDE_STYLE ('',( #1871 ) ) ;
#3125 = ORIENTED_EDGE ( 'NONE', *, *, #828, .F. ) ;
#3126 = CIRCLE ( 'NONE', #776, 1.229500000000001370 ) ;
#3127 = FACE_OUTER_BOUND ( 'NONE', #2032, .T. ) ;
#3128 = PLANE ( 'NONE',  #3152 ) ;
#3129 = CARTESIAN_POINT ( 'NONE',  ( 0.000000000000000000, -7.000000000000000000, 0.000000000000000000 ) ) ;
#3130 = EDGE_LOOP ( 'NONE', ( #1568, #2222, #174, #2669 ) ) ;
#3131 = FILL_AREA_STYLE ('',( #2150 ) ) ;
#3132 = ORIENTED_EDGE ( 'NONE', *, *, #2162, .T. ) ;
#3133 = SURFACE_STYLE_USAGE ( .BOTH. , #1188 ) ;
#3134 = DIRECTION ( 'NONE',  ( -1.000000000000000000, 0.000000000000000000, 0.000000000000000000 ) ) ;
#3135 = ORIENTED_EDGE ( 'NONE', *, *, #1136, .T. ) ;
#3136 = DIRECTION ( 'NONE',  ( 0.000000000000000000, 0.7071067811865474617, -0.7071067811865474617 ) ) ;
#3137 = CARTESIAN_POINT ( 'NONE',  ( -25.50000000000000000, -11.00000000000000000, -24.00000000000000000 ) ) ;
#3138 = LINE ( 'NONE', #1915, #623 ) ;
#3139 = EDGE_LOOP ( 'NONE', ( #2683, #1231, #159, #1842 ) ) ;
#3140 = CARTESIAN_POINT ( 'NONE',  ( 37.00000000000000000, -11.00000000000000000, -12.00000000000000000 ) ) ;
#3141 = SURFACE_STYLE_USAGE ( .BOTH. , #2164 ) ;
#3142 = ORIENTED_EDGE ( 'NONE', *, *, #811, .F. ) ;
#3143 = CARTESIAN_POINT ( 'NONE',  ( 17.67766952966370297, 11.00000000000000000, -17.67766952966370297 ) ) ;
#3144 = MECHANICAL_DESIGN_GEOMETRIC_PRESENTATION_REPRESENTATION (  '', ( #2542 ), #3042 ) ;
#3145 = CARTESIAN_POINT ( 'NONE',  ( -2.000000000000000000, -0.2999999999999999889, 25.00000000000000000 ) ) ;
#3146 =( LENGTH_UNIT ( ) NAMED_UNIT ( * ) SI_UNIT ( .MILLI., .METRE. ) );
#3147 =( GEOMETRIC_REPRESENTATION_CONTEXT ( 3 ) GLOBAL_UNCERTAINTY_ASSIGNED_CONTEXT ( ( #1951 ) ) GLOBAL_UNIT_ASSIGNED_CONTEXT ( ( #2626, #1175, #1383 ) ) REPRESENTATION_CONTEXT ( 'NONE', 'WORKASPACE' ) );
#3148 =( GEOMETRIC_REPRESENTATION_CONTEXT ( 3 ) GLOBAL_UNCERTAINTY_ASSIGNED_CONTEXT ( ( #2179 ) ) GLOBAL_UNIT_ASSIGNED_CONTEXT ( ( #1730, #1200, #293 ) ) REPRESENTATION_CONTEXT ( 'NONE', 'WORKASPACE' ) );
#3149 = AXIS2_PLACEMENT_3D ( 'NONE', #568, #821, #2526 ) ;
#3150 =( NAMED_UNIT ( * ) SI_UNIT ( $, .STERADIAN. ) SOLID_ANGLE_UNIT ( ) );
#3151 = DIRECTION ( 'NONE',  ( 1.000000000000000000, 0.000000000000000000, 0.000000000000000000 ) ) ;
#3152 = AXIS2_PLACEMENT_3D ( 'NONE', #391, #1118, #1890 ) ;
#3153 = FILL_AREA_STYLE_COLOUR ( '', #764 ) ;
#3154 = EDGE_CURVE ( 'NONE', #2123, #1633, #450, .T. ) ;
#3155 = SURFACE_SIDE_STYLE ('',( #2958 ) ) ;
#3156 = ORIENTED_EDGE ( 'NONE', *, *, #2695, .F. ) ;
#3157 = CIRCLE ( 'NONE', #2553, 3.199999999999999734 ) ;
#3158 = EDGE_CURVE ( 'NONE', #2349, #1470, #2997, .T. ) ;
#3159 = CARTESIAN_POINT ( 'NONE',  ( 17.67766952966370297, 11.00000000000000000, 17.67766952966370297 ) ) ;
#3160 = AXIS2_PLACEMENT_3D ( 'NONE', #2768, #2296, #316 ) ;
#3161 = CARTESIAN_POINT ( 'NONE',  ( 15.75000000000000000, 0.000000000000000000, 1.928818708657079767E-15 ) ) ;
#3162 = CARTESIAN_POINT ( 'NONE',  ( 42.00000000000000000, -9.000000000000000000, 11.32475165290614072 ) ) ;
#3163 = VERTEX_POINT ( 'NONE', #2333 ) ;
#3164 = CIRCLE ( 'NONE', #2189, 1.229500000000001370 ) ;
#3165 =( GEOMETRIC_REPRESENTATION_CONTEXT ( 3 ) GLOBAL_UNCERTAINTY_ASSIGNED_CONTEXT ( ( #1756 ) ) GLOBAL_UNIT_ASSIGNED_CONTEXT ( ( #2627, #1840, #3123 ) ) REPRESENTATION_CONTEXT ( 'NONE', 'WORKASPACE' ) );
#3166 = EDGE_CURVE ( 'NONE', #874, #1777, #2099, .T. ) ;
#3167 = DIRECTION ( 'NONE',  ( 0.000000000000000000, 1.000000000000000000, 0.000000000000000000 ) ) ;
#3168 = VECTOR ( 'NONE', #510, 1000.000000000000000 ) ;
ENDSEC;
END-ISO-10303-21;
